mtllib AE5HQFZ1H8F4LTFSSTQ3CJ0FJ.mtl
v -0.261822 -0.165617 0.160415
v -0.261822 -0.165617 0.620874
v -0.261822 -0.154648 0.160415
v -0.261822 -0.149926 0.160415
v -0.261822 -0.149926 0.166796
v -0.261822 -0.149926 0.620880
v -0.266881 -0.147610 0.620864
v -0.266881 -0.147609 0.166009
v -0.266881 -0.140786 0.277298
v -0.266881 -0.140787 0.166009
v -0.266881 -0.140785 0.388588
v -0.266881 -0.140786 0.396801
v -0.266881 -0.140786 0.508834
v -0.266881 -0.140786 0.620867
v 0.261822 -0.149926 1.089534
v 0.261822 -0.165617 0.620858
v 0.261822 -0.149926 0.620865
v 0.261822 -0.165617 1.089534
v 0.266881 -0.147610 1.087503
v 0.266881 -0.147610 0.620855
v -0.261822 0.325556 0.546950
v -0.266881 0.323681 0.618847
v -0.261822 0.325556 0.618782
v -0.266881 0.323681 0.542842
v 0.266881 0.323681 0.618847
v 0.261822 0.325556 0.546950
v 0.261822 0.325556 0.618782
v 0.266881 0.323681 0.542842
v -0.278706 0.238166 -0.155791
v -0.281794 0.301672 -0.157570
v -0.281794 0.236569 -0.157570
v -0.278706 0.300075 -0.155791
v -0.278706 -0.076226 -0.155791
v -0.281794 -0.074630 0.149875
v -0.281794 -0.074630 -0.157570
v -0.278706 -0.076226 0.148095
v -0.278706 -0.065173 0.148095
v -0.281794 -0.066769 -0.157570
v -0.281794 -0.066769 0.149875
v -0.278706 -0.065173 -0.155791
v -0.278706 0.002263 -0.155791
v -0.281794 0.003860 0.149875
v -0.281794 0.003860 -0.157570
v -0.278706 0.002264 0.148095
v -0.278706 0.013317 0.148095
v -0.281794 0.011720 -0.157570
v -0.281794 0.011721 0.149875
v -0.278706 0.013317 -0.155791
v -0.278706 0.153095 -0.155791
v -0.281794 0.154692 0.149875
v -0.281794 0.154692 -0.157570
v -0.278706 0.153095 0.148095
v -0.278706 0.164149 0.148095
v -0.281794 0.162552 -0.157570
v -0.281794 0.162552 0.149875
v -0.278706 0.164149 -0.155791
v -0.278706 0.227112 -0.155791
v -0.281794 0.228709 0.149875
v -0.281794 0.228709 -0.157570
v -0.278706 0.227112 0.148095
v -0.278706 0.238166 0.148095
v -0.281794 0.236569 0.149875
v -0.278706 0.078443 -0.155791
v -0.281794 0.080040 0.149875
v -0.281794 0.080040 -0.157570
v -0.278706 0.078443 0.148095
v -0.278706 0.089497 0.148095
v -0.281794 0.087900 -0.157570
v -0.281794 0.087900 0.149875
v -0.278706 0.089497 -0.155791
v -0.281794 -0.140716 -0.157571
v -0.281794 -0.149926 0.160408
v -0.281794 -0.140716 0.149875
v -0.281794 -0.149926 -0.168110
v -0.278706 -0.138873 0.148095
v -0.278706 -0.138873 -0.155791
v -0.281794 0.301672 0.149875
v -0.278706 0.300075 0.148095
v -0.278706 0.002264 0.148095
v -0.281794 -0.066769 0.149875
v -0.281794 0.003860 0.149875
v -0.278706 -0.065173 0.148095
v -0.278706 0.078443 0.148095
v -0.281794 0.011721 0.149875
v -0.281794 0.080040 0.149875
v -0.278706 0.013317 0.148095
v -0.278706 0.227112 0.148095
v -0.281794 0.162552 0.149875
v -0.281794 0.228709 0.149875
v -0.278706 0.164149 0.148095
v -0.278706 0.153095 0.148095
v -0.281794 0.087900 0.149875
v -0.281794 0.154692 0.149875
v -0.278706 0.089497 0.148095
v -0.278706 -0.138873 0.148095
v -0.281794 -0.074630 0.149875
v -0.278706 -0.076226 0.148095
v -0.281794 -0.140716 0.149875
v -0.281794 0.080040 -0.157570
v -0.278706 0.078443 -0.155791
v -0.278706 0.300075 0.148095
v -0.281794 0.236569 0.149875
v -0.281794 0.301672 0.149875
v -0.278706 0.238166 0.148095
v -0.281794 0.087901 0.160408
v -0.281794 0.311129 0.160408
v -0.278706 0.089497 -0.155791
v -0.281794 0.087900 -0.157570
v -0.278706 -0.138873 -0.155791
v -0.281794 -0.140716 -0.157571
v -0.281794 0.088072 -0.168110
v -0.281794 0.087900 -0.157570
v -0.281794 -0.149926 -0.168110
v -0.278706 0.078443 0.148095
v -0.278706 0.089497 0.148095
v -0.278706 -0.138873 0.148095
v 0.281794 0.003860 0.149875
v 0.278706 0.002264 -0.155791
v 0.281794 0.003860 -0.157571
v 0.278706 0.002264 0.148095
v 0.281794 0.011720 -0.157571
v 0.278706 0.013317 0.148095
v 0.281794 0.011721 0.149875
v 0.278706 0.013317 -0.155791
v 0.281794 0.080040 0.149875
v 0.278706 0.078443 -0.155791
v 0.281794 0.080040 -0.157571
v 0.278706 0.078443 0.148095
v 0.281794 0.087900 -0.157571
v 0.278706 0.089497 0.148095
v 0.281794 0.087900 0.149875
v 0.278706 0.089497 -0.155791
v 0.281794 -0.140716 -0.157571
v 0.278706 -0.138873 0.148095
v 0.281794 -0.140716 0.149875
v 0.278706 -0.138873 -0.155791
v 0.281794 -0.066769 0.149875
v 0.278706 0.002264 0.148095
v 0.281794 0.003860 0.149875
v 0.278706 -0.065173 0.148095
v 0.281794 0.011721 0.149875
v 0.278706 0.078443 0.148095
v 0.281794 0.080040 0.149875
v 0.278706 0.013317 0.148095
v 0.281794 0.162552 0.149875
v 0.278706 0.227112 0.148095
v 0.281794 0.228709 0.149875
v 0.278706 0.164149 0.148095
v 0.281794 0.087900 0.149875
v 0.278706 0.153095 0.148095
v 0.281794 0.154692 0.149875
v 0.278706 0.089497 0.148095
v 0.278706 -0.138873 0.148095
v 0.281794 -0.074629 0.149875
v 0.281794 -0.140716 0.149875
v 0.278706 -0.076226 0.148095
v 0.278706 -0.065173 -0.155791
v 0.281794 -0.066769 -0.157571
v 0.281794 0.080040 -0.157571
v 0.278706 0.078443 -0.155791
v 0.281794 0.236569 0.149875
v 0.278706 0.300075 0.148095
v 0.281794 0.301672 0.149875
v 0.278706 0.238166 0.148095
v 0.281794 -0.074630 -0.157571
v 0.278706 -0.138873 -0.155791
v 0.281794 -0.140716 -0.157571
v 0.278706 -0.076226 -0.155791
v 0.281794 0.080040 0.149875
v 0.281794 0.087900 -0.157571
v 0.281794 0.087900 0.149875
v 0.281794 0.080040 -0.157571
v 0.278706 -0.065173 0.148095
v 0.281794 -0.149926 -0.168110
v 0.281794 -0.149926 0.160408
v 0.281794 0.087900 0.149875
v 0.281794 0.087902 0.160408
v 0.281794 -0.149926 0.160408
v -0.258141 -0.114693 -1.097228
v -0.254445 -0.106959 -1.103705
v -0.254445 -0.112469 -1.103705
v -0.258141 -0.104734 -1.097228
v -0.258141 -0.087928 -1.097228
v -0.254445 -0.077650 -1.103705
v -0.254445 -0.084972 -1.103705
v -0.258141 -0.074694 -1.097228
v -0.258141 -0.057885 -1.097228
v -0.254445 -0.050151 -1.103705
v -0.254445 -0.055661 -1.103705
v -0.258141 -0.047927 -1.097228
v -0.258141 -0.031120 -1.097228
v -0.254445 -0.020842 -1.103705
v -0.254445 -0.028164 -1.103705
v -0.258141 -0.017886 -1.097228
v -0.258141 -0.001078 -1.097228
v -0.254445 0.006656 -1.103705
v -0.254445 0.001146 -1.103705
v -0.258141 0.008881 -1.097228
v -0.258141 0.025234 -1.097228
v -0.254445 0.035512 -1.103705
v -0.254445 0.028190 -1.103705
v -0.258141 0.038468 -1.097228
v -0.258141 0.054823 -1.097228
v -0.254445 0.062557 -1.103705
v -0.254445 0.057047 -1.103705
v -0.258141 0.064781 -1.097228
v 0.281794 0.087902 0.160408
v 0.281794 0.311129 0.160408
v 0.281794 0.087902 0.160408
v 0.267640 0.311129 0.160402
v 0.267640 0.087902 0.160402
v 0.281794 0.311129 0.160408
v -0.197141 -0.077593 -1.097228
v -0.281794 0.087900 0.149875
v -0.281794 0.087901 0.160408
v -0.281794 -0.149926 0.160408
v -0.267640 -0.149926 0.160402
v -0.281794 0.087901 0.160408
v -0.281794 -0.149926 0.160408
v -0.267640 0.087898 0.160402
v -0.197141 -0.085035 -1.097228
v -0.281794 0.311129 0.160408
v -0.281794 0.311129 -0.168110
v -0.281794 0.088072 -0.168110
v -0.281794 0.311129 -0.168110
v -0.261822 0.311129 -0.168109
v -0.281794 0.088072 -0.168110
v -0.281794 0.311129 -0.168110
v -0.261822 0.087268 -0.168110
v 0.261822 -0.138958 -0.168110
v 0.261822 0.086596 -0.168110
v 0.281794 0.088037 -0.168110
v 0.266881 -0.140800 -0.168110
v 0.281794 -0.149926 -0.168110
v -0.197141 -0.020785 -1.097228
v 0.266881 -0.147610 -0.628576
v 0.266881 -0.140786 -0.628563
v 0.266881 -0.140786 -0.516530
v 0.266881 -0.140786 -0.404497
v 0.266881 -0.140772 -0.396284
v 0.266881 -0.140786 -0.282197
v 0.266881 -0.140800 -0.168110
v 0.266881 -0.147609 -0.168110
v 0.261822 -0.149926 0.160415
v 0.261822 -0.149926 0.166796
v 0.261822 -0.154648 0.160415
v 0.261822 -0.165617 0.620858
v 0.261822 -0.165617 0.160415
v 0.261822 -0.149926 0.620865
v 0.261822 0.311129 -0.281170
v 0.266881 0.312957 -0.168109
v 0.261822 0.311129 -0.168110
v 0.266881 0.312957 -0.282196
v 0.261822 0.311129 -0.394230
v 0.266881 0.312957 -0.396284
v -0.197141 -0.028227 -1.097228
v 0.278706 0.314526 -0.168104
v 0.266881 0.312957 -0.168109
v 0.266881 0.312957 -0.282196
v 0.266881 0.312957 -0.396284
v 0.266881 0.312957 -0.404497
v 0.266881 0.312957 -0.516530
v 0.266881 0.312957 -0.628563
v 0.278706 0.314526 -0.636777
v 0.278706 0.322112 -0.636777
v 0.278706 0.314526 -0.168104
v 0.278706 0.314526 -0.636777
v 0.278706 0.322112 -0.168105
v -0.197141 0.035570 -1.097228
v 0.266881 0.323680 -0.636777
v 0.266881 0.323681 -0.550540
v 0.278706 0.322112 -0.636777
v 0.266881 0.323681 -0.277194
v 0.266881 0.323681 -0.168112
v 0.278706 0.322112 -0.168105
v -0.266881 0.312957 0.160415
v -0.261822 0.311129 -0.168109
v -0.261822 0.311129 0.160415
v -0.266881 0.312957 -0.168112
v -0.278706 0.314526 -0.168117
v -0.278706 0.314526 0.160415
v -0.278706 0.314526 -0.168117
v -0.278706 0.322112 0.160415
v -0.278706 0.322112 -0.168117
v -0.278706 0.314526 0.160415
v -0.266881 0.323681 -0.003849
v -0.266881 0.323681 -0.168115
v -0.266881 0.323680 0.160415
v 0.278706 -0.138873 0.148095
v 0.278706 -0.076226 -0.155791
v 0.278706 -0.076226 0.148095
v 0.278706 -0.138873 -0.155791
v 0.278706 0.013317 0.148095
v 0.278706 0.078443 -0.155791
v 0.278706 0.078443 0.148095
v 0.278706 0.013317 -0.155791
v 0.281794 -0.074629 0.149875
v 0.281794 -0.066769 -0.157571
v 0.281794 -0.066769 0.149875
v 0.281794 -0.074630 -0.157571
v 0.278706 -0.065173 0.148095
v 0.278706 -0.065173 -0.155791
v 0.281794 -0.140716 0.145650
v 0.286084 -0.140716 0.147762
v 0.281794 -0.165617 0.145650
v 0.286084 -0.165617 0.147762
v 0.281794 -0.140716 0.149875
v 0.281794 -0.165617 0.149875
v -0.197141 0.028128 -1.097228
v -0.197141 -0.098748 -1.097228
v -0.197141 -0.102147 -1.103705
v -0.197141 -0.120685 -1.097228
v -0.197141 -0.117293 -1.103705
v -0.197141 -0.041940 -1.097228
v -0.197141 -0.045340 -1.103705
v -0.197141 -0.063878 -1.097228
v -0.197141 -0.060485 -1.103705
v -0.197141 0.014868 -1.097228
v -0.197141 0.011468 -1.103705
v -0.197141 -0.007070 -1.097228
v -0.197141 -0.003677 -1.103705
v -0.197141 0.070768 -1.097228
v -0.197141 0.067369 -1.103705
v -0.197141 0.048831 -1.097228
v -0.197141 0.052223 -1.103705
v 0.197140 -0.117293 -1.103705
v 0.197140 -0.120685 -1.097228
v 0.197140 -0.060485 -1.103705
v 0.197140 -0.063878 -1.097228
v 0.197140 -0.003677 -1.103705
v 0.197140 -0.007070 -1.097228
v 0.197140 0.052223 -1.103705
v 0.197140 0.048831 -1.097228
v 0.254445 -0.106959 -1.103705
v 0.258141 -0.114693 -1.097228
v 0.254445 -0.112469 -1.103705
v 0.258141 -0.104734 -1.097228
v 0.254445 -0.077650 -1.103705
v 0.258141 -0.087928 -1.097228
v 0.254445 -0.084972 -1.103705
v 0.258141 -0.074694 -1.097228
v 0.254445 -0.050151 -1.103705
v 0.258141 -0.057885 -1.097228
v 0.254445 -0.055661 -1.103705
v 0.258141 -0.047927 -1.097228
v 0.254445 -0.020842 -1.103705
v 0.258141 -0.031120 -1.097228
v 0.254445 -0.028164 -1.103705
v 0.258141 -0.017886 -1.097228
v 0.254445 0.006656 -1.103705
v 0.258141 -0.001078 -1.097228
v 0.254445 0.001146 -1.103705
v 0.258141 0.008881 -1.097228
v 0.254445 0.035512 -1.103705
v 0.258141 0.025234 -1.097228
v 0.254445 0.028190 -1.103705
v 0.258141 0.038468 -1.097228
v 0.254445 0.062557 -1.103705
v 0.258141 0.054823 -1.097228
v 0.254445 0.057047 -1.103705
v 0.258141 0.064781 -1.097228
v 0.281794 -0.140716 0.149875
v 0.281794 -0.140716 0.145650
v 0.197140 -0.077593 -1.097228
v 0.281794 -0.165617 0.145650
v 0.281794 -0.165617 0.149875
v -0.281794 -0.165617 0.160415
v -0.261822 -0.154648 0.160415
v -0.281794 -0.154648 0.160415
v -0.261822 -0.165617 0.160415
v -0.261822 -0.154648 -0.168110
v -0.281794 -0.154648 -0.168110
v -0.261822 -0.154648 0.160415
v -0.261822 -0.165617 -0.168110
v -0.281794 -0.165617 -0.168110
v -0.261822 -0.154648 -0.168110
v 0.241289 0.339694 1.089534
v 0.000000 0.348305 0.820295
v 0.000000 0.348305 1.089534
v 0.241289 0.339694 0.820295
v 0.259071 0.330554 0.820295
v 0.259071 0.330554 1.089534
v 0.261822 0.325557 1.089534
v 0.261822 0.325556 0.820295
v 0.197140 -0.085035 -1.097228
v 0.000000 0.348305 0.538737
v 0.000000 0.351897 0.542843
v 0.241289 0.339694 0.538737
v 0.241862 0.343047 0.542843
v 0.259071 0.330554 0.538737
v 0.262431 0.332281 0.542843
v 0.261822 0.325556 0.538737
v 0.266881 0.323681 0.542842
v 0.261822 0.325556 0.546950
v 0.259071 0.330554 0.546950
v 0.241289 0.339694 0.546950
v 0.000000 0.348305 0.546950
v 0.197140 -0.020785 -1.097228
v 0.000000 0.348305 0.812082
v 0.000000 0.351897 0.816189
v 0.241289 0.339694 0.812082
v 0.241862 0.343047 0.816189
v 0.259071 0.330554 0.812082
v 0.262431 0.332281 0.816189
v 0.261822 0.325556 0.812082
v 0.266881 0.323681 0.816202
v 0.000000 0.348305 0.618782
v -0.241289 0.339694 0.812082
v -0.241289 0.339694 0.618782
v 0.000000 0.348305 0.546950
v -0.241289 0.339694 0.546950
v -0.241289 0.339694 1.089534
v -0.241289 0.339694 0.820295
v 0.197140 -0.028227 -1.097228
v -0.241289 0.339694 0.538737
v -0.241862 0.343047 0.542843
v -0.241289 0.339694 0.546950
v 0.197140 0.035570 -1.097228
v -0.241862 0.343047 0.816189
v 0.267640 0.311129 0.160402
v 0.281794 0.311129 0.160408
v 0.281794 0.311129 -0.168110
v 0.261822 0.311129 0.160415
v 0.261822 0.311129 -0.168110
v 0.278706 0.300075 -0.155791
v 0.278706 0.238166 0.148095
v 0.278706 0.238166 -0.155791
v 0.278706 0.300075 0.148095
v 0.281794 0.154692 -0.157571
v 0.278706 0.089497 -0.155791
v 0.281794 0.087900 -0.157571
v 0.278706 0.153095 -0.155791
v 0.281794 0.228709 -0.157571
v 0.278706 0.164149 -0.155791
v 0.281794 0.162552 -0.157570
v 0.278706 0.227112 -0.155791
v 0.281794 0.301672 0.149875
v 0.281794 0.301672 -0.157571
v 0.281794 0.236569 -0.157570
v 0.281794 0.236569 0.149875
v 0.281794 0.228709 0.149875
v 0.278706 0.227112 0.148095
v 0.197140 0.028128 -1.097228
v -0.261822 -0.138958 0.631134
v -0.261822 0.311129 0.741114
v -0.261822 0.311129 0.631134
v -0.261822 -0.138958 0.741114
v -0.261822 0.311129 0.851094
v -0.261822 -0.138958 0.851094
v -0.266881 -0.140786 0.620867
v -0.266881 -0.147610 0.620864
v -0.266881 -0.140786 0.629081
v -0.266881 -0.140786 0.741114
v -0.266881 -0.140786 0.853147
v -0.266881 -0.140786 0.861361
v -0.266881 -0.140786 0.970314
v -0.266881 -0.140786 1.079267
v -0.266881 -0.147610 1.087503
v 0.197140 -0.098748 -1.097228
v -0.197141 -0.063878 -1.097228
v 0.197140 -0.063878 -1.097228
v -0.258141 -0.057885 -1.097228
v 0.258141 -0.057885 -1.097228
v 0.000000 0.348305 1.089534
v -0.241058 0.338268 1.094593
v 0.000000 0.346874 1.094593
v -0.241289 0.339694 1.089534
v -0.254573 0.332305 1.094593
v -0.241289 0.339694 1.089534
v -0.259071 0.330554 1.089534
v 0.000000 0.339801 1.089534
v -0.259071 0.330554 1.089534
v 0.000000 0.341161 1.094593
v -0.254445 0.227311 1.096011
v -0.258141 0.217033 1.089534
v -0.254445 0.219989 1.096011
v -0.258141 0.230267 1.089534
v -0.254445 -0.106959 1.096011
v -0.258141 -0.114693 1.089534
v -0.254445 -0.112469 1.096011
v -0.258141 -0.104734 1.089534
v -0.254445 -0.077650 1.096011
v -0.258141 -0.087928 1.089534
v -0.254445 -0.084972 1.096011
v -0.258141 -0.074694 1.089534
v -0.254445 -0.050151 1.096011
v -0.258141 -0.057885 1.089534
v -0.254445 -0.055661 1.096011
v -0.258141 -0.047927 1.089534
v -0.254445 -0.020842 1.096011
v -0.258141 -0.031120 1.089534
v -0.254445 -0.028164 1.096011
v -0.258141 -0.017886 1.089534
v -0.254445 0.006656 1.096011
v -0.258141 -0.001078 1.089534
v -0.254445 0.001146 1.096011
v -0.258141 0.008881 1.089534
v -0.254445 0.035512 1.096011
v -0.258141 0.025234 1.089534
v -0.254445 0.028190 1.096011
v -0.258141 0.038468 1.089534
v -0.254445 0.062557 1.096011
v -0.258141 0.054823 1.089534
v -0.254445 0.057047 1.096011
v -0.258141 0.064781 1.089534
v -0.254445 0.142557 1.096011
v -0.258141 0.134823 1.089534
v -0.254445 0.137047 1.096011
v -0.258141 0.144781 1.089534
v -0.254445 0.171412 1.096011
v -0.258141 0.161135 1.089534
v -0.254445 0.164091 1.096011
v -0.258141 0.174369 1.089534
v -0.254445 0.198457 1.096011
v -0.258141 0.190723 1.089534
v -0.254445 0.192948 1.096011
v -0.258141 0.200682 1.089534
v -0.254445 0.254358 1.096011
v -0.258141 0.246624 1.089534
v -0.254445 0.248848 1.096011
v -0.258141 0.256583 1.089534
v -0.254445 0.283212 1.096011
v -0.258141 0.272934 1.089534
v -0.254445 0.275890 1.096011
v -0.258141 0.286168 1.089534
v -0.254445 0.310259 1.096011
v -0.258141 0.302525 1.089534
v -0.254445 0.304749 1.096011
v -0.258141 0.312483 1.089534
v -0.261822 -0.138958 0.863414
v -0.261822 0.311129 0.970314
v -0.261822 0.311129 0.863414
v -0.261822 -0.138958 0.970314
v -0.261822 0.311129 1.077214
v -0.261822 -0.138958 1.077214
v -0.261822 -0.165617 0.620874
v -0.261822 -0.149926 1.089534
v -0.261822 -0.149926 0.620880
v -0.261822 -0.165617 1.089534
v -0.266881 -0.140786 1.079267
v -0.266881 0.312957 1.079267
v -0.261822 0.325557 1.089534
v -0.266881 -0.147610 1.087503
v -0.261822 -0.149926 1.089534
v -0.266881 0.323681 1.087502
v -0.266881 -0.140786 0.629081
v -0.266881 -0.140786 0.741114
v -0.266881 -0.140786 0.853147
v -0.197140 0.283269 1.089534
v -0.266881 0.312957 0.741114
v -0.266881 0.312957 0.629081
v -0.266881 0.312957 0.853147
v -0.266881 0.312957 0.861361
v -0.266881 -0.140786 0.861361
v -0.197140 0.275827 1.089534
v -0.197127 0.318470 1.089534
v -0.197140 0.315070 1.096011
v -0.197140 0.296532 1.089534
v -0.197140 0.299925 1.096011
v -0.258141 0.104824 1.089534
v -0.256088 0.095684 1.094593
v -0.256088 0.102996 1.094593
v -0.258141 0.093855 1.089534
v 0.256088 0.095684 1.094593
v 0.258141 0.093855 1.089534
v 0.256088 -0.163789 1.094593
v -0.258141 -0.165617 1.089534
v 0.258141 -0.165617 1.089534
v -0.256088 -0.163789 1.094593
v -0.258141 -0.154648 1.089534
v -0.256088 -0.156477 1.094593
v -0.258141 -0.165617 1.089534
v -0.266881 0.312957 0.970314
v -0.266881 -0.147610 1.087503
v -0.266881 -0.140786 0.970314
v -0.261822 0.325556 0.820295
v -0.266881 0.323681 1.087502
v -0.261822 0.325557 1.089534
v -0.266881 0.323681 0.816202
v -0.266881 0.323681 0.618847
v -0.261822 0.325556 0.812082
v -0.261822 0.325556 0.618782
v 0.256088 -0.163789 -1.102286
v -0.256088 -0.156477 -1.102286
v 0.256088 -0.156477 -1.102286
v -0.256088 -0.163789 -1.102286
v 0.258141 -0.154648 -1.097228
v 0.258141 -0.165617 -1.097229
v -0.258141 -0.154648 -1.097228
v 0.258141 -0.154648 -1.097228
v -0.258141 -0.154648 -1.097228
v -0.258141 -0.165617 -1.097229
v -0.258141 -0.165617 -1.097229
v 0.258141 -0.165617 -1.097229
v -0.197140 -0.077593 1.089534
v -0.261822 -0.165617 -1.097229
v -0.258141 -0.165617 -1.097229
v -0.261822 -0.165617 -0.628581
v 0.261822 -0.165617 -0.628569
v 0.258141 -0.165617 -1.097229
v 0.261822 -0.165617 -1.097229
v -0.261822 -0.165617 1.089534
v -0.261822 -0.165617 0.620874
v -0.258141 -0.165617 1.089534
v 0.258141 -0.165617 1.089534
v 0.261822 -0.165617 0.620858
v -0.261822 -0.165617 0.160415
v 0.261822 -0.165617 0.160415
v -0.261822 -0.165617 -0.168110
v 0.261822 -0.165617 -0.168110
v 0.261822 -0.165617 1.089534
v -0.197140 -0.085035 1.089534
v -0.254445 0.254358 -1.103705
v -0.197141 0.244024 -1.103705
v -0.254445 0.248848 -1.103705
v -0.197141 0.259170 -1.103705
v 0.197140 0.259170 -1.103705
v 0.197140 0.244024 -1.103705
v 0.254445 0.254358 -1.103705
v 0.254445 0.248848 -1.103705
v 0.197140 0.262570 -1.097228
v -0.197141 0.262570 -1.097228
v 0.197140 0.240632 -1.097228
v 0.258141 0.246624 -1.097228
v 0.258141 0.256583 -1.097228
v -0.256088 0.095684 -1.102286
v 0.256088 0.102996 -1.102286
v 0.256088 0.095684 -1.102286
v -0.256088 0.102996 -1.102286
v -0.197140 -0.020785 1.089534
v -0.254445 0.198458 -1.103705
v -0.197141 0.188124 -1.103705
v -0.254445 0.192948 -1.103705
v -0.197141 0.203269 -1.103705
v 0.197140 0.203269 -1.103705
v 0.197140 0.188124 -1.103705
v 0.254445 0.198458 -1.103705
v 0.254445 0.192948 -1.103705
v 0.197140 0.206669 -1.097228
v -0.197141 0.206669 -1.097228
v 0.197140 0.184731 -1.097228
v 0.258141 0.190723 -1.097228
v 0.258141 0.200682 -1.097228
v -0.197140 -0.028227 1.089534
v -0.254445 0.142557 -1.103705
v -0.197141 0.132223 -1.103705
v -0.254445 0.137047 -1.103705
v -0.197141 0.147369 -1.103705
v 0.197140 0.147369 -1.103705
v 0.197140 0.132223 -1.103705
v 0.254445 0.142557 -1.103705
v 0.254445 0.137047 -1.103705
v 0.197140 0.150768 -1.097228
v -0.197141 0.150768 -1.097228
v 0.197140 0.128831 -1.097228
v 0.258141 0.134823 -1.097228
v 0.258141 0.144781 -1.097228
v 0.197140 0.219927 -1.097228
v 0.254445 0.227311 -1.103705
v 0.254445 0.219989 -1.103705
v 0.197140 0.227369 -1.097228
v -0.197140 0.035569 1.089534
v 0.258141 0.217033 -1.097228
v -0.197140 0.028127 1.089534
v 0.258141 0.230267 -1.097228
v 0.197140 0.164028 -1.097228
v 0.254445 0.171413 -1.103705
v 0.254445 0.164091 -1.103705
v 0.197140 0.171470 -1.097228
v -0.197140 0.171470 1.089534
v 0.258141 0.161135 -1.097228
v -0.197140 0.164028 1.089534
v 0.258141 0.174369 -1.097228
v -0.258141 0.093856 -1.097228
v 0.258141 0.093856 -1.097228
v 0.258141 0.104824 -1.097228
v -0.197140 0.227368 1.089534
v 0.197140 0.275827 -1.097228
v 0.254445 0.275890 -1.103705
v 0.258141 0.272934 -1.097228
v -0.197140 0.219926 1.089534
v -0.197140 -0.098748 1.089534
v -0.197140 -0.102147 1.096011
v -0.197140 -0.120685 1.089534
v -0.197140 -0.117293 1.096011
v -0.197140 -0.041940 1.089534
v -0.197140 -0.045340 1.096011
v -0.197140 -0.063878 1.089534
v -0.197140 -0.060485 1.096011
v -0.197140 0.014867 1.089534
v -0.197140 0.011468 1.096011
v -0.197140 -0.007070 1.089534
v -0.197140 -0.003678 1.096011
v -0.197140 0.070768 1.089534
v -0.197140 0.067369 1.096011
v -0.197140 0.048831 1.089534
v -0.197140 0.052223 1.096011
v -0.197140 0.150768 1.089534
v -0.197140 0.147368 1.096011
v -0.197140 0.128830 1.089534
v -0.197140 0.132223 1.096011
v -0.197140 0.206669 1.089534
v -0.197140 0.203269 1.096011
v -0.197140 0.184731 1.089534
v -0.197140 0.188124 1.096011
v 0.256088 0.102996 1.094593
v -0.197140 0.262569 1.089534
v -0.197140 0.259170 1.096011
v -0.197140 0.240632 1.089534
v -0.197140 0.244024 1.096011
v 0.241058 0.338268 1.094593
v 0.000000 0.348305 1.089534
v 0.000000 0.346874 1.094593
v 0.241289 0.339694 1.089534
v 0.254573 0.332305 1.094593
v 0.241289 0.339694 1.089534
v 0.259071 0.330554 1.089534
v 0.000000 0.341161 1.094593
v 0.259071 0.330554 1.089534
v 0.197141 0.299925 1.096011
v 0.197141 0.296532 1.089534
v 0.197141 -0.117293 1.096011
v 0.197141 -0.120685 1.089534
v 0.197141 -0.060485 1.096011
v 0.197141 -0.063878 1.089534
v 0.197141 -0.003678 1.096011
v 0.197141 -0.007070 1.089534
v 0.197141 0.052223 1.096011
v 0.197141 0.048831 1.089534
v 0.197141 0.132223 1.096011
v 0.197141 0.128830 1.089534
v 0.197141 0.188124 1.096011
v 0.197141 0.184731 1.089534
v 0.197141 0.244024 1.096011
v 0.197141 0.240632 1.089534
v 0.258141 0.217033 1.089534
v 0.254445 0.227311 1.096011
v 0.254445 0.219989 1.096011
v 0.258141 0.230267 1.089534
v 0.258141 -0.114693 1.089534
v 0.254445 -0.106959 1.096011
v 0.254445 -0.112469 1.096011
v 0.258141 -0.104734 1.089534
v 0.258141 -0.087928 1.089534
v 0.254445 -0.077650 1.096011
v 0.254445 -0.084972 1.096011
v 0.258141 -0.074694 1.089534
v 0.258141 -0.057885 1.089534
v 0.254445 -0.050151 1.096011
v 0.254445 -0.055661 1.096011
v 0.258141 -0.047927 1.089534
v 0.258141 -0.031120 1.089534
v 0.254445 -0.020842 1.096011
v 0.254445 -0.028164 1.096011
v 0.258141 -0.017886 1.089534
v 0.258141 -0.001078 1.089534
v 0.254445 0.006656 1.096011
v 0.254445 0.001146 1.096011
v 0.258141 0.008881 1.089534
v 0.258141 0.025234 1.089534
v 0.254445 0.035512 1.096011
v 0.254445 0.028190 1.096011
v 0.258141 0.038468 1.089534
v 0.258141 0.054823 1.089534
v 0.254445 0.062557 1.096011
v 0.254445 0.057047 1.096011
v 0.258141 0.064781 1.089534
v 0.258141 0.134823 1.089534
v 0.254445 0.142557 1.096011
v 0.254445 0.137047 1.096011
v 0.258141 0.144781 1.089534
v 0.258141 0.161135 1.089534
v 0.254445 0.171412 1.096011
v 0.254445 0.164091 1.096011
v 0.258141 0.174369 1.089534
v 0.258141 0.190723 1.089534
v 0.254445 0.198457 1.096011
v 0.254445 0.192948 1.096011
v 0.258141 0.200682 1.089534
v 0.258141 0.246624 1.089534
v 0.254445 0.254358 1.096011
v 0.254445 0.248848 1.096011
v 0.258141 0.256583 1.089534
v 0.258141 0.272934 1.089534
v 0.254445 0.283212 1.096011
v 0.254445 0.275890 1.096011
v 0.258141 0.286168 1.089534
v 0.258141 0.302525 1.089534
v 0.254445 0.310259 1.096011
v 0.254445 0.304749 1.096011
v 0.258141 0.312483 1.089534
v 0.258141 0.286168 -1.097228
v 0.254445 0.283212 -1.103705
v 0.197140 0.283269 -1.097228
v 0.254445 0.310259 -1.103705
v 0.258141 0.302525 -1.097228
v 0.254445 0.304749 -1.103705
v 0.258141 0.312483 -1.097228
v -0.197141 0.240632 -1.097228
v -0.197141 0.184731 -1.097228
v -0.197141 0.128831 -1.097228
v 0.197140 0.299925 -1.103705
v -0.197141 0.296533 -1.097228
v -0.197141 0.299925 -1.103705
v 0.197140 0.296533 -1.097228
v -0.000000 0.341161 -1.102286
v 0.241057 0.338268 -1.102287
v 0.254573 0.332305 -1.102286
v -0.000000 0.346874 -1.102286
v -0.000000 0.339802 -1.097228
v 0.259071 0.330554 -1.097229
v 0.241289 0.339694 -1.097229
v 0.259071 0.330554 -1.097229
v -0.000000 0.348305 -1.097229
v 0.241289 0.339694 -1.097229
v -0.258141 0.246624 -1.097228
v -0.258141 0.256583 -1.097228
v -0.258141 0.190723 -1.097228
v -0.258141 0.200682 -1.097228
v -0.258141 0.134823 -1.097228
v -0.258141 0.144781 -1.097228
v -0.254445 0.227311 -1.103705
v -0.197141 0.219927 -1.097228
v -0.254445 0.219989 -1.103705
v -0.197141 0.227369 -1.097228
v 0.197141 0.283269 1.089534
v -0.258141 0.217033 -1.097228
v 0.197141 0.275827 1.089534
v 0.197127 0.318470 1.089534
v 0.197141 0.315070 1.096011
v -0.258141 0.230267 -1.097228
v -0.254445 0.171413 -1.103705
v -0.197141 0.164028 -1.097228
v -0.254445 0.164091 -1.103705
v -0.197141 0.171470 -1.097228
v 0.258141 0.104824 1.089534
v -0.258141 -0.154648 1.089534
v 0.256088 -0.156477 1.094593
v 0.258141 -0.154648 1.089534
v 0.258141 -0.154648 1.089534
v 0.258141 -0.165617 1.089534
v -0.258141 0.161135 -1.097228
v 0.197141 -0.077593 1.089534
v -0.258141 0.174369 -1.097228
v -0.258141 0.104824 -1.097228
v -0.254445 0.304749 -1.103705
v -0.258141 0.302525 -1.097228
v -0.254445 0.310259 -1.103705
v -0.197127 0.318470 -1.097228
v -0.197141 0.315071 -1.103705
v -0.258141 0.312483 -1.097228
v -0.254445 0.283212 -1.103705
v -0.197141 0.275827 -1.097228
v -0.254445 0.275890 -1.103705
v -0.197141 0.283269 -1.097228
v 0.197141 -0.085035 1.089534
v -0.258141 0.272934 -1.097228
v 0.197141 -0.020785 1.089534
v -0.258141 0.286168 -1.097228
v -0.000000 0.341161 -1.102286
v -0.241058 0.338268 -1.102287
v -0.000000 0.346874 -1.102286
v -0.254573 0.332305 -1.102286
v -0.259071 0.330554 -1.097229
v -0.241289 0.339694 -1.097229
v -0.259071 0.330554 -1.097229
v -0.000000 0.348305 -1.097229
v -0.241289 0.339694 -1.097229
v 0.261822 -0.138958 0.276665
v 0.261822 0.311129 0.386535
v 0.261822 -0.138958 0.386535
v 0.261822 0.311129 0.276665
v 0.261822 -0.138958 0.166794
v 0.261822 0.311129 0.166794
v 0.048639 -0.185211 -1.218612
v 0.046738 -0.188063 -1.223836
v 0.046738 -0.185211 -1.223836
v 0.048639 -0.188063 -1.218612
v 0.046738 -0.185211 -1.213388
v 0.046738 -0.188063 -1.213388
v 0.041923 -0.185211 -1.210609
v 0.041923 -0.188063 -1.210609
v 0.036449 -0.185211 -1.211574
v 0.036449 -0.188063 -1.211574
v 0.032875 -0.185211 -1.215833
v 0.032875 -0.188063 -1.215833
v 0.032875 -0.185211 -1.221392
v 0.032875 -0.188063 -1.221392
v 0.036448 -0.185211 -1.225650
v 0.036448 -0.188063 -1.225650
v 0.041923 -0.185211 -1.226616
v 0.041923 -0.188063 -1.226616
v 0.040512 -0.185211 -1.218612
v 0.024165 -0.195928 -1.161306
v 0.026845 -0.188063 -1.154228
v 0.030507 -0.195928 -1.156586
v 0.020503 -0.188063 -1.158948
v 0.020370 -0.188063 -1.180533
v 0.024196 -0.195439 -1.180533
v 0.025913 -0.188063 -1.198781
v 0.029739 -0.193262 -1.198781
v 0.033320 -0.188063 -1.207382
v 0.033747 -0.192240 -1.206202
v 0.043743 -0.188063 -1.206017
v 0.043743 -0.192240 -1.204835
v 0.050237 -0.192137 -1.208208
v 0.051001 -0.188063 -1.208809
v 0.197141 -0.028227 1.089534
v 0.051001 -0.194628 -1.177154
v 0.029290 -0.195928 -1.148887
v 0.026154 -0.188062 -1.149738
v 0.031248 -0.198814 -1.155417
v 0.029904 -0.198672 -1.148462
v 0.032918 -0.195928 -1.158315
v 0.034069 -0.198814 -1.157080
v 0.043951 -0.195928 -1.161172
v 0.044404 -0.198814 -1.159743
v 0.050928 -0.198814 -1.163585
v 0.050345 -0.195928 -1.164236
v 0.055080 -0.198819 -1.169025
v 0.055080 -0.195928 -1.169025
v 0.055720 -0.198817 -1.177183
v 0.055720 -0.194628 -1.177183
v -0.014509 -0.188059 -1.150219
v -0.015935 -0.198658 -1.149007
v 0.197141 0.035569 1.089534
v -0.012937 -0.223866 -1.159228
v -0.015876 -0.217840 -1.160722
v -0.014561 -0.223866 -1.173139
v -0.014509 -0.223870 -1.150218
v -0.015935 -0.213312 -1.149006
v -0.022610 -0.213311 -1.158257
v -0.021764 -0.216708 -1.163829
v -0.017774 -0.223866 -1.181653
v -0.017674 -0.223866 -1.192891
v -0.018988 -0.223866 -1.193274
v -0.022679 -0.223866 -1.187364
v -0.021502 -0.223866 -1.194008
v -0.027806 -0.223866 -1.191260
v -0.025331 -0.223866 -1.195126
v -0.036034 -0.222777 -1.200736
v -0.033975 -0.222757 -1.203689
v -0.041369 -0.222270 -1.208893
v -0.039118 -0.222269 -1.212208
v -0.045679 -0.221216 -1.222993
v -0.043201 -0.221216 -1.222961
v -0.027008 -0.213335 -1.167657
v -0.031243 -0.213335 -1.185676
v -0.038227 -0.213335 -1.196549
v -0.043635 -0.213335 -1.204920
v -0.048499 -0.213335 -1.223030
v 0.026845 -0.223866 -1.154228
v 0.024165 -0.216001 -1.161306
v 0.030507 -0.216001 -1.156586
v 0.020503 -0.223866 -1.158948
v 0.197141 0.028127 1.089534
v 0.051001 -0.217301 -1.177154
v 0.050237 -0.219793 -1.208208
v 0.051001 -0.223866 -1.208809
v 0.197141 0.171470 1.089534
v 0.026154 -0.223867 -1.149738
v 0.029290 -0.216001 -1.148887
v 0.029904 -0.213310 -1.148461
v -0.050121 -0.208874 -1.221160
v -0.049789 -0.209741 -1.195201
v -0.047558 -0.210237 -1.181949
v -0.040890 -0.210636 -1.170346
v -0.029441 -0.211249 -1.158363
v -0.022214 -0.212796 -1.150467
v -0.020329 -0.213311 -1.143099
v 0.033767 -0.213311 -1.143075
v 0.033767 -0.213311 -1.120944
v -0.020329 -0.213311 -1.120944
v 0.034784 -0.213311 -1.147529
v 0.031248 -0.213297 -1.155417
v 0.038513 -0.213304 -1.152207
v 0.034069 -0.213297 -1.157080
v 0.044404 -0.213297 -1.159743
v 0.045499 -0.213304 -1.155408
v 0.050928 -0.213297 -1.163585
v 0.055739 -0.213304 -1.157548
v 0.059693 -0.213304 -1.165535
v 0.055080 -0.213297 -1.169025
v 0.055720 -0.213304 -1.177183
v -0.049840 -0.202086 -1.221484
v -0.048499 -0.202617 -1.223030
v -0.050121 -0.202857 -1.221160
v -0.050121 -0.208874 -1.221160
v -0.048499 -0.213335 -1.223030
v 0.024865 -0.223866 -1.208729
v 0.025286 -0.188063 -1.212835
v 0.025286 -0.223866 -1.212835
v 0.024865 -0.188063 -1.208729
v 0.020232 -0.223866 -1.202833
v 0.020232 -0.188063 -1.202833
v -0.017674 -0.223866 -1.192891
v -0.017674 -0.188063 -1.192891
v -0.018988 -0.188063 -1.193274
v -0.018988 -0.223866 -1.193274
v -0.021502 -0.223866 -1.194008
v -0.021502 -0.188063 -1.194008
v -0.025331 -0.223866 -1.195126
v -0.025331 -0.188063 -1.195126
v -0.033975 -0.222757 -1.203689
v -0.033975 -0.189172 -1.203689
v -0.039118 -0.222269 -1.212208
v -0.039118 -0.189660 -1.212208
v -0.043201 -0.221216 -1.222961
v -0.043201 -0.190714 -1.222961
v 0.033767 -0.213311 -1.143075
v 0.033767 -0.198665 -1.120944
v 0.033767 -0.213311 -1.120944
v 0.033767 -0.198665 -1.143075
v 0.034784 -0.213311 -1.147529
v 0.034784 -0.198665 -1.147529
v 0.038513 -0.198814 -1.152207
v 0.038513 -0.213304 -1.152207
v 0.045499 -0.213304 -1.155408
v 0.045499 -0.198814 -1.155408
v 0.055739 -0.213304 -1.157548
v 0.055739 -0.198814 -1.157548
v 0.059693 -0.213304 -1.165535
v 0.059693 -0.198814 -1.165535
v 0.055720 -0.213304 -1.177183
v 0.055720 -0.198817 -1.177183
v 0.197141 0.164028 1.089534
v -0.045679 -0.221216 -1.222993
v -0.048499 -0.213335 -1.223030
v -0.048499 -0.202617 -1.223030
v -0.047050 -0.194455 -1.223011
v -0.045679 -0.190714 -1.222993
v -0.049789 -0.209741 -1.195201
v -0.050121 -0.202857 -1.221160
v -0.050121 -0.208874 -1.221160
v -0.049789 -0.201990 -1.195201
v -0.047558 -0.210237 -1.181949
v -0.047558 -0.201494 -1.181949
v -0.040890 -0.210636 -1.170346
v -0.040890 -0.201095 -1.170346
v -0.029441 -0.211249 -1.158363
v -0.029441 -0.200482 -1.158363
v -0.022214 -0.212796 -1.150467
v -0.022214 -0.198890 -1.150467
v -0.020329 -0.198664 -1.143098
v -0.020329 -0.213311 -1.143099
v -0.020329 -0.213311 -1.120944
v -0.020329 -0.198664 -1.120944
v 0.007092 -0.191148 -1.234319
v 0.003912 -0.191148 -1.235636
v 0.004698 -0.191148 -1.231544
v 0.009833 -0.191148 -1.233543
v 0.010271 -0.191148 -1.235636
v 0.016093 -0.191148 -1.232416
v 0.011588 -0.191148 -1.238816
v 0.010271 -0.191148 -1.241995
v 0.009602 -0.191148 -1.250000
v 0.007092 -0.191148 -1.243312
v 0.002571 -0.191148 -1.248634
v 0.003912 -0.191148 -1.241995
v -0.002780 -0.191148 -1.243665
v 0.002595 -0.191148 -1.238816
v -0.004116 -0.191148 -1.238923
v 0.000127 -0.191148 -1.231151
v -0.003868 -0.191148 -1.234298
v -0.002763 -0.191148 -1.231729
v 0.053965 -0.191148 -1.228627
v 0.046465 -0.191148 -1.245244
v 0.045772 -0.191148 -1.234550
v 0.039278 -0.191148 -1.249132
v 0.034544 -0.191148 -1.234503
v 0.027193 -0.191148 -1.228978
v 0.024276 -0.191148 -1.220236
v 0.007092 -0.220781 -1.234319
v 0.004698 -0.220781 -1.231544
v 0.003912 -0.220781 -1.235636
v 0.009833 -0.220781 -1.233543
v 0.010271 -0.220781 -1.235636
v 0.016093 -0.220781 -1.232416
v 0.011588 -0.220781 -1.238816
v 0.010271 -0.220781 -1.241995
v 0.009602 -0.220781 -1.250000
v 0.007092 -0.220781 -1.243312
v 0.002571 -0.220781 -1.248634
v 0.003912 -0.220781 -1.241995
v -0.002780 -0.220781 -1.243665
v 0.002595 -0.220781 -1.238816
v -0.004116 -0.220781 -1.238923
v 0.000127 -0.220781 -1.231151
v -0.003868 -0.220781 -1.234298
v -0.002763 -0.220781 -1.231729
v 0.045772 -0.220781 -1.234550
v 0.046465 -0.220781 -1.245244
v 0.053965 -0.220781 -1.228627
v 0.039278 -0.220781 -1.249132
v 0.034544 -0.220781 -1.234503
v 0.027193 -0.220781 -1.228978
v 0.024276 -0.220781 -1.220236
v 0.197141 0.227368 1.089534
v 0.011588 -0.191148 -1.238816
v 0.010271 -0.220781 -1.241995
v 0.011588 -0.220781 -1.238816
v 0.010271 -0.191148 -1.241995
v 0.007092 -0.220781 -1.243312
v 0.007092 -0.191148 -1.243312
v 0.003912 -0.191148 -1.241995
v 0.003912 -0.220781 -1.241995
v 0.002595 -0.220781 -1.238816
v 0.002595 -0.191148 -1.238816
v 0.003912 -0.220781 -1.235636
v 0.003912 -0.191148 -1.235636
v 0.007092 -0.220781 -1.234319
v 0.007092 -0.191148 -1.234319
v 0.010271 -0.220781 -1.235636
v 0.010271 -0.191148 -1.235636
v 0.197141 0.219926 1.089534
v 0.197141 -0.098748 1.089534
v 0.197141 -0.102147 1.096011
v 0.053965 -0.191148 -1.228627
v 0.045772 -0.220781 -1.234550
v 0.053965 -0.220781 -1.228627
v 0.045772 -0.191148 -1.234550
v 0.034544 -0.220781 -1.234503
v 0.034544 -0.191148 -1.234503
v 0.027193 -0.220781 -1.228978
v 0.027193 -0.191148 -1.228978
v 0.024276 -0.220781 -1.220236
v 0.024276 -0.191148 -1.220236
v 0.191215 -0.243290 0.461484
v 0.171159 -0.247315 0.461484
v 0.191215 -0.247315 0.461484
v 0.171159 -0.243290 0.461484
v 0.191215 -0.243290 0.421872
v 0.171159 -0.243290 0.421872
v 0.191215 -0.247315 0.421872
v 0.171159 -0.247315 0.421872
v 0.191215 -0.274448 0.416770
v 0.171159 -0.247315 0.416770
v 0.191215 -0.247315 0.416770
v 0.171159 -0.274448 0.416770
v 0.191215 -0.247315 0.466586
v 0.171159 -0.274448 0.466586
v 0.191215 -0.274448 0.466586
v 0.171159 -0.247315 0.466586
v 0.197141 -0.041940 1.089534
v 0.197141 -0.045340 1.096011
v 0.191215 -0.247315 0.461484
v 0.191215 -0.243290 0.421872
v 0.191215 -0.243290 0.461484
v 0.191215 -0.247315 0.421872
v 0.191215 -0.274448 0.466586
v 0.191215 -0.247315 0.416770
v 0.191215 -0.274448 0.416770
v 0.191215 -0.247315 0.466586
v 0.171159 -0.274448 0.416770
v 0.191215 -0.274448 0.416770
v 0.186188 -0.246429 0.863433
v 0.171152 -0.283436 0.844798
v 0.189063 -0.283436 0.844798
v 0.171152 -0.246429 0.863433
v 0.171152 -0.232885 0.863433
v 0.186188 -0.232885 0.863433
v 0.171152 -0.217878 0.857266
v 0.186188 -0.217878 0.857266
v 0.171152 -0.208066 0.847302
v 0.186188 -0.208066 0.847302
v 0.171152 -0.201878 0.835035
v 0.186188 -0.201878 0.835035
v 0.186188 -0.241553 0.841406
v 0.171152 -0.283436 0.841367
v 0.171152 -0.241553 0.841406
v 0.186188 -0.283436 0.841367
v 0.171152 -0.279105 0.751980
v 0.186188 -0.332379 0.694859
v 0.186188 -0.279105 0.751980
v 0.171152 -0.332379 0.694859
v 0.186188 -0.241673 0.788288
v 0.171152 -0.241673 0.788288
v 0.197141 0.014867 1.089534
v 0.197141 0.011468 1.096011
v 0.184135 -0.295745 0.772934
v 0.171152 -0.295733 0.788288
v 0.171152 -0.295745 0.772934
v 0.186188 -0.295743 0.774814
v 0.186188 -0.295733 0.788288
v 0.197141 0.070768 1.089534
v 0.197141 0.067369 1.096011
v 0.186188 -0.251437 0.788288
v 0.197141 0.150768 1.089534
v 0.197141 0.147368 1.096011
v 0.189063 -0.238267 0.844798
v 0.189063 -0.238194 0.786824
v 0.186188 -0.201878 0.835035
v 0.186188 -0.208066 0.847302
v 0.186188 -0.217878 0.857266
v 0.186188 -0.232885 0.863433
v 0.186188 -0.246429 0.863433
v 0.189063 -0.283436 0.844798
v 0.197141 0.206669 1.089534
v 0.197141 0.203269 1.096011
v 0.171152 -0.283436 0.412908
v 0.186188 -0.246429 0.393521
v 0.189063 -0.283436 0.412908
v 0.171152 -0.246429 0.393521
v 0.171152 -0.232885 0.393521
v 0.186188 -0.232885 0.393521
v 0.171152 -0.217878 0.399688
v 0.186188 -0.217878 0.399688
v 0.171152 -0.208066 0.409652
v 0.186188 -0.208066 0.409652
v 0.171152 -0.201878 0.421919
v 0.186188 -0.201878 0.421919
v 0.184135 -0.295745 0.484020
v 0.184135 -0.285544 0.484020
v 0.171152 -0.295745 0.484020
v 0.171152 -0.285544 0.484020
v 0.184135 -0.279073 0.487977
v 0.171152 -0.279073 0.487977
v 0.171152 -0.279049 0.504921
v 0.186188 -0.279049 0.504921
v 0.186188 -0.251437 0.468666
v 0.186188 -0.295733 0.468666
v 0.171152 -0.295733 0.468666
v 0.186188 -0.241950 0.468666
v 0.171152 -0.241783 0.468666
v 0.197141 0.262569 1.089534
v 0.197141 0.259170 1.096011
v 0.186188 -0.295743 0.482140
v 0.184135 -0.285544 0.484020
v 0.184135 -0.295745 0.484020
v 0.186188 -0.284587 0.482140
v 0.184135 -0.279073 0.487977
v 0.186188 -0.277152 0.487109
v 0.186188 -0.277158 0.503029
v 0.186188 -0.279049 0.504921
v 0.186188 -0.295743 0.482140
v 0.186188 -0.223237 0.579591
v 0.189063 -0.281758 0.576716
v 0.189063 -0.220707 0.576716
v 0.186188 -0.283783 0.579591
v 0.171152 -0.223237 0.579591
v 0.186188 -0.283783 0.579591
v 0.186188 -0.223237 0.579591
v 0.171152 -0.283783 0.579591
v -0.266881 -0.147609 -0.168110
v -0.281794 -0.149926 -0.168110
v -0.266881 -0.140800 -0.168110
v 0.171152 -0.314153 0.620220
v 0.186188 -0.314153 0.620220
v 0.179068 -0.307260 0.620220
v 0.179068 -0.307260 0.591404
v 0.186188 -0.314058 0.590956
v -0.281794 0.088072 -0.168110
v -0.261822 0.087268 -0.168110
v -0.261822 -0.138958 -0.168110
v -0.266881 -0.140800 -0.168110
v -0.281794 -0.149926 -0.168110
v -0.266881 0.323681 -1.095294
v -0.261822 0.325556 -0.827991
v -0.261822 0.325557 -1.097229
v -0.266881 0.323681 -0.823885
v -0.266881 0.323680 -0.636777
v -0.261822 0.325556 -0.819778
v -0.266881 0.323681 -0.823885
v -0.261822 0.325556 -0.554645
v -0.266881 0.323681 -0.550540
v -0.261822 0.325556 -0.546432
v -0.266881 0.323681 -0.277194
v -0.261822 0.325556 -0.281300
v -0.266881 0.323681 -0.550540
v 0.171152 -0.314058 0.590956
v 0.171152 -0.314153 0.620220
v 0.171152 -0.314058 0.590956
v 0.186188 -0.314153 0.636734
v 0.171152 -0.314153 0.620220
v 0.171152 -0.314153 0.636734
v 0.186188 -0.314153 0.620220
v 0.171152 -0.201878 0.421919
v 0.186188 -0.201878 0.835035
v 0.186188 -0.201878 0.421919
v 0.171152 -0.201878 0.835035
v 0.177448 -0.239273 0.697002
v 0.189063 -0.239252 0.686594
v 0.177448 -0.239252 0.686594
v 0.189063 -0.239273 0.697002
v 0.177448 -0.226846 0.697010
v 0.189063 -0.226846 0.697010
v 0.177448 -0.226825 0.686594
v 0.189063 -0.226825 0.686594
v 0.177448 -0.239252 0.686594
v 0.189063 -0.239252 0.686594
v 0.186188 -0.283783 0.677363
v 0.171152 -0.286769 0.683537
v 0.171152 -0.283783 0.677363
v 0.186188 -0.286769 0.683537
v 0.186188 -0.271196 0.729111
v 0.177448 -0.240532 0.705904
v 0.177448 -0.271196 0.729111
v 0.186188 -0.240532 0.705904
v -0.266881 0.323680 0.160415
v -0.266881 0.323681 0.269497
v -0.261822 0.325556 0.265391
v -0.261822 0.325556 0.000259
v -0.266881 0.323681 -0.003849
v -0.261822 0.325556 0.273604
v -0.266881 0.323681 0.542842
v -0.261822 0.325556 0.538737
v -0.266881 0.323681 0.269497
v 0.189063 -0.274550 0.729039
v 0.186188 -0.271196 0.729111
v 0.189063 -0.267831 0.740388
v 0.186188 -0.265620 0.738522
v 0.189063 -0.252476 0.749244
v 0.186188 -0.251836 0.746415
v 0.189063 -0.233579 0.748389
v 0.186188 -0.233593 0.745426
v 0.189063 -0.224135 0.743038
v 0.186188 -0.226237 0.740888
v 0.189063 -0.218864 0.733578
v 0.186188 -0.221741 0.732850
v 0.189063 -0.218813 0.720012
v 0.186188 -0.221685 0.720596
v 0.186188 -0.223461 0.714052
v 0.189063 -0.221032 0.712412
v 0.186188 -0.228884 0.708628
v 0.189063 -0.227705 0.705607
v 0.189063 -0.240052 0.702510
v 0.186188 -0.240532 0.705904
v -0.266881 -0.147609 0.166009
v -0.266881 -0.149926 0.166009
v -0.261822 -0.149926 0.166796
v 0.186188 -0.279105 0.751980
v 0.189063 -0.276805 0.750178
v 0.186188 -0.277157 0.753925
v 0.189063 -0.267289 0.759256
v 0.186188 -0.268649 0.762529
v 0.189063 -0.263860 0.770926
v 0.186188 -0.265169 0.775260
v 0.189063 -0.259246 0.779718
v 0.186188 -0.259965 0.782898
v 0.189063 -0.251143 0.785076
v 0.186188 -0.251437 0.788288
v 0.186188 -0.241673 0.788288
v 0.186188 -0.241553 0.841406
v 0.186188 -0.283436 0.841367
v 0.186188 -0.286769 0.683537
v 0.189063 -0.281758 0.680237
v 0.189063 -0.284582 0.686572
v 0.186188 -0.283783 0.677363
v 0.186188 -0.223237 0.677363
v 0.189063 -0.220707 0.680238
v 0.171152 -0.223237 0.677363
v 0.186188 -0.223237 0.677363
v -0.267640 -0.149926 0.163605
v -0.266881 -0.149926 0.166009
v -0.266881 -0.147609 0.166009
v -0.267640 -0.149926 0.163605
v -0.267640 -0.149926 0.160402
v -0.261822 -0.149926 0.160415
v -0.266881 -0.149926 0.166009
v -0.261822 -0.149926 0.166796
v -0.267640 0.311129 0.160402
v -0.281794 0.087901 0.160408
v -0.267640 0.087898 0.160402
v -0.281794 0.311129 0.160408
v -0.266881 -0.140787 0.166009
v -0.267640 -0.149926 0.163605
v -0.266881 -0.147609 0.166009
v -0.267640 -0.149926 0.160402
v -0.267640 0.087898 0.160402
v -0.267640 0.311129 0.160402
v -0.266881 0.311129 0.166009
v -0.261822 0.311129 0.160415
v -0.266881 0.311129 0.166009
v -0.261822 0.311129 0.166794
v -0.267640 0.311129 0.160402
v -0.261822 -0.138958 0.166794
v -0.266881 0.311129 0.166009
v -0.261822 0.311129 0.166794
v -0.278706 0.314526 -0.168117
v -0.266881 0.312957 -0.282198
v -0.266881 0.312957 -0.168112
v -0.266881 0.312957 -0.396284
v -0.266881 0.312957 -0.404497
v -0.266881 0.312957 -0.516530
v -0.266881 0.312957 -0.628563
v -0.278706 0.314526 -0.636777
v -0.261822 0.311129 -0.168109
v -0.267640 0.311129 0.160402
v -0.261822 0.311129 0.160415
v -0.281794 0.311129 0.160408
v -0.281794 0.311129 -0.168110
v -0.266881 0.323680 -0.636777
v -0.278706 0.314526 -0.636777
v -0.278706 0.322112 -0.636777
v -0.266881 0.312957 -0.636777
v 0.171152 -0.314153 0.636734
v 0.179068 -0.307260 0.636734
v 0.186188 -0.314153 0.636734
v 0.179068 -0.307260 0.665550
v 0.186188 -0.314058 0.665998
v -0.266881 0.312957 -0.628563
v -0.278706 0.314526 -0.636777
v -0.266881 0.312957 -0.636777
v -0.266881 0.323680 -0.636777
v -0.278706 0.322112 -0.636777
v -0.266881 0.323681 -0.550540
v -0.266881 0.323681 -0.277194
v -0.278706 0.322112 -0.168117
v -0.266881 0.323681 -0.168115
v -0.266881 0.312957 0.160415
v -0.278706 0.322112 0.160415
v -0.278706 0.314526 0.160415
v -0.266881 0.323680 0.160415
v -0.261822 -0.138958 -1.084910
v -0.266881 0.312957 -1.086963
v -0.266881 -0.140786 -1.086963
v -0.261822 0.311129 -1.084910
v -0.266881 -0.140786 -0.978010
v -0.261822 -0.138958 -0.978010
v -0.261822 -0.138958 -0.871110
v -0.266881 -0.140786 -0.869057
v -0.261822 -0.138958 -0.858790
v -0.266881 0.312957 -0.860843
v -0.266881 -0.140786 -0.860843
v -0.261822 0.311129 -0.858790
v -0.261822 0.311129 -0.871110
v -0.266881 0.312957 -0.869057
v -0.261822 -0.138958 -0.394230
v -0.266881 0.312957 -0.396284
v -0.266881 -0.140772 -0.396284
v -0.261822 0.311129 -0.394230
v -0.261822 0.311129 -0.406550
v -0.266881 -0.140786 -0.404497
v -0.266881 0.312957 -0.404497
v -0.261822 -0.138958 -0.406550
v -0.261822 -0.138958 -0.626510
v -0.266881 -0.140786 -0.628563
v -0.261822 0.311129 -0.626510
v -0.261822 0.311129 -0.638830
v -0.266881 -0.140786 -0.636777
v -0.261822 -0.138958 -0.638830
v -0.261822 -0.138958 0.398854
v -0.266881 0.312957 0.396801
v -0.266881 -0.140786 0.396801
v -0.261822 0.311129 0.398854
v -0.261822 0.311129 0.386535
v -0.266881 -0.140785 0.388588
v -0.266881 0.312957 0.388588
v -0.261822 -0.138958 0.386535
v -0.261822 0.311129 0.618815
v -0.266881 0.312957 0.620868
v -0.261822 -0.138958 0.618815
v 0.171152 -0.314058 0.665998
v 0.171152 -0.314153 0.636734
v 0.171152 -0.314058 0.665998
v -0.112050 -0.248435 -0.000005
v 0.111962 -0.248435 -1.120944
v 0.113325 -0.248435 -0.000005
v -0.112050 -0.248435 -1.120944
v 0.111981 -0.165617 -1.097268
v 0.113325 -0.165617 -0.000005
v 0.113325 -0.248435 -0.000005
v 0.111962 -0.165617 -1.120944
v 0.111962 -0.248435 -1.120944
v -0.112050 -0.248435 -0.000005
v -0.112050 -0.165617 -0.000005
v -0.112050 -0.165617 -1.097191
v -0.112050 -0.248435 -1.120944
v -0.112050 -0.165617 -1.120944
v 0.111962 -0.248435 -1.120944
v -0.112050 -0.165617 -1.120944
v 0.111962 -0.165617 -1.120944
v -0.112050 -0.248435 -1.120944
v -0.266881 0.312957 -0.978010
v -0.261822 0.311129 -0.978010
v -0.112050 -0.248435 1.120935
v -0.112050 -0.165617 1.120935
v -0.112050 -0.248435 -0.000005
v -0.112050 -0.165617 1.089538
v -0.112050 -0.165617 -0.000005
v -0.112050 -0.248435 1.120935
v 0.113325 -0.248435 -0.000005
v 0.114688 -0.248435 1.120935
v -0.112050 -0.248435 -0.000005
v 0.111981 -0.165617 -1.097268
v -0.112050 -0.165617 -1.120944
v -0.112050 -0.165617 -1.097191
v 0.111962 -0.165617 -1.120944
v -0.112050 -0.165617 1.120935
v 0.114688 -0.248435 1.120935
v 0.114688 -0.165617 1.120935
v -0.112050 -0.248435 1.120935
v 0.114688 -0.165617 1.120935
v -0.112050 -0.165617 1.089538
v -0.112050 -0.165617 1.120935
v 0.114665 -0.165617 1.089530
v 0.114688 -0.165617 1.120935
v 0.114688 -0.248435 1.120935
v 0.114665 -0.165617 1.089530
v 0.113325 -0.165617 -0.000005
v 0.113325 -0.248435 -0.000005
v 0.159341 -0.304317 -0.307460
v 0.220317 -0.165617 0.408436
v 0.159341 -0.304317 0.299765
v 0.220317 -0.165617 -0.416131
v 0.211527 -0.165617 -0.422838
v 0.150550 -0.304317 0.303871
v 0.211527 -0.165617 0.415142
v 0.150550 -0.304317 -0.311567
v 0.150550 -0.304317 -0.311567
v 0.211527 -0.165617 -0.422838
v 0.150550 -0.304317 0.303871
v 0.211527 -0.165617 0.415142
v -0.150550 -0.304317 -0.311567
v -0.211527 -0.165617 0.415142
v -0.150550 -0.304317 0.303871
v -0.211527 -0.165617 -0.422838
v -0.220317 -0.165617 -0.416131
v -0.159341 -0.304317 0.299765
v -0.220317 -0.165617 0.408436
v -0.159341 -0.304317 -0.307460
v -0.150550 -0.304317 -0.311567
v -0.211527 -0.165617 -0.422838
v -0.150550 -0.304317 0.303871
v -0.211527 -0.165617 0.415142
v -0.161586 0.266842 1.110895
v -0.163886 -0.147377 1.106295
v -0.163886 0.268924 1.106295
v -0.161586 -0.145295 1.110895
v -0.163886 0.268924 1.106295
v -0.166186 -0.149458 1.110895
v -0.166186 0.271005 1.110895
v -0.163886 -0.147377 1.106295
v -0.119826 0.268924 1.106295
v -0.119826 0.266842 1.110895
v -0.163886 0.268924 1.106295
v -0.163886 0.268924 1.106295
v -0.119826 0.271005 1.110895
v -0.119826 0.268924 1.106295
v -0.114380 -0.149458 1.110895
v -0.163886 -0.147377 1.106295
v -0.114372 -0.147377 1.106295
v -0.161586 -0.145295 1.110895
v -0.114364 -0.145295 1.110895
v 0.281794 -0.140716 0.134135
v 0.286084 -0.140716 0.136247
v 0.281794 -0.165617 0.134135
v 0.286084 -0.165617 0.136247
v 0.281794 -0.140716 0.138359
v 0.281794 -0.165617 0.138359
v -0.266881 0.323681 -0.168115
v -0.266881 0.323681 -0.003849
v -0.261822 0.325556 -0.007954
v -0.261822 0.325556 -0.273087
v -0.266881 0.323681 -0.277194
v 0.281794 -0.140716 0.138359
v 0.281794 -0.140716 0.134135
v -0.261822 0.311129 -0.626510
v -0.266881 0.312957 -0.516530
v -0.266881 0.312957 -0.628563
v -0.261822 0.311129 -0.516530
v -0.266881 -0.140786 -0.628563
v -0.266881 -0.140786 -0.516530
v -0.261822 -0.138958 -0.626510
v -0.261822 -0.138958 -0.516530
v 0.281794 -0.165617 0.134135
v 0.281794 -0.165617 0.138359
v 0.281794 -0.140716 -0.146055
v 0.286084 -0.140716 -0.143943
v 0.281794 -0.165617 -0.146055
v 0.286084 -0.165617 -0.143943
v 0.281794 -0.140716 -0.141831
v 0.281794 -0.165617 -0.141831
v -0.266881 0.312957 -0.748810
v -0.261822 0.311129 -0.748810
v -0.266881 -0.140786 -0.748810
v -0.261822 -0.138958 -0.748810
v 0.281794 -0.140716 -0.141831
v 0.281794 -0.140716 -0.146055
v -0.261822 0.311129 0.160415
v -0.266881 0.312957 0.160415
v -0.261822 0.311129 0.276665
v -0.266881 -0.140786 0.277298
v -0.261822 -0.138958 0.276665
v 0.281794 -0.165617 -0.146055
v 0.281794 -0.165617 -0.141831
v 0.285971 0.117316 0.046306
v 0.281794 0.117316 0.037923
v 0.281794 0.117316 0.046306
v 0.285971 0.117316 0.037923
v 0.281794 0.196963 0.037923
v 0.285971 0.196963 0.046306
v 0.281794 0.196963 0.046306
v 0.285971 0.196963 0.037923
v 0.292071 0.111885 0.037923
v 0.284584 0.111885 0.046306
v 0.284584 0.111885 0.037923
v 0.292071 0.111885 0.046306
v -0.266881 0.312957 0.508834
v -0.261822 0.311129 0.508835
v -0.266881 -0.140786 0.508834
v -0.261822 -0.138958 0.508835
v -0.261822 -0.149926 -0.628578
v -0.266881 -0.147610 -1.095294
v -0.261822 -0.149926 -1.097230
v -0.266881 -0.147610 -0.628582
v -0.261822 -0.149926 -0.168110
v -0.266881 -0.147609 -0.168110
v 0.284584 0.102070 0.037923
v 0.281794 0.102070 0.037923
v 0.284584 0.111885 0.037923
v 0.281794 0.117316 0.037923
v 0.285971 0.117316 0.037923
v 0.292071 0.111885 0.037923
v 0.285971 0.196963 0.037923
v 0.292071 0.202394 0.037923
v 0.284584 0.202394 0.037923
v 0.281794 0.196963 0.037923
v 0.281794 0.212208 0.037923
v 0.284584 0.212208 0.037923
v 0.284584 0.102070 0.037923
v 0.281794 0.102070 0.046306
v 0.281794 0.102070 0.037923
v 0.284584 0.102070 0.046306
v 0.292071 0.202394 0.046306
v 0.292071 0.202394 0.037923
v 0.284584 0.202394 0.046306
v 0.284584 0.202394 0.037923
v 0.281794 0.212208 0.046306
v 0.284584 0.212208 0.037923
v 0.281794 0.212208 0.037923
v 0.284584 0.212208 0.046306
v 0.288992 0.111885 0.037923
v 0.285971 0.111885 -0.045617
v 0.288992 0.111885 -0.045617
v 0.285971 0.111885 0.037923
v 0.288992 0.202394 0.037923
v 0.288992 0.202394 -0.045617
v 0.285971 0.202394 0.037923
v 0.285971 0.202394 -0.045617
v 0.285971 0.117316 -0.045617
v 0.281794 0.117316 -0.054000
v 0.281794 0.117316 -0.045617
v 0.285971 0.117316 -0.054000
v 0.292071 0.111885 -0.054000
v 0.284584 0.111885 -0.045617
v 0.284584 0.111885 -0.054000
v 0.292071 0.111885 -0.045617
v -0.266881 -0.140800 -0.168110
v -0.261822 -0.138958 -0.168110
v -0.261822 -0.138958 -0.277568
v -0.266881 -0.140772 -0.396284
v 0.284584 0.102070 -0.054000
v 0.281794 0.102070 -0.054000
v 0.284584 0.111885 -0.054000
v 0.281794 0.117316 -0.054000
v 0.285971 0.117316 -0.054000
v 0.292071 0.111885 -0.054000
v 0.285971 0.196963 -0.054000
v 0.292071 0.202394 -0.054000
v 0.284584 0.202394 -0.054000
v 0.281794 0.196963 -0.054000
v 0.281794 0.212208 -0.054000
v 0.284584 0.212208 -0.054000
v 0.284584 0.102070 -0.054000
v 0.281794 0.102070 -0.045617
v 0.281794 0.102070 -0.054000
v 0.284584 0.102070 -0.045617
v 0.292071 0.202394 -0.045617
v 0.292071 0.202394 -0.054000
v 0.281794 0.196963 -0.054000
v 0.285971 0.196963 -0.045617
v 0.281794 0.196963 -0.045617
v 0.285971 0.196963 -0.054000
v 0.284584 0.202394 -0.045617
v 0.284584 0.202394 -0.054000
v 0.281794 0.212208 -0.045617
v 0.284584 0.212208 -0.054000
v 0.281794 0.212208 -0.054000
v 0.284584 0.212208 -0.045617
v -0.281794 0.117316 0.037923
v -0.285971 0.117316 0.046306
v -0.281794 0.117316 0.046306
v -0.285971 0.117316 0.037923
v -0.261822 -0.149926 -0.168110
v -0.281794 -0.149926 -0.168110
v -0.266881 -0.147609 -0.168110
v -0.281794 0.102070 0.046306
v -0.284584 0.111885 0.046306
v -0.284584 0.102070 0.046306
v -0.292071 0.111885 0.046306
v -0.285971 0.196963 0.046306
v -0.292071 0.202394 0.046306
v -0.284584 0.202394 0.046306
v -0.281794 0.196963 0.046306
v -0.281794 0.212208 0.046306
v -0.284584 0.212208 0.046306
v -0.284584 0.111885 0.046306
v -0.292071 0.111885 0.037923
v -0.284584 0.111885 0.037923
v -0.292071 0.111885 0.046306
v -0.261822 -0.149926 -0.168110
v -0.261822 -0.149926 0.160415
v -0.281794 -0.149926 -0.168110
v -0.267640 -0.149926 0.160402
v -0.281794 -0.149926 0.160408
v -0.266881 -0.140786 -0.516530
v -0.266881 -0.140786 -0.404497
v -0.266881 -0.140772 -0.396284
v -0.266881 -0.147609 -0.168110
v -0.284584 0.212208 0.037923
v -0.281794 0.212208 0.037923
v -0.284584 0.202394 0.037923
v -0.281794 0.196963 0.037923
v -0.285971 0.196963 0.037923
v -0.292071 0.202394 0.037923
v -0.292071 0.111885 0.037923
v -0.285971 0.117316 0.037923
v -0.284584 0.111885 0.037923
v -0.281794 0.117316 0.037923
v -0.281794 0.102070 0.037923
v -0.284584 0.102070 0.037923
v -0.281794 0.102070 0.046306
v -0.284584 0.102070 0.037923
v -0.281794 0.102070 0.037923
v -0.284584 0.102070 0.046306
v -0.292071 0.202394 0.046306
v -0.292071 0.202394 0.037923
v -0.281794 0.196963 0.037923
v -0.285971 0.196963 0.037923
v -0.284584 0.202394 0.046306
v -0.284584 0.202394 0.037923
v -0.284584 0.212208 0.037923
v -0.281794 0.212208 0.046306
v -0.281794 0.212208 0.037923
v -0.284584 0.212208 0.046306
v -0.281794 0.117316 -0.054000
v -0.285971 0.117316 -0.045617
v -0.281794 0.117316 -0.045617
v -0.285971 0.117316 -0.054000
v -0.266881 0.323681 0.269497
v -0.266881 0.323681 0.542842
v -0.266881 0.323681 0.618847
v -0.266881 0.323680 0.160415
v -0.266881 -0.147610 -0.628582
v -0.266881 -0.140786 -0.748810
v -0.266881 -0.140786 -0.860843
v -0.266881 -0.140786 -0.869057
v -0.266881 -0.140786 -0.978010
v -0.266881 -0.140786 -1.086963
v -0.266881 -0.147610 -1.095294
v -0.266881 0.323680 -0.636777
v -0.266881 0.323681 -0.823885
v -0.266881 0.094097 -1.095294
v -0.266881 -0.147610 -1.095294
v -0.266881 0.323681 -1.095294
v -0.281794 0.102070 -0.045617
v -0.284584 0.111885 -0.045617
v -0.284584 0.102070 -0.045617
v -0.292071 0.111885 -0.045617
v -0.285971 0.196963 -0.045617
v -0.292071 0.202394 -0.045617
v -0.284584 0.202394 -0.045617
v -0.281794 0.196963 -0.045617
v -0.281794 0.212208 -0.045617
v -0.284584 0.212208 -0.045617
v -0.284584 0.111885 -0.045617
v -0.292071 0.111885 -0.054000
v -0.284584 0.111885 -0.054000
v -0.292071 0.111885 -0.045617
v -0.284584 0.212208 -0.054000
v -0.281794 0.212208 -0.054000
v -0.284584 0.202394 -0.054000
v -0.281794 0.196963 -0.054000
v -0.285971 0.196963 -0.054000
v -0.292071 0.202394 -0.054000
v -0.292071 0.111885 -0.054000
v -0.285971 0.117316 -0.054000
v -0.284584 0.111885 -0.054000
v -0.281794 0.117316 -0.054000
v -0.281794 0.102070 -0.054000
v -0.284584 0.102070 -0.054000
v -0.281794 0.102070 -0.045617
v -0.284584 0.102070 -0.054000
v -0.281794 0.102070 -0.054000
v -0.284584 0.102070 -0.045617
v -0.292071 0.202394 -0.045617
v -0.292071 0.202394 -0.054000
v -0.281794 0.196963 -0.054000
v -0.285971 0.196963 -0.054000
v -0.284584 0.202394 -0.045617
v -0.284584 0.202394 -0.054000
v -0.284584 0.212208 -0.054000
v -0.281794 0.212208 -0.045617
v -0.281794 0.212208 -0.054000
v -0.284584 0.212208 -0.045617
v 0.294347 -0.131337 -0.001275
v 0.294347 -0.108410 -0.006419
v 0.294347 -0.108410 -0.001275
v 0.294347 -0.131337 -0.006419
v 0.294347 -0.131337 -0.001275
v 0.281673 -0.136046 -0.008222
v 0.294347 -0.131337 -0.006419
v 0.281673 -0.136046 0.000528
v 0.294347 -0.108410 -0.006419
v 0.281673 -0.103674 0.000528
v 0.294347 -0.108410 -0.001275
v 0.281673 -0.103674 -0.008222
v 0.281673 -0.136046 0.000528
v 0.281673 -0.103674 0.000528
v 0.281673 -0.136046 -0.008222
v 0.281673 -0.103674 -0.008222
v 0.281673 -0.082061 0.000528
v 0.278706 -0.136818 0.000528
v 0.281673 -0.136818 0.000528
v 0.278706 -0.082061 0.000528
v 0.281673 -0.082061 -0.008222
v 0.278706 -0.136818 -0.008222
v 0.278706 -0.082061 -0.008222
v 0.281673 -0.136818 -0.008222
v 0.278706 -0.082061 -0.008222
v 0.281673 -0.082061 0.000528
v 0.281673 -0.082061 -0.008222
v 0.278706 -0.082061 0.000528
v 0.281673 -0.136818 -0.008222
v 0.278706 -0.136818 0.000528
v 0.278706 -0.136818 -0.008222
v 0.281673 -0.136818 0.000528
v -0.281794 -0.140716 0.134135
v -0.281794 -0.165617 0.134135
v -0.286084 -0.140716 0.136247
v -0.286084 -0.165617 0.136247
v -0.281794 -0.140716 0.138359
v -0.281794 -0.165617 0.138359
v -0.281794 -0.140716 0.138359
v -0.281794 -0.140716 0.134135
v -0.281794 -0.165617 0.134135
v -0.281794 -0.165617 0.138359
v -0.278706 0.314526 -0.636777
v -0.278706 0.322112 -0.168117
v -0.278706 0.322112 -0.636777
v -0.278706 0.314526 -0.168117
v -0.281794 -0.140716 -0.146055
v -0.281794 -0.165617 -0.146055
v -0.286084 -0.140716 -0.143943
v -0.286084 -0.165617 -0.143943
v -0.281794 -0.140716 -0.141831
v -0.281794 -0.165617 -0.141831
v 0.266881 -0.147609 -0.168110
v 0.266881 -0.140800 -0.168110
v 0.281794 -0.149926 -0.168110
v 0.281794 0.088037 -0.168110
v 0.261822 0.311129 -0.168110
v 0.281794 0.311129 -0.168110
v 0.261822 0.086596 -0.168110
v 0.266881 0.323681 -1.095294
v 0.261822 0.325556 -0.827991
v 0.266881 0.323681 -0.823885
v 0.261822 0.325557 -1.097229
v 0.266881 0.323681 -0.277194
v 0.261822 0.325556 -0.546432
v 0.261822 0.325556 -0.281300
v 0.266881 0.323681 -0.550540
v 0.266881 0.323681 0.542842
v 0.261822 0.325556 0.273604
v 0.261822 0.325556 0.538737
v 0.266881 0.323681 0.269497
v 0.266881 0.323681 0.618847
v 0.261822 0.325556 0.812082
v 0.266881 0.323681 0.816202
v 0.261822 0.325556 0.618782
v 0.266881 0.323681 1.087502
v 0.261822 0.325556 0.820295
v 0.261822 0.325557 1.089534
v -0.281794 -0.140716 -0.141831
v -0.281794 -0.140716 -0.146055
v 0.266881 -0.147609 0.166009
v 0.261822 -0.149926 0.166796
v 0.266881 -0.149926 0.166009
v -0.281794 -0.165617 -0.146055
v -0.281794 -0.165617 -0.141831
v 0.138885 -0.212507 0.891736
v 0.148237 -0.194887 0.877159
v 0.138885 -0.194887 0.877159
v 0.148237 -0.212507 0.891736
v 0.138885 -0.233198 0.901473
v 0.148237 -0.233198 0.901473
v 0.138885 -0.255661 0.905758
v 0.148237 -0.255661 0.905758
v 0.138885 -0.278483 0.904322
v 0.148237 -0.278483 0.904322
v 0.138885 -0.300232 0.897255
v 0.148237 -0.300232 0.897255
v 0.138885 -0.319540 0.885002
v 0.148237 -0.319540 0.885002
v 0.138885 -0.335194 0.868332
v 0.148237 -0.335194 0.868332
v 0.138885 -0.346210 0.848293
v 0.148237 -0.346210 0.848293
v 0.138885 -0.351897 0.826144
v 0.148237 -0.351897 0.826144
v 0.138885 -0.233198 0.727947
v 0.148237 -0.255661 0.723662
v 0.138885 -0.255661 0.723662
v 0.148237 -0.233198 0.727947
v 0.138885 -0.212507 0.737684
v 0.148237 -0.212507 0.737684
v 0.138885 -0.194887 0.752260
v 0.148237 -0.194887 0.752260
v 0.138885 -0.181445 0.770761
v 0.148237 -0.181445 0.770761
v 0.138885 -0.173027 0.792022
v 0.148237 -0.173027 0.792022
v 0.138885 -0.170161 0.814710
v 0.148237 -0.170161 0.814710
v 0.138885 -0.173027 0.837397
v 0.148237 -0.173027 0.837397
v 0.138885 -0.181445 0.858659
v 0.148237 -0.181445 0.858659
v 0.138885 -0.351897 0.803276
v 0.148237 -0.351897 0.826144
v 0.138885 -0.351897 0.826144
v 0.148237 -0.351897 0.803276
v 0.138885 -0.346210 0.781127
v 0.148237 -0.346210 0.781127
v 0.138885 -0.335194 0.761088
v 0.148237 -0.335194 0.761088
v 0.138885 -0.319540 0.744418
v 0.148237 -0.319540 0.744418
v 0.138885 -0.300232 0.732165
v 0.148237 -0.300232 0.732165
v 0.138885 -0.278483 0.725098
v 0.148237 -0.278483 0.725098
v 0.267640 -0.149926 0.163605
v 0.266881 -0.147609 0.166009
v 0.266881 -0.149926 0.166009
v 0.138885 -0.255661 0.905758
v 0.138885 -0.233198 0.901473
v 0.138885 -0.173027 0.792022
v 0.138885 -0.278483 0.904322
v 0.138885 -0.300232 0.897255
v 0.138885 -0.319540 0.885002
v 0.138885 -0.335194 0.868332
v 0.138885 -0.346210 0.848293
v 0.138885 -0.351897 0.826144
v 0.138885 -0.351897 0.803276
v 0.138885 -0.346210 0.781127
v 0.138885 -0.335194 0.761088
v 0.138885 -0.319540 0.744418
v 0.138885 -0.300232 0.732165
v 0.138885 -0.278483 0.725098
v 0.138885 -0.255661 0.723662
v 0.138885 -0.233198 0.727947
v 0.138885 -0.212507 0.737684
v 0.138885 -0.194887 0.752260
v 0.138885 -0.181445 0.770761
v 0.138885 -0.173027 0.837397
v 0.138885 -0.170161 0.814710
v 0.138885 -0.181445 0.858659
v 0.138885 -0.194887 0.877159
v 0.138885 -0.212507 0.891736
v 0.267640 -0.149926 0.163605
v 0.261822 -0.149926 0.160415
v 0.267640 -0.149926 0.160402
v 0.266881 -0.149926 0.166009
v 0.261822 -0.149926 0.166796
v 0.148237 -0.335194 0.761088
v 0.148237 -0.319540 0.744418
v 0.148237 -0.194887 0.752260
v 0.148237 -0.346210 0.781127
v 0.148237 -0.351897 0.803276
v 0.148237 -0.351897 0.826144
v 0.148237 -0.346210 0.848293
v 0.148237 -0.335194 0.868332
v 0.148237 -0.319540 0.885002
v 0.148237 -0.300232 0.897255
v 0.148237 -0.278483 0.904322
v 0.148237 -0.255661 0.905758
v 0.148237 -0.233198 0.901473
v 0.148237 -0.212507 0.891736
v 0.148237 -0.194887 0.877159
v 0.148237 -0.181445 0.858659
v 0.148237 -0.173027 0.837397
v 0.148237 -0.170161 0.814710
v 0.148237 -0.173027 0.792022
v 0.148237 -0.181445 0.770761
v 0.148237 -0.233198 0.727947
v 0.148237 -0.212507 0.737684
v 0.148237 -0.255661 0.723662
v 0.148237 -0.278483 0.725098
v 0.148237 -0.300232 0.732165
v 0.148237 -0.235019 0.895794
v 0.171239 -0.215682 0.886695
v 0.148237 -0.215682 0.886695
v 0.171239 -0.235019 0.895794
v 0.148237 -0.256012 0.899798
v 0.171239 -0.256012 0.899798
v 0.148237 -0.277341 0.898457
v 0.171239 -0.277341 0.898457
v 0.148237 -0.297666 0.891853
v 0.171239 -0.297666 0.891853
v 0.148237 -0.315710 0.880401
v 0.171239 -0.315710 0.880401
v 0.148237 -0.330340 0.864823
v 0.171239 -0.330339 0.864823
v 0.148237 -0.340635 0.846095
v 0.171239 -0.340635 0.846095
v 0.148237 -0.345950 0.825395
v 0.171239 -0.345950 0.825395
v 0.148237 -0.345950 0.804024
v 0.171239 -0.345950 0.804024
v 0.148237 -0.215682 0.742725
v 0.171239 -0.235019 0.733626
v 0.148237 -0.235019 0.733626
v 0.171239 -0.215682 0.742725
v 0.148237 -0.199216 0.756347
v 0.171239 -0.199216 0.756347
v 0.148237 -0.186654 0.773637
v 0.171239 -0.186654 0.773637
v 0.148237 -0.178787 0.793507
v 0.171239 -0.178787 0.793507
v 0.148237 -0.176108 0.814710
v 0.171239 -0.176108 0.814710
v 0.148237 -0.178787 0.835912
v 0.171239 -0.178787 0.835912
v 0.148237 -0.186654 0.855783
v 0.171239 -0.186654 0.855783
v 0.148237 -0.199216 0.873072
v 0.171239 -0.199216 0.873072
v 0.148237 -0.340635 0.783325
v 0.171239 -0.345950 0.804024
v 0.148237 -0.345950 0.804024
v 0.171239 -0.340635 0.783325
v 0.148237 -0.330339 0.764597
v 0.171239 -0.330339 0.764597
v 0.148237 -0.315710 0.749018
v 0.171239 -0.315710 0.749018
v 0.148237 -0.297666 0.737567
v 0.171239 -0.297666 0.737567
v 0.148237 -0.277341 0.730963
v 0.171239 -0.277341 0.730963
v 0.148237 -0.256012 0.729621
v 0.171239 -0.256012 0.729621
v 0.148237 -0.220305 0.750063
v 0.171239 -0.205517 0.762297
v 0.148237 -0.205517 0.762297
v 0.171239 -0.220305 0.750063
v 0.148237 -0.237671 0.741892
v 0.171239 -0.237671 0.741892
v 0.148237 -0.256523 0.738295
v 0.171239 -0.256523 0.738295
v 0.148237 -0.275678 0.739501
v 0.171239 -0.275678 0.739501
v 0.148237 -0.293931 0.745431
v 0.171239 -0.293931 0.745431
v 0.148237 -0.310136 0.755715
v 0.171239 -0.310136 0.755715
v 0.148237 -0.323274 0.769706
v 0.171239 -0.323274 0.769706
v 0.148237 -0.332520 0.786524
v 0.171239 -0.332520 0.786524
v 0.148237 -0.337293 0.805114
v 0.171239 -0.337293 0.805114
v 0.148237 -0.237671 0.887528
v 0.171239 -0.256523 0.891124
v 0.148237 -0.256523 0.891124
v 0.171239 -0.237671 0.887528
v 0.148237 -0.220305 0.879356
v 0.171239 -0.220305 0.879356
v 0.148237 -0.205517 0.867122
v 0.171239 -0.205517 0.867122
v 0.148237 -0.194236 0.851595
v 0.171239 -0.194236 0.851595
v 0.148237 -0.187171 0.833751
v 0.171239 -0.187171 0.833751
v 0.148237 -0.184765 0.814710
v 0.171239 -0.184765 0.814710
v 0.148237 -0.187171 0.795669
v 0.171239 -0.187171 0.795669
v 0.148237 -0.194236 0.777824
v 0.171239 -0.194236 0.777824
v 0.148237 -0.337293 0.824306
v 0.171239 -0.337293 0.805114
v 0.148237 -0.337293 0.805114
v 0.171239 -0.337293 0.824306
v 0.148237 -0.332520 0.842895
v 0.171239 -0.332520 0.842895
v 0.148237 -0.323274 0.859714
v 0.171239 -0.323274 0.859714
v 0.148237 -0.310136 0.873704
v 0.171239 -0.310136 0.873704
v 0.148237 -0.293931 0.883988
v 0.171239 -0.293931 0.883988
v 0.148237 -0.275678 0.889919
v 0.171239 -0.275678 0.889919
v 0.267640 -0.149926 0.163605
v 0.266881 -0.140787 0.166009
v 0.266881 -0.147609 0.166009
v 0.281794 -0.149926 0.160408
v 0.267640 0.087902 0.160402
v 0.267640 -0.149926 0.160402
v 0.281794 0.087902 0.160408
v 0.261822 0.311129 0.160415
v 0.266881 0.311129 0.166009
v 0.267640 0.311129 0.160402
v 0.261822 0.311129 0.166794
v 0.266881 0.311129 0.166009
v 0.267640 -0.149926 0.160402
v 0.267640 0.087902 0.160402
v 0.267640 -0.149926 0.163605
v 0.266881 -0.140787 0.166009
v 0.266881 0.311129 0.166009
v 0.267640 0.311129 0.160402
v 0.261822 0.311129 -0.168110
v 0.266881 0.312957 0.160415
v 0.261822 0.311129 0.160415
v 0.266881 0.312957 -0.168109
v 0.278706 0.314526 -0.168104
v 0.278706 0.314526 0.160415
v 0.278706 0.314526 -0.636777
v 0.266881 0.323680 -0.636777
v 0.278706 0.322112 -0.636777
v 0.266881 0.312957 -0.636777
v 0.171159 -0.274448 0.790371
v 0.191215 -0.247315 0.790371
v 0.191215 -0.274448 0.790371
v 0.171159 -0.247315 0.790371
v 0.171159 -0.247315 0.840188
v 0.191215 -0.274448 0.840188
v 0.191215 -0.247315 0.840188
v 0.171159 -0.274448 0.840188
v 0.171159 -0.243290 0.835085
v 0.191215 -0.247315 0.835085
v 0.191215 -0.243290 0.835085
v 0.171159 -0.247315 0.835085
v 0.171159 -0.243290 0.795473
v 0.191215 -0.243290 0.795473
v 0.171159 -0.247315 0.795473
v 0.191215 -0.247315 0.795473
v -0.095897 0.301611 1.135099
v -0.086374 0.298763 1.131497
v -0.087731 0.296897 1.135101
v -0.098176 0.304786 1.131496
v -0.095897 0.301611 1.135099
v -0.103406 0.288692 1.129544
v -0.098176 0.304786 1.131496
v -0.101507 0.288067 1.133435
v -0.101878 0.303580 1.135099
v -0.105305 0.289317 1.133435
v -0.080716 0.290626 1.135099
v -0.077012 0.289432 1.131496
v -0.101507 0.288067 1.133435
v -0.090711 0.279482 1.129545
v -0.103406 0.288692 1.129544
v -0.091879 0.281101 1.133435
v -0.077037 0.285529 1.135099
v -0.071040 0.277618 1.131497
v -0.073234 0.276906 1.135101
v -0.077012 0.289432 1.131496
v -0.077037 0.285529 1.135099
v -0.090711 0.279482 1.129545
v -0.077012 0.289432 1.131496
v -0.089543 0.277864 1.133435
v -0.080716 0.290626 1.135099
v -0.091879 0.281101 1.133435
v -0.071231 0.261406 1.135099
v -0.085866 0.264556 1.129544
v -0.068935 0.264548 1.131496
v -0.085861 0.262560 1.133435
v -0.071247 0.267692 1.135099
v -0.085871 0.266552 1.133435
v -0.071247 0.267692 1.135099
v -0.068935 0.264548 1.131496
v -0.089543 0.277864 1.133435
v -0.085866 0.264556 1.129544
v -0.090711 0.279482 1.129545
v -0.085871 0.266552 1.133435
v -0.077068 0.243600 1.135099
v -0.071033 0.251497 1.131497
v -0.077048 0.239692 1.131496
v -0.073227 0.252210 1.135101
v -0.080753 0.238494 1.135099
v -0.086385 0.230335 1.131497
v -0.087741 0.232203 1.135101
v -0.077048 0.239692 1.131496
v -0.080753 0.238494 1.135099
v -0.090733 0.249646 1.129544
v -0.077048 0.239692 1.131496
v -0.091903 0.248025 1.133435
v -0.077068 0.243600 1.135099
v -0.089563 0.251267 1.133435
v -0.091903 0.248025 1.133435
v -0.103418 0.240447 1.129544
v -0.090733 0.249646 1.129544
v -0.101515 0.241065 1.133435
v -0.089563 0.251267 1.133435
v -0.085866 0.264556 1.129544
v -0.085861 0.262560 1.133435
v -0.090733 0.249646 1.129544
v -0.095909 0.227519 1.135099
v -0.098196 0.224356 1.131496
v -0.101904 0.225573 1.135099
v -0.103418 0.240447 1.129544
v -0.098196 0.224356 1.131496
v -0.105321 0.239829 1.133435
v -0.095909 0.227519 1.135099
v -0.101515 0.241065 1.133435
v -0.101904 0.225573 1.135099
v -0.111267 0.222259 1.131497
v -0.111266 0.224568 1.135101
v -0.098196 0.224356 1.131496
v -0.105321 0.239829 1.133435
v -0.119088 0.240442 1.129544
v -0.103418 0.240447 1.129544
v -0.117189 0.239817 1.133435
v -0.071231 0.261406 1.135099
v -0.068935 0.264548 1.131496
v -0.126597 0.227524 1.135099
v -0.136120 0.230372 1.131497
v -0.134763 0.232238 1.135101
v -0.124319 0.224349 1.131496
v -0.126597 0.227524 1.135099
v -0.119088 0.240442 1.129544
v -0.124319 0.224349 1.131496
v -0.120987 0.241068 1.133435
v -0.120616 0.225555 1.135099
v -0.117189 0.239817 1.133435
v -0.141779 0.238508 1.135099
v -0.145483 0.239703 1.131496
v -0.120987 0.241068 1.133435
v -0.131783 0.249652 1.129544
v -0.119088 0.240442 1.129544
v -0.130615 0.248034 1.133435
v -0.145457 0.243605 1.135099
v -0.151454 0.251517 1.131497
v -0.149261 0.252229 1.135101
v -0.145483 0.239703 1.131496
v -0.145457 0.243605 1.135099
v -0.131783 0.249652 1.129544
v -0.145483 0.239703 1.131496
v -0.132951 0.251271 1.133435
v -0.141779 0.238508 1.135099
v -0.130615 0.248034 1.133435
v -0.151263 0.267729 1.135099
v -0.136628 0.264579 1.129544
v -0.153559 0.264587 1.131496
v -0.136633 0.266575 1.133435
v -0.151247 0.261443 1.135099
v -0.136623 0.262583 1.133435
v -0.151247 0.261443 1.135099
v -0.153559 0.264587 1.131496
v -0.132951 0.251271 1.133435
v -0.136628 0.264579 1.129544
v -0.131783 0.249652 1.129544
v -0.136623 0.262583 1.133435
v -0.145426 0.285535 1.135099
v -0.151461 0.277638 1.131497
v -0.145446 0.289443 1.131496
v -0.149267 0.276925 1.135101
v -0.188848 -0.284582 -0.694265
v -0.188848 -0.309024 -0.692057
v -0.185974 -0.286769 -0.691243
v -0.185973 -0.307776 -0.689418
v -0.188848 -0.316894 -0.674228
v -0.185973 -0.314058 -0.673691
v -0.185973 -0.314153 -0.644427
v -0.185973 -0.314153 -0.627914
v -0.188848 -0.316894 -0.598113
v -0.185973 -0.314058 -0.598649
v -0.185973 -0.307776 -0.582922
v -0.188848 -0.309024 -0.580284
v -0.185973 -0.286769 -0.581110
v -0.188848 -0.284582 -0.578075
v -0.188848 -0.281758 -0.584410
v -0.185973 -0.283783 -0.587284
v -0.185973 -0.332379 -0.702552
v -0.188848 -0.276805 -0.757871
v -0.185973 -0.279049 -0.759727
v -0.188848 -0.330175 -0.699805
v -0.188848 -0.330175 -0.572536
v -0.185973 -0.332379 -0.569789
v -0.188848 -0.276805 -0.514470
v -0.185973 -0.279105 -0.512667
v -0.177233 -0.240532 -0.558743
v -0.185973 -0.271196 -0.535537
v -0.177233 -0.271196 -0.535537
v -0.185973 -0.240532 -0.558743
v -0.170937 -0.241553 -0.423241
v -0.185973 -0.241673 -0.476359
v -0.170937 -0.241673 -0.476359
v -0.185973 -0.241553 -0.423241
v -0.170937 -0.307776 -0.582922
v -0.185973 -0.286769 -0.581110
v -0.170937 -0.286769 -0.581110
v -0.185973 -0.307776 -0.582922
v -0.170937 -0.314058 -0.598649
v -0.185973 -0.314058 -0.598649
v -0.185973 -0.332379 -0.569789
v -0.170937 -0.279105 -0.512667
v -0.185973 -0.279105 -0.512667
v -0.170937 -0.332379 -0.569789
v -0.185973 -0.283783 -0.587284
v -0.170937 -0.283783 -0.587284
v -0.188848 -0.226825 -0.578054
v -0.177233 -0.239252 -0.578054
v -0.177233 -0.226825 -0.578054
v -0.188848 -0.239252 -0.578054
v 0.186188 -0.283783 -0.587284
v 0.171152 -0.223237 -0.587284
v 0.186188 -0.223237 -0.587284
v 0.171152 -0.283783 -0.587284
v 0.189063 -0.281758 -0.584410
v 0.186188 -0.223237 -0.587284
v 0.189063 -0.220707 -0.584410
v 0.186188 -0.283783 -0.587284
v -0.191000 -0.247315 0.790371
v -0.170944 -0.274448 0.790371
v -0.191000 -0.274448 0.790371
v -0.170944 -0.247315 0.790371
v -0.191000 -0.274448 0.840188
v -0.170944 -0.247315 0.840188
v -0.191000 -0.247315 0.840188
v -0.170944 -0.274448 0.840188
v -0.191000 -0.247315 0.835085
v -0.170944 -0.243290 0.835085
v -0.191000 -0.243290 0.835085
v -0.170944 -0.247315 0.835085
v -0.170944 -0.243290 0.795473
v -0.191000 -0.243290 0.795473
v -0.170944 -0.247315 0.795473
v -0.191000 -0.247315 0.795473
v -0.198113 -0.257927 -0.802740
v -0.198113 -0.250795 -0.811684
v -0.198113 -0.248440 -0.822686
v -0.198113 -0.268234 -0.797777
v -0.198113 -0.279674 -0.797777
v -0.198113 -0.289981 -0.802740
v -0.198113 -0.297113 -0.811684
v -0.198113 -0.299659 -0.822837
v -0.198113 -0.297113 -0.833990
v -0.198113 -0.289981 -0.842934
v -0.198113 -0.279674 -0.847897
v -0.198113 -0.268234 -0.847897
v -0.198113 -0.250795 -0.833990
v -0.198113 -0.257927 -0.842934
v 0.198313 -0.289981 -0.842934
v 0.198313 -0.279674 -0.847897
v 0.198313 -0.268234 -0.847897
v 0.198313 -0.297113 -0.833990
v 0.198313 -0.299659 -0.822837
v 0.198313 -0.297113 -0.811684
v 0.198313 -0.289981 -0.802740
v 0.198313 -0.279674 -0.797777
v 0.198313 -0.268234 -0.797777
v 0.198313 -0.257927 -0.802740
v 0.198313 -0.250795 -0.811684
v 0.198313 -0.248249 -0.822837
v 0.198313 -0.250795 -0.833990
v 0.198313 -0.257927 -0.842934
v -0.198113 -0.257927 -0.429139
v -0.198113 -0.250795 -0.438083
v -0.198113 -0.248440 -0.449085
v -0.198113 -0.268234 -0.424176
v -0.198113 -0.279674 -0.424176
v -0.198113 -0.289981 -0.429139
v -0.198113 -0.297113 -0.438083
v -0.198113 -0.299659 -0.449236
v -0.198113 -0.297113 -0.460389
v -0.198113 -0.289981 -0.469333
v -0.198113 -0.279674 -0.474296
v -0.198113 -0.268234 -0.474296
v -0.198113 -0.250795 -0.460389
v -0.198113 -0.257927 -0.469333
v 0.198313 -0.289981 -0.469333
v 0.198313 -0.279674 -0.474296
v 0.198313 -0.268234 -0.474296
v 0.198313 -0.297113 -0.460389
v 0.198313 -0.299659 -0.449236
v 0.198313 -0.297113 -0.438083
v 0.198313 -0.289981 -0.429139
v 0.198313 -0.279674 -0.424176
v 0.198313 -0.268234 -0.424176
v 0.198313 -0.257927 -0.429139
v 0.198313 -0.250795 -0.438083
v 0.198313 -0.248249 -0.449236
v 0.198313 -0.250795 -0.460389
v 0.198313 -0.257927 -0.469333
v -0.198113 -0.257927 0.835241
v -0.198113 -0.250795 0.826297
v -0.198113 -0.248441 0.815295
v -0.198113 -0.268234 0.840204
v -0.198113 -0.279674 0.840204
v -0.198113 -0.289981 0.835241
v -0.198113 -0.297113 0.826297
v -0.198113 -0.299659 0.815144
v -0.198113 -0.297113 0.803991
v -0.198113 -0.289981 0.795047
v -0.198113 -0.279674 0.790084
v -0.198113 -0.268234 0.790084
v -0.198113 -0.250795 0.803991
v -0.198113 -0.257927 0.795047
v 0.198313 -0.289981 0.795047
v 0.198313 -0.279674 0.790084
v 0.198313 -0.268234 0.790084
v 0.198313 -0.297113 0.803991
v 0.198313 -0.299659 0.815144
v 0.198313 -0.297113 0.826297
v 0.198313 -0.289981 0.835241
v 0.198313 -0.279674 0.840204
v 0.198313 -0.268234 0.840204
v 0.198313 -0.257927 0.835241
v 0.198313 -0.250795 0.826297
v 0.198313 -0.248249 0.815144
v 0.198313 -0.250795 0.803991
v 0.198313 -0.257927 0.795047
v 0.169833 -0.332379 -0.626726
v 0.141343 -0.332379 -0.587818
v 0.141522 -0.332379 -0.636041
v 0.169723 -0.332379 -0.596922
v -0.191000 -0.247315 0.795473
v -0.191000 -0.243290 0.835085
v -0.191000 -0.243290 0.795473
v -0.191000 -0.247315 0.835085
v -0.191000 -0.274448 0.790371
v -0.191000 -0.247315 0.840188
v -0.191000 -0.274448 0.840188
v -0.191000 -0.247315 0.790371
v -0.170944 -0.274448 0.840188
v -0.191000 -0.274448 0.840188
v -0.177608 -0.229155 0.666399
v -0.175470 -0.225767 0.628477
v -0.177609 -0.229155 0.631485
v -0.176006 -0.225767 0.672032
v -0.185417 -0.245755 0.666398
v -0.188157 -0.251559 0.672032
v -0.188605 -0.251559 0.628477
v -0.185409 -0.245755 0.631484
v -0.185409 -0.245755 0.625539
v -0.177609 -0.229155 0.625538
v -0.177608 -0.229155 0.590224
v -0.176006 -0.225767 0.584590
v -0.185417 -0.245755 0.590224
v -0.188157 -0.251559 0.584590
v -0.185409 -0.245755 0.625539
v -0.177608 -0.229155 0.590224
v -0.185417 -0.245755 0.590224
v -0.177609 -0.229155 0.625538
v -0.177609 -0.229155 0.631485
v -0.185417 -0.245755 0.666398
v -0.177608 -0.229155 0.666399
v -0.185409 -0.245755 0.631484
v -0.155605 -0.251558 0.584591
v -0.155605 -0.225767 0.672032
v -0.155605 -0.251558 0.672032
v -0.155605 -0.225767 0.584591
v -0.170944 -0.247315 0.461484
v -0.191000 -0.243290 0.461484
v -0.191000 -0.247315 0.461484
v -0.170944 -0.243290 0.461484
v -0.191000 -0.243290 0.421872
v -0.170944 -0.243290 0.421872
v -0.191000 -0.247315 0.421872
v -0.170944 -0.247315 0.421872
v -0.170944 -0.247315 0.416770
v -0.191000 -0.274448 0.416770
v -0.191000 -0.247315 0.416770
v -0.170944 -0.274448 0.416770
v -0.170944 -0.274448 0.466586
v -0.191000 -0.247315 0.466586
v -0.191000 -0.274448 0.466586
v -0.170944 -0.247315 0.466586
v -0.191000 -0.243290 0.421872
v -0.191000 -0.247315 0.461484
v -0.191000 -0.243290 0.461484
v -0.191000 -0.247315 0.421872
v -0.191000 -0.274448 0.466586
v -0.191000 -0.247315 0.416770
v -0.191000 -0.274448 0.416770
v -0.191000 -0.247315 0.466586
v -0.170944 -0.274448 0.416770
v -0.191000 -0.274448 0.416770
v 0.171159 -0.247315 -0.469174
v 0.191215 -0.243290 -0.469174
v 0.191215 -0.247315 -0.469174
v 0.171159 -0.243290 -0.469174
v 0.191215 -0.243290 -0.429562
v 0.171159 -0.243290 -0.429562
v 0.191215 -0.247315 -0.429562
v 0.171159 -0.247315 -0.429562
v 0.171159 -0.247315 -0.424460
v 0.191215 -0.274448 -0.424460
v 0.191215 -0.247315 -0.424460
v 0.171159 -0.274448 -0.424460
v 0.171159 -0.274448 -0.474276
v 0.191215 -0.247315 -0.474276
v 0.191215 -0.274448 -0.474276
v 0.171159 -0.247315 -0.474276
v 0.191215 -0.243290 -0.429562
v 0.191215 -0.247315 -0.469174
v 0.191215 -0.243290 -0.469174
v 0.191215 -0.247315 -0.429562
v 0.191215 -0.274448 -0.474276
v 0.191215 -0.247315 -0.424460
v 0.191215 -0.274448 -0.424460
v 0.191215 -0.247315 -0.474276
v 0.171159 -0.274448 -0.424460
v 0.191215 -0.274448 -0.424460
v 0.141343 -0.332379 -0.587818
v 0.169723 -0.252547 -0.596922
v 0.141343 -0.252547 -0.587818
v 0.169723 -0.332379 -0.596922
v 0.169833 -0.252547 -0.626726
v 0.169833 -0.332379 -0.626726
v 0.141522 -0.252547 -0.636041
v 0.141522 -0.332379 -0.636041
v 0.141343 -0.332379 -0.587818
v 0.141343 -0.252547 -0.587818
v 0.169833 -0.332379 -0.675079
v 0.141343 -0.332379 -0.636170
v 0.141522 -0.332379 -0.684394
v 0.169723 -0.332379 -0.645275
v 0.155820 -0.225767 -0.680057
v 0.176221 -0.225767 -0.680057
v 0.155820 -0.251558 -0.680057
v 0.188372 -0.251559 -0.680057
v 0.188819 -0.251559 -0.636170
v 0.155820 -0.251558 -0.592615
v 0.188372 -0.251559 -0.592615
v 0.176221 -0.225767 -0.592615
v 0.155820 -0.225767 -0.592615
v 0.175685 -0.225767 -0.636170
v 0.155820 -0.225767 -0.680057
v 0.141343 -0.332379 -0.636170
v 0.169723 -0.252547 -0.645275
v 0.141343 -0.252547 -0.636170
v 0.169723 -0.332379 -0.645275
v 0.169833 -0.252547 -0.675079
v 0.169833 -0.332379 -0.675079
v 0.141522 -0.252547 -0.684394
v 0.141522 -0.332379 -0.684394
v 0.141343 -0.332379 -0.636170
v 0.141343 -0.252547 -0.636170
v -0.141308 -0.332379 -0.636041
v -0.169508 -0.332379 -0.596922
v -0.169619 -0.332379 -0.626726
v -0.141129 -0.332379 -0.587818
v -0.141308 -0.332379 -0.636041
v -0.141129 -0.252547 -0.587818
v -0.141129 -0.332379 -0.587818
v -0.141308 -0.252547 -0.636041
v -0.169619 -0.332379 -0.626726
v -0.169619 -0.252547 -0.626726
v -0.169508 -0.332379 -0.596922
v -0.169508 -0.252547 -0.596922
v -0.141129 -0.332379 -0.587818
v -0.141129 -0.252547 -0.587818
v -0.141308 -0.332379 -0.684394
v -0.169508 -0.332379 -0.645275
v -0.169619 -0.332379 -0.675079
v -0.141129 -0.332379 -0.636170
v -0.141308 -0.332379 -0.684394
v -0.141129 -0.252547 -0.636170
v -0.141129 -0.332379 -0.636170
v -0.141308 -0.252547 -0.684394
v -0.169619 -0.332379 -0.675079
v -0.169619 -0.252547 -0.675079
v -0.169508 -0.332379 -0.645275
v -0.169508 -0.252547 -0.645275
v -0.141129 -0.332379 -0.636170
v -0.141129 -0.252547 -0.636170
v -0.141129 -0.332379 0.580124
v -0.169618 -0.332379 0.619033
v -0.169508 -0.332379 0.589229
v -0.141307 -0.332379 0.628348
v 0.177824 -0.229155 -0.633162
v 0.175685 -0.225767 -0.636170
v 0.177823 -0.229155 -0.598249
v 0.176221 -0.225767 -0.592615
v 0.185632 -0.245755 -0.598249
v 0.188372 -0.251559 -0.592615
v 0.188819 -0.251559 -0.636170
v 0.185624 -0.245755 -0.633164
v 0.185624 -0.245755 -0.639108
v 0.177824 -0.229155 -0.639109
v 0.177823 -0.229155 -0.674423
v 0.176221 -0.225767 -0.680057
v 0.185632 -0.245755 -0.674423
v 0.188372 -0.251559 -0.680057
v 0.177823 -0.229155 -0.674423
v 0.185624 -0.245755 -0.639108
v 0.185632 -0.245755 -0.674423
v 0.177824 -0.229155 -0.639109
v 0.185632 -0.245755 -0.598249
v 0.177824 -0.229155 -0.633162
v 0.177823 -0.229155 -0.598249
v 0.185624 -0.245755 -0.633164
v 0.155820 -0.251558 -0.680057
v 0.155820 -0.251558 -0.592615
v 0.191215 -0.243290 -0.803163
v 0.171159 -0.247315 -0.803163
v 0.191215 -0.247315 -0.803163
v 0.171159 -0.243290 -0.803163
v 0.191215 -0.243290 -0.842775
v 0.171159 -0.243290 -0.842775
v 0.191215 -0.247315 -0.842775
v 0.171159 -0.247315 -0.842775
v 0.191215 -0.274448 -0.847877
v 0.171159 -0.247315 -0.847877
v 0.191215 -0.247315 -0.847877
v 0.171159 -0.274448 -0.847877
v 0.191215 -0.247315 -0.798061
v 0.171159 -0.274448 -0.798061
v 0.191215 -0.274448 -0.798061
v 0.171159 -0.247315 -0.798061
v -0.141129 -0.332379 0.580124
v -0.169508 -0.252547 0.589229
v -0.141129 -0.252547 0.580124
v -0.169508 -0.332379 0.589229
v -0.169618 -0.252547 0.619033
v -0.169618 -0.332379 0.619033
v -0.141307 -0.252547 0.628348
v -0.141307 -0.332379 0.628348
v -0.141129 -0.332379 0.580124
v -0.141129 -0.252547 0.580124
v -0.141129 -0.332379 0.628477
v -0.169618 -0.332379 0.667386
v -0.169508 -0.332379 0.637582
v -0.141307 -0.332379 0.676701
v 0.191215 -0.247315 -0.803163
v 0.191215 -0.243290 -0.842775
v 0.191215 -0.243290 -0.803163
v 0.191215 -0.247315 -0.842775
v 0.191215 -0.274448 -0.798061
v 0.191215 -0.247315 -0.847877
v 0.191215 -0.274448 -0.847877
v 0.191215 -0.247315 -0.798061
v 0.171159 -0.274448 -0.847877
v 0.191215 -0.274448 -0.847877
v -0.141129 -0.332379 0.628477
v -0.169508 -0.252547 0.637582
v -0.141129 -0.252547 0.628477
v -0.169508 -0.332379 0.637582
v -0.169618 -0.252547 0.667386
v -0.169618 -0.332379 0.667386
v -0.141307 -0.252547 0.676701
v -0.141307 -0.332379 0.676701
v -0.141129 -0.332379 0.628477
v -0.141129 -0.252547 0.628477
v 0.169723 -0.332379 0.589229
v 0.141522 -0.332379 0.628348
v 0.141344 -0.332379 0.580124
v 0.169833 -0.332379 0.619033
v 0.186188 -0.295733 0.468666
v 0.186188 -0.268649 0.494425
v 0.186188 -0.265169 0.481693
v 0.186188 -0.259965 0.474056
v 0.186188 -0.251437 0.468666
v 0.189063 -0.309024 0.684364
v 0.186188 -0.307776 0.681725
v 0.189063 -0.316894 0.666535
v 0.186188 -0.314058 0.665998
v 0.189063 -0.316894 0.590419
v 0.186188 -0.314058 0.590956
v 0.186188 -0.307776 0.575229
v 0.189063 -0.309024 0.572590
v 0.186189 -0.286769 0.573404
v 0.189063 -0.284582 0.570382
v 0.186188 -0.332379 0.694859
v 0.189063 -0.330176 0.692112
v 0.186188 -0.332379 0.562095
v 0.189063 -0.330176 0.564842
v 0.189063 -0.276805 0.506776
v 0.189063 -0.267289 0.497697
v 0.189063 -0.263860 0.486028
v 0.189063 -0.259246 0.477235
v 0.189063 -0.251143 0.471878
v 0.186188 -0.241950 0.468666
v 0.189063 -0.239296 0.470130
v 0.177448 -0.240532 0.551050
v 0.186188 -0.271196 0.527843
v 0.177448 -0.271196 0.527843
v 0.186188 -0.240532 0.551050
v 0.171152 -0.307776 0.575229
v 0.186189 -0.286769 0.573404
v 0.171152 -0.286769 0.573404
v 0.186188 -0.307776 0.575229
v 0.171152 -0.314058 0.590956
v 0.186188 -0.314058 0.590956
v 0.186188 -0.332379 0.562095
v 0.171152 -0.332379 0.562095
v 0.186188 -0.332379 0.694859
v 0.171152 -0.332379 0.694859
v 0.189063 -0.239252 0.570360
v 0.177448 -0.239273 0.559952
v 0.177448 -0.239252 0.570360
v 0.189063 -0.239273 0.559952
v 0.189063 -0.226825 0.570360
v 0.177448 -0.226825 0.570360
v 0.177448 -0.228884 0.548325
v 0.186188 -0.240532 0.551050
v 0.177448 -0.240532 0.551050
v 0.186188 -0.228884 0.548325
v 0.177448 -0.223461 0.542902
v 0.186188 -0.223461 0.542902
v 0.177448 -0.221685 0.536358
v 0.186188 -0.221685 0.536358
v 0.177448 -0.221741 0.524104
v 0.186188 -0.221741 0.524104
v 0.177448 -0.226237 0.516066
v 0.186188 -0.226237 0.516066
v 0.177448 -0.233593 0.511528
v 0.186188 -0.233593 0.511528
v 0.177448 -0.251836 0.510538
v 0.186188 -0.251836 0.510538
v 0.177448 -0.265620 0.518431
v 0.186188 -0.265620 0.518431
v 0.189063 -0.238267 -0.419850
v 0.189063 -0.238194 -0.477823
v 0.186188 -0.201878 -0.429612
v 0.186188 -0.208066 -0.417345
v 0.186188 -0.217878 -0.407381
v 0.186188 -0.232885 -0.401214
v 0.186188 -0.246429 -0.401214
v 0.189063 -0.283436 -0.419850
v 0.189063 -0.239273 0.559952
v 0.177448 -0.226846 0.559952
v 0.177448 -0.239273 0.559952
v 0.189063 -0.226846 0.559952
v 0.186188 -0.283436 0.415450
v 0.171152 -0.283436 0.415450
v 0.197127 0.318470 -1.097228
v 0.197140 0.315071 -1.103705
v 0.197140 -0.102147 -1.103705
v 0.171152 -0.283436 -0.851739
v 0.186188 -0.246428 -0.871127
v 0.189063 -0.283436 -0.851739
v 0.171152 -0.246428 -0.871127
v 0.171152 -0.232885 -0.871127
v 0.186188 -0.232885 -0.871127
v 0.171152 -0.217878 -0.864959
v 0.186188 -0.217878 -0.864959
v 0.171152 -0.208066 -0.854996
v 0.186188 -0.208066 -0.854996
v 0.171152 -0.201878 -0.842729
v 0.186188 -0.201878 -0.842729
v 0.177448 -0.228884 -0.716322
v 0.186188 -0.240532 -0.713598
v 0.177448 -0.240532 -0.713598
v 0.186188 -0.228884 -0.716322
v 0.177448 -0.223461 -0.721745
v 0.186188 -0.223461 -0.721745
v 0.177448 -0.221685 -0.728290
v 0.186188 -0.221685 -0.728290
v 0.177448 -0.221741 -0.740543
v 0.186188 -0.221741 -0.740543
v 0.177448 -0.226236 -0.748582
v 0.186188 -0.226236 -0.748582
v 0.177448 -0.233593 -0.753120
v 0.186188 -0.233593 -0.753120
v 0.177448 -0.251836 -0.754109
v 0.186188 -0.251836 -0.754109
v 0.177448 -0.265620 -0.746216
v 0.186188 -0.265620 -0.746216
v 0.177448 -0.271196 -0.736804
v 0.186188 -0.271196 -0.736804
v 0.171152 -0.242010 -0.849184
v 0.186188 -0.241950 -0.795981
v 0.171152 -0.241783 -0.795981
v 0.186188 -0.242010 -0.849184
v 0.171152 -0.283436 -0.849197
v 0.186188 -0.283436 -0.849197
v 0.197140 -0.041940 -1.097228
v 0.197140 -0.045340 -1.103705
v 0.189063 -0.239273 -0.704696
v 0.177447 -0.226846 -0.704696
v 0.177447 -0.239273 -0.704696
v 0.189063 -0.226846 -0.704696
v 0.177447 -0.226824 -0.694287
v 0.189063 -0.226824 -0.694287
v 0.177447 -0.239252 -0.694287
v 0.189063 -0.239252 -0.694287
v 0.171152 -0.286769 -0.691243
v 0.186188 -0.283783 -0.685056
v 0.171152 -0.283783 -0.685056
v 0.186188 -0.286769 -0.691243
v 0.177447 -0.239273 -0.704696
v 0.189063 -0.239273 -0.704696
v 0.186188 -0.332379 -0.702552
v 0.171152 -0.279049 -0.759727
v 0.186188 -0.279049 -0.759727
v 0.171152 -0.332379 -0.702552
v 0.186188 -0.332379 -0.569789
v 0.171152 -0.332379 -0.569789
v 0.171152 -0.307776 -0.689418
v 0.186188 -0.307776 -0.689418
v 0.171152 -0.314058 -0.673691
v 0.186188 -0.314058 -0.673691
v 0.177448 -0.240532 -0.713598
v 0.186188 -0.240532 -0.713598
v 0.186188 -0.279049 -0.759727
v 0.186188 -0.277157 -0.761618
v 0.189063 -0.276805 -0.757871
v 0.189063 -0.267289 -0.766950
v 0.186188 -0.268649 -0.770222
v 0.189063 -0.263860 -0.778619
v 0.186188 -0.265169 -0.782954
v 0.189063 -0.259246 -0.787412
v 0.186188 -0.259965 -0.790592
v 0.189063 -0.251143 -0.792769
v 0.186188 -0.251437 -0.795981
v 0.186188 -0.241950 -0.795981
v 0.189063 -0.239296 -0.794517
v 0.186188 -0.332379 -0.569789
v 0.189063 -0.276805 -0.514470
v 0.186188 -0.279104 -0.512667
v 0.189063 -0.330175 -0.572536
v 0.186188 -0.332379 -0.702552
v 0.189063 -0.330175 -0.699805
v 0.186188 -0.286769 -0.691243
v 0.189063 -0.281758 -0.687931
v 0.186188 -0.283783 -0.685056
v 0.189063 -0.284582 -0.694265
v 0.189063 -0.284582 -0.578075
v 0.189063 -0.309024 -0.580284
v 0.186187 -0.286769 -0.581110
v 0.186188 -0.307776 -0.582922
v 0.189063 -0.316894 -0.598113
v 0.186188 -0.314058 -0.598649
v 0.186188 -0.314153 -0.627914
v 0.186188 -0.314153 -0.644427
v 0.189063 -0.316894 -0.674228
v 0.186188 -0.314058 -0.673691
v 0.186188 -0.307776 -0.689418
v 0.189063 -0.309024 -0.692057
v 0.186188 -0.277152 -0.777538
v 0.186188 -0.284587 -0.782508
v 0.186188 -0.295733 -0.795981
v 0.186188 -0.295743 -0.782508
v 0.184135 -0.295745 -0.780627
v 0.184135 -0.285544 -0.780627
v 0.171152 -0.295745 -0.780627
v 0.171152 -0.285544 -0.780627
v 0.184135 -0.279073 -0.776671
v 0.171152 -0.279073 -0.776671
v 0.186188 -0.251437 -0.795981
v 0.186188 -0.295733 -0.795981
v 0.171152 -0.295733 -0.795981
v 0.197140 0.014868 -1.097228
v 0.197140 0.011468 -1.103705
v 0.184135 -0.285544 -0.780627
v 0.184135 -0.295745 -0.780627
v 0.184135 -0.279073 -0.776671
v 0.197140 0.070768 -1.097228
v 0.197140 0.067369 -1.103705
v 0.186188 -0.295743 -0.782508
v 0.186188 -0.223237 -0.685056
v 0.189063 -0.220707 -0.687931
v 0.171152 -0.223237 -0.685056
v 0.186188 -0.223237 -0.685056
v 0.171152 -0.314153 -0.644427
v 0.186188 -0.314153 -0.644427
v 0.179068 -0.307260 -0.644427
v 0.179068 -0.307260 -0.673244
v 0.186188 -0.314058 -0.673691
v 0.278706 0.322112 -0.168105
v 0.266881 0.323681 -0.168112
v 0.266881 0.323681 -0.003849
v 0.266881 0.323680 0.160415
v 0.278706 0.322112 0.160415
v 0.278706 0.322112 0.160415
v 0.266881 0.312957 0.160415
v 0.278706 0.314526 0.160415
v 0.266881 0.323680 0.160415
v 0.171152 -0.314058 -0.673691
v 0.171152 -0.314153 -0.644427
v 0.171152 -0.314058 -0.673691
v 0.171152 -0.314153 -0.644427
v 0.171152 -0.314153 -0.627913
v 0.171152 -0.201878 -0.842729
v 0.186188 -0.201878 -0.429612
v 0.186188 -0.201878 -0.842729
v 0.171152 -0.201878 -0.429612
v 0.186188 -0.246429 -0.401214
v 0.171152 -0.283436 -0.419850
v 0.189063 -0.283436 -0.419850
v 0.171152 -0.246429 -0.401214
v 0.171152 -0.232885 -0.401214
v 0.186188 -0.232885 -0.401214
v 0.171152 -0.217878 -0.407381
v 0.186188 -0.217878 -0.407381
v 0.171152 -0.208066 -0.417345
v 0.186188 -0.208066 -0.417345
v 0.171152 -0.201878 -0.429612
v 0.186188 -0.201878 -0.429612
v 0.186188 -0.241553 -0.423241
v 0.171152 -0.283436 -0.423281
v 0.171152 -0.241553 -0.423241
v 0.186188 -0.283436 -0.423281
v 0.177447 -0.239273 -0.567645
v 0.189063 -0.239252 -0.578054
v 0.177447 -0.239252 -0.578054
v 0.189063 -0.239273 -0.567645
v 0.177447 -0.226846 -0.567638
v 0.189063 -0.226846 -0.567638
v 0.177447 -0.226824 -0.578054
v 0.189063 -0.226824 -0.578054
v 0.177447 -0.239252 -0.578054
v 0.189063 -0.239252 -0.578054
v 0.171152 -0.286769 -0.581110
v 0.186187 -0.286769 -0.581110
v 0.171152 -0.279104 -0.512667
v 0.186188 -0.332379 -0.569789
v 0.186188 -0.279104 -0.512667
v 0.171152 -0.332379 -0.569789
v 0.186188 -0.241673 -0.476359
v 0.171152 -0.241673 -0.476359
v 0.186188 -0.271196 -0.535537
v 0.177448 -0.240532 -0.558743
v 0.177448 -0.271196 -0.535537
v 0.186188 -0.240532 -0.558743
v 0.266881 0.323681 -1.095294
v 0.261822 0.093767 -1.097229
v 0.261822 0.325557 -1.097229
v 0.266881 0.093893 -1.095294
v 0.266881 -0.147610 -1.095294
v 0.261822 -0.149927 -1.097230
v 0.266881 0.312957 -1.086963
v 0.261822 -0.138958 -1.084910
v 0.266881 -0.140786 -1.086963
v 0.261822 0.311129 -1.084910
v 0.189063 -0.274550 -0.535609
v 0.186188 -0.271196 -0.535537
v 0.189063 -0.267831 -0.524259
v 0.186188 -0.265620 -0.526125
v 0.189063 -0.252476 -0.515403
v 0.186188 -0.251836 -0.518232
v 0.189063 -0.233579 -0.516258
v 0.186188 -0.233593 -0.519221
v 0.189063 -0.224135 -0.521609
v 0.186188 -0.226236 -0.523759
v 0.189063 -0.218864 -0.531070
v 0.186188 -0.221741 -0.531798
v 0.189063 -0.218813 -0.544635
v 0.186188 -0.221685 -0.544051
v 0.186188 -0.223461 -0.550596
v 0.189063 -0.221032 -0.552235
v 0.186188 -0.228884 -0.556019
v 0.189063 -0.227704 -0.559041
v 0.189063 -0.240052 -0.562137
v 0.186188 -0.240532 -0.558743
v 0.266881 -0.140786 -0.978010
v 0.261822 -0.138958 -0.978010
v 0.261822 -0.138958 -0.871110
v 0.266881 -0.140786 -0.869057
v 0.186188 -0.277157 -0.510722
v 0.189063 -0.267289 -0.505391
v 0.186188 -0.268649 -0.502119
v 0.189063 -0.263860 -0.493722
v 0.186188 -0.265169 -0.489387
v 0.189063 -0.259246 -0.484929
v 0.186188 -0.259965 -0.481749
v 0.189063 -0.251143 -0.479571
v 0.186188 -0.251437 -0.476359
v 0.186188 -0.241673 -0.476359
v 0.186188 -0.241553 -0.423241
v 0.186188 -0.283436 -0.423281
v 0.261822 -0.138958 0.863414
v 0.266881 -0.140786 0.970314
v 0.266881 -0.140786 0.861361
v 0.261822 -0.138958 0.970314
v 0.261822 -0.138958 1.077214
v 0.266881 -0.140786 1.079267
v 0.266881 -0.147610 0.620855
v 0.266881 0.312957 0.861361
v 0.266881 0.312957 0.970314
v 0.261822 0.311129 0.863414
v 0.261822 0.311129 0.970314
v 0.261822 0.311129 1.077214
v 0.266881 0.312957 1.079267
v 0.266881 0.312957 -0.860843
v 0.261822 -0.138958 -0.858790
v 0.266881 -0.140786 -0.860843
v 0.261822 0.311129 -0.858790
v 0.261822 0.311129 -0.871110
v 0.266881 0.312957 -0.869057
v 0.266881 0.312957 -0.396284
v 0.261822 -0.138958 -0.394230
v 0.266881 -0.140772 -0.396284
v 0.266881 -0.140786 -0.404497
v 0.261822 0.311129 -0.406550
v 0.266881 0.312957 -0.404497
v 0.261822 -0.138958 -0.406550
v 0.266881 0.312957 -0.628563
v 0.261822 -0.138958 -0.626510
v 0.266881 -0.140786 -0.628563
v 0.261822 0.311129 -0.626510
v 0.266881 -0.140786 -0.636777
v 0.261822 0.311129 -0.638830
v 0.266881 0.312957 -0.636777
v 0.261822 -0.138958 -0.638830
v 0.266881 -0.140786 0.853147
v 0.261822 0.311129 0.851094
v 0.266881 0.312957 0.853147
v 0.261822 -0.138958 0.851094
v 0.266881 0.312957 0.396801
v 0.261822 -0.138958 0.398854
v 0.266881 -0.140786 0.396801
v 0.261822 0.311129 0.398854
v 0.266881 -0.140785 0.388588
v 0.266881 0.312957 0.388588
v 0.266881 0.312957 0.629081
v 0.261822 -0.138958 0.631134
v 0.266881 -0.140786 0.629081
v 0.261822 0.311129 0.631134
v 0.266881 -0.140786 0.620867
v 0.261822 0.311129 0.618815
v 0.266881 0.312957 0.620867
v 0.261822 -0.138958 0.618815
v 0.266881 0.323681 -0.550540
v 0.266881 0.323680 -0.636777
v 0.261822 0.325556 -0.554645
v 0.261822 0.325556 -0.819778
v 0.266881 0.323681 -0.823885
v 0.266881 0.312957 -0.978010
v 0.261822 0.311129 -0.978010
v 0.261822 0.325556 -0.007954
v 0.266881 0.323681 -0.003849
v 0.266881 0.323681 -0.168112
v 0.261822 0.325556 -0.273087
v 0.266881 0.323681 -0.277194
v 0.266881 0.312957 -0.628563
v 0.266881 0.312957 -0.516530
v 0.261822 0.311129 -0.626510
v 0.261822 0.311129 -0.516530
v 0.184135 -0.295745 -0.491714
v 0.171152 -0.295733 -0.476359
v 0.171152 -0.295745 -0.491714
v 0.186188 -0.295743 -0.489833
v 0.186188 -0.295733 -0.476359
v 0.261822 -0.138958 -0.626510
v 0.266881 -0.140786 -0.516530
v 0.261822 -0.138958 -0.516530
v 0.266881 0.312957 -0.748810
v 0.261822 0.311129 -0.748810
v 0.171152 -0.314153 -0.627913
v 0.179068 -0.307260 -0.627913
v 0.186188 -0.314153 -0.627914
v 0.179068 -0.307260 -0.599097
v 0.186188 -0.314058 -0.598649
v 0.266881 -0.140786 -0.748810
v 0.261822 -0.138958 -0.748810
v 0.266881 0.312957 0.741114
v 0.261822 0.311129 0.741114
v 0.171152 -0.314058 -0.598649
v 0.171152 -0.314153 -0.627913
v 0.171152 -0.314058 -0.598649
v 0.266881 -0.140786 0.741114
v 0.261822 -0.138958 0.741114
v -0.177233 -0.228884 -0.556019
v -0.185973 -0.240532 -0.558743
v -0.177233 -0.240532 -0.558743
v -0.185973 -0.228884 -0.556019
v -0.177233 -0.223461 -0.550596
v -0.185973 -0.223461 -0.550596
v -0.177233 -0.221685 -0.544051
v -0.185973 -0.221685 -0.544051
v -0.177233 -0.221741 -0.531798
v -0.185973 -0.221741 -0.531798
v -0.177233 -0.226236 -0.523759
v -0.185973 -0.226236 -0.523759
v -0.177233 -0.233593 -0.519221
v -0.185973 -0.233593 -0.519221
v -0.177233 -0.251836 -0.518232
v -0.185973 -0.251836 -0.518232
v -0.177233 -0.265620 -0.526125
v -0.185973 -0.265620 -0.526125
v 0.186188 -0.251437 -0.476359
v -0.191000 -0.243290 -0.469174
v -0.170944 -0.247315 -0.469174
v -0.191000 -0.247315 -0.469174
v -0.170944 -0.243290 -0.469174
v -0.191000 -0.243290 -0.429562
v -0.170944 -0.243290 -0.429562
v -0.191000 -0.247315 -0.429562
v -0.170944 -0.247315 -0.429562
v -0.191000 -0.274448 -0.424460
v -0.170944 -0.247315 -0.424460
v -0.191000 -0.247315 -0.424460
v -0.170944 -0.274448 -0.424460
v -0.191000 -0.247315 -0.474276
v -0.170944 -0.274448 -0.474276
v -0.191000 -0.274448 -0.474276
v -0.170944 -0.247315 -0.474276
v 0.141522 -0.332379 0.628348
v 0.141344 -0.252547 0.580124
v 0.141344 -0.332379 0.580124
v 0.141522 -0.252547 0.628348
v 0.169833 -0.332379 0.619033
v 0.169833 -0.252547 0.619033
v 0.169723 -0.332379 0.589229
v 0.169723 -0.252547 0.589229
v 0.141344 -0.332379 0.580124
v 0.141344 -0.252547 0.580124
v -0.148022 -0.340635 -0.791018
v -0.171024 -0.345950 -0.811718
v -0.148022 -0.345950 -0.811718
v -0.171024 -0.340635 -0.791018
v -0.148022 -0.330339 -0.772290
v -0.171024 -0.330339 -0.772290
v -0.148022 -0.315710 -0.756712
v -0.171024 -0.315710 -0.756712
v -0.148022 -0.297666 -0.745260
v -0.171024 -0.297666 -0.745260
v -0.148022 -0.277341 -0.738656
v -0.171024 -0.277341 -0.738656
v -0.148022 -0.256012 -0.737314
v -0.171024 -0.256012 -0.737314
v -0.148022 -0.235019 -0.741319
v -0.171024 -0.235019 -0.741319
v -0.148022 -0.215682 -0.750418
v -0.171024 -0.215682 -0.750418
v -0.148022 -0.199215 -0.764041
v -0.171024 -0.199215 -0.764041
v -0.148022 -0.186654 -0.781330
v -0.171024 -0.186654 -0.781330
v -0.148022 -0.178787 -0.801201
v -0.171024 -0.178787 -0.801201
v -0.148022 -0.176108 -0.822403
v -0.171024 -0.176108 -0.822403
v -0.148022 -0.178787 -0.843606
v -0.171024 -0.178787 -0.843606
v -0.148022 -0.186654 -0.863476
v -0.171024 -0.186654 -0.863476
v -0.148022 -0.199216 -0.880765
v -0.171024 -0.199216 -0.880765
v -0.148022 -0.215682 -0.894388
v -0.171024 -0.215682 -0.894388
v -0.148022 -0.235019 -0.903487
v -0.171024 -0.235019 -0.903487
v -0.148022 -0.256012 -0.907492
v -0.171024 -0.256012 -0.907492
v -0.148022 -0.277341 -0.906150
v -0.171024 -0.277341 -0.906150
v -0.148022 -0.297666 -0.899546
v -0.171024 -0.297666 -0.899546
v -0.148022 -0.315710 -0.888095
v -0.171024 -0.315710 -0.888095
v -0.148022 -0.330339 -0.872516
v -0.171024 -0.330339 -0.872516
v -0.148022 -0.340635 -0.853788
v -0.171024 -0.340635 -0.853788
v -0.148022 -0.345950 -0.833089
v -0.171024 -0.345950 -0.833089
v -0.148022 -0.345950 -0.811718
v -0.171024 -0.345950 -0.811718
v -0.191000 -0.247315 -0.469174
v -0.191000 -0.243290 -0.429562
v -0.191000 -0.243290 -0.469174
v -0.191000 -0.247315 -0.429562
v -0.191000 -0.274448 -0.474276
v -0.191000 -0.247315 -0.424460
v -0.191000 -0.274448 -0.424460
v -0.191000 -0.247315 -0.474276
v -0.170944 -0.274448 -0.424460
v -0.191000 -0.274448 -0.424460
v -0.177608 -0.229155 -0.598249
v -0.175470 -0.225767 -0.636170
v -0.177609 -0.229155 -0.633162
v -0.176006 -0.225767 -0.592615
v -0.185417 -0.245755 -0.598249
v -0.188157 -0.251559 -0.592615
v -0.188605 -0.251559 -0.636170
v -0.185409 -0.245755 -0.633163
v -0.185409 -0.245755 -0.639108
v -0.177609 -0.229155 -0.639109
v -0.177608 -0.229155 -0.674423
v -0.176006 -0.225767 -0.680057
v -0.185417 -0.245755 -0.674423
v -0.188157 -0.251559 -0.680057
v -0.185409 -0.245755 -0.639108
v -0.177608 -0.229155 -0.674423
v -0.185417 -0.245755 -0.674423
v -0.177609 -0.229155 -0.639109
v -0.177609 -0.229155 -0.633162
v -0.185417 -0.245755 -0.598249
v -0.177608 -0.229155 -0.598249
v -0.185409 -0.245755 -0.633163
v -0.155605 -0.251558 -0.680057
v -0.155605 -0.225767 -0.592615
v -0.155605 -0.251558 -0.592615
v -0.155605 -0.225767 -0.680057
v -0.170944 -0.247315 -0.803163
v -0.191000 -0.243290 -0.803163
v -0.191000 -0.247315 -0.803163
v -0.170944 -0.243290 -0.803163
v -0.191000 -0.243290 -0.842775
v -0.170944 -0.243290 -0.842775
v -0.191000 -0.247315 -0.842775
v -0.170944 -0.247315 -0.842775
v -0.170944 -0.247315 -0.847877
v -0.191000 -0.274448 -0.847877
v -0.191000 -0.247315 -0.847877
v -0.170944 -0.274448 -0.847877
v -0.170944 -0.274448 -0.798061
v -0.191000 -0.247315 -0.798061
v -0.191000 -0.274448 -0.798061
v -0.170944 -0.247315 -0.798061
v -0.191000 -0.243290 -0.842775
v -0.191000 -0.247315 -0.803163
v -0.191000 -0.243290 -0.803163
v -0.191000 -0.247315 -0.842775
v -0.191000 -0.274448 -0.798061
v -0.191000 -0.247315 -0.847877
v -0.191000 -0.274448 -0.847877
v -0.191000 -0.247315 -0.798061
v -0.170944 -0.274448 -0.847877
v -0.191000 -0.274448 -0.847877
v -0.138671 -0.173027 -0.845091
v -0.138671 -0.170161 -0.822403
v -0.138671 -0.173027 -0.799716
v -0.138671 -0.181445 -0.866353
v -0.138671 -0.194887 -0.884853
v -0.138671 -0.212507 -0.899429
v -0.138671 -0.233198 -0.909166
v -0.138671 -0.255661 -0.913451
v -0.138671 -0.278483 -0.912015
v -0.138671 -0.300232 -0.904948
v -0.138671 -0.319539 -0.892695
v -0.138671 -0.335193 -0.876026
v -0.138671 -0.346210 -0.855986
v -0.138671 -0.351897 -0.833837
v -0.138671 -0.351897 -0.810969
v -0.138671 -0.346210 -0.788820
v -0.138671 -0.335193 -0.768781
v -0.138671 -0.319539 -0.752111
v -0.138671 -0.300232 -0.739858
v -0.138671 -0.278483 -0.732791
v -0.138671 -0.255660 -0.731356
v -0.138671 -0.233198 -0.735641
v -0.138671 -0.212506 -0.745377
v -0.138671 -0.194887 -0.759954
v -0.138671 -0.181445 -0.778454
v -0.188848 -0.239306 0.412896
v -0.188848 -0.239296 0.470130
v -0.185973 -0.201878 0.421919
v -0.185973 -0.208066 0.409652
v -0.185973 -0.217878 0.399688
v -0.185973 -0.232885 0.393521
v -0.185973 -0.246429 0.393521
v -0.188848 -0.283436 0.412908
v -0.185973 -0.246429 0.393521
v -0.170937 -0.283436 0.412908
v -0.188848 -0.283436 0.412908
v -0.170937 -0.246429 0.393521
v -0.170937 -0.232885 0.393521
v -0.185973 -0.232885 0.393521
v -0.170937 -0.217878 0.399688
v -0.185973 -0.217878 0.399688
v -0.170937 -0.208066 0.409652
v -0.185973 -0.208066 0.409652
v -0.170937 -0.201878 0.421919
v -0.185973 -0.201878 0.421919
v -0.148022 -0.233198 -0.735641
v -0.148022 -0.212506 -0.745377
v -0.148022 -0.194887 -0.759954
v -0.148022 -0.255660 -0.731356
v -0.148022 -0.278483 -0.732791
v -0.148022 -0.300232 -0.739858
v -0.148022 -0.319539 -0.752111
v -0.148022 -0.335193 -0.768781
v -0.148022 -0.346210 -0.788820
v -0.148022 -0.351897 -0.810969
v -0.148022 -0.351897 -0.833837
v -0.148022 -0.346210 -0.855986
v -0.148022 -0.335194 -0.876026
v -0.148022 -0.319539 -0.892695
v -0.148022 -0.300232 -0.904948
v -0.148022 -0.278483 -0.912015
v -0.148022 -0.255661 -0.913451
v -0.148022 -0.233198 -0.909166
v -0.148022 -0.212507 -0.899429
v -0.148022 -0.194887 -0.884853
v -0.148022 -0.181445 -0.866353
v -0.148022 -0.173027 -0.845091
v -0.148022 -0.170161 -0.822403
v -0.148022 -0.173027 -0.799716
v -0.148022 -0.181445 -0.778454
v -0.138671 -0.351897 -0.810969
v -0.148022 -0.351897 -0.833837
v -0.138671 -0.351897 -0.833837
v -0.148022 -0.351897 -0.810969
v -0.138671 -0.346210 -0.788820
v -0.148022 -0.346210 -0.788820
v -0.138671 -0.335193 -0.768781
v -0.148022 -0.335193 -0.768781
v -0.138671 -0.319539 -0.752111
v -0.148022 -0.319539 -0.752111
v -0.138671 -0.300232 -0.739858
v -0.148022 -0.300232 -0.739858
v -0.138671 -0.278483 -0.732791
v -0.148022 -0.278483 -0.732791
v -0.138671 -0.255660 -0.731356
v -0.148022 -0.255660 -0.731356
v -0.138671 -0.233198 -0.735641
v -0.148022 -0.233198 -0.735641
v -0.138671 -0.212506 -0.745377
v -0.148022 -0.212506 -0.745377
v -0.138671 -0.194887 -0.759954
v -0.148022 -0.194887 -0.759954
v -0.138671 -0.181445 -0.778454
v -0.148022 -0.181445 -0.778454
v -0.138671 -0.173027 -0.799716
v -0.148022 -0.173027 -0.799716
v -0.138671 -0.170161 -0.822403
v -0.148022 -0.170161 -0.822403
v -0.138671 -0.173027 -0.845091
v -0.148022 -0.173027 -0.845091
v -0.138671 -0.181445 -0.866353
v -0.148022 -0.181445 -0.866353
v -0.138671 -0.194887 -0.884853
v -0.148022 -0.194887 -0.884853
v -0.138671 -0.212507 -0.899429
v -0.148022 -0.212507 -0.899429
v -0.138671 -0.233198 -0.909166
v -0.148022 -0.233198 -0.909166
v -0.138671 -0.255661 -0.913451
v -0.148022 -0.255661 -0.913451
v -0.138671 -0.278483 -0.912015
v -0.148022 -0.278483 -0.912015
v -0.138671 -0.300232 -0.904948
v -0.148022 -0.300232 -0.904948
v -0.138671 -0.319539 -0.892695
v -0.148022 -0.319539 -0.892695
v -0.138671 -0.335193 -0.876026
v -0.148022 -0.335194 -0.876026
v -0.138671 -0.346210 -0.855986
v -0.148022 -0.346210 -0.855986
v -0.138671 -0.351897 -0.833837
v -0.148022 -0.351897 -0.833837
v -0.148022 -0.337293 0.432380
v -0.171024 -0.337293 0.451573
v -0.148022 -0.337293 0.451573
v -0.171024 -0.337293 0.432380
v -0.148022 -0.332520 0.413791
v -0.171024 -0.332520 0.413791
v -0.148022 -0.323274 0.396973
v -0.171024 -0.323274 0.396973
v -0.148022 -0.310136 0.382982
v -0.171024 -0.310136 0.382982
v -0.148022 -0.293931 0.372698
v -0.171024 -0.293931 0.372698
v -0.148022 -0.275678 0.366767
v -0.171024 -0.275678 0.366767
v -0.148022 -0.256523 0.365562
v -0.171024 -0.256523 0.365562
v -0.148022 -0.237671 0.369159
v -0.171024 -0.237671 0.369159
v -0.148022 -0.220305 0.377330
v -0.171024 -0.220305 0.377330
v -0.148022 -0.205517 0.389564
v -0.171024 -0.205517 0.389564
v -0.148022 -0.194236 0.405091
v -0.171024 -0.194236 0.405091
v -0.148022 -0.187171 0.422936
v -0.171024 -0.187171 0.422936
v -0.148022 -0.184765 0.441977
v -0.171024 -0.184765 0.441977
v -0.148022 -0.187171 0.461018
v -0.171024 -0.187171 0.461018
v -0.148022 -0.194236 0.478862
v -0.171024 -0.194236 0.478862
v -0.148022 -0.205517 0.494389
v -0.171024 -0.205517 0.494389
v -0.148022 -0.220305 0.506623
v -0.171024 -0.220305 0.506623
v -0.148022 -0.237671 0.514795
v -0.171024 -0.237671 0.514795
v -0.148022 -0.256523 0.518391
v -0.171024 -0.256523 0.518391
v -0.148022 -0.275678 0.517186
v -0.171024 -0.275678 0.517186
v -0.148022 -0.293931 0.511255
v -0.171024 -0.293931 0.511255
v -0.148022 -0.310136 0.500971
v -0.171024 -0.310136 0.500971
v -0.148022 -0.323274 0.486981
v -0.171024 -0.323274 0.486981
v -0.148022 -0.332520 0.470162
v -0.171024 -0.332520 0.470162
v -0.148022 -0.337293 0.451573
v -0.171024 -0.337293 0.451573
v -0.148022 -0.340635 0.473362
v -0.171024 -0.345950 0.452662
v -0.148022 -0.345950 0.452662
v -0.171024 -0.340635 0.473362
v -0.148022 -0.330339 0.492089
v -0.171024 -0.330339 0.492089
v -0.148022 -0.315710 0.507668
v -0.171024 -0.315710 0.507668
v -0.148022 -0.297666 0.519120
v -0.171024 -0.297666 0.519120
v -0.148022 -0.277341 0.525723
v -0.171024 -0.277341 0.525723
v -0.148022 -0.256012 0.527065
v -0.171024 -0.256012 0.527065
v -0.148022 -0.235019 0.523061
v -0.171024 -0.235019 0.523061
v -0.148022 -0.215682 0.513961
v -0.171024 -0.215682 0.513961
v -0.148022 -0.199216 0.500339
v -0.171024 -0.199216 0.500339
v -0.148022 -0.186654 0.483049
v -0.171024 -0.186654 0.483049
v -0.148022 -0.178787 0.463179
v -0.171024 -0.178787 0.463179
v -0.148022 -0.176108 0.441977
v -0.171024 -0.176108 0.441977
v -0.148022 -0.178787 0.420774
v -0.171024 -0.178787 0.420774
v -0.148022 -0.186654 0.400904
v -0.171024 -0.186654 0.400904
v -0.148022 -0.199216 0.383614
v -0.171024 -0.199216 0.383614
v -0.148022 -0.215682 0.369992
v -0.171024 -0.215682 0.369992
v -0.148022 -0.235019 0.360893
v -0.171024 -0.235019 0.360893
v -0.148022 -0.256012 0.356888
v -0.171024 -0.256012 0.356888
v -0.148022 -0.277341 0.358230
v -0.171024 -0.277341 0.358230
v -0.148022 -0.297666 0.364834
v -0.171024 -0.297666 0.364834
v -0.148022 -0.315710 0.376285
v -0.171024 -0.315710 0.376285
v -0.148022 -0.330339 0.391864
v -0.171024 -0.330339 0.391864
v -0.148022 -0.340635 0.410592
v -0.171024 -0.340635 0.410592
v -0.148022 -0.345950 0.431291
v -0.171024 -0.345950 0.431291
v -0.148022 -0.345950 0.452662
v -0.171024 -0.345950 0.452662
v -0.185973 -0.241950 0.468666
v -0.170937 -0.242010 0.415464
v -0.170937 -0.241783 0.468666
v -0.185973 -0.242010 0.415464
v -0.170937 -0.283436 0.415450
v -0.185973 -0.283436 0.415450
v -0.177233 -0.226846 0.559952
v -0.188848 -0.239273 0.559952
v -0.177233 -0.239273 0.559952
v -0.188848 -0.226846 0.559952
v -0.177233 -0.226825 0.570360
v -0.188848 -0.226825 0.570360
v -0.177233 -0.239252 0.570360
v -0.188848 -0.239252 0.570360
v -0.185973 -0.283783 0.579591
v -0.170937 -0.286769 0.573404
v -0.170937 -0.283783 0.579591
v -0.185974 -0.286769 0.573404
v -0.177233 -0.239273 0.559952
v -0.188848 -0.239273 0.559952
v -0.185973 -0.271196 0.527843
v -0.177233 -0.240532 0.551050
v -0.177233 -0.271196 0.527843
v -0.185973 -0.240532 0.551050
v -0.138671 -0.173027 0.419289
v -0.138671 -0.170161 0.441977
v -0.138671 -0.173027 0.464664
v -0.138671 -0.181445 0.398027
v -0.138671 -0.194887 0.379527
v -0.138671 -0.212507 0.364950
v -0.138671 -0.233198 0.355214
v -0.138671 -0.255661 0.350929
v -0.138671 -0.278483 0.352365
v -0.138671 -0.300232 0.359431
v -0.138671 -0.319540 0.371684
v -0.138671 -0.335194 0.388354
v -0.138671 -0.346210 0.408393
v -0.138671 -0.351897 0.430543
v -0.138671 -0.351897 0.453410
v -0.138671 -0.346210 0.475560
v -0.138671 -0.335194 0.495599
v -0.138671 -0.319540 0.512269
v -0.138671 -0.300232 0.524522
v -0.138671 -0.278483 0.531588
v -0.138671 -0.255661 0.533024
v -0.138671 -0.233198 0.528739
v -0.138671 -0.212507 0.519003
v -0.138671 -0.194887 0.504426
v -0.138671 -0.181445 0.485926
v -0.188848 -0.274550 0.527915
v -0.185973 -0.271196 0.527843
v -0.188848 -0.267831 0.516566
v -0.185973 -0.265620 0.518431
v -0.188848 -0.252476 0.507710
v -0.185973 -0.251836 0.510538
v -0.188848 -0.233579 0.508565
v -0.185973 -0.233593 0.511528
v -0.188848 -0.224135 0.513916
v -0.185973 -0.226237 0.516066
v -0.188848 -0.218864 0.523376
v -0.185973 -0.221741 0.524104
v -0.188848 -0.218813 0.536941
v -0.185973 -0.221685 0.536358
v -0.185973 -0.223461 0.542902
v -0.188848 -0.221032 0.544542
v -0.185973 -0.228884 0.548325
v -0.188848 -0.227705 0.551347
v -0.188848 -0.240052 0.554444
v -0.185973 -0.240532 0.551050
v -0.185974 -0.286769 0.573404
v -0.188848 -0.281758 0.576716
v -0.188848 -0.284582 0.570382
v -0.185973 -0.283783 0.579591
v -0.148022 -0.233198 0.528739
v -0.148022 -0.212507 0.519003
v -0.148022 -0.194887 0.504426
v -0.148022 -0.255661 0.533024
v -0.148022 -0.278483 0.531588
v -0.148022 -0.300232 0.524522
v -0.148022 -0.319540 0.512269
v -0.148022 -0.335194 0.495599
v -0.148022 -0.346210 0.475560
v -0.148022 -0.351897 0.453410
v -0.148022 -0.351897 0.430543
v -0.148022 -0.346210 0.408393
v -0.148022 -0.335194 0.388354
v -0.148022 -0.319540 0.371684
v -0.148022 -0.300232 0.359431
v -0.148022 -0.278483 0.352365
v -0.148022 -0.255661 0.350929
v -0.148022 -0.233198 0.355214
v -0.148022 -0.212507 0.364950
v -0.148022 -0.194887 0.379527
v -0.148022 -0.181445 0.398027
v -0.148022 -0.173027 0.419289
v -0.148022 -0.170161 0.441977
v -0.148022 -0.173027 0.464664
v -0.148022 -0.181445 0.485926
v -0.188848 -0.284582 0.686572
v -0.185973 -0.286769 0.683537
v -0.188848 -0.309024 0.684364
v -0.185973 -0.307776 0.681725
v -0.188848 -0.316894 0.666535
v -0.185973 -0.314058 0.665998
v -0.185973 -0.314153 0.636734
v -0.188848 -0.316894 0.590419
v -0.185973 -0.314153 0.620220
v -0.185973 -0.314058 0.590956
v -0.185973 -0.307776 0.575229
v -0.188848 -0.309024 0.572590
v -0.138671 -0.233198 0.727947
v -0.138671 -0.212507 0.737684
v -0.138671 -0.194887 0.752260
v -0.138671 -0.255661 0.723662
v -0.138671 -0.278483 0.725098
v -0.138671 -0.300232 0.732165
v -0.138671 -0.319540 0.744418
v -0.138671 -0.335194 0.761088
v -0.138671 -0.346210 0.781127
v -0.138671 -0.351897 0.803276
v -0.138671 -0.351897 0.826144
v -0.138671 -0.346210 0.848293
v -0.138671 -0.335194 0.868332
v -0.138671 -0.319540 0.885002
v -0.138671 -0.300232 0.897255
v -0.138671 -0.278483 0.904322
v -0.138671 -0.255661 0.905758
v -0.138671 -0.233198 0.901473
v -0.138671 -0.212507 0.891736
v -0.138671 -0.194887 0.877159
v -0.138671 -0.181445 0.858659
v -0.138671 -0.173027 0.837397
v -0.138671 -0.170161 0.814710
v -0.138671 -0.173027 0.792022
v -0.138671 -0.181445 0.770761
v -0.170937 -0.295733 0.468666
v -0.185973 -0.295733 0.468666
v -0.185973 -0.251437 0.468666
v -0.148022 -0.173027 0.837397
v -0.148022 -0.170161 0.814710
v -0.148022 -0.173027 0.792022
v -0.148022 -0.181445 0.858659
v -0.148022 -0.194887 0.877159
v -0.148022 -0.212507 0.891736
v -0.148022 -0.233198 0.901473
v -0.148022 -0.255661 0.905758
v -0.148022 -0.278483 0.904322
v -0.148022 -0.300232 0.897255
v -0.148022 -0.319540 0.885002
v -0.148022 -0.335194 0.868332
v -0.148022 -0.346210 0.848293
v -0.148022 -0.351897 0.826144
v -0.148022 -0.351897 0.803276
v -0.148022 -0.346210 0.781127
v -0.148022 -0.335194 0.761088
v -0.148022 -0.319540 0.744418
v -0.148022 -0.300232 0.732165
v -0.148022 -0.278483 0.725098
v -0.148022 -0.255661 0.723662
v -0.148022 -0.233198 0.727947
v -0.148022 -0.212507 0.737684
v -0.148022 -0.194887 0.752260
v -0.148022 -0.181445 0.770761
v 0.198313 -0.289981 0.421295
v 0.198313 -0.279674 0.416331
v 0.198313 -0.268234 0.416331
v 0.198313 -0.297113 0.430239
v 0.198313 -0.299659 0.441392
v 0.198313 -0.297113 0.452544
v 0.198313 -0.289981 0.461488
v 0.198313 -0.279674 0.466452
v 0.198313 -0.268234 0.466452
v 0.198313 -0.257927 0.461488
v 0.198313 -0.250795 0.452544
v 0.198313 -0.248249 0.441392
v 0.198313 -0.250795 0.430239
v 0.198313 -0.257927 0.421295
v -0.198113 -0.257927 0.461488
v -0.198113 -0.250795 0.452544
v -0.198113 -0.248440 0.441543
v -0.198113 -0.268234 0.466452
v -0.198113 -0.279674 0.466452
v -0.198113 -0.289981 0.461488
v -0.198113 -0.297113 0.452544
v -0.198113 -0.299659 0.441392
v -0.198113 -0.297113 0.430239
v -0.198113 -0.289981 0.421295
v -0.198113 -0.279674 0.416331
v -0.198113 -0.268234 0.416331
v -0.198113 -0.250795 0.430239
v -0.198113 -0.257927 0.421295
v 0.148237 -0.340635 -0.481055
v 0.171239 -0.345950 -0.460356
v 0.148237 -0.345950 -0.460356
v 0.171239 -0.340635 -0.481055
v 0.148237 -0.330339 -0.499783
v 0.171239 -0.330339 -0.499783
v 0.148237 -0.315710 -0.515362
v 0.171239 -0.315710 -0.515362
v 0.148237 -0.297666 -0.526813
v 0.171239 -0.297666 -0.526813
v 0.148237 -0.277341 -0.533417
v 0.171239 -0.277341 -0.533417
v 0.148237 -0.256012 -0.534759
v 0.171239 -0.256012 -0.534759
v 0.148237 -0.235019 -0.530754
v 0.171239 -0.235019 -0.530754
v 0.148237 -0.215682 -0.521655
v 0.171239 -0.215682 -0.521655
v 0.148237 -0.199215 -0.508032
v 0.171239 -0.199215 -0.508032
v 0.148237 -0.186654 -0.490743
v 0.171239 -0.186654 -0.490743
v 0.148237 -0.178787 -0.470873
v 0.171239 -0.178787 -0.470873
v 0.148237 -0.176108 -0.449670
v 0.171239 -0.176108 -0.449670
v 0.148237 -0.178787 -0.428468
v 0.171239 -0.178787 -0.428468
v 0.148237 -0.186654 -0.408597
v 0.171239 -0.186654 -0.408597
v 0.148237 -0.199216 -0.391308
v 0.171239 -0.199216 -0.391308
v 0.148237 -0.215682 -0.377685
v 0.171239 -0.215682 -0.377685
v 0.148237 -0.235019 -0.368586
v 0.171239 -0.235019 -0.368586
v 0.148237 -0.256012 -0.364581
v 0.171239 -0.256012 -0.364581
v 0.148237 -0.277341 -0.365923
v 0.171239 -0.277341 -0.365923
v 0.148237 -0.297666 -0.372527
v 0.171239 -0.297666 -0.372527
v 0.148237 -0.315710 -0.383978
v 0.171239 -0.315710 -0.383978
v 0.148237 -0.330339 -0.399557
v 0.171239 -0.330339 -0.399557
v 0.148237 -0.340635 -0.418285
v 0.171239 -0.340635 -0.418285
v 0.148237 -0.345950 -0.438985
v 0.171239 -0.345950 -0.438985
v 0.148237 -0.345950 -0.460356
v 0.171239 -0.345950 -0.460356
v -0.183920 -0.295745 0.484020
v -0.170937 -0.295745 0.484020
v -0.185973 -0.295743 0.482140
v -0.185973 -0.223237 0.579591
v -0.188848 -0.220707 0.576716
v -0.170937 -0.223237 0.579591
v -0.185973 -0.223237 0.579591
v 0.138885 -0.173027 -0.426983
v 0.138885 -0.170161 -0.449670
v 0.138885 -0.173027 -0.472357
v 0.138885 -0.181445 -0.405721
v 0.138885 -0.194887 -0.387220
v 0.138885 -0.212506 -0.372644
v 0.138885 -0.233198 -0.362907
v 0.138885 -0.255661 -0.358622
v 0.138885 -0.278483 -0.360058
v 0.138885 -0.300232 -0.367125
v 0.138885 -0.319539 -0.379378
v 0.138885 -0.335194 -0.396048
v 0.138885 -0.346210 -0.416087
v 0.138885 -0.351897 -0.438236
v 0.138885 -0.351897 -0.461104
v 0.138885 -0.346210 -0.483253
v 0.138885 -0.335193 -0.503292
v 0.138885 -0.319539 -0.519962
v 0.138885 -0.300232 -0.532215
v 0.138885 -0.278483 -0.539282
v 0.138885 -0.255660 -0.540718
v 0.138885 -0.233198 -0.536433
v 0.138885 -0.212506 -0.526696
v 0.138885 -0.194887 -0.512120
v 0.138885 -0.181445 -0.493619
v -0.170937 -0.314153 0.620220
v -0.178853 -0.307260 0.620220
v -0.185973 -0.314153 0.620220
v -0.178853 -0.307260 0.591404
v -0.185973 -0.314058 0.590956
v 0.148237 -0.233198 -0.536433
v 0.148237 -0.212506 -0.526696
v 0.148237 -0.194887 -0.512120
v 0.148237 -0.255660 -0.540718
v 0.148237 -0.278483 -0.539282
v 0.148237 -0.300232 -0.532215
v 0.148237 -0.319539 -0.519962
v 0.148237 -0.335193 -0.503292
v 0.148237 -0.346210 -0.483253
v 0.148237 -0.351897 -0.461104
v 0.148237 -0.351897 -0.438236
v 0.148237 -0.346210 -0.416087
v 0.148237 -0.335194 -0.396048
v 0.148237 -0.319539 -0.379378
v 0.148237 -0.300232 -0.367125
v 0.148237 -0.278483 -0.360058
v 0.148237 -0.255661 -0.358622
v 0.148237 -0.233198 -0.362907
v 0.148237 -0.212506 -0.372644
v 0.148237 -0.194887 -0.387220
v 0.148237 -0.181445 -0.405721
v 0.148237 -0.173027 -0.426983
v 0.148237 -0.170161 -0.449670
v 0.148237 -0.173027 -0.472357
v 0.148237 -0.181445 -0.493619
v 0.138885 -0.351897 -0.461104
v 0.148237 -0.351897 -0.438236
v 0.138885 -0.351897 -0.438236
v 0.148237 -0.351897 -0.461104
v 0.138885 -0.346210 -0.483253
v 0.148237 -0.346210 -0.483253
v 0.138885 -0.335193 -0.503292
v 0.148237 -0.335193 -0.503292
v 0.138885 -0.319539 -0.519962
v 0.148237 -0.319539 -0.519962
v 0.138885 -0.300232 -0.532215
v 0.148237 -0.300232 -0.532215
v 0.138885 -0.278483 -0.539282
v 0.148237 -0.278483 -0.539282
v 0.138885 -0.255660 -0.540718
v 0.148237 -0.255660 -0.540718
v 0.138885 -0.233198 -0.536433
v 0.148237 -0.233198 -0.536433
v 0.138885 -0.212506 -0.526696
v 0.148237 -0.212506 -0.526696
v 0.138885 -0.194887 -0.512120
v 0.148237 -0.194887 -0.512120
v 0.138885 -0.181445 -0.493619
v 0.148237 -0.181445 -0.493619
v 0.138885 -0.173027 -0.472357
v 0.148237 -0.173027 -0.472357
v 0.138885 -0.170161 -0.449670
v 0.148237 -0.170161 -0.449670
v 0.138885 -0.173027 -0.426983
v 0.148237 -0.173027 -0.426983
v 0.138885 -0.181445 -0.405721
v 0.148237 -0.181445 -0.405721
v 0.138885 -0.194887 -0.387220
v 0.148237 -0.194887 -0.387220
v 0.138885 -0.212506 -0.372644
v 0.148237 -0.212506 -0.372644
v 0.138885 -0.233198 -0.362907
v 0.148237 -0.233198 -0.362907
v 0.138885 -0.255661 -0.358622
v 0.148237 -0.255661 -0.358622
v 0.138885 -0.278483 -0.360058
v 0.148237 -0.278483 -0.360058
v 0.138885 -0.300232 -0.367125
v 0.148237 -0.300232 -0.367125
v 0.138885 -0.319539 -0.379378
v 0.148237 -0.319539 -0.379378
v 0.138885 -0.335194 -0.396048
v 0.148237 -0.335194 -0.396048
v 0.138885 -0.346210 -0.416087
v 0.148237 -0.346210 -0.416087
v 0.138885 -0.351897 -0.438236
v 0.148237 -0.351897 -0.438236
v -0.170937 -0.314058 0.590956
v -0.170937 -0.314153 0.620220
v -0.170937 -0.314058 0.590956
v -0.170937 -0.314153 0.620220
v -0.170937 -0.314153 0.636734
v -0.185973 -0.201878 0.835035
v -0.170937 -0.201878 0.421919
v -0.185973 -0.201878 0.421919
v -0.170937 -0.201878 0.835035
v 0.138885 -0.233198 -0.735641
v 0.138885 -0.212506 -0.745377
v 0.138885 -0.194887 -0.759954
v 0.138885 -0.255660 -0.731356
v 0.138885 -0.278483 -0.732791
v 0.138885 -0.300232 -0.739858
v 0.138885 -0.319539 -0.752111
v 0.138885 -0.335193 -0.768781
v 0.138885 -0.346210 -0.788820
v 0.138885 -0.351897 -0.810969
v 0.138885 -0.351897 -0.833837
v 0.138885 -0.346210 -0.855986
v 0.138885 -0.335193 -0.876026
v 0.138885 -0.319539 -0.892695
v 0.138885 -0.300232 -0.904948
v 0.138885 -0.278483 -0.912015
v 0.138885 -0.255660 -0.913451
v 0.138885 -0.233198 -0.909166
v 0.138885 -0.212506 -0.899429
v 0.138885 -0.194887 -0.884853
v 0.138885 -0.181445 -0.866353
v 0.138885 -0.173027 -0.845091
v 0.138885 -0.170161 -0.822403
v 0.138885 -0.173027 -0.799716
v 0.138885 -0.181445 -0.778454
v -0.170937 -0.283436 0.844798
v -0.185973 -0.246429 0.863433
v -0.188848 -0.283436 0.844798
v -0.170937 -0.246429 0.863433
v -0.170937 -0.232885 0.863433
v -0.185973 -0.232885 0.863433
v -0.170937 -0.217878 0.857266
v -0.185973 -0.217878 0.857266
v -0.170937 -0.208066 0.847302
v -0.185973 -0.208066 0.847302
v -0.170937 -0.201878 0.835035
v -0.185973 -0.201878 0.835035
v -0.177233 -0.228884 0.708628
v -0.185973 -0.240532 0.705904
v -0.177233 -0.240532 0.705904
v -0.185973 -0.228884 0.708628
v -0.177233 -0.223461 0.714052
v -0.185973 -0.223461 0.714052
v -0.177233 -0.221685 0.720596
v -0.185973 -0.221685 0.720596
v -0.177233 -0.221741 0.732850
v -0.185973 -0.221741 0.732850
v -0.177233 -0.226237 0.740888
v -0.185973 -0.226237 0.740888
v -0.177233 -0.233593 0.745426
v -0.185973 -0.233593 0.745426
v -0.177233 -0.251836 0.746415
v -0.185973 -0.251836 0.746415
v -0.177233 -0.265620 0.738522
v -0.185973 -0.265620 0.738522
v -0.177233 -0.271196 0.729111
v -0.185973 -0.271196 0.729111
v -0.170937 -0.283436 0.841367
v -0.185973 -0.241553 0.841406
v -0.170937 -0.241553 0.841406
v -0.185973 -0.283436 0.841367
v 0.148237 -0.173027 -0.845091
v 0.148237 -0.170161 -0.822403
v 0.148237 -0.173027 -0.799716
v 0.148237 -0.181445 -0.866353
v 0.148237 -0.194887 -0.884853
v 0.148237 -0.212506 -0.899429
v 0.148237 -0.233198 -0.909166
v 0.148237 -0.255660 -0.913451
v 0.148237 -0.278483 -0.912015
v 0.148237 -0.300232 -0.904948
v 0.148237 -0.319539 -0.892695
v 0.148237 -0.335193 -0.876026
v 0.148237 -0.346210 -0.855986
v 0.148237 -0.351897 -0.833837
v 0.148237 -0.351897 -0.810969
v 0.148237 -0.346210 -0.788820
v 0.148237 -0.335193 -0.768781
v 0.148237 -0.319539 -0.752111
v 0.148237 -0.300232 -0.739858
v 0.148237 -0.278483 -0.732791
v 0.148237 -0.255660 -0.731356
v 0.148237 -0.233198 -0.735641
v 0.148237 -0.212506 -0.745377
v 0.148237 -0.194887 -0.759954
v 0.148237 -0.181445 -0.778454
v -0.188848 -0.239252 0.686594
v -0.177233 -0.239273 0.697002
v -0.177233 -0.239252 0.686594
v -0.188848 -0.239273 0.697002
v -0.177233 -0.226846 0.697010
v -0.188848 -0.226846 0.697010
v -0.177233 -0.226825 0.686594
v -0.188848 -0.226825 0.686594
v -0.177233 -0.239252 0.686594
v -0.188848 -0.239252 0.686594
v -0.170937 -0.286769 0.683537
v -0.185973 -0.283783 0.677363
v -0.170937 -0.283783 0.677363
v -0.185973 -0.286769 0.683537
v -0.185973 -0.332379 0.694859
v -0.170937 -0.279105 0.751980
v -0.185973 -0.279105 0.751980
v -0.170937 -0.332379 0.694859
v -0.170937 -0.307776 0.681725
v -0.185973 -0.307776 0.681725
v -0.170937 -0.314058 0.665998
v -0.185973 -0.314058 0.665998
v -0.185973 -0.241673 0.788288
v -0.170937 -0.241673 0.788288
v -0.177233 -0.240532 0.705904
v -0.185973 -0.240532 0.705904
v -0.188848 -0.281758 0.680237
v -0.185973 -0.283783 0.677363
v -0.185973 -0.268649 0.762529
v -0.185973 -0.277157 0.753925
v -0.185973 -0.277152 0.769845
v -0.185973 -0.265169 0.775260
v -0.185973 -0.284587 0.774814
v -0.185973 -0.259965 0.782898
v -0.185973 -0.295733 0.788288
v -0.185973 -0.251437 0.788288
v -0.185973 -0.295743 0.774814
v -0.183920 -0.295745 0.772934
v -0.183920 -0.285544 0.772934
v -0.170937 -0.295745 0.772934
v -0.170937 -0.285544 0.772934
v -0.183920 -0.279073 0.768977
v -0.170937 -0.279073 0.768977
v -0.138671 -0.233198 -0.536433
v -0.138671 -0.212506 -0.526696
v -0.138671 -0.194887 -0.512120
v -0.138671 -0.255660 -0.540718
v -0.138671 -0.278483 -0.539282
v -0.138671 -0.300232 -0.532215
v -0.138671 -0.319539 -0.519962
v -0.138671 -0.335193 -0.503292
v -0.138671 -0.346210 -0.483253
v -0.138671 -0.351897 -0.461104
v -0.138671 -0.351897 -0.438236
v -0.138671 -0.346210 -0.416087
v -0.138671 -0.335194 -0.396048
v -0.138671 -0.319539 -0.379378
v -0.138671 -0.300232 -0.367125
v -0.138671 -0.278483 -0.360058
v -0.138671 -0.255661 -0.358622
v -0.138671 -0.233198 -0.362907
v -0.138671 -0.212507 -0.372644
v -0.138671 -0.194887 -0.387220
v -0.138671 -0.181445 -0.405721
v -0.138671 -0.173027 -0.426983
v -0.138671 -0.170161 -0.449670
v -0.138671 -0.173027 -0.472357
v -0.138671 -0.181445 -0.493619
v -0.183920 -0.285544 0.772934
v -0.183920 -0.295745 0.772934
v -0.183920 -0.279073 0.768977
v -0.185973 -0.279105 0.751980
v -0.148022 -0.173027 -0.426983
v -0.148022 -0.170161 -0.449670
v -0.148022 -0.173027 -0.472357
v -0.148022 -0.181445 -0.405721
v -0.148022 -0.194887 -0.387220
v -0.148022 -0.212507 -0.372644
v -0.148022 -0.233198 -0.362907
v -0.148022 -0.255661 -0.358622
v -0.148022 -0.278483 -0.360058
v -0.148022 -0.300232 -0.367125
v -0.148022 -0.319539 -0.379378
v -0.148022 -0.335194 -0.396048
v -0.148022 -0.346210 -0.416087
v -0.148022 -0.351897 -0.438236
v -0.148022 -0.351897 -0.461104
v -0.148022 -0.346210 -0.483253
v -0.148022 -0.335193 -0.503292
v -0.148022 -0.319539 -0.519962
v -0.148022 -0.300232 -0.532215
v -0.148022 -0.278483 -0.539282
v -0.148022 -0.255660 -0.540718
v -0.148022 -0.233198 -0.536433
v -0.148022 -0.212506 -0.526696
v -0.148022 -0.194887 -0.512120
v -0.148022 -0.181445 -0.493619
v -0.170937 -0.295733 0.788288
v -0.185973 -0.295733 0.788288
v -0.185973 -0.295743 0.774814
v -0.185973 -0.223237 0.677363
v -0.188848 -0.220707 0.680238
v -0.170937 -0.223237 0.677363
v -0.185973 -0.223237 0.677363
v 0.138885 -0.233198 0.528739
v 0.138885 -0.212506 0.519003
v 0.138885 -0.194887 0.504426
v 0.138885 -0.255660 0.533024
v 0.138885 -0.278483 0.531588
v 0.138885 -0.300232 0.524522
v 0.138885 -0.319539 0.512269
v 0.138885 -0.335194 0.495599
v 0.138885 -0.346210 0.475560
v 0.138885 -0.351897 0.453410
v 0.138885 -0.351897 0.430543
v 0.138885 -0.346210 0.408393
v 0.138885 -0.335194 0.388354
v 0.138885 -0.319539 0.371684
v 0.138885 -0.300232 0.359431
v 0.138885 -0.278483 0.352365
v 0.138885 -0.255661 0.350929
v 0.138885 -0.233198 0.355214
v 0.138885 -0.212507 0.364950
v 0.138885 -0.194887 0.379527
v 0.138885 -0.181445 0.398027
v 0.138885 -0.173027 0.419289
v 0.138885 -0.170161 0.441977
v 0.138885 -0.173027 0.464664
v 0.138885 -0.181445 0.485926
v -0.170937 -0.314153 0.636734
v -0.185973 -0.314153 0.636734
v -0.178853 -0.307260 0.636734
v -0.178853 -0.307260 0.665550
v -0.185973 -0.314058 0.665998
v 0.148237 -0.173027 0.419289
v 0.148237 -0.170161 0.441977
v 0.148237 -0.173027 0.464664
v 0.148237 -0.181445 0.398027
v 0.148237 -0.194887 0.379527
v 0.148237 -0.212507 0.364950
v 0.148237 -0.233198 0.355214
v 0.148237 -0.255661 0.350929
v 0.148237 -0.278483 0.352365
v 0.148237 -0.300232 0.359431
v 0.148237 -0.319539 0.371684
v 0.148237 -0.335194 0.388354
v 0.148237 -0.346210 0.408393
v 0.148237 -0.351897 0.430543
v 0.148237 -0.351897 0.453410
v 0.148237 -0.346210 0.475560
v 0.148237 -0.335194 0.495599
v 0.148237 -0.319539 0.512269
v 0.148237 -0.300232 0.524522
v 0.148237 -0.278483 0.531588
v 0.148237 -0.255660 0.533024
v 0.148237 -0.233198 0.528739
v 0.148237 -0.212506 0.519003
v 0.148237 -0.194887 0.504426
v 0.148237 -0.181445 0.485926
v 0.148237 -0.337293 -0.440074
v 0.171239 -0.337293 -0.459266
v 0.148237 -0.337293 -0.459266
v 0.171239 -0.337293 -0.440074
v 0.148237 -0.332520 -0.421484
v 0.171239 -0.332520 -0.421484
v 0.148237 -0.323274 -0.404666
v 0.171239 -0.323274 -0.404666
v 0.148237 -0.310136 -0.390675
v 0.171239 -0.310136 -0.390675
v 0.148237 -0.293931 -0.380392
v 0.171239 -0.293931 -0.380392
v 0.148237 -0.275678 -0.374461
v 0.171239 -0.275678 -0.374461
v 0.148237 -0.256523 -0.373256
v 0.171239 -0.256523 -0.373256
v 0.148237 -0.237671 -0.376852
v 0.171239 -0.237671 -0.376852
v 0.148237 -0.220305 -0.385024
v 0.171239 -0.220305 -0.385024
v 0.148237 -0.205517 -0.397258
v 0.171239 -0.205517 -0.397257
v 0.148237 -0.194236 -0.412784
v 0.171239 -0.194236 -0.412784
v 0.148237 -0.187171 -0.430629
v 0.171239 -0.187171 -0.430629
v 0.148237 -0.184765 -0.449670
v 0.171239 -0.184765 -0.449670
v 0.148237 -0.187171 -0.468711
v 0.171239 -0.187171 -0.468711
v 0.148237 -0.194236 -0.486556
v 0.171239 -0.194236 -0.486556
v 0.148237 -0.205517 -0.502083
v 0.171239 -0.205517 -0.502083
v 0.148237 -0.220305 -0.514316
v 0.171239 -0.220305 -0.514316
v 0.148237 -0.237671 -0.522488
v 0.171239 -0.237671 -0.522488
v 0.148237 -0.256523 -0.526084
v 0.171239 -0.256523 -0.526084
v 0.148237 -0.275678 -0.524879
v 0.171239 -0.275678 -0.524879
v 0.148237 -0.293931 -0.518949
v 0.171239 -0.293931 -0.518949
v 0.148237 -0.310136 -0.508665
v 0.171239 -0.310136 -0.508665
v 0.148237 -0.323274 -0.494674
v 0.171239 -0.323274 -0.494674
v 0.148237 -0.332520 -0.477856
v 0.171239 -0.332520 -0.477856
v 0.148237 -0.337293 -0.459266
v 0.171239 -0.337293 -0.459266
v -0.148022 -0.337293 -0.831999
v -0.171024 -0.337293 -0.812807
v -0.148022 -0.337293 -0.812807
v -0.171024 -0.337293 -0.831999
v -0.148022 -0.332520 -0.850589
v -0.171024 -0.332520 -0.850589
v -0.148022 -0.323274 -0.867407
v -0.171024 -0.323274 -0.867407
v -0.148022 -0.310136 -0.881398
v -0.171024 -0.310136 -0.881398
v -0.148022 -0.293931 -0.891682
v -0.171024 -0.293931 -0.891682
v -0.148022 -0.275678 -0.897612
v -0.171024 -0.275678 -0.897612
v -0.148022 -0.256523 -0.898817
v -0.171024 -0.256523 -0.898817
v -0.148022 -0.237671 -0.895221
v -0.171024 -0.237671 -0.895221
v -0.148022 -0.220305 -0.887049
v -0.171024 -0.220305 -0.887050
v -0.148022 -0.205517 -0.874816
v -0.171024 -0.205517 -0.874816
v -0.148022 -0.194236 -0.859289
v -0.171024 -0.194236 -0.859289
v -0.148022 -0.187171 -0.841444
v -0.171024 -0.187171 -0.841444
v -0.148022 -0.184765 -0.822403
v -0.171024 -0.184765 -0.822403
v -0.148022 -0.187171 -0.803362
v -0.171024 -0.187171 -0.803362
v -0.148022 -0.194236 -0.785517
v -0.171024 -0.194236 -0.785517
v -0.148022 -0.205517 -0.769990
v -0.171024 -0.205517 -0.769990
v -0.148022 -0.220305 -0.757757
v -0.171024 -0.220305 -0.757757
v -0.148022 -0.237671 -0.749585
v -0.171024 -0.237671 -0.749585
v -0.148022 -0.256523 -0.745989
v -0.171024 -0.256523 -0.745989
v -0.148022 -0.275678 -0.747194
v -0.171024 -0.275678 -0.747194
v -0.148022 -0.293931 -0.753125
v -0.171024 -0.293931 -0.753125
v -0.148022 -0.310136 -0.763408
v -0.171024 -0.310136 -0.763408
v -0.148022 -0.323274 -0.777399
v -0.171024 -0.323274 -0.777399
v -0.148022 -0.332520 -0.794217
v -0.171024 -0.332520 -0.794217
v -0.148022 -0.337293 -0.812807
v -0.171024 -0.337293 -0.812807
v -0.148022 -0.351897 0.430543
v -0.148022 -0.346210 0.408393
v -0.138671 -0.351897 0.430543
v -0.138671 -0.346210 0.408393
v -0.148022 -0.335194 0.388354
v -0.138671 -0.335194 0.388354
v -0.148022 -0.319540 0.371684
v -0.138671 -0.319540 0.371684
v -0.148022 -0.300232 0.359431
v -0.138671 -0.300232 0.359431
v -0.148022 -0.278483 0.352365
v -0.138671 -0.278483 0.352365
v -0.148022 -0.255661 0.350929
v -0.138671 -0.255661 0.350929
v -0.148022 -0.233198 0.355214
v -0.138671 -0.233198 0.355214
v -0.148022 -0.212507 0.364950
v -0.138671 -0.212507 0.364950
v -0.148022 -0.194887 0.379527
v -0.138671 -0.194887 0.379527
v -0.148022 -0.181445 0.398027
v -0.138671 -0.181445 0.398027
v -0.148022 -0.173027 0.419289
v -0.138671 -0.173027 0.419289
v -0.148022 -0.170161 0.441977
v -0.138671 -0.170161 0.441977
v -0.148022 -0.173027 0.464664
v -0.138671 -0.173027 0.464664
v -0.148022 -0.181445 0.485926
v -0.138671 -0.181445 0.485926
v -0.148022 -0.194887 0.504426
v -0.138671 -0.194887 0.504426
v -0.148022 -0.212507 0.519003
v -0.138671 -0.212507 0.519003
v -0.148022 -0.233198 0.528739
v -0.138671 -0.233198 0.528739
v -0.148022 -0.255661 0.533024
v -0.138671 -0.255661 0.533024
v -0.148022 -0.278483 0.531588
v -0.138671 -0.278483 0.531588
v -0.148022 -0.300232 0.524522
v -0.138671 -0.300232 0.524522
v -0.148022 -0.319540 0.512269
v -0.138671 -0.319540 0.512269
v -0.148022 -0.335194 0.495599
v -0.138671 -0.335194 0.495599
v -0.148022 -0.346210 0.475560
v -0.138671 -0.346210 0.475560
v -0.148022 -0.351897 0.453410
v -0.138671 -0.351897 0.453410
v -0.148022 -0.351897 0.430543
v -0.138671 -0.351897 0.430543
v 0.148237 -0.212506 0.519003
v 0.138885 -0.212506 0.519003
v 0.148237 -0.233198 0.528739
v 0.138885 -0.233198 0.528739
v 0.148237 -0.255660 0.533024
v 0.138885 -0.255660 0.533024
v 0.148237 -0.278483 0.531588
v 0.138885 -0.278483 0.531588
v 0.148237 -0.300232 0.524522
v 0.138885 -0.300232 0.524522
v 0.148237 -0.319539 0.512269
v 0.138885 -0.319539 0.512269
v 0.148237 -0.335194 0.495599
v 0.138885 -0.335194 0.495599
v 0.148237 -0.346210 0.475560
v 0.138885 -0.346210 0.475560
v 0.148237 -0.351897 0.453410
v 0.138885 -0.351897 0.453410
v 0.148237 -0.351897 0.430543
v 0.138885 -0.351897 0.430543
v 0.148237 -0.233198 0.355214
v 0.138885 -0.233198 0.355214
v 0.148237 -0.212507 0.364950
v 0.138885 -0.212507 0.364950
v 0.148237 -0.194887 0.379527
v 0.138885 -0.194887 0.379527
v 0.148237 -0.181445 0.398027
v 0.138885 -0.181445 0.398027
v 0.148237 -0.173027 0.419289
v 0.138885 -0.173027 0.419289
v 0.148237 -0.170161 0.441977
v 0.138885 -0.170161 0.441977
v 0.148237 -0.173027 0.464664
v 0.138885 -0.173027 0.464664
v 0.148237 -0.181445 0.485926
v 0.138885 -0.181445 0.485926
v 0.148237 -0.194887 0.504426
v 0.138885 -0.194887 0.504426
v 0.148237 -0.351897 0.430543
v 0.138885 -0.351897 0.430543
v 0.148237 -0.346210 0.408393
v 0.138885 -0.346210 0.408393
v 0.148237 -0.335194 0.388354
v 0.138885 -0.335194 0.388354
v 0.148237 -0.319539 0.371684
v 0.138885 -0.319539 0.371684
v 0.148237 -0.300232 0.359431
v 0.138885 -0.300232 0.359431
v 0.148237 -0.278483 0.352365
v 0.138885 -0.278483 0.352365
v 0.148237 -0.255661 0.350929
v 0.138885 -0.255661 0.350929
v -0.171024 -0.345950 -0.833089
v -0.171024 -0.345950 -0.811718
v -0.171024 -0.337293 -0.831999
v -0.171024 -0.337293 -0.812807
v -0.171024 -0.340635 -0.791018
v -0.171024 -0.332520 -0.794217
v -0.171024 -0.330339 -0.772290
v -0.171024 -0.323274 -0.777399
v -0.171024 -0.315710 -0.756712
v -0.171024 -0.310136 -0.763408
v -0.171024 -0.297666 -0.745260
v -0.171024 -0.293931 -0.753125
v -0.171024 -0.277341 -0.738656
v -0.171024 -0.275678 -0.747194
v -0.171024 -0.256012 -0.737314
v -0.171024 -0.256523 -0.745989
v -0.171024 -0.235019 -0.741319
v -0.171024 -0.237671 -0.749585
v -0.171024 -0.215682 -0.750418
v -0.171024 -0.220305 -0.757757
v -0.171024 -0.199215 -0.764041
v -0.171024 -0.205517 -0.769990
v -0.171024 -0.186654 -0.781330
v -0.171024 -0.194236 -0.785517
v -0.171024 -0.178787 -0.801201
v -0.171024 -0.187171 -0.803362
v -0.171024 -0.176108 -0.822403
v -0.171024 -0.184765 -0.822403
v -0.171024 -0.178787 -0.843606
v -0.171024 -0.187171 -0.841444
v -0.171024 -0.194236 -0.859289
v -0.171024 -0.186654 -0.863476
v -0.171024 -0.205517 -0.874816
v -0.171024 -0.199216 -0.880765
v -0.171024 -0.220305 -0.887050
v -0.171024 -0.215682 -0.894388
v -0.171024 -0.237671 -0.895221
v -0.171024 -0.235019 -0.903487
v -0.171024 -0.256523 -0.898817
v -0.171024 -0.256012 -0.907492
v -0.171024 -0.275678 -0.897612
v -0.171024 -0.277341 -0.906150
v -0.171024 -0.293931 -0.891682
v -0.171024 -0.297666 -0.899546
v -0.171024 -0.310136 -0.881398
v -0.171024 -0.315710 -0.888095
v -0.171024 -0.323274 -0.867407
v -0.171024 -0.330339 -0.872516
v -0.171024 -0.332520 -0.850589
v -0.171024 -0.340635 -0.853788
v -0.148022 -0.212506 -0.526696
v -0.138671 -0.212506 -0.526696
v -0.148022 -0.233198 -0.536433
v -0.138671 -0.233198 -0.536433
v -0.148022 -0.255660 -0.540718
v -0.138671 -0.255660 -0.540718
v -0.148022 -0.278483 -0.539282
v -0.138671 -0.278483 -0.539282
v -0.148022 -0.300232 -0.532215
v -0.138671 -0.300232 -0.532215
v -0.148022 -0.319539 -0.519962
v -0.138671 -0.319539 -0.519962
v -0.148022 -0.335193 -0.503292
v -0.138671 -0.335193 -0.503292
v -0.148022 -0.346210 -0.483253
v -0.138671 -0.346210 -0.483253
v -0.148022 -0.351897 -0.461104
v -0.138671 -0.351897 -0.461104
v -0.148022 -0.351897 -0.438236
v -0.138671 -0.351897 -0.438236
v -0.148022 -0.233198 -0.362907
v -0.138671 -0.233198 -0.362907
v -0.148022 -0.212507 -0.372644
v -0.138671 -0.212507 -0.372644
v -0.148022 -0.194887 -0.387220
v -0.138671 -0.194887 -0.387220
v -0.148022 -0.181445 -0.405721
v -0.138671 -0.181445 -0.405721
v -0.148022 -0.173027 -0.426983
v -0.138671 -0.173027 -0.426983
v -0.148022 -0.170161 -0.449670
v -0.138671 -0.170161 -0.449670
v -0.148022 -0.173027 -0.472357
v -0.138671 -0.173027 -0.472357
v -0.148022 -0.181445 -0.493619
v -0.138671 -0.181445 -0.493619
v -0.148022 -0.194887 -0.512120
v -0.138671 -0.194887 -0.512120
v -0.148022 -0.351897 -0.438236
v -0.138671 -0.351897 -0.438236
v -0.148022 -0.346210 -0.416087
v -0.138671 -0.346210 -0.416087
v -0.148022 -0.335194 -0.396048
v -0.138671 -0.335194 -0.396048
v -0.148022 -0.319539 -0.379378
v -0.138671 -0.319539 -0.379378
v -0.148022 -0.300232 -0.367125
v -0.138671 -0.300232 -0.367125
v -0.148022 -0.278483 -0.360058
v -0.138671 -0.278483 -0.360058
v -0.148022 -0.255661 -0.358622
v -0.138671 -0.255661 -0.358622
v 0.171239 -0.297666 -0.372527
v 0.171239 -0.293931 -0.380392
v 0.171239 -0.277341 -0.365923
v 0.171239 -0.275678 -0.374461
v 0.171239 -0.256012 -0.364581
v 0.171239 -0.256523 -0.373256
v 0.171239 -0.235019 -0.368586
v 0.171239 -0.237671 -0.376852
v 0.171239 -0.215682 -0.377685
v 0.171239 -0.220305 -0.385024
v 0.171239 -0.199216 -0.391308
v 0.171239 -0.205517 -0.397257
v 0.171239 -0.186654 -0.408597
v 0.171239 -0.194236 -0.412784
v 0.171239 -0.178787 -0.428468
v 0.171239 -0.187171 -0.430629
v 0.171239 -0.184765 -0.449670
v 0.171239 -0.176108 -0.449670
v 0.171239 -0.187171 -0.468711
v 0.171239 -0.178787 -0.470873
v 0.171239 -0.194236 -0.486556
v 0.171239 -0.186654 -0.490743
v 0.171239 -0.205517 -0.502083
v 0.171239 -0.199215 -0.508032
v 0.171239 -0.220305 -0.514316
v 0.171239 -0.215682 -0.521655
v 0.171239 -0.237671 -0.522488
v 0.171239 -0.235019 -0.530754
v 0.171239 -0.256523 -0.526084
v 0.171239 -0.256012 -0.534759
v 0.171239 -0.275678 -0.524879
v 0.171239 -0.277341 -0.533417
v 0.171239 -0.293931 -0.518949
v 0.171239 -0.297666 -0.526813
v 0.171239 -0.310136 -0.508665
v 0.171239 -0.315710 -0.515362
v 0.171239 -0.323274 -0.494674
v 0.171239 -0.330339 -0.499783
v 0.171239 -0.332520 -0.477856
v 0.171239 -0.340635 -0.481055
v 0.171239 -0.337293 -0.459266
v 0.171239 -0.345950 -0.460356
v 0.171239 -0.337293 -0.440074
v 0.171239 -0.345950 -0.438985
v 0.171239 -0.340635 -0.418285
v 0.171239 -0.332520 -0.421484
v 0.171239 -0.330339 -0.399557
v 0.171239 -0.323274 -0.404666
v 0.171239 -0.315710 -0.383978
v 0.171239 -0.310136 -0.390675
v -0.171024 -0.199215 -0.508032
v -0.148022 -0.199215 -0.508032
v -0.171024 -0.215682 -0.521655
v -0.148022 -0.215682 -0.521655
v -0.171024 -0.235019 -0.530754
v -0.148022 -0.235019 -0.530754
v -0.171024 -0.256012 -0.534759
v -0.148022 -0.256012 -0.534759
v -0.171024 -0.277341 -0.533417
v -0.148022 -0.277341 -0.533417
v -0.171024 -0.297666 -0.526813
v -0.148022 -0.297666 -0.526813
v -0.171024 -0.315710 -0.515362
v -0.148022 -0.315710 -0.515362
v -0.171024 -0.330339 -0.499783
v -0.148022 -0.330339 -0.499783
v -0.171024 -0.340635 -0.481055
v -0.148022 -0.340635 -0.481055
v -0.171024 -0.345950 -0.460356
v -0.148022 -0.345950 -0.460356
v -0.171024 -0.256012 -0.364581
v -0.148022 -0.256012 -0.364581
v -0.171024 -0.235019 -0.368586
v -0.148022 -0.235019 -0.368586
v -0.171024 -0.215682 -0.377685
v -0.148022 -0.215682 -0.377685
v -0.171024 -0.199216 -0.391308
v -0.148022 -0.199216 -0.391308
v -0.171024 -0.186654 -0.408597
v -0.148022 -0.186654 -0.408597
v -0.171024 -0.178787 -0.428468
v -0.148022 -0.178787 -0.428468
v -0.171024 -0.176108 -0.449670
v -0.148022 -0.176108 -0.449670
v -0.171024 -0.178787 -0.470873
v -0.148022 -0.178787 -0.470873
v -0.171024 -0.186654 -0.490743
v -0.148022 -0.186654 -0.490743
v -0.171024 -0.345950 -0.460356
v -0.148022 -0.345950 -0.460356
v -0.171024 -0.345950 -0.438985
v -0.148022 -0.345950 -0.438985
v -0.171024 -0.340635 -0.418285
v -0.148022 -0.340635 -0.418285
v -0.171024 -0.330339 -0.399557
v -0.148022 -0.330339 -0.399557
v -0.171024 -0.315710 -0.383978
v -0.148022 -0.315710 -0.383978
v -0.171024 -0.297666 -0.372527
v -0.148022 -0.297666 -0.372527
v -0.171024 -0.277341 -0.365923
v -0.148022 -0.277341 -0.365923
v -0.170937 -0.314058 0.665998
v -0.170937 -0.314153 0.636734
v -0.170937 -0.314058 0.665998
v -0.185973 -0.251437 0.788288
v -0.171024 -0.315710 -0.515362
v -0.171024 -0.323274 -0.494674
v -0.171024 -0.310136 -0.508665
v -0.171024 -0.330339 -0.499783
v -0.171024 -0.332520 -0.477856
v -0.171024 -0.340635 -0.481055
v -0.171024 -0.337293 -0.459266
v -0.171024 -0.345950 -0.460356
v -0.171024 -0.337293 -0.440074
v -0.171024 -0.345950 -0.438985
v -0.171024 -0.340635 -0.418285
v -0.171024 -0.332520 -0.421484
v -0.171024 -0.330339 -0.399557
v -0.171024 -0.323274 -0.404666
v -0.171024 -0.315710 -0.383978
v -0.171024 -0.310136 -0.390675
v -0.171024 -0.297666 -0.372527
v -0.171024 -0.293931 -0.380392
v -0.171024 -0.277341 -0.365923
v -0.171024 -0.275678 -0.374461
v -0.171024 -0.256012 -0.364581
v -0.171024 -0.256523 -0.373256
v -0.171024 -0.235019 -0.368586
v -0.171024 -0.237671 -0.376852
v -0.171024 -0.215682 -0.377685
v -0.171024 -0.220305 -0.385024
v -0.171024 -0.199216 -0.391308
v -0.171024 -0.205517 -0.397257
v -0.171024 -0.186654 -0.408597
v -0.171024 -0.194236 -0.412784
v -0.171024 -0.178787 -0.428468
v -0.171024 -0.187171 -0.430629
v -0.171024 -0.184765 -0.449670
v -0.171024 -0.176108 -0.449670
v -0.171024 -0.187171 -0.468711
v -0.171024 -0.178787 -0.470873
v -0.171024 -0.194236 -0.486556
v -0.171024 -0.186654 -0.490743
v -0.171024 -0.205517 -0.502083
v -0.171024 -0.199215 -0.508032
v -0.171024 -0.220305 -0.514316
v -0.171024 -0.215682 -0.521655
v -0.171024 -0.237671 -0.522488
v -0.171024 -0.235019 -0.530754
v -0.171024 -0.256523 -0.526084
v -0.171024 -0.256012 -0.534759
v -0.171024 -0.275678 -0.524879
v -0.171024 -0.277341 -0.533417
v -0.171024 -0.293931 -0.518949
v -0.171024 -0.297666 -0.526813
v -0.171024 -0.220305 -0.385024
v -0.148022 -0.220305 -0.385024
v -0.171024 -0.237671 -0.376852
v -0.148022 -0.237671 -0.376852
v -0.171024 -0.256523 -0.373256
v -0.148022 -0.256523 -0.373256
v -0.171024 -0.275678 -0.374461
v -0.148022 -0.275678 -0.374461
v -0.171024 -0.293931 -0.380392
v -0.148022 -0.293931 -0.380392
v -0.171024 -0.310136 -0.390675
v -0.148022 -0.310136 -0.390675
v -0.171024 -0.323274 -0.404666
v -0.148022 -0.323274 -0.404666
v -0.171024 -0.332520 -0.421484
v -0.148022 -0.332520 -0.421484
v -0.171024 -0.337293 -0.440074
v -0.148022 -0.337293 -0.440074
v -0.171024 -0.337293 -0.459266
v -0.148022 -0.337293 -0.459266
v -0.171024 -0.237671 -0.522488
v -0.148022 -0.237671 -0.522488
v -0.171024 -0.220305 -0.514316
v -0.148022 -0.220305 -0.514316
v -0.171024 -0.205517 -0.502083
v -0.148022 -0.205517 -0.502083
v -0.171024 -0.194236 -0.486556
v -0.148022 -0.194236 -0.486556
v -0.171024 -0.187171 -0.468711
v -0.148022 -0.187171 -0.468711
v -0.171024 -0.184765 -0.449670
v -0.148022 -0.184765 -0.449670
v -0.171024 -0.187171 -0.430629
v -0.148022 -0.187171 -0.430629
v -0.171024 -0.194236 -0.412784
v -0.148022 -0.194236 -0.412784
v -0.171024 -0.205517 -0.397257
v -0.148022 -0.205517 -0.397258
v -0.171024 -0.337293 -0.459266
v -0.148022 -0.337293 -0.459266
v -0.171024 -0.332520 -0.477856
v -0.148022 -0.332520 -0.477856
v -0.171024 -0.323274 -0.494674
v -0.148022 -0.323274 -0.494674
v -0.171024 -0.310136 -0.508665
v -0.148022 -0.310136 -0.508665
v -0.171024 -0.293931 -0.518949
v -0.148022 -0.293931 -0.518949
v -0.171024 -0.275678 -0.524879
v -0.148022 -0.275678 -0.524879
v -0.171024 -0.256523 -0.526084
v -0.148022 -0.256523 -0.526084
v 0.148237 -0.212506 -0.745377
v 0.138885 -0.212506 -0.745377
v 0.148237 -0.233198 -0.735641
v 0.138885 -0.233198 -0.735641
v 0.148237 -0.255660 -0.731356
v 0.138885 -0.255660 -0.731356
v 0.148237 -0.278483 -0.732791
v 0.138885 -0.278483 -0.732791
v 0.148237 -0.300232 -0.739858
v 0.138885 -0.300232 -0.739858
v 0.148237 -0.319539 -0.752111
v 0.138885 -0.319539 -0.752111
v 0.148237 -0.335193 -0.768781
v 0.138885 -0.335193 -0.768781
v 0.148237 -0.346210 -0.788820
v 0.138885 -0.346210 -0.788820
v 0.148237 -0.351897 -0.810969
v 0.138885 -0.351897 -0.810969
v 0.148237 -0.351897 -0.833837
v 0.138885 -0.351897 -0.833837
v 0.148237 -0.233198 -0.909166
v 0.138885 -0.233198 -0.909166
v 0.148237 -0.212506 -0.899429
v 0.138885 -0.212506 -0.899429
v 0.148237 -0.194887 -0.884853
v 0.138885 -0.194887 -0.884853
v 0.148237 -0.181445 -0.866353
v 0.138885 -0.181445 -0.866353
v 0.148237 -0.173027 -0.845091
v 0.138885 -0.173027 -0.845091
v 0.148237 -0.170161 -0.822403
v 0.138885 -0.170161 -0.822403
v 0.148237 -0.173027 -0.799716
v 0.138885 -0.173027 -0.799716
v 0.148237 -0.181445 -0.778454
v 0.138885 -0.181445 -0.778454
v 0.148237 -0.194887 -0.759954
v 0.138885 -0.194887 -0.759954
v 0.148237 -0.351897 -0.833837
v 0.138885 -0.351897 -0.833837
v 0.148237 -0.346210 -0.855986
v 0.138885 -0.346210 -0.855986
v 0.148237 -0.335193 -0.876026
v 0.138885 -0.335193 -0.876026
v 0.148237 -0.319539 -0.892695
v 0.138885 -0.319539 -0.892695
v 0.148237 -0.300232 -0.904948
v 0.138885 -0.300232 -0.904948
v 0.148237 -0.278483 -0.912015
v 0.138885 -0.278483 -0.912015
v 0.148237 -0.255660 -0.913451
v 0.138885 -0.255660 -0.913451
v 0.171239 -0.199215 -0.764041
v 0.148237 -0.199215 -0.764041
v 0.171239 -0.215682 -0.750418
v 0.148237 -0.215682 -0.750418
v 0.171239 -0.235019 -0.741319
v 0.148237 -0.235019 -0.741319
v 0.171239 -0.256012 -0.737314
v 0.148237 -0.256012 -0.737314
v 0.171239 -0.277341 -0.738656
v 0.148237 -0.277341 -0.738656
v 0.171239 -0.297666 -0.745260
v 0.148237 -0.297666 -0.745260
v 0.171239 -0.315710 -0.756712
v 0.148237 -0.315710 -0.756712
v 0.171239 -0.330339 -0.772290
v 0.148237 -0.330339 -0.772290
v 0.171239 -0.340635 -0.791018
v 0.148237 -0.340635 -0.791018
v 0.171239 -0.345950 -0.811718
v 0.148237 -0.345950 -0.811718
v 0.171239 -0.256012 -0.907492
v 0.148237 -0.256012 -0.907492
v 0.171239 -0.235019 -0.903487
v 0.148237 -0.235019 -0.903487
v 0.171239 -0.215682 -0.894388
v 0.148237 -0.215682 -0.894388
v 0.171239 -0.199215 -0.880765
v 0.148237 -0.199215 -0.880765
v 0.171239 -0.186654 -0.863476
v 0.148237 -0.186654 -0.863476
v 0.171239 -0.178787 -0.843606
v 0.148237 -0.178787 -0.843606
v 0.171239 -0.176108 -0.822403
v 0.148237 -0.176108 -0.822403
v 0.171239 -0.178787 -0.801201
v 0.148237 -0.178787 -0.801201
v 0.171239 -0.186654 -0.781330
v 0.148237 -0.186654 -0.781330
v 0.171239 -0.345950 -0.811718
v 0.148237 -0.345950 -0.811718
v 0.171239 -0.345950 -0.833089
v 0.148237 -0.345950 -0.833089
v 0.171239 -0.340635 -0.853788
v 0.148237 -0.340635 -0.853788
v 0.171239 -0.330339 -0.872516
v 0.148237 -0.330339 -0.872516
v 0.171239 -0.315710 -0.888095
v 0.148237 -0.315710 -0.888095
v 0.171239 -0.297666 -0.899546
v 0.148237 -0.297666 -0.899546
v 0.171239 -0.277341 -0.906150
v 0.148237 -0.277341 -0.906150
v -0.188848 -0.239306 -0.851751
v -0.188848 -0.239296 -0.794517
v -0.185973 -0.201878 -0.842729
v -0.185973 -0.208066 -0.854996
v -0.185973 -0.217878 -0.864959
v -0.185973 -0.232885 -0.871127
v -0.185973 -0.246428 -0.871127
v -0.188848 -0.283436 -0.851739
v -0.185973 -0.246428 -0.871127
v -0.170937 -0.283436 -0.851739
v -0.188848 -0.283436 -0.851739
v -0.170937 -0.246428 -0.871127
v -0.170937 -0.232885 -0.871127
v -0.185973 -0.232885 -0.871127
v -0.170937 -0.217878 -0.864959
v -0.185973 -0.217878 -0.864959
v -0.170937 -0.208066 -0.854996
v -0.185973 -0.208066 -0.854996
v -0.170937 -0.201878 -0.842729
v -0.185973 -0.201878 -0.842729
v 0.171239 -0.315710 -0.756712
v 0.171239 -0.323274 -0.777399
v 0.171239 -0.310136 -0.763408
v 0.171239 -0.330339 -0.772290
v 0.171239 -0.332520 -0.794217
v 0.171239 -0.340635 -0.791018
v 0.171239 -0.337293 -0.812807
v 0.171239 -0.345950 -0.811718
v 0.171239 -0.337293 -0.831999
v 0.171239 -0.345950 -0.833089
v 0.171239 -0.340635 -0.853788
v 0.171239 -0.332520 -0.850589
v 0.171239 -0.330339 -0.872516
v 0.171239 -0.323274 -0.867407
v 0.171239 -0.315710 -0.888095
v 0.171239 -0.310136 -0.881398
v 0.171239 -0.297666 -0.899546
v 0.171239 -0.293931 -0.891682
v 0.171239 -0.277341 -0.906150
v 0.171239 -0.275678 -0.897612
v 0.171239 -0.256012 -0.907492
v 0.171239 -0.256523 -0.898817
v 0.171239 -0.235019 -0.903487
v 0.171239 -0.237671 -0.895221
v 0.171239 -0.215682 -0.894388
v 0.171239 -0.220305 -0.887050
v 0.171239 -0.199215 -0.880765
v 0.171239 -0.205517 -0.874816
v 0.171239 -0.186654 -0.863476
v 0.171239 -0.194236 -0.859289
v 0.171239 -0.178787 -0.843606
v 0.171239 -0.187171 -0.841444
v 0.171239 -0.184765 -0.822403
v 0.171239 -0.176108 -0.822403
v 0.171239 -0.187171 -0.803362
v 0.171239 -0.178787 -0.801201
v 0.171239 -0.194236 -0.785517
v 0.171239 -0.186654 -0.781330
v 0.171239 -0.205517 -0.769990
v 0.171239 -0.199215 -0.764041
v 0.171239 -0.220305 -0.757757
v 0.171239 -0.215682 -0.750418
v 0.171239 -0.237671 -0.749585
v 0.171239 -0.235019 -0.741319
v 0.171239 -0.256523 -0.745989
v 0.171239 -0.256012 -0.737314
v 0.171239 -0.275678 -0.747194
v 0.171239 -0.277341 -0.738656
v 0.171239 -0.293931 -0.753125
v 0.171239 -0.297666 -0.745260
v 0.171239 -0.220305 -0.887050
v 0.148237 -0.220305 -0.887049
v 0.171239 -0.237671 -0.895221
v 0.148237 -0.237671 -0.895221
v 0.171239 -0.256523 -0.898817
v 0.148237 -0.256523 -0.898817
v 0.171239 -0.275678 -0.897612
v 0.148237 -0.275678 -0.897612
v 0.171239 -0.293931 -0.891682
v 0.148237 -0.293931 -0.891682
v 0.171239 -0.310136 -0.881398
v 0.148237 -0.310136 -0.881398
v 0.171239 -0.323274 -0.867407
v 0.148237 -0.323274 -0.867407
v 0.171239 -0.332520 -0.850589
v 0.148237 -0.332520 -0.850589
v 0.171239 -0.337293 -0.831999
v 0.148237 -0.337293 -0.831999
v 0.171239 -0.337293 -0.812807
v 0.148237 -0.337293 -0.812807
v 0.171239 -0.237671 -0.749585
v 0.148237 -0.237671 -0.749585
v 0.171239 -0.220305 -0.757757
v 0.148237 -0.220305 -0.757757
v 0.171239 -0.205517 -0.769990
v 0.148237 -0.205517 -0.769990
v 0.171239 -0.194236 -0.785517
v 0.148237 -0.194236 -0.785517
v 0.171239 -0.187171 -0.803362
v 0.148237 -0.187171 -0.803362
v 0.171239 -0.184765 -0.822403
v 0.148237 -0.184765 -0.822403
v 0.171239 -0.187171 -0.841444
v 0.148237 -0.187171 -0.841444
v 0.171239 -0.194236 -0.859289
v 0.148237 -0.194236 -0.859289
v 0.171239 -0.205517 -0.874816
v 0.148237 -0.205517 -0.874816
v 0.171239 -0.337293 -0.812807
v 0.148237 -0.337293 -0.812807
v 0.171239 -0.332520 -0.794217
v 0.148237 -0.332520 -0.794217
v 0.171239 -0.323274 -0.777399
v 0.148237 -0.323274 -0.777399
v 0.171239 -0.310136 -0.763408
v 0.148237 -0.310136 -0.763408
v 0.171239 -0.293931 -0.753125
v 0.148237 -0.293931 -0.753125
v 0.171239 -0.275678 -0.747194
v 0.148237 -0.275678 -0.747194
v 0.171239 -0.256523 -0.745989
v 0.148237 -0.256523 -0.745989
v 0.198313 -0.257927 0.421295
v -0.198113 -0.257927 0.421295
v 0.198313 -0.250795 0.430239
v -0.198113 -0.250795 0.430239
v 0.198313 -0.248249 0.441392
v -0.198113 -0.248440 0.441543
v 0.198313 -0.250795 0.452544
v -0.198113 -0.250795 0.452544
v 0.198313 -0.257927 0.461488
v -0.198113 -0.257927 0.461488
v 0.198313 -0.268234 0.466452
v -0.198113 -0.268234 0.466452
v -0.198113 -0.279674 0.466452
v 0.198313 -0.279674 0.466452
v 0.198313 -0.289981 0.461488
v -0.198113 -0.289981 0.461488
v 0.198313 -0.297113 0.452544
v -0.198113 -0.297113 0.452544
v 0.198313 -0.299659 0.441392
v -0.198113 -0.299659 0.441392
v 0.198313 -0.299659 0.441392
v -0.198113 -0.299659 0.441392
v 0.198313 -0.297113 0.430239
v -0.198113 -0.297113 0.430239
v 0.198313 -0.289981 0.421295
v -0.198113 -0.289981 0.421295
v 0.198313 -0.279674 0.416331
v -0.198113 -0.279674 0.416331
v -0.198113 -0.268234 0.416331
v 0.198313 -0.268234 0.416331
v -0.148022 -0.212507 0.737684
v -0.138671 -0.212507 0.737684
v -0.148022 -0.233198 0.727947
v -0.138671 -0.233198 0.727947
v -0.148022 -0.255661 0.723662
v -0.138671 -0.255661 0.723662
v -0.148022 -0.278483 0.725098
v -0.138671 -0.278483 0.725098
v -0.148022 -0.300232 0.732165
v -0.138671 -0.300232 0.732165
v -0.148022 -0.319540 0.744418
v -0.138671 -0.319540 0.744418
v -0.148022 -0.335194 0.761088
v -0.138671 -0.335194 0.761088
v -0.148022 -0.346210 0.781127
v -0.138671 -0.346210 0.781127
v -0.148022 -0.351897 0.803276
v -0.138671 -0.351897 0.803276
v -0.148022 -0.351897 0.826144
v -0.138671 -0.351897 0.826144
v -0.148022 -0.233198 0.901473
v -0.138671 -0.233198 0.901473
v -0.148022 -0.212507 0.891736
v -0.138671 -0.212507 0.891736
v -0.148022 -0.194887 0.877159
v -0.138671 -0.194887 0.877159
v -0.148022 -0.181445 0.858659
v -0.138671 -0.181445 0.858659
v -0.148022 -0.173027 0.837397
v -0.138671 -0.173027 0.837397
v -0.148022 -0.170161 0.814710
v -0.138671 -0.170161 0.814710
v -0.148022 -0.173027 0.792022
v -0.138671 -0.173027 0.792022
v -0.148022 -0.181445 0.770761
v -0.138671 -0.181445 0.770761
v -0.148022 -0.194887 0.752260
v -0.138671 -0.194887 0.752260
v -0.148022 -0.351897 0.826144
v -0.138671 -0.351897 0.826144
v -0.148022 -0.346210 0.848293
v -0.138671 -0.346210 0.848293
v -0.148022 -0.335194 0.868332
v -0.138671 -0.335194 0.868332
v -0.148022 -0.319540 0.885002
v -0.138671 -0.319540 0.885002
v -0.148022 -0.300232 0.897255
v -0.138671 -0.300232 0.897255
v -0.148022 -0.278483 0.904322
v -0.138671 -0.278483 0.904322
v -0.148022 -0.255661 0.905758
v -0.138671 -0.255661 0.905758
v -0.171024 -0.199216 0.756347
v -0.148022 -0.199216 0.756347
v -0.171024 -0.215682 0.742725
v -0.148022 -0.215682 0.742725
v -0.171024 -0.235019 0.733626
v -0.148022 -0.235019 0.733626
v -0.171024 -0.256012 0.729621
v -0.148022 -0.256012 0.729621
v -0.171024 -0.277341 0.730963
v -0.148022 -0.277341 0.730963
v -0.171024 -0.297666 0.737567
v -0.148022 -0.297666 0.737567
v -0.171024 -0.315710 0.749018
v -0.148022 -0.315710 0.749018
v -0.171024 -0.330340 0.764597
v -0.148022 -0.330340 0.764597
v -0.171024 -0.340635 0.783325
v -0.148022 -0.340635 0.783325
v -0.171024 -0.345950 0.804024
v -0.148022 -0.345950 0.804024
v -0.171024 -0.256012 0.899798
v -0.148022 -0.256012 0.899798
v -0.171024 -0.235019 0.895794
v -0.148022 -0.235019 0.895794
v -0.171024 -0.215682 0.886695
v -0.148022 -0.215682 0.886695
v -0.171024 -0.199216 0.873072
v -0.148022 -0.199216 0.873072
v -0.171024 -0.186654 0.855783
v -0.148022 -0.186654 0.855783
v -0.171024 -0.178787 0.835912
v -0.148022 -0.178787 0.835912
v -0.171024 -0.176108 0.814710
v -0.148022 -0.176108 0.814710
v -0.171024 -0.178787 0.793507
v -0.148022 -0.178787 0.793507
v -0.171024 -0.186654 0.773637
v -0.148022 -0.186654 0.773637
v -0.171024 -0.345950 0.804024
v -0.148022 -0.345950 0.804024
v -0.171024 -0.345950 0.825395
v -0.148022 -0.345950 0.825395
v -0.171024 -0.340635 0.846095
v -0.148022 -0.340635 0.846095
v -0.171024 -0.330340 0.864823
v -0.148022 -0.330340 0.864823
v -0.171024 -0.315710 0.880401
v -0.148022 -0.315710 0.880401
v -0.171024 -0.297666 0.891853
v -0.148022 -0.297666 0.891853
v -0.171024 -0.277341 0.898457
v -0.148022 -0.277341 0.898457
v -0.185973 -0.241950 -0.795981
v -0.170937 -0.242010 -0.849184
v -0.170937 -0.241783 -0.795981
v -0.185973 -0.242010 -0.849184
v -0.170937 -0.283436 -0.849197
v -0.185973 -0.283436 -0.849197
v -0.177233 -0.226846 -0.704696
v -0.188848 -0.239273 -0.704696
v -0.177233 -0.239273 -0.704696
v -0.188848 -0.226846 -0.704696
v -0.177233 -0.226824 -0.694287
v -0.188848 -0.226824 -0.694287
v -0.177233 -0.239252 -0.694287
v -0.188848 -0.239252 -0.694287
v -0.185973 -0.283783 -0.685056
v -0.170938 -0.286769 -0.691243
v -0.170937 -0.283783 -0.685056
v -0.185974 -0.286769 -0.691243
v -0.177233 -0.239273 -0.704696
v -0.188848 -0.239273 -0.704696
v -0.185973 -0.271196 -0.736804
v -0.177233 -0.240532 -0.713598
v -0.177233 -0.271196 -0.736804
v -0.185973 -0.240532 -0.713598
v -0.171024 -0.315710 0.749018
v -0.171024 -0.323274 0.769706
v -0.171024 -0.310136 0.755715
v -0.171024 -0.330340 0.764597
v -0.171024 -0.332520 0.786524
v -0.171024 -0.340635 0.783325
v -0.171024 -0.337293 0.805114
v -0.171024 -0.345950 0.804024
v -0.171024 -0.337293 0.824306
v -0.171024 -0.345950 0.825395
v -0.171024 -0.340635 0.846095
v -0.171024 -0.332520 0.842895
v -0.171024 -0.330340 0.864823
v -0.171024 -0.323274 0.859714
v -0.171024 -0.315710 0.880401
v -0.171024 -0.310136 0.873704
v -0.171024 -0.297666 0.891853
v -0.171024 -0.293931 0.883988
v -0.171024 -0.277341 0.898457
v -0.171024 -0.275678 0.889919
v -0.171024 -0.256012 0.899798
v -0.171024 -0.256523 0.891124
v -0.171024 -0.235019 0.895794
v -0.171024 -0.237671 0.887528
v -0.171024 -0.215682 0.886695
v -0.171024 -0.220305 0.879356
v -0.171024 -0.199216 0.873072
v -0.171024 -0.205517 0.867122
v -0.171024 -0.186654 0.855783
v -0.171024 -0.194236 0.851595
v -0.171024 -0.178787 0.835912
v -0.171024 -0.187171 0.833751
v -0.171024 -0.184765 0.814710
v -0.171024 -0.176108 0.814710
v -0.171024 -0.187171 0.795669
v -0.171024 -0.178787 0.793507
v -0.171024 -0.194236 0.777824
v -0.171024 -0.186654 0.773637
v -0.171024 -0.205517 0.762297
v -0.171024 -0.199216 0.756347
v -0.171024 -0.220305 0.750063
v -0.171024 -0.215682 0.742725
v -0.171024 -0.237671 0.741892
v -0.171024 -0.235019 0.733626
v -0.171024 -0.256523 0.738295
v -0.171024 -0.256012 0.729621
v -0.171024 -0.275678 0.739501
v -0.171024 -0.277341 0.730963
v -0.171024 -0.293931 0.745431
v -0.171024 -0.297666 0.737567
v -0.171024 -0.220305 0.879356
v -0.148022 -0.220305 0.879356
v -0.171024 -0.237671 0.887528
v -0.148022 -0.237671 0.887528
v -0.171024 -0.256523 0.891124
v -0.148022 -0.256523 0.891124
v -0.171024 -0.275678 0.889919
v -0.148022 -0.275678 0.889919
v -0.171024 -0.293931 0.883988
v -0.148022 -0.293931 0.883988
v -0.171024 -0.310136 0.873704
v -0.148022 -0.310136 0.873704
v -0.171024 -0.323274 0.859714
v -0.148022 -0.323274 0.859714
v -0.171024 -0.332520 0.842895
v -0.148022 -0.332520 0.842895
v -0.171024 -0.337293 0.824306
v -0.148022 -0.337293 0.824306
v -0.171024 -0.337293 0.805114
v -0.148022 -0.337293 0.805114
v -0.171024 -0.237671 0.741892
v -0.148022 -0.237671 0.741892
v -0.171024 -0.220305 0.750063
v -0.148022 -0.220305 0.750063
v -0.171024 -0.205517 0.762297
v -0.148022 -0.205517 0.762297
v -0.171024 -0.194236 0.777824
v -0.148022 -0.194236 0.777824
v -0.171024 -0.187171 0.795669
v -0.148022 -0.187171 0.795669
v -0.171024 -0.184765 0.814710
v -0.148022 -0.184766 0.814710
v -0.171024 -0.187171 0.833751
v -0.148022 -0.187171 0.833751
v -0.171024 -0.194236 0.851595
v -0.148022 -0.194236 0.851595
v -0.171024 -0.205517 0.867122
v -0.148022 -0.205517 0.867122
v -0.171024 -0.337293 0.805114
v -0.148022 -0.337293 0.805114
v -0.171024 -0.332520 0.786524
v -0.148022 -0.332520 0.786524
v -0.171024 -0.323274 0.769706
v -0.148022 -0.323274 0.769706
v -0.171024 -0.310136 0.755715
v -0.148022 -0.310136 0.755715
v -0.171024 -0.293931 0.745431
v -0.148022 -0.293931 0.745431
v -0.171024 -0.275678 0.739501
v -0.148022 -0.275678 0.739501
v -0.171024 -0.256523 0.738295
v -0.148022 -0.256523 0.738295
v -0.171024 -0.277341 0.358230
v -0.171024 -0.275678 0.366767
v -0.171024 -0.256012 0.356888
v -0.171024 -0.256523 0.365562
v -0.171024 -0.235019 0.360893
v -0.171024 -0.237671 0.369159
v -0.171024 -0.215682 0.369992
v -0.171024 -0.220305 0.377330
v -0.171024 -0.199216 0.383614
v -0.171024 -0.205517 0.389564
v -0.171024 -0.186654 0.400904
v -0.171024 -0.194236 0.405091
v -0.171024 -0.178787 0.420774
v -0.171024 -0.187171 0.422936
v -0.171024 -0.184765 0.441977
v -0.171024 -0.176108 0.441977
v -0.171024 -0.187171 0.461018
v -0.171024 -0.178787 0.463179
v -0.171024 -0.194236 0.478862
v -0.171024 -0.186654 0.483049
v -0.171024 -0.205517 0.494389
v -0.171024 -0.199216 0.500339
v -0.171024 -0.220305 0.506623
v -0.171024 -0.215682 0.513961
v -0.171024 -0.237671 0.514795
v -0.171024 -0.235019 0.523061
v -0.171024 -0.256523 0.518391
v -0.171024 -0.256012 0.527065
v -0.171024 -0.275678 0.517186
v -0.171024 -0.277341 0.525723
v -0.171024 -0.293931 0.511255
v -0.171024 -0.297666 0.519120
v -0.171024 -0.310136 0.500971
v -0.171024 -0.315710 0.507668
v -0.171024 -0.323274 0.486981
v -0.171024 -0.330339 0.492089
v -0.171024 -0.332520 0.470162
v -0.171024 -0.340635 0.473362
v -0.171024 -0.337293 0.451573
v -0.171024 -0.345950 0.452662
v -0.171024 -0.337293 0.432380
v -0.171024 -0.345950 0.431291
v -0.171024 -0.340635 0.410592
v -0.171024 -0.332520 0.413791
v -0.171024 -0.330339 0.391864
v -0.171024 -0.323274 0.396973
v -0.171024 -0.315710 0.376285
v -0.171024 -0.310136 0.382982
v -0.171024 -0.297666 0.364834
v -0.171024 -0.293931 0.372698
v -0.188848 -0.226846 -0.567638
v -0.177233 -0.226846 -0.567638
v -0.188848 -0.239273 -0.567645
v -0.177233 -0.239273 -0.567645
v -0.188848 -0.239252 -0.578054
v -0.177233 -0.239252 -0.578054
v -0.188848 -0.274550 -0.736732
v -0.185973 -0.271196 -0.736804
v -0.188848 -0.267831 -0.748081
v -0.185973 -0.265620 -0.746216
v -0.188848 -0.252476 -0.756937
v -0.185973 -0.251836 -0.754109
v -0.188848 -0.233579 -0.756083
v -0.185973 -0.233593 -0.753120
v -0.188848 -0.224135 -0.750732
v -0.185973 -0.226236 -0.748582
v -0.188848 -0.218864 -0.741271
v -0.185973 -0.221741 -0.740543
v -0.188848 -0.218813 -0.727706
v -0.185973 -0.221685 -0.728290
v -0.185973 -0.223461 -0.721745
v -0.188848 -0.221032 -0.720106
v -0.185973 -0.228884 -0.716322
v -0.188848 -0.227704 -0.713300
v -0.188848 -0.240052 -0.710204
v -0.185973 -0.240532 -0.713598
v -0.188848 -0.281758 -0.687931
v -0.185973 -0.283783 -0.685056
v 0.261822 0.311129 0.160415
v 0.266881 0.312957 0.160415
v -0.170937 -0.295733 -0.795981
v -0.185973 -0.295733 -0.795981
v -0.185973 -0.251437 -0.795981
v 0.186188 -0.242010 0.415464
v 0.171152 -0.242010 0.415464
v -0.183920 -0.295745 -0.780627
v -0.170937 -0.295745 -0.780627
v -0.185973 -0.295743 -0.782508
v -0.185973 -0.223237 -0.685056
v -0.188848 -0.220707 -0.687931
v -0.170937 -0.223237 -0.685056
v -0.185973 -0.223237 -0.685056
v 0.258141 0.093856 -1.097228
v 0.261822 0.093767 -1.097229
v -0.261822 0.093952 -1.097229
v -0.258141 0.093856 -1.097228
v -0.261822 -0.149926 -1.097230
v -0.258141 -0.114693 -1.097228
v -0.258141 -0.104734 -1.097228
v -0.258141 -0.087928 -1.097228
v -0.258141 -0.074694 -1.097228
v 0.261822 -0.149927 -1.097230
v 0.258141 -0.114693 -1.097228
v 0.258141 -0.104734 -1.097228
v 0.258141 -0.087928 -1.097228
v 0.258141 -0.074694 -1.097228
v -0.170937 -0.314153 -0.644427
v -0.178853 -0.307260 -0.644427
v -0.185973 -0.314153 -0.644427
v -0.178853 -0.307260 -0.673244
v -0.185973 -0.314058 -0.673691
v 0.189063 -0.267831 0.516566
v 0.186188 -0.271196 0.527843
v 0.189063 -0.274550 0.527915
v 0.186188 -0.265620 0.518431
v 0.189063 -0.252476 0.507710
v 0.186188 -0.251836 0.510538
v 0.189063 -0.233579 0.508565
v 0.186188 -0.233593 0.511528
v 0.189063 -0.224135 0.513916
v 0.186188 -0.226237 0.516066
v 0.189063 -0.218864 0.523376
v 0.186188 -0.221741 0.524104
v 0.189063 -0.218813 0.536941
v 0.186188 -0.221685 0.536358
v 0.186188 -0.223461 0.542902
v 0.189063 -0.221032 0.544542
v 0.186188 -0.228884 0.548325
v 0.189063 -0.227705 0.551347
v 0.189063 -0.240052 0.554444
v 0.186188 -0.240532 0.551050
v -0.170937 -0.314058 -0.673691
v -0.170937 -0.314153 -0.644427
v -0.170937 -0.314058 -0.673691
v -0.170937 -0.314153 -0.644427
v -0.170937 -0.314153 -0.627913
v -0.185973 -0.201878 -0.429612
v -0.170937 -0.201878 -0.842729
v -0.185973 -0.201878 -0.842729
v -0.170937 -0.201878 -0.429612
v 0.186188 -0.242010 0.415464
v 0.189063 -0.239306 0.412896
v 0.189063 -0.283436 0.412908
v 0.186188 -0.283436 0.415450
v 0.198313 -0.257927 0.795047
v -0.198113 -0.257927 0.795047
v 0.198313 -0.250795 0.803991
v -0.198113 -0.250795 0.803991
v 0.198313 -0.248249 0.815144
v -0.198113 -0.248441 0.815295
v 0.198313 -0.250795 0.826297
v -0.198113 -0.250795 0.826297
v 0.198313 -0.257927 0.835241
v -0.198113 -0.257927 0.835241
v 0.198313 -0.268234 0.840204
v -0.198113 -0.268234 0.840204
v -0.198113 -0.279674 0.840204
v 0.198313 -0.279674 0.840204
v 0.198313 -0.289981 0.835241
v -0.198113 -0.289981 0.835241
v 0.198313 -0.297113 0.826297
v -0.198113 -0.297113 0.826297
v 0.198313 -0.299659 0.815144
v -0.198113 -0.299659 0.815144
v 0.198313 -0.299659 0.815144
v -0.198113 -0.299659 0.815144
v 0.198313 -0.297113 0.803991
v -0.198113 -0.297113 0.803991
v 0.198313 -0.289981 0.795047
v -0.198113 -0.289981 0.795047
v 0.198313 -0.279674 0.790084
v -0.198113 -0.279674 0.790084
v -0.198113 -0.268234 0.790084
v 0.198313 -0.268234 0.790084
v 0.198313 -0.257927 -0.469333
v -0.198113 -0.257927 -0.469333
v 0.198313 -0.250795 -0.460389
v -0.198113 -0.250795 -0.460389
v 0.198313 -0.248249 -0.449236
v -0.198113 -0.248440 -0.449085
v 0.198313 -0.250795 -0.438083
v -0.198113 -0.250795 -0.438083
v 0.198313 -0.257927 -0.429139
v -0.198113 -0.257927 -0.429139
v 0.198313 -0.268234 -0.424176
v -0.198113 -0.268234 -0.424176
v -0.198113 -0.279674 -0.424176
v 0.198313 -0.279674 -0.424176
v 0.198313 -0.289981 -0.429139
v -0.198113 -0.289981 -0.429139
v 0.198313 -0.297113 -0.438083
v -0.198113 -0.297113 -0.438083
v 0.198313 -0.299659 -0.449236
v -0.198113 -0.299659 -0.449236
v 0.198313 -0.299659 -0.449236
v -0.198113 -0.299659 -0.449236
v 0.198313 -0.297113 -0.460389
v -0.198113 -0.297113 -0.460389
v 0.198313 -0.289981 -0.469333
v -0.198113 -0.289981 -0.469333
v 0.198313 -0.279674 -0.474296
v -0.198113 -0.279674 -0.474296
v -0.198113 -0.268234 -0.474296
v 0.198313 -0.268234 -0.474296
v 0.198313 -0.257927 -0.842934
v -0.198113 -0.257927 -0.842934
v 0.198313 -0.250795 -0.833990
v -0.198113 -0.250795 -0.833990
v 0.198313 -0.248249 -0.822837
v -0.198113 -0.248440 -0.822686
v 0.198313 -0.250795 -0.811684
v -0.198113 -0.250795 -0.811684
v 0.198313 -0.257927 -0.802740
v -0.198113 -0.257927 -0.802740
v 0.198313 -0.268234 -0.797777
v -0.198113 -0.268234 -0.797777
v -0.198113 -0.279674 -0.797777
v 0.198313 -0.279674 -0.797777
v 0.198313 -0.289981 -0.802740
v -0.198113 -0.289981 -0.802740
v 0.198313 -0.297113 -0.811684
v -0.198113 -0.297113 -0.811684
v 0.198313 -0.299659 -0.822837
v -0.198113 -0.299659 -0.822837
v 0.198313 -0.299659 -0.822837
v -0.198113 -0.299659 -0.822837
v 0.198313 -0.297113 -0.833990
v -0.198113 -0.297113 -0.833990
v 0.198313 -0.289981 -0.842934
v -0.198113 -0.289981 -0.842934
v 0.198313 -0.279674 -0.847897
v -0.198113 -0.279674 -0.847897
v -0.198113 -0.268234 -0.847897
v 0.198313 -0.268234 -0.847897
v -0.170937 -0.283436 -0.419850
v -0.185973 -0.246429 -0.401214
v -0.188848 -0.283436 -0.419850
v -0.170937 -0.246429 -0.401214
v -0.170937 -0.232885 -0.401214
v -0.185973 -0.232885 -0.401214
v -0.170937 -0.217878 -0.407381
v -0.185973 -0.217878 -0.407381
v -0.170937 -0.208066 -0.417345
v -0.185973 -0.208066 -0.417345
v -0.170937 -0.201878 -0.429612
v -0.185973 -0.201878 -0.429612
v -0.170937 -0.283436 -0.423281
v -0.185973 -0.283436 -0.423281
v -0.185973 -0.268649 -0.502119
v -0.185973 -0.277157 -0.510722
v -0.185973 -0.277152 -0.494802
v -0.185973 -0.265169 -0.489387
v -0.185973 -0.284587 -0.489833
v -0.185973 -0.259965 -0.481749
v -0.185973 -0.295733 -0.476359
v -0.185973 -0.251437 -0.476359
v -0.185973 -0.295743 -0.489833
v -0.183920 -0.295745 -0.491714
v -0.183920 -0.285544 -0.491714
v -0.170937 -0.295745 -0.491714
v -0.170937 -0.285544 -0.491714
v -0.183920 -0.279073 -0.495670
v -0.170937 -0.279073 -0.495670
v -0.188848 -0.267831 -0.524259
v -0.185973 -0.271196 -0.535537
v -0.188848 -0.274550 -0.535609
v -0.185973 -0.265620 -0.526125
v -0.188848 -0.252476 -0.515403
v -0.185973 -0.251836 -0.518232
v -0.188848 -0.233579 -0.516258
v -0.185973 -0.233593 -0.519221
v -0.188848 -0.224135 -0.521609
v -0.185973 -0.226236 -0.523759
v -0.188848 -0.218864 -0.531070
v -0.185973 -0.221741 -0.531798
v -0.188848 -0.218813 -0.544635
v -0.185973 -0.221685 -0.544051
v -0.185973 -0.223461 -0.550596
v -0.188848 -0.221032 -0.552235
v -0.185973 -0.228884 -0.556019
v -0.188848 -0.227704 -0.559041
v -0.188848 -0.240052 -0.562137
v -0.185973 -0.240532 -0.558743
v -0.183920 -0.285544 -0.491714
v -0.183920 -0.295745 -0.491714
v -0.183920 -0.279073 -0.495670
v -0.188848 -0.267289 -0.505391
v -0.188848 -0.263860 -0.493722
v -0.188848 -0.259246 -0.484929
v -0.188848 -0.251143 -0.479571
v -0.185973 -0.241673 -0.476359
v -0.188848 -0.238194 -0.477823
v -0.185973 -0.241553 -0.423241
v -0.188848 -0.238267 -0.419850
v -0.188848 -0.283436 -0.419850
v -0.185973 -0.283436 -0.423281
v 0.266881 0.323681 -0.003849
v 0.261822 0.325556 0.000259
v 0.266881 0.323680 0.160415
v 0.261822 0.325556 0.265391
v 0.266881 0.323681 0.269497
v -0.170937 -0.295733 -0.476359
v -0.185973 -0.295733 -0.476359
v -0.185973 -0.295743 -0.489833
v -0.185973 -0.223237 -0.587284
v -0.188848 -0.220707 -0.584410
v -0.170937 -0.223237 -0.587284
v -0.185973 -0.223237 -0.587284
v -0.261822 0.087268 -0.168110
v -0.261822 0.311129 -0.168109
v -0.261822 0.311129 -0.281169
v -0.170937 -0.314153 -0.627913
v -0.185973 -0.314153 -0.627914
v -0.178853 -0.307260 -0.627913
v -0.178853 -0.307260 -0.599097
v -0.185973 -0.314058 -0.598649
v -0.261822 0.093952 -1.097229
v -0.261822 0.325557 -1.097229
v -0.261822 -0.149926 -1.097230
v -0.266881 0.312957 -0.396284
v -0.266881 0.312957 -0.282198
v -0.266881 0.312957 -0.168112
v 0.261822 0.093807 1.089534
v 0.261822 0.325557 1.089534
v -0.261822 0.325557 1.089534
v -0.261822 0.093931 1.089534
v -0.170937 -0.314058 -0.598649
v -0.170937 -0.314153 -0.627913
v -0.170937 -0.314058 -0.598649
v -0.185973 -0.251437 -0.476359
v -0.261822 -0.149926 1.089534
v -0.261822 0.093931 1.089534
v 0.261822 0.093807 1.089534
v 0.261822 -0.149926 1.089534
v -0.258141 0.093855 1.089534
v 0.258141 0.093855 1.089534
v 0.022446 -0.223866 1.159228
v 0.025386 -0.217840 1.160722
v 0.024071 -0.223866 1.173139
v 0.024019 -0.223870 1.150218
v 0.025445 -0.213312 1.149006
v 0.032120 -0.213311 1.158257
v 0.031274 -0.216708 1.163829
v 0.027284 -0.223866 1.181653
v 0.027184 -0.223866 1.192891
v 0.028498 -0.223866 1.193274
v 0.032189 -0.223866 1.187364
v 0.031012 -0.223866 1.194008
v 0.037316 -0.223866 1.191260
v 0.034840 -0.223866 1.195126
v 0.045544 -0.222777 1.200736
v 0.043485 -0.222757 1.203689
v 0.050879 -0.222270 1.208893
v 0.048627 -0.222270 1.212208
v 0.055189 -0.221216 1.222993
v 0.052711 -0.221216 1.222961
v 0.036518 -0.213335 1.167657
v 0.040753 -0.213335 1.185676
v 0.047737 -0.213335 1.196548
v 0.053145 -0.213335 1.204920
v 0.058009 -0.213335 1.223030
v -0.017336 -0.223866 1.154228
v -0.014655 -0.216001 1.161306
v -0.020997 -0.216001 1.156586
v -0.010993 -0.223866 1.158948
v 0.258141 0.093855 1.089534
v 0.197141 0.070768 1.089534
v 0.258141 0.064781 1.089534
v -0.197140 0.070768 1.089534
v -0.258141 0.093855 1.089534
v -0.258141 0.064781 1.089534
v -0.041492 -0.217302 1.177154
v -0.040727 -0.219793 1.208208
v -0.041492 -0.223866 1.208809
v -0.261822 -0.165617 1.089534
v -0.258141 -0.165617 1.089534
v -0.261822 -0.149926 1.089534
v -0.258141 -0.114693 1.089534
v -0.197140 -0.120685 1.089534
v 0.197141 -0.120685 1.089534
v 0.258141 -0.114693 1.089534
v 0.261822 -0.149926 1.089534
v 0.261822 -0.165617 1.089534
v 0.258141 -0.165617 1.089534
v 0.258141 0.064781 -1.097228
v 0.197140 0.070768 -1.097228
v 0.258141 0.093856 -1.097228
v -0.197141 0.070768 -1.097228
v -0.258141 0.093856 -1.097228
v -0.258141 0.064781 -1.097228
v -0.016644 -0.223867 1.149738
v -0.019781 -0.216001 1.148887
v -0.020394 -0.213311 1.148461
v 0.059631 -0.208874 1.221160
v 0.059299 -0.209742 1.195201
v 0.057068 -0.210237 1.181949
v 0.050399 -0.210636 1.170346
v 0.038951 -0.211249 1.158363
v 0.031723 -0.212796 1.150467
v 0.029839 -0.213311 1.143098
v -0.024257 -0.213311 1.143075
v -0.024257 -0.213311 1.120944
v 0.029839 -0.213311 1.120943
v -0.025274 -0.213311 1.147529
v -0.021738 -0.213297 1.155417
v -0.029003 -0.213304 1.152207
v -0.024559 -0.213297 1.157080
v -0.034894 -0.213297 1.159743
v -0.035989 -0.213304 1.155408
v -0.041418 -0.213297 1.163585
v -0.046229 -0.213304 1.157548
v -0.050184 -0.213304 1.165535
v -0.045570 -0.213297 1.169025
v -0.046210 -0.213304 1.177183
v -0.014655 -0.195928 1.161306
v -0.017336 -0.188063 1.154228
v -0.020997 -0.195928 1.156586
v -0.010993 -0.188063 1.158948
v -0.010860 -0.188063 1.180532
v -0.014686 -0.195439 1.180533
v -0.016403 -0.188063 1.198781
v -0.020229 -0.193262 1.198781
v -0.023811 -0.188063 1.207382
v -0.024237 -0.192240 1.206202
v -0.034233 -0.188063 1.206017
v -0.034233 -0.192240 1.204835
v -0.040727 -0.192137 1.208208
v -0.041492 -0.188063 1.208809
v 0.281794 -0.149926 -0.168110
v 0.281794 0.088037 -0.168110
v 0.281794 0.087900 -0.157571
v -0.041492 -0.194628 1.177154
v -0.019781 -0.195928 1.148887
v -0.016644 -0.188062 1.149738
v -0.021738 -0.198814 1.155417
v -0.020394 -0.198672 1.148462
v -0.023409 -0.195928 1.158314
v -0.024559 -0.198814 1.157080
v -0.034441 -0.195928 1.161171
v -0.034894 -0.198814 1.159743
v -0.041418 -0.198814 1.163585
v -0.040835 -0.195928 1.164236
v -0.045570 -0.198819 1.169025
v -0.045570 -0.195928 1.169025
v -0.046210 -0.198817 1.177183
v -0.046210 -0.194628 1.177183
v 0.024019 -0.188059 1.150219
v 0.025445 -0.198658 1.149006
v -0.015355 -0.223866 1.208729
v -0.015776 -0.188063 1.212835
v -0.015776 -0.223866 1.212835
v -0.015355 -0.188063 1.208729
v -0.010722 -0.223866 1.202832
v -0.010722 -0.188063 1.202832
v 0.027184 -0.223866 1.192891
v 0.027184 -0.188063 1.192891
v 0.028498 -0.188063 1.193274
v 0.028498 -0.223866 1.193274
v 0.031012 -0.223866 1.194008
v 0.031012 -0.188063 1.194008
v 0.034840 -0.223866 1.195126
v 0.034840 -0.188063 1.195126
v 0.043485 -0.222757 1.203689
v 0.043485 -0.189172 1.203689
v 0.048627 -0.222270 1.212208
v 0.048627 -0.189660 1.212208
v 0.052711 -0.221216 1.222961
v 0.052711 -0.190714 1.222960
v 0.059299 -0.209742 1.195201
v 0.059631 -0.202857 1.221160
v 0.059631 -0.208874 1.221160
v 0.059299 -0.201990 1.195201
v 0.057068 -0.210237 1.181949
v 0.057068 -0.201494 1.181949
v 0.050399 -0.210636 1.170346
v 0.050399 -0.201095 1.170346
v 0.038951 -0.211249 1.158363
v 0.038951 -0.200482 1.158363
v 0.031723 -0.212796 1.150467
v 0.031723 -0.198890 1.150467
v 0.029839 -0.198664 1.143098
v 0.029839 -0.213311 1.143098
v 0.029839 -0.213311 1.120943
v 0.029839 -0.198664 1.120943
v -0.024257 -0.213311 1.143075
v -0.024257 -0.198665 1.120944
v -0.024257 -0.213311 1.120944
v -0.024257 -0.198665 1.143075
v -0.025274 -0.213311 1.147529
v -0.025274 -0.198665 1.147529
v -0.029003 -0.198814 1.152207
v -0.029003 -0.213304 1.152207
v -0.035989 -0.213304 1.155408
v -0.035989 -0.198814 1.155408
v -0.046229 -0.213304 1.157548
v -0.046229 -0.198814 1.157548
v -0.050184 -0.213304 1.165535
v -0.050184 -0.198814 1.165535
v -0.046210 -0.213304 1.177183
v -0.046210 -0.198817 1.177183
v -0.241289 0.339694 0.546950
v -0.259071 0.330554 0.618782
v -0.241289 0.339694 0.618782
v -0.259071 0.330554 0.812082
v -0.241289 0.339694 0.812082
v -0.261822 0.325556 0.812082
v -0.261822 0.325556 0.618782
v -0.261822 0.325556 0.546950
v -0.259071 0.330554 0.546950
v 0.058009 -0.213335 1.223030
v 0.058009 -0.202618 1.223030
v 0.056560 -0.194456 1.223011
v 0.055189 -0.190714 1.222993
v 0.055189 -0.221216 1.222993
v -0.261822 -0.154648 -0.168110
v -0.261822 -0.165617 -0.628581
v -0.261822 -0.165617 -0.168110
v -0.261822 -0.165617 -0.628581
v -0.261822 -0.165617 -1.097229
v 0.058009 -0.213335 1.223030
v 0.059631 -0.208874 1.221160
v 0.059631 -0.202857 1.221160
v 0.059350 -0.202087 1.221484
v 0.058009 -0.202618 1.223030
v 0.002418 -0.220782 1.234319
v 0.004812 -0.220782 1.231544
v 0.005598 -0.220781 1.235636
v -0.000323 -0.220782 1.233543
v -0.000761 -0.220782 1.235636
v -0.006583 -0.220782 1.232416
v -0.002078 -0.220782 1.238816
v -0.000761 -0.220782 1.241995
v -0.000092 -0.220781 1.250000
v 0.002418 -0.220782 1.243312
v 0.006939 -0.220782 1.248634
v 0.005598 -0.220781 1.241995
v 0.012290 -0.220782 1.243665
v 0.006915 -0.220781 1.238816
v 0.013626 -0.220782 1.238923
v 0.009382 -0.220782 1.231151
v 0.013378 -0.220782 1.234298
v 0.012273 -0.220782 1.231729
v -0.036262 -0.220782 1.234550
v -0.036956 -0.220781 1.245243
v -0.044455 -0.220782 1.228627
v -0.029768 -0.220782 1.249132
v -0.025035 -0.220781 1.234502
v -0.017684 -0.220781 1.228978
v -0.014767 -0.220781 1.220236
v 0.259071 0.330554 0.546950
v 0.261822 0.325556 0.618782
v 0.261822 0.325556 0.546950
v 0.241289 0.339694 0.618782
v 0.259071 0.330554 0.618782
v 0.241289 0.339694 0.546950
v -0.002078 -0.191148 1.238816
v -0.000761 -0.220782 1.241995
v -0.002078 -0.220782 1.238816
v -0.000761 -0.191148 1.241995
v 0.002418 -0.220782 1.243312
v 0.002418 -0.191148 1.243312
v 0.005598 -0.191148 1.241995
v 0.005598 -0.220781 1.241995
v 0.006915 -0.220781 1.238816
v 0.006915 -0.191148 1.238816
v 0.005598 -0.220781 1.235636
v 0.005598 -0.191148 1.235636
v 0.002418 -0.220782 1.234319
v 0.002418 -0.191148 1.234319
v -0.000761 -0.220782 1.235636
v -0.000761 -0.191148 1.235636
v 0.281794 0.311129 -0.168110
v 0.281794 0.311129 0.160408
v 0.281794 0.088037 -0.168110
v 0.281794 0.311129 -0.168110
v -0.044455 -0.191148 1.228627
v -0.036262 -0.220782 1.234550
v -0.044455 -0.220782 1.228627
v -0.036262 -0.191148 1.234550
v -0.025035 -0.220781 1.234502
v -0.025035 -0.191148 1.234502
v -0.017684 -0.220781 1.228978
v -0.017684 -0.191148 1.228978
v -0.014767 -0.220781 1.220236
v -0.014767 -0.191148 1.220236
v 0.002418 -0.191148 1.234319
v 0.005598 -0.191148 1.235636
v 0.004812 -0.191148 1.231544
v -0.000323 -0.191148 1.233543
v -0.000761 -0.191148 1.235636
v -0.006583 -0.191148 1.232416
v -0.002078 -0.191148 1.238816
v -0.000761 -0.191148 1.241995
v -0.000092 -0.191148 1.250000
v 0.002418 -0.191148 1.243312
v 0.006939 -0.191148 1.248634
v 0.005598 -0.191148 1.241995
v 0.012290 -0.191148 1.243665
v 0.006915 -0.191148 1.238816
v 0.013626 -0.191148 1.238923
v 0.009382 -0.191148 1.231151
v 0.013378 -0.191148 1.234298
v 0.012273 -0.191148 1.231729
v -0.044455 -0.191148 1.228627
v -0.036956 -0.191148 1.245243
v -0.036262 -0.191148 1.234550
v -0.029768 -0.191148 1.249132
v -0.025035 -0.191148 1.234502
v -0.017684 -0.191148 1.228978
v -0.014767 -0.191148 1.220236
v -0.119076 0.288688 1.129544
v -0.107177 0.277089 1.122710
v -0.115311 0.277087 1.122710
v -0.131762 0.279489 1.129544
v -0.124421 0.264574 1.122710
v -0.121895 0.272312 1.122710
v -0.121906 0.256826 1.122710
v -0.115317 0.252046 1.122710
v -0.107184 0.252048 1.122710
v -0.098074 0.264561 1.122710
v -0.100599 0.256823 1.122710
v -0.100588 0.272309 1.122710
v -0.120979 0.288070 1.133435
v -0.120590 0.303561 1.135099
v -0.126585 0.301616 1.135099
v -0.117173 0.289306 1.133435
v -0.100588 0.272309 1.126600
v -0.107177 0.277089 1.126600
v -0.115311 0.277087 1.126600
v -0.098074 0.264561 1.126600
v -0.100599 0.256823 1.126600
v -0.107184 0.252048 1.126600
v -0.121895 0.272312 1.126600
v -0.115317 0.252046 1.126600
v -0.121906 0.256826 1.126600
v -0.124421 0.264574 1.126600
v -0.101878 0.303580 1.135099
v -0.111228 0.306875 1.131497
v -0.098176 0.304786 1.131496
v -0.111229 0.304567 1.135101
v -0.120616 0.225555 1.135099
v -0.124319 0.224349 1.131496
v -0.151263 0.267729 1.135099
v -0.153559 0.264587 1.131496
v -0.103406 0.288692 1.129544
v -0.119076 0.288688 1.129544
v -0.105305 0.289317 1.133435
v -0.124299 0.304778 1.131496
v -0.120590 0.303561 1.135099
v -0.124299 0.304778 1.131496
v -0.117173 0.289306 1.133435
v -0.126585 0.301616 1.135099
v -0.120979 0.288070 1.133435
v -0.136109 0.298799 1.131497
v -0.124299 0.304778 1.131496
v -0.134753 0.296932 1.135101
v -0.132931 0.277868 1.133435
v -0.136628 0.264579 1.129544
v -0.136633 0.266575 1.133435
v -0.131762 0.279489 1.129544
v -0.130592 0.281110 1.133435
v -0.119076 0.288688 1.129544
v -0.131762 0.279489 1.129544
v -0.141742 0.290641 1.135099
v -0.145446 0.289443 1.131496
v -0.130592 0.281110 1.133435
v -0.145426 0.285535 1.135099
v -0.132931 0.277868 1.133435
v -0.153648 0.250805 1.135674
v -0.153559 0.264587 1.131496
v -0.151454 0.251517 1.131497
v -0.155864 0.264588 1.135674
v -0.145483 0.239703 1.131496
v -0.147347 0.238349 1.135674
v -0.151454 0.251517 1.131497
v -0.137477 0.228506 1.135674
v -0.145483 0.239703 1.131496
v -0.136120 0.230372 1.131497
v -0.125031 0.222159 1.135674
v -0.136120 0.230372 1.131497
v -0.124319 0.224349 1.131496
v -0.111267 0.222259 1.131497
v -0.111268 0.219951 1.135674
v -0.124319 0.224349 1.131496
v -0.097485 0.222166 1.135674
v -0.111267 0.222259 1.131497
v -0.098196 0.224356 1.131496
v -0.086385 0.230335 1.131497
v -0.085028 0.228467 1.135674
v -0.098196 0.224356 1.131496
v -0.075185 0.238337 1.135674
v -0.086385 0.230335 1.131497
v -0.077048 0.239692 1.131496
v -0.068839 0.250784 1.135674
v -0.077048 0.239692 1.131496
v -0.071033 0.251497 1.131497
v -0.068935 0.264548 1.131496
v -0.066631 0.264547 1.135674
v -0.071033 0.251497 1.131497
v -0.068846 0.278330 1.135674
v -0.068935 0.264548 1.131496
v -0.071040 0.277618 1.131497
v -0.077012 0.289432 1.131496
v -0.075147 0.290786 1.135674
v -0.071040 0.277618 1.131497
v -0.085017 0.300629 1.135674
v -0.077012 0.289432 1.131496
v -0.086374 0.298763 1.131497
v -0.097464 0.306976 1.135674
v -0.086374 0.298763 1.131497
v -0.098176 0.304786 1.131496
v -0.111228 0.306875 1.131497
v -0.111227 0.309184 1.135674
v -0.098176 0.304786 1.131496
v -0.153656 0.278351 1.135674
v -0.153559 0.264587 1.131496
v -0.151461 0.277638 1.131497
v -0.145446 0.289443 1.131496
v -0.151461 0.277638 1.131497
v -0.147309 0.290798 1.135674
v -0.125009 0.306968 1.135674
v -0.111228 0.306875 1.131497
v -0.124299 0.304778 1.131496
v -0.136109 0.298799 1.131497
v -0.137466 0.300667 1.135674
v -0.124299 0.304778 1.131496
v -0.136109 0.298799 1.131497
v -0.145446 0.289443 1.131496
v -0.141742 0.290641 1.135099
v -0.145446 0.289443 1.131496
v 0.191215 -0.243290 0.835085
v 0.191215 -0.247315 0.795473
v 0.191215 -0.243290 0.795473
v 0.191215 -0.247315 0.835085
v 0.191215 -0.274448 0.790371
v 0.191215 -0.247315 0.840188
v 0.191215 -0.274448 0.840188
v 0.191215 -0.247315 0.790371
v 0.171159 -0.274448 0.840188
v 0.191215 -0.274448 0.840188
v -0.266881 0.323681 0.816202
v -0.266881 -0.140786 0.620867
v -0.266881 0.312957 0.620868
v -0.266881 0.312957 0.620868
v -0.266881 0.323681 0.618847
v 0.155820 -0.225767 0.584591
v 0.176221 -0.225767 0.584590
v 0.155820 -0.251558 0.584591
v 0.188372 -0.251559 0.584590
v 0.188819 -0.251559 0.628477
v 0.155820 -0.251558 0.672032
v 0.188372 -0.251559 0.672032
v 0.176221 -0.225767 0.672032
v 0.155820 -0.225767 0.672032
v 0.175685 -0.225767 0.628477
v 0.155820 -0.225767 0.584591
v 0.261822 -0.165617 -1.097229
v 0.258141 -0.165617 -1.097229
v 0.261822 -0.149927 -1.097230
v 0.258141 -0.114693 -1.097228
v 0.197140 -0.120685 -1.097228
v -0.197141 -0.120685 -1.097228
v -0.258141 -0.114693 -1.097228
v -0.261822 -0.149926 -1.097230
v -0.261822 -0.165617 -1.097229
v -0.258141 -0.165617 -1.097229
v -0.261822 0.093952 -1.097229
v -0.261822 0.325557 -1.097229
v 0.261822 0.325557 -1.097229
v 0.261822 0.093767 -1.097229
v -0.022420 -0.198267 -1.158103
v -0.028874 -0.199999 -1.160530
v -0.022398 -0.198755 -1.154095
v -0.026951 -0.199221 -1.163765
v -0.036951 -0.200253 -1.177557
v -0.031724 -0.198355 -1.184922
v -0.042930 -0.200505 -1.190281
v -0.047558 -0.201494 -1.181949
v -0.049789 -0.201990 -1.195201
v -0.040890 -0.201095 -1.170346
v -0.029441 -0.200482 -1.158363
v -0.022214 -0.198890 -1.150467
v -0.018962 -0.196127 -1.164456
v -0.022125 -0.196801 -1.170010
v -0.029619 -0.194988 -1.187990
v -0.038665 -0.198274 -1.195944
v -0.047076 -0.200814 -1.201053
v -0.050121 -0.202857 -1.221160
v -0.036940 -0.194898 -1.198575
v -0.044125 -0.198529 -1.204187
v -0.049840 -0.202086 -1.221484
v -0.047050 -0.194455 -1.223011
v -0.048472 -0.198960 -1.222635
v -0.042249 -0.194845 -1.206977
v -0.015876 -0.194089 -1.160722
v -0.012937 -0.188063 -1.159228
v -0.014561 -0.188063 -1.173139
v -0.017774 -0.188063 -1.181653
v -0.022679 -0.188063 -1.187364
v -0.027806 -0.188063 -1.191260
v -0.036034 -0.189152 -1.200736
v -0.041369 -0.189659 -1.208893
v -0.045679 -0.190714 -1.222993
v 0.177824 -0.229155 0.631485
v 0.175685 -0.225767 0.628477
v 0.177823 -0.229155 0.666399
v 0.176221 -0.225767 0.672032
v 0.185632 -0.245755 0.666398
v 0.188372 -0.251559 0.672032
v 0.188819 -0.251559 0.628477
v 0.185624 -0.245755 0.631484
v 0.185624 -0.245755 0.625539
v 0.177824 -0.229155 0.625538
v 0.177823 -0.229155 0.590224
v 0.176221 -0.225767 0.584590
v 0.185632 -0.245755 0.590224
v 0.188372 -0.251559 0.584590
v 0.177823 -0.229155 0.590224
v 0.185624 -0.245755 0.625539
v 0.185632 -0.245755 0.590224
v 0.177824 -0.229155 0.625538
v 0.185632 -0.245755 0.666398
v 0.177824 -0.229155 0.631485
v 0.177823 -0.229155 0.666399
v 0.185624 -0.245755 0.631484
v 0.155820 -0.251558 0.584591
v 0.155820 -0.251558 0.672032
v -0.039118 -0.189660 -1.212208
v -0.043201 -0.190714 -1.222961
v -0.033975 -0.189172 -1.203689
v -0.025331 -0.188063 -1.195126
v -0.021502 -0.188063 -1.194008
v -0.018988 -0.188063 -1.193274
v -0.017674 -0.188063 -1.192891
v 0.020232 -0.188063 -1.202833
v 0.024865 -0.188063 -1.208729
v 0.025286 -0.188063 -1.212835
v 0.040512 -0.188063 -1.218612
v 0.025304 -0.188063 -1.218612
v 0.028209 -0.188063 -1.227551
v 0.035813 -0.188063 -1.233076
v 0.045212 -0.188063 -1.233076
v 0.052816 -0.188063 -1.227551
v 0.055720 -0.188063 -1.218612
v 0.055720 -0.188063 -1.208976
v 0.033767 -0.198665 -1.120944
v -0.020329 -0.198664 -1.143098
v -0.020329 -0.198664 -1.120944
v 0.033767 -0.198665 -1.143075
v 0.034784 -0.198665 -1.147529
v 0.038513 -0.198814 -1.152207
v 0.045499 -0.198814 -1.155408
v 0.055739 -0.198814 -1.157548
v 0.059693 -0.198814 -1.165535
v -0.117800 -0.147392 1.107174
v -0.111214 0.265901 1.113736
v -0.117800 0.265901 1.107174
v -0.111214 -0.153331 1.113736
v -0.104651 -0.147371 1.107150
v -0.104651 0.265901 1.107150
v 0.020370 -0.223866 -1.180533
v 0.024196 -0.216491 -1.180533
v 0.025913 -0.223866 -1.198781
v 0.029739 -0.218667 -1.198781
v 0.033320 -0.223866 -1.207382
v 0.033747 -0.219689 -1.206202
v 0.043743 -0.223866 -1.206017
v 0.043743 -0.219689 -1.204835
v -0.111214 -0.153331 1.089522
v -0.104651 -0.147371 1.089534
v -0.117800 -0.147392 1.089534
v -0.124991 0.272179 1.122735
v -0.097539 0.272179 1.122735
v -0.124991 0.272179 1.088324
v -0.097539 0.272179 1.088324
v -0.111265 0.257150 1.122735
v -0.111265 0.257150 1.088324
v -0.285971 0.111885 -0.045617
v -0.288992 0.111885 0.037923
v -0.288992 0.111885 -0.045617
v -0.285971 0.111885 0.037923
v -0.288992 0.202394 0.037923
v -0.288992 0.202394 -0.045617
v -0.285971 0.202394 0.037923
v -0.285971 0.202394 -0.045617
v -0.281673 -0.136046 0.000528
v -0.294347 -0.108410 -0.001275
v -0.294347 -0.131337 -0.001275
v -0.281673 -0.103674 0.000528
v -0.294347 -0.108410 -0.006419
v -0.281673 -0.136046 -0.008222
v -0.294347 -0.131337 -0.006419
v -0.281673 -0.103674 -0.008222
v -0.294347 -0.131337 -0.006419
v -0.281673 -0.136046 0.000528
v -0.294347 -0.131337 -0.001275
v -0.281673 -0.136046 -0.008222
v -0.294347 -0.108410 -0.001275
v -0.281673 -0.103674 -0.008222
v -0.294347 -0.108410 -0.006419
v -0.281673 -0.103674 0.000528
v -0.278706 -0.136818 0.000528
v -0.281673 -0.082061 0.000528
v -0.281673 -0.136818 0.000528
v -0.278706 -0.082061 0.000528
v -0.281673 -0.082061 0.000528
v -0.278706 -0.082061 -0.008222
v -0.281673 -0.082061 -0.008222
v -0.278706 -0.082061 0.000528
v -0.278706 -0.136818 -0.008222
v -0.281673 -0.082061 -0.008222
v -0.278706 -0.082061 -0.008222
v -0.281673 -0.136818 -0.008222
v -0.281673 -0.136818 0.000528
v -0.278706 -0.136818 -0.008222
v -0.278706 -0.136818 0.000528
v -0.281673 -0.136818 -0.008222
v 0.141522 -0.332379 0.676701
v 0.141344 -0.252547 0.628477
v 0.141344 -0.332379 0.628477
v 0.141522 -0.252547 0.676701
v 0.169833 -0.332379 0.667386
v 0.169833 -0.252547 0.667386
v 0.169723 -0.332379 0.637582
v 0.169723 -0.252547 0.637582
v 0.141344 -0.332379 0.628477
v 0.141344 -0.252547 0.628477
v 0.169723 -0.332379 0.637582
v 0.141522 -0.332379 0.676701
v 0.141344 -0.332379 0.628477
v 0.169833 -0.332379 0.667386
v -0.039129 -0.185211 1.218612
v -0.037228 -0.188063 1.223836
v -0.037228 -0.185211 1.223836
v -0.039129 -0.188063 1.218612
v -0.037228 -0.185211 1.213388
v -0.037228 -0.188063 1.213388
v -0.032414 -0.185211 1.210609
v -0.032414 -0.188063 1.210609
v -0.026939 -0.185211 1.211574
v -0.026939 -0.188063 1.211574
v -0.023365 -0.185211 1.215833
v -0.023365 -0.188063 1.215833
v -0.023365 -0.185211 1.221392
v -0.023365 -0.188063 1.221392
v -0.026939 -0.185211 1.225650
v -0.026939 -0.188063 1.225650
v -0.032414 -0.185211 1.226616
v -0.032414 -0.188063 1.226616
v -0.031002 -0.185211 1.218612
v -0.261822 -0.154648 -0.168110
v -0.261822 -0.154648 0.160415
v 0.261822 -0.149926 0.160415
v 0.261822 -0.154648 -0.168110
v 0.261822 -0.149926 -0.168110
v 0.261822 -0.154648 0.160415
v 0.278706 0.089497 0.148095
v 0.278706 0.153095 -0.155791
v 0.278706 0.153095 0.148095
v 0.278706 0.089497 -0.155791
v 0.278706 0.164149 0.148095
v 0.278706 0.227112 -0.155791
v 0.278706 0.227112 0.148095
v 0.278706 0.164149 -0.155791
v 0.281794 0.154692 0.149875
v 0.281794 0.162552 -0.157570
v 0.281794 0.162552 0.149875
v 0.281794 0.154692 -0.157571
v 0.261822 -0.154648 0.160415
v 0.281794 -0.165617 0.160415
v 0.281794 -0.154648 0.160415
v 0.261822 -0.165617 0.160415
v 0.261822 -0.154648 -0.168110
v 0.281794 -0.154648 -0.168110
v 0.261822 -0.154648 0.160415
v 0.261822 -0.165617 -0.168110
v 0.281794 -0.165617 -0.168110
v 0.261822 -0.154648 -0.168110
v 0.261822 -0.165617 0.160415
v 0.281794 -0.165617 -0.168110
v 0.281794 -0.165617 0.160415
v 0.261822 -0.165617 -0.168110
v 0.281794 -0.140716 -0.157571
v 0.286084 -0.140716 -0.155458
v 0.281794 -0.165617 -0.157571
v 0.286084 -0.165617 -0.155458
v 0.281794 -0.140716 -0.153346
v 0.281794 -0.165617 -0.153346
v 0.032918 -0.216001 -1.158315
v 0.043951 -0.216001 -1.161172
v 0.050345 -0.216001 -1.164236
v 0.055080 -0.216001 -1.169025
v 0.055720 -0.217301 -1.177183
v 0.055720 -0.223866 -1.208976
v 0.055720 -0.223866 -1.218612
v 0.040512 -0.223866 -1.218612
v 0.052816 -0.223866 -1.227551
v 0.045212 -0.223866 -1.233076
v 0.035813 -0.223866 -1.233076
v 0.028209 -0.223866 -1.227551
v 0.025304 -0.223866 -1.218612
v 0.025286 -0.223866 -1.212835
v 0.024865 -0.223866 -1.208729
v 0.020232 -0.223866 -1.202833
v 0.281794 -0.140716 -0.153346
v 0.281794 -0.140716 -0.157571
v -0.048499 -0.202617 -1.223030
v 0.055720 -0.194628 -1.177183
v 0.055720 -0.188063 -1.208976
v 0.055720 -0.217301 -1.177183
v 0.055720 -0.223866 -1.208976
v 0.055720 -0.188063 -1.218612
v 0.055720 -0.223866 -1.218612
v 0.052816 -0.223866 -1.227551
v 0.052816 -0.188063 -1.227551
v 0.045212 -0.188063 -1.233076
v 0.045212 -0.223866 -1.233076
v 0.035813 -0.223866 -1.233076
v 0.035813 -0.188063 -1.233076
v 0.028209 -0.223866 -1.227551
v 0.028209 -0.188063 -1.227551
v 0.025304 -0.223866 -1.218612
v 0.025304 -0.188063 -1.218612
v 0.002571 -0.191148 -1.248634
v 0.002571 -0.220781 -1.248634
v -0.002780 -0.191148 -1.243665
v -0.002780 -0.220781 -1.243665
v -0.004116 -0.191148 -1.238923
v -0.004116 -0.220781 -1.238923
v -0.003868 -0.191148 -1.234298
v -0.003868 -0.220781 -1.234298
v -0.002763 -0.191148 -1.231729
v -0.002763 -0.220781 -1.231729
v 0.000127 -0.191148 -1.231151
v 0.000127 -0.220781 -1.231151
v 0.004698 -0.191148 -1.231544
v 0.004698 -0.220781 -1.231544
v 0.009833 -0.191148 -1.233543
v 0.009833 -0.220781 -1.233543
v 0.016093 -0.191148 -1.232416
v 0.016093 -0.220781 -1.232416
v 0.024276 -0.191148 -1.220236
v 0.024276 -0.220781 -1.220236
v 0.046465 -0.191148 -1.245244
v 0.046465 -0.220781 -1.245244
v 0.039278 -0.191148 -1.249132
v 0.039278 -0.220781 -1.249132
v 0.009602 -0.191148 -1.250000
v 0.009602 -0.220781 -1.250000
v 0.281794 -0.165617 -0.157571
v 0.281794 -0.165617 -0.153346
v 0.184135 -0.279073 0.768977
v 0.171152 -0.279073 0.768977
v 0.171152 -0.285544 0.772934
v 0.184135 -0.285544 0.772934
v -0.281794 -0.140716 0.145650
v -0.281794 -0.165617 0.145650
v -0.286084 -0.140716 0.147762
v -0.286084 -0.165617 0.147762
v -0.281794 -0.140716 0.149875
v -0.281794 -0.165617 0.149875
v 0.171152 -0.283436 0.415450
v 0.171152 -0.242010 0.415464
v 0.171152 -0.283436 0.412908
v 0.171152 -0.246429 0.393521
v 0.171152 -0.232885 0.393521
v 0.171152 -0.217878 0.399688
v 0.171152 -0.208066 0.409652
v 0.171152 -0.241783 0.468666
v 0.171152 -0.201878 0.421919
v 0.171152 -0.286769 0.573404
v 0.171152 -0.279073 0.487977
v 0.171152 -0.279049 0.504921
v 0.171152 -0.285544 0.484020
v 0.171152 -0.295733 0.468666
v 0.171152 -0.295745 0.484020
v 0.171152 -0.307776 0.575229
v 0.171152 -0.332379 0.562095
v 0.171152 -0.314058 0.590956
v 0.171152 -0.314153 0.620220
v 0.171152 -0.314153 0.636734
v 0.171152 -0.314058 0.665998
v 0.171152 -0.332379 0.694859
v 0.171152 -0.307776 0.681725
v 0.171152 -0.286769 0.683537
v 0.171152 -0.279105 0.751980
v 0.171152 -0.283783 0.677363
v 0.171152 -0.223237 0.677363
v 0.171152 -0.279073 0.768977
v 0.171152 -0.241673 0.788288
v 0.171152 -0.285544 0.772934
v 0.171152 -0.295733 0.788288
v 0.171152 -0.295745 0.772934
v 0.171152 -0.283783 0.579591
v 0.171152 -0.223237 0.579591
v 0.171152 -0.201878 0.835035
v 0.171152 -0.208066 0.847302
v 0.171152 -0.241553 0.841406
v 0.171152 -0.217878 0.857266
v 0.171152 -0.232885 0.863433
v 0.171152 -0.246429 0.863433
v 0.171152 -0.283436 0.844798
v 0.171152 -0.283436 0.841367
v -0.281794 -0.140716 0.149875
v -0.281794 -0.140716 0.145650
v 0.186188 -0.246429 0.393521
v 0.186188 -0.232885 0.393521
v 0.186188 -0.217878 0.399688
v 0.186188 -0.208066 0.409652
v 0.186188 -0.201878 0.421919
v 0.189063 -0.239252 0.570360
v 0.189063 -0.226825 0.570360
v 0.189063 -0.239273 0.559952
v 0.189063 -0.226846 0.559952
v 0.189063 -0.226825 0.686594
v 0.189063 -0.226846 0.697010
v 0.189063 -0.239252 0.686594
v 0.189063 -0.239273 0.697002
v 0.186188 -0.265620 0.738522
v 0.177448 -0.265620 0.738522
v 0.186188 -0.251836 0.746415
v 0.177448 -0.251836 0.746415
v 0.186188 -0.233593 0.745426
v 0.177448 -0.233593 0.745426
v 0.186188 -0.226237 0.740888
v 0.177448 -0.226237 0.740888
v 0.186188 -0.221741 0.732850
v 0.177448 -0.221741 0.732850
v 0.186188 -0.221685 0.720596
v 0.177448 -0.221685 0.720596
v 0.186188 -0.223461 0.714052
v 0.177448 -0.223461 0.714052
v 0.186188 -0.228884 0.708628
v 0.177448 -0.228884 0.708628
v 0.186188 -0.240532 0.705904
v 0.177448 -0.240532 0.705904
v 0.186188 -0.314058 0.665998
v 0.171152 -0.314058 0.665998
v 0.186188 -0.307776 0.681725
v 0.171152 -0.307776 0.681725
v -0.281794 -0.165617 0.145650
v -0.281794 -0.165617 0.149875
v -0.281794 -0.165617 -0.168110
v -0.261822 -0.165617 0.160415
v -0.281794 -0.165617 0.160415
v -0.261822 -0.165617 -0.168110
v 0.186188 -0.295733 0.788288
v 0.186188 -0.295743 0.774814
v 0.186188 -0.284587 0.774814
v 0.186188 -0.277152 0.769845
v -0.281794 -0.140716 -0.157571
v -0.281794 -0.165617 -0.157571
v -0.286084 -0.140716 -0.155458
v -0.286084 -0.165617 -0.155458
v -0.281794 -0.140716 -0.153346
v -0.281794 -0.165617 -0.153346
v 0.184135 -0.285544 0.772934
v 0.184135 -0.295745 0.772934
v 0.184135 -0.279073 0.768977
v -0.281794 -0.140716 -0.153346
v -0.281794 -0.140716 -0.157571
v -0.114364 -0.145295 1.110895
v -0.281794 -0.165617 -0.157571
v -0.281794 -0.165617 -0.153346
v 0.259071 0.330554 -1.097229
v 0.261822 0.325556 -0.827991
v 0.261822 0.325557 -1.097229
v 0.259071 0.330554 -0.827991
v 0.241289 0.339694 -0.827991
v 0.241289 0.339694 -1.097229
v -0.000000 0.348305 -0.827991
v -0.000000 0.348305 -1.097229
v 0.241289 0.339694 0.265391
v -0.000000 0.348305 0.000259
v -0.000000 0.348305 0.265391
v 0.241289 0.339694 0.000259
v 0.259071 0.330554 0.000259
v 0.259071 0.330554 0.265391
v 0.261822 0.325556 0.265391
v 0.261822 0.325556 0.000259
v 0.241289 0.339694 -0.281300
v -0.000000 0.348305 -0.546432
v -0.000000 0.348305 -0.281300
v 0.241289 0.339694 -0.546432
v 0.259071 0.330554 -0.546432
v 0.259071 0.330554 -0.281300
v 0.261822 0.325556 -0.281300
v 0.261822 0.325556 -0.546432
v 0.241289 0.339694 0.538737
v -0.000000 0.348305 0.273604
v 0.000000 0.348305 0.538737
v 0.241289 0.339694 0.273604
v 0.259071 0.330554 0.273604
v 0.259071 0.330554 0.538737
v 0.261822 0.325556 0.538737
v 0.261822 0.325556 0.273604
v 0.241289 0.339694 -0.007954
v -0.000000 0.348305 -0.273087
v -0.000000 0.348305 -0.007954
v 0.241289 0.339694 -0.273087
v 0.259071 0.330554 -0.273087
v 0.259071 0.330554 -0.007954
v 0.261822 0.325556 -0.007954
v 0.261822 0.325556 -0.273087
v 0.241289 0.339694 -0.554645
v -0.000000 0.348305 -0.819778
v -0.000000 0.348305 -0.554645
v 0.241289 0.339694 -0.819778
v 0.259071 0.330554 -0.819778
v 0.259071 0.330554 -0.554645
v 0.261822 0.325556 -0.554645
v 0.261822 0.325556 -0.819778
v 0.284584 0.111885 0.046306
v 0.281794 0.102070 0.046306
v 0.284584 0.102070 0.046306
v 0.292071 0.111885 0.046306
v 0.292071 0.202394 0.046306
v 0.284584 0.202394 0.046306
v 0.281794 0.212208 0.046306
v 0.284584 0.212208 0.046306
v -0.000000 0.348305 -0.007954
v -0.000000 0.351897 -0.003848
v 0.241289 0.339694 -0.007954
v 0.241862 0.343047 -0.003848
v 0.259071 0.330554 -0.007954
v 0.262431 0.332281 -0.003848
v 0.261822 0.325556 -0.007954
v 0.266881 0.323681 -0.003849
v 0.261822 0.325556 0.000259
v 0.259071 0.330554 0.000259
v 0.241289 0.339694 0.000259
v -0.000000 0.348305 0.000259
v 0.284584 0.111885 -0.045617
v 0.281794 0.102070 -0.045617
v 0.284584 0.102070 -0.045617
v 0.292071 0.111885 -0.045617
v 0.292071 0.202394 -0.045617
v 0.284584 0.202394 -0.045617
v 0.281794 0.212208 -0.045617
v 0.284584 0.212208 -0.045617
v 0.171239 -0.277341 0.898457
v 0.171239 -0.275678 0.889919
v 0.171239 -0.256012 0.899798
v 0.171239 -0.256523 0.891124
v 0.171239 -0.235019 0.895794
v 0.171239 -0.237671 0.887528
v 0.171239 -0.215682 0.886695
v 0.171239 -0.220305 0.879356
v 0.171239 -0.199216 0.873072
v 0.171239 -0.205517 0.867122
v 0.171239 -0.186654 0.855783
v 0.171239 -0.194236 0.851595
v 0.171239 -0.178787 0.835912
v 0.171239 -0.187171 0.833751
v 0.171239 -0.184765 0.814710
v 0.171239 -0.176108 0.814710
v 0.171239 -0.187171 0.795669
v 0.171239 -0.178787 0.793507
v 0.171239 -0.194236 0.777824
v 0.171239 -0.186654 0.773637
v 0.171239 -0.205517 0.762297
v 0.171239 -0.199216 0.756347
v 0.171239 -0.220305 0.750063
v 0.171239 -0.215682 0.742725
v 0.171239 -0.237671 0.741892
v 0.171239 -0.235019 0.733626
v 0.171239 -0.256523 0.738295
v 0.171239 -0.256012 0.729621
v 0.171239 -0.275678 0.739501
v 0.171239 -0.277341 0.730963
v 0.171239 -0.293931 0.745431
v 0.171239 -0.297666 0.737567
v 0.171239 -0.310136 0.755715
v 0.171239 -0.315710 0.749018
v 0.171239 -0.323274 0.769706
v 0.171239 -0.330339 0.764597
v 0.171239 -0.332520 0.786524
v 0.171239 -0.340635 0.783325
v 0.171239 -0.337293 0.805114
v 0.171239 -0.345950 0.804024
v 0.171239 -0.337293 0.824306
v 0.171239 -0.345950 0.825395
v 0.171239 -0.340635 0.846095
v 0.171239 -0.332520 0.842895
v 0.171239 -0.330339 0.864823
v 0.171239 -0.323274 0.859714
v 0.171239 -0.315710 0.880401
v 0.171239 -0.310136 0.873704
v 0.171239 -0.297666 0.891853
v 0.171239 -0.293931 0.883988
v -0.175470 -0.225767 0.628477
v -0.176006 -0.225767 0.584590
v -0.155605 -0.225767 0.584591
v -0.155605 -0.251558 0.584591
v -0.188157 -0.251559 0.584590
v -0.188605 -0.251559 0.628477
v -0.155605 -0.251558 0.672032
v -0.188157 -0.251559 0.672032
v -0.176006 -0.225767 0.672032
v -0.000000 0.348305 -0.554645
v -0.000000 0.351897 -0.550539
v 0.241289 0.339694 -0.554645
v 0.241862 0.343047 -0.550539
v 0.259071 0.330554 -0.554645
v 0.262431 0.332281 -0.550539
v 0.261822 0.325556 -0.554645
v 0.266881 0.323681 -0.550540
v 0.261822 0.325556 -0.546432
v 0.259071 0.330554 -0.546432
v 0.241289 0.339694 -0.546432
v -0.000000 0.348305 -0.546432
v 0.189063 -0.239306 -0.851751
v 0.189063 -0.283436 -0.851739
v 0.186188 -0.246428 -0.871127
v 0.186188 -0.232885 -0.871127
v 0.186188 -0.217878 -0.864959
v 0.186188 -0.208066 -0.854996
v 0.186188 -0.201878 -0.842729
v 0.189063 -0.239252 -0.694287
v 0.189063 -0.226824 -0.694287
v 0.189063 -0.239273 -0.704696
v 0.189063 -0.240052 -0.710204
v 0.189063 -0.226846 -0.704696
v 0.189063 -0.227704 -0.713300
v 0.189063 -0.221032 -0.720106
v 0.189063 -0.218813 -0.727706
v 0.189063 -0.218864 -0.741271
v 0.189063 -0.224135 -0.750732
v 0.189063 -0.233579 -0.756083
v 0.189063 -0.252476 -0.756937
v 0.189063 -0.226824 -0.578054
v 0.189063 -0.226846 -0.567638
v 0.189063 -0.239252 -0.578054
v 0.189063 -0.239273 -0.567645
v 0.189063 -0.274550 -0.736732
v 0.189063 -0.267831 -0.748081
v -0.000000 0.351897 0.269498
v 0.241862 0.343047 0.269498
v 0.262431 0.332281 0.269498
v 0.266881 0.323681 0.269497
v 0.186188 -0.271196 -0.736804
v 0.186188 -0.265620 -0.746216
v 0.186188 -0.251836 -0.754109
v 0.186188 -0.233593 -0.753120
v 0.186188 -0.226236 -0.748582
v 0.186188 -0.221741 -0.740543
v 0.186188 -0.221685 -0.728290
v 0.186188 -0.223461 -0.721745
v 0.186188 -0.228884 -0.716322
v 0.186188 -0.240532 -0.713598
v -0.000000 0.351897 -0.277193
v 0.241862 0.343047 -0.277193
v 0.262431 0.332281 -0.277193
v 0.266881 0.323681 -0.277194
v 0.186188 -0.242010 -0.849184
v 0.186188 -0.283436 -0.849197
v 0.186188 -0.265620 -0.526125
v 0.177448 -0.265620 -0.526125
v 0.186188 -0.251836 -0.518232
v 0.177448 -0.251836 -0.518232
v 0.186188 -0.233593 -0.519221
v 0.177448 -0.233593 -0.519221
v 0.186188 -0.226236 -0.523759
v 0.177448 -0.226236 -0.523759
v 0.186188 -0.221741 -0.531798
v 0.177448 -0.221741 -0.531798
v 0.186188 -0.221685 -0.544051
v 0.177448 -0.221685 -0.544051
v 0.186188 -0.223461 -0.550596
v 0.177448 -0.223461 -0.550596
v 0.186188 -0.228884 -0.556019
v 0.177448 -0.228884 -0.556019
v 0.186188 -0.240532 -0.558743
v 0.177448 -0.240532 -0.558743
v 0.186188 -0.314058 -0.598649
v 0.171152 -0.314058 -0.598649
v 0.186188 -0.307776 -0.582922
v 0.171152 -0.307776 -0.582922
v -0.000000 0.351897 -0.823884
v 0.241862 0.343047 -0.823885
v 0.262431 0.332281 -0.823885
v 0.266881 0.323681 -0.823885
v -0.241289 0.339694 -1.097229
v -0.241289 0.339694 -0.827991
v -0.241289 0.339694 0.265391
v -0.241289 0.339694 0.000259
v -0.241289 0.339694 -0.281300
v -0.241289 0.339694 -0.546432
v -0.241289 0.339694 0.538737
v -0.241289 0.339694 0.273604
v -0.241289 0.339694 -0.007954
v -0.241289 0.339694 -0.273087
v -0.241289 0.339694 -0.554645
v -0.241289 0.339694 -0.819778
v 0.186188 -0.295733 -0.476359
v 0.186188 -0.295743 -0.489833
v 0.186188 -0.284587 -0.489833
v 0.186188 -0.277152 -0.494802
v -0.241289 0.339694 -0.007954
v -0.241862 0.343047 -0.003848
v -0.241289 0.339694 0.000259
v 0.184135 -0.279073 -0.495670
v 0.171152 -0.279073 -0.495670
v 0.171152 -0.285544 -0.491714
v 0.184135 -0.285544 -0.491714
v -0.241862 0.343047 -0.003848
v -0.259071 0.330554 0.000259
v -0.241289 0.339694 0.000259
v -0.262431 0.332281 -0.003848
v -0.261822 0.325556 0.000259
v -0.266881 0.323681 -0.003849
v -0.261822 0.325556 -0.007954
v -0.259071 0.330554 -0.007954
v -0.241289 0.339694 -0.007954
v 0.184135 -0.285544 -0.491714
v 0.184135 -0.295745 -0.491714
v 0.184135 -0.279073 -0.495670
v -0.241289 0.339694 -0.554645
v -0.241862 0.343047 -0.550539
v -0.241289 0.339694 -0.546432
v 0.171152 -0.283436 -0.849197
v 0.171152 -0.242010 -0.849184
v 0.171152 -0.283436 -0.851739
v 0.171152 -0.246428 -0.871127
v 0.171152 -0.232885 -0.871127
v 0.171152 -0.217878 -0.864959
v 0.171152 -0.208066 -0.854996
v 0.171152 -0.241783 -0.795981
v 0.171152 -0.201878 -0.842729
v 0.171152 -0.286769 -0.691243
v 0.171152 -0.279073 -0.776671
v 0.171152 -0.279049 -0.759727
v 0.171152 -0.285544 -0.780627
v 0.171152 -0.295733 -0.795981
v 0.171152 -0.295745 -0.780627
v 0.171152 -0.307776 -0.689418
v 0.171152 -0.332379 -0.702552
v 0.171152 -0.314058 -0.673691
v 0.171152 -0.314153 -0.644427
v 0.171152 -0.314153 -0.627913
v 0.171152 -0.314058 -0.598649
v 0.171152 -0.332379 -0.569789
v 0.171152 -0.307776 -0.582922
v 0.171152 -0.286769 -0.581110
v 0.171152 -0.279104 -0.512667
v 0.171152 -0.283783 -0.587284
v 0.171152 -0.223237 -0.587284
v 0.171152 -0.279073 -0.495670
v 0.171152 -0.241673 -0.476359
v 0.171152 -0.285544 -0.491714
v 0.171152 -0.295733 -0.476359
v 0.171152 -0.295745 -0.491714
v 0.171152 -0.283783 -0.685056
v 0.171152 -0.223237 -0.685056
v 0.171152 -0.201878 -0.429612
v 0.171152 -0.208066 -0.417345
v 0.171152 -0.241553 -0.423241
v 0.171152 -0.217878 -0.407381
v 0.171152 -0.232885 -0.401214
v 0.171152 -0.246429 -0.401214
v 0.171152 -0.283436 -0.419850
v 0.171152 -0.283436 -0.423281
v -0.175470 -0.225767 -0.636170
v -0.176006 -0.225767 -0.680057
v -0.155605 -0.225767 -0.680057
v -0.155605 -0.251558 -0.680057
v -0.188157 -0.251559 -0.680057
v -0.188605 -0.251559 -0.636170
v -0.155605 -0.251558 -0.592615
v -0.188157 -0.251559 -0.592615
v -0.176006 -0.225767 -0.592615
v -0.188848 -0.239252 0.570360
v -0.188848 -0.226825 0.570360
v -0.188848 -0.251143 0.471878
v -0.188848 -0.259246 0.477235
v -0.188848 -0.263860 0.486028
v -0.188848 -0.267289 0.497697
v -0.188848 -0.276805 0.506776
v -0.188848 -0.330176 0.564842
v -0.241862 0.343047 -0.550539
v -0.259071 0.330554 -0.546432
v -0.241289 0.339694 -0.546432
v -0.262431 0.332281 -0.550539
v -0.261822 0.325556 -0.546432
v -0.266881 0.323681 -0.550540
v -0.261822 0.325556 -0.554645
v -0.259071 0.330554 -0.554645
v -0.241289 0.339694 -0.554645
v -0.188848 -0.238267 0.844798
v -0.188848 -0.283436 0.844798
v -0.185973 -0.246429 0.863433
v -0.185973 -0.232885 0.863433
v -0.185973 -0.217878 0.857266
v -0.185973 -0.208066 0.847302
v -0.185973 -0.201878 0.835035
v -0.188848 -0.238194 0.786824
v -0.188848 -0.226825 0.686594
v -0.188848 -0.239252 0.686594
v -0.188848 -0.239273 0.697002
v -0.188848 -0.240052 0.702510
v -0.188848 -0.226846 0.697010
v -0.188848 -0.227705 0.705607
v -0.188848 -0.221032 0.712412
v -0.188848 -0.218813 0.720012
v -0.188848 -0.218864 0.733578
v -0.188848 -0.224135 0.743038
v -0.188848 -0.233579 0.748389
v -0.188848 -0.252476 0.749244
v -0.188848 -0.226846 0.559952
v -0.188848 -0.239273 0.559952
v -0.188848 -0.274550 0.729039
v -0.188848 -0.330176 0.692112
v -0.188848 -0.251143 0.785076
v -0.188848 -0.259246 0.779718
v -0.188848 -0.263860 0.770926
v -0.188848 -0.267289 0.759256
v -0.188848 -0.267831 0.740388
v -0.188848 -0.276805 0.750178
v -0.185973 -0.265620 0.518431
v -0.177233 -0.265620 0.518431
v -0.185973 -0.251836 0.510538
v -0.177233 -0.251836 0.510538
v -0.185973 -0.233593 0.511528
v -0.177233 -0.233593 0.511528
v -0.185973 -0.226237 0.516066
v -0.177233 -0.226237 0.516066
v -0.185973 -0.221741 0.524104
v -0.177233 -0.221741 0.524104
v -0.185973 -0.221685 0.536358
v -0.177233 -0.221685 0.536358
v -0.185973 -0.223461 0.542902
v -0.177233 -0.223461 0.542902
v -0.185973 -0.228884 0.548325
v -0.177233 -0.228884 0.548325
v -0.185973 -0.240532 0.551050
v -0.177233 -0.240532 0.551050
v -0.185973 -0.332379 0.694859
v -0.170937 -0.332379 0.562095
v -0.170937 -0.332379 0.694859
v -0.185973 -0.332379 0.562095
v -0.170937 -0.279049 0.504921
v -0.185973 -0.279049 0.504921
v -0.185973 -0.314058 0.590956
v -0.170937 -0.314058 0.590956
v -0.185973 -0.307776 0.575229
v -0.170937 -0.307776 0.575229
v -0.185973 -0.279049 0.504921
v -0.185973 -0.277158 0.503029
v -0.185973 -0.268649 0.494425
v -0.185973 -0.265169 0.481693
v -0.185973 -0.259965 0.474056
v -0.185973 -0.251437 0.468666
v -0.185973 -0.241950 0.468666
v -0.241862 0.343047 0.542843
v -0.259071 0.330554 0.546950
v -0.241289 0.339694 0.546950
v -0.262431 0.332281 0.542843
v -0.261822 0.325556 0.546950
v -0.266881 0.323681 0.542842
v -0.261822 0.325556 0.538737
v -0.259071 0.330554 0.538737
v -0.241289 0.339694 0.538737
v -0.185973 -0.332379 0.562095
v -0.185973 -0.332379 0.694859
v -0.241862 0.343047 0.816189
v -0.259071 0.330554 0.820295
v -0.241289 0.339694 0.820295
v -0.262431 0.332281 0.816189
v -0.261822 0.325556 0.820295
v -0.266881 0.323681 0.816202
v -0.185973 -0.242010 0.415464
v -0.185973 -0.283436 0.415450
v -0.241862 0.343047 0.269498
v -0.185973 -0.295733 0.468666
v -0.185973 -0.295743 0.482140
v -0.185973 -0.284587 0.482140
v -0.185973 -0.277152 0.487109
v -0.241862 0.343047 0.269498
v -0.259071 0.330554 0.273604
v -0.241289 0.339694 0.273604
v -0.262431 0.332281 0.269498
v -0.261822 0.325556 0.273604
v -0.266881 0.323681 0.269497
v -0.261822 0.325556 0.265391
v -0.259071 0.330554 0.265391
v -0.241289 0.339694 0.265391
v -0.183920 -0.279073 0.487977
v -0.170937 -0.279073 0.487977
v -0.170937 -0.285544 0.484020
v -0.183920 -0.285544 0.484020
v -0.241862 0.343047 -0.277193
v -0.183920 -0.285544 0.484020
v -0.183920 -0.295745 0.484020
v -0.183920 -0.279073 0.487977
v -0.241862 0.343047 -0.277193
v -0.259071 0.330554 -0.273087
v -0.241289 0.339694 -0.273087
v -0.262431 0.332281 -0.277193
v -0.261822 0.325556 -0.273087
v -0.266881 0.323681 -0.277194
v -0.261822 0.325556 -0.281300
v -0.259071 0.330554 -0.281300
v -0.241289 0.339694 -0.281300
v -0.185973 -0.271196 0.729111
v -0.185973 -0.265620 0.738522
v -0.185973 -0.251836 0.746415
v -0.185973 -0.233593 0.745426
v -0.185973 -0.226237 0.740888
v -0.185973 -0.221741 0.732850
v -0.185973 -0.221685 0.720596
v -0.185973 -0.223461 0.714052
v -0.185973 -0.228884 0.708628
v -0.185973 -0.240532 0.705904
v -0.241862 0.343047 -0.823884
v -0.185973 -0.241673 0.788288
v -0.185973 -0.241553 0.841406
v -0.185973 -0.283436 0.841367
v -0.241862 0.343047 -0.823884
v -0.259071 0.330554 -0.819778
v -0.241289 0.339694 -0.819778
v -0.262431 0.332281 -0.823884
v -0.261822 0.325556 -0.819778
v -0.266881 0.323681 -0.823885
v -0.261822 0.325556 -0.827991
v -0.259071 0.330554 -0.827991
v -0.241289 0.339694 -0.827991
v 0.278706 0.314526 -0.168104
v 0.278706 0.314526 0.160415
v -0.170937 -0.279073 0.768977
v -0.170937 -0.279105 0.751980
v -0.170937 -0.223237 0.677363
v -0.170937 -0.283783 0.677363
v -0.170937 -0.286769 0.683537
v -0.170937 -0.332379 0.694859
v -0.170937 -0.307776 0.681725
v -0.170937 -0.314058 0.665998
v -0.170937 -0.332379 0.562095
v -0.170937 -0.314153 0.636734
v -0.170937 -0.314153 0.620220
v -0.170937 -0.314058 0.590956
v -0.170937 -0.307776 0.575229
v -0.170937 -0.279049 0.504921
v -0.170937 -0.286769 0.573404
v -0.170937 -0.241783 0.468666
v -0.170937 -0.279073 0.487977
v -0.170937 -0.285544 0.484020
v -0.170937 -0.295733 0.468666
v -0.170937 -0.295745 0.484020
v -0.170937 -0.295745 0.772934
v -0.170937 -0.285544 0.772934
v -0.170937 -0.295733 0.788288
v -0.170937 -0.241673 0.788288
v -0.170937 -0.283436 0.841367
v -0.170937 -0.241553 0.841406
v -0.170937 -0.283436 0.844798
v -0.170937 -0.246429 0.863433
v -0.170937 -0.232885 0.863433
v -0.170937 -0.217878 0.857266
v -0.170937 -0.208066 0.847302
v -0.170937 -0.201878 0.835035
v -0.170937 -0.201878 0.421919
v -0.170937 -0.223237 0.579591
v -0.170937 -0.283783 0.579591
v -0.170937 -0.208066 0.409652
v -0.170937 -0.242010 0.415464
v -0.170937 -0.217878 0.399688
v -0.170937 -0.232885 0.393521
v -0.170937 -0.246429 0.393521
v -0.170937 -0.283436 0.412908
v -0.170937 -0.283436 0.415450
v -0.188848 -0.239252 -0.694287
v -0.188848 -0.226824 -0.694287
v -0.188848 -0.251143 -0.792769
v -0.188848 -0.259246 -0.787412
v -0.188848 -0.263860 -0.778619
v -0.188848 -0.267289 -0.766950
v 0.261822 -0.138958 0.508834
v 0.261822 0.311129 0.508835
v 0.261822 -0.138958 0.618815
v 0.261822 0.311129 0.618815
v -0.185973 -0.246429 -0.401214
v -0.185973 -0.232885 -0.401214
v -0.185973 -0.217878 -0.407381
v -0.185973 -0.208066 -0.417345
v -0.185973 -0.201878 -0.429612
v -0.188848 -0.226825 -0.578054
v -0.188848 -0.239252 -0.578054
v -0.188848 -0.239273 -0.567645
v -0.188848 -0.226846 -0.567638
v -0.188848 -0.226846 -0.704696
v -0.188848 -0.239273 -0.704696
v -0.185973 -0.265620 -0.746216
v -0.177233 -0.265620 -0.746216
v -0.185973 -0.251836 -0.754109
v -0.177233 -0.251836 -0.754109
v -0.185973 -0.233593 -0.753120
v -0.177233 -0.233593 -0.753120
v -0.185973 -0.226236 -0.748582
v -0.177233 -0.226236 -0.748582
v -0.185973 -0.221741 -0.740543
v -0.177233 -0.221741 -0.740543
v -0.185973 -0.221685 -0.728290
v -0.177233 -0.221685 -0.728290
v -0.185973 -0.223461 -0.721745
v -0.177233 -0.223461 -0.721745
v -0.185973 -0.228884 -0.716322
v -0.177233 -0.228884 -0.716322
v -0.185973 -0.240532 -0.713598
v -0.177233 -0.240532 -0.713598
v -0.185973 -0.332379 -0.569789
v -0.170937 -0.332379 -0.702552
v -0.170937 -0.332379 -0.569789
v -0.185973 -0.332379 -0.702552
v -0.170937 -0.279049 -0.759727
v -0.185973 -0.279049 -0.759727
v -0.185973 -0.314058 -0.673691
v -0.170937 -0.314058 -0.673691
v -0.185973 -0.307776 -0.689418
v -0.170937 -0.307776 -0.689418
v -0.185973 -0.277157 -0.761618
v -0.185973 -0.268649 -0.770222
v -0.185973 -0.265169 -0.782954
v -0.185973 -0.259965 -0.790592
v -0.185973 -0.251437 -0.795981
v -0.185973 -0.241950 -0.795981
v -0.185973 -0.242010 -0.849184
v -0.185973 -0.283436 -0.849197
v -0.185973 -0.295733 -0.795981
v -0.185973 -0.295743 -0.782508
v -0.185973 -0.284587 -0.782508
v -0.185973 -0.277152 -0.777538
v -0.183920 -0.279073 -0.776671
v -0.170937 -0.279073 -0.776671
v -0.170937 -0.285544 -0.780627
v -0.183920 -0.285544 -0.780627
v -0.183920 -0.285544 -0.780627
v -0.183920 -0.295745 -0.780627
v -0.183920 -0.279073 -0.776671
v 0.266881 0.323681 0.816202
v 0.266881 0.323681 1.087502
v 0.266881 -0.147610 1.087503
v 0.266881 -0.147610 1.087503
v 0.266881 -0.147610 0.620855
v 0.266881 -0.140786 1.079267
v 0.266881 -0.140786 0.970314
v 0.266881 -0.140786 0.861361
v 0.266881 -0.140786 0.853147
v 0.266881 -0.140786 0.741114
v 0.266881 0.323681 0.618847
v -0.170937 -0.279073 -0.495670
v -0.170937 -0.279105 -0.512667
v -0.170937 -0.223237 -0.587284
v -0.170937 -0.283783 -0.587284
v -0.170937 -0.286769 -0.581110
v -0.170937 -0.332379 -0.569789
v -0.170937 -0.307776 -0.582922
v -0.170937 -0.314058 -0.598649
v -0.170937 -0.332379 -0.702552
v -0.170937 -0.314153 -0.627913
v -0.170937 -0.314153 -0.644427
v -0.170937 -0.314058 -0.673691
v -0.170937 -0.307776 -0.689418
v -0.170937 -0.279049 -0.759727
v -0.170938 -0.286769 -0.691243
v -0.170937 -0.241783 -0.795981
v -0.170937 -0.279073 -0.776671
v -0.170937 -0.285544 -0.780627
v -0.170937 -0.295733 -0.795981
v -0.170937 -0.295745 -0.780627
v -0.170937 -0.295745 -0.491714
v -0.170937 -0.285544 -0.491714
v -0.170937 -0.295733 -0.476359
v -0.170937 -0.241673 -0.476359
v -0.170937 -0.283436 -0.423281
v -0.170937 -0.241553 -0.423241
v -0.170937 -0.283436 -0.419850
v -0.170937 -0.246429 -0.401214
v -0.170937 -0.232885 -0.401214
v -0.170937 -0.217878 -0.407381
v -0.170937 -0.208066 -0.417345
v -0.170937 -0.201878 -0.429612
v -0.170937 -0.201878 -0.842729
v -0.170937 -0.223237 -0.685056
v -0.170937 -0.283783 -0.685056
v -0.170937 -0.208066 -0.854996
v -0.170937 -0.242010 -0.849184
v -0.170937 -0.217878 -0.864959
v -0.170937 -0.232885 -0.871127
v -0.170937 -0.246428 -0.871127
v -0.170937 -0.283436 -0.851739
v -0.170937 -0.283436 -0.849197
v 0.266881 0.323681 0.269497
v 0.266881 0.312957 0.508834
v 0.266881 0.323681 0.542842
v 0.266881 0.323681 0.618847
v 0.266881 0.312957 0.620867
v 0.266881 0.323680 0.160415
v -0.010860 -0.223866 1.180532
v -0.014686 -0.216491 1.180533
v -0.016403 -0.223866 1.198781
v -0.020229 -0.218667 1.198781
v -0.023811 -0.223866 1.207382
v -0.024237 -0.219689 1.206202
v -0.034233 -0.223866 1.206017
v -0.034233 -0.219689 1.204835
v 0.266881 -0.147609 0.166009
v 0.266881 -0.140786 0.277298
v 0.266881 -0.140785 0.388588
v 0.266881 -0.140786 0.396801
v 0.266881 -0.140786 0.508834
v 0.266881 -0.147610 0.620855
v 0.266881 -0.140786 0.620867
v -0.023409 -0.216001 1.158314
v -0.034441 -0.216001 1.161171
v -0.040835 -0.216001 1.164236
v -0.045570 -0.216001 1.169025
v -0.046210 -0.217302 1.177183
v -0.046210 -0.223866 1.208976
v -0.046210 -0.223866 1.218612
v -0.031002 -0.223866 1.218612
v -0.043306 -0.223866 1.227551
v -0.035702 -0.223866 1.233076
v -0.026303 -0.223866 1.233076
v -0.018699 -0.223866 1.227551
v -0.015794 -0.223866 1.218612
v -0.015776 -0.223866 1.212835
v -0.015355 -0.223866 1.208729
v -0.010722 -0.223866 1.202832
v 0.031930 -0.198267 1.158103
v 0.038384 -0.199999 1.160530
v 0.031908 -0.198755 1.154095
v 0.036460 -0.199221 1.163765
v 0.046461 -0.200253 1.177557
v 0.041234 -0.198355 1.184922
v 0.052440 -0.200505 1.190281
v 0.057068 -0.201494 1.181949
v 0.059299 -0.201990 1.195201
v 0.050399 -0.201095 1.170346
v 0.038951 -0.200482 1.158363
v 0.031723 -0.198890 1.150467
v 0.028471 -0.196127 1.164456
v 0.031634 -0.196802 1.170010
v 0.039129 -0.194988 1.187990
v 0.048174 -0.198275 1.195944
v 0.056585 -0.200815 1.201053
v 0.059631 -0.202857 1.221160
v 0.046450 -0.194898 1.198575
v 0.053635 -0.198529 1.204187
v 0.059350 -0.202087 1.221484
v 0.056560 -0.194456 1.223011
v 0.057981 -0.198960 1.222635
v 0.051759 -0.194845 1.206977
v 0.025386 -0.194089 1.160722
v 0.022446 -0.188063 1.159228
v 0.024071 -0.188063 1.173139
v 0.027284 -0.188063 1.181653
v 0.032189 -0.188063 1.187364
v 0.037316 -0.188063 1.191260
v 0.045544 -0.189152 1.200736
v 0.050879 -0.189659 1.208893
v 0.055189 -0.190714 1.222993
v 0.266881 0.323681 -0.823885
v 0.266881 0.323680 -0.636777
v 0.266881 -0.140786 -0.628563
v 0.266881 -0.147610 -0.628576
v 0.266881 -0.140786 -0.748810
v 0.266881 -0.140786 -0.860843
v 0.266881 -0.140786 -0.869057
v 0.266881 -0.140786 -0.978010
v 0.266881 -0.140786 -1.086963
v 0.266881 -0.147610 -1.095294
v 0.261822 -0.149926 -0.168110
v 0.261822 -0.154648 -0.168110
v 0.261822 -0.149927 -0.628568
v 0.261822 -0.165617 -0.628569
v 0.261822 -0.165617 -0.168110
v 0.261822 -0.165617 -1.097229
v 0.261822 -0.149927 -1.097230
v 0.261822 -0.165617 -0.628569
v 0.267640 -0.149926 0.160402
v 0.281794 -0.149926 -0.168110
v 0.281794 -0.149926 0.160408
v 0.261822 -0.149926 -0.168110
v 0.261822 -0.149926 0.160415
v 0.048627 -0.189660 1.212208
v 0.052711 -0.190714 1.222960
v 0.043485 -0.189172 1.203689
v 0.034840 -0.188063 1.195126
v 0.031012 -0.188063 1.194008
v 0.028498 -0.188063 1.193274
v 0.027184 -0.188063 1.192891
v -0.010722 -0.188063 1.202832
v -0.015355 -0.188063 1.208729
v -0.015776 -0.188063 1.212835
v -0.031002 -0.188063 1.218612
v -0.015794 -0.188063 1.218612
v -0.018699 -0.188063 1.227551
v -0.026303 -0.188063 1.233076
v -0.035702 -0.188063 1.233076
v -0.043306 -0.188063 1.227551
v -0.046210 -0.188063 1.218612
v -0.046210 -0.188063 1.208976
v -0.024257 -0.198665 1.120944
v 0.029839 -0.198664 1.143098
v 0.029839 -0.198664 1.120943
v -0.024257 -0.198665 1.143075
v -0.025274 -0.198665 1.147529
v -0.029003 -0.198814 1.152207
v -0.035989 -0.198814 1.155408
v -0.046229 -0.198814 1.157548
v -0.050184 -0.198814 1.165535
v -0.046210 -0.194628 1.177183
v -0.046210 -0.188063 1.208976
v -0.046210 -0.217302 1.177183
v -0.046210 -0.223866 1.208976
v -0.046210 -0.188063 1.218612
v -0.046210 -0.223866 1.218612
v -0.043306 -0.223866 1.227551
v -0.043306 -0.188063 1.227551
v -0.035702 -0.188063 1.233076
v -0.035702 -0.223866 1.233076
v -0.026303 -0.223866 1.233076
v -0.026303 -0.188063 1.233076
v -0.018699 -0.223866 1.227551
v -0.018699 -0.188063 1.227551
v -0.015794 -0.223866 1.218612
v -0.015794 -0.188063 1.218612
v 0.058009 -0.202618 1.223030
v 0.006939 -0.191148 1.248634
v 0.006939 -0.220782 1.248634
v 0.012290 -0.191148 1.243665
v 0.012290 -0.220782 1.243665
v 0.013626 -0.191148 1.238923
v 0.013626 -0.220782 1.238923
v 0.013378 -0.191148 1.234298
v 0.013378 -0.220782 1.234298
v 0.012273 -0.191148 1.231729
v 0.012273 -0.220782 1.231729
v 0.009382 -0.191148 1.231151
v 0.009382 -0.220782 1.231151
v 0.004812 -0.191148 1.231544
v 0.004812 -0.220782 1.231544
v -0.000323 -0.191148 1.233543
v -0.000323 -0.220782 1.233543
v -0.006583 -0.191148 1.232416
v -0.006583 -0.220782 1.232416
v -0.014767 -0.191148 1.220236
v -0.014767 -0.220781 1.220236
v -0.036956 -0.191148 1.245243
v -0.036956 -0.220781 1.245243
v -0.029768 -0.191148 1.249132
v -0.029768 -0.220782 1.249132
v -0.000092 -0.191148 1.250000
v -0.000092 -0.220781 1.250000
v 0.261822 -0.149926 -0.168110
v 0.266881 -0.147609 -0.168110
v 0.281794 -0.149926 -0.168110
v 0.261822 0.325557 1.089534
v 0.261822 0.093807 1.089534
v 0.261822 -0.149926 1.089534
v 0.171239 -0.199215 0.500339
v 0.148237 -0.199215 0.500339
v 0.171239 -0.215682 0.513961
v 0.148237 -0.215682 0.513961
v 0.171239 -0.235019 0.523061
v 0.148237 -0.235019 0.523061
v 0.171239 -0.256012 0.527065
v 0.148237 -0.256012 0.527065
v 0.171239 -0.277341 0.525723
v 0.148237 -0.277341 0.525723
v 0.171239 -0.297666 0.519120
v 0.148237 -0.297666 0.519120
v 0.171239 -0.315710 0.507668
v 0.148237 -0.315710 0.507668
v 0.171239 -0.330339 0.492089
v 0.148237 -0.330339 0.492089
v 0.171239 -0.340635 0.473362
v 0.148237 -0.340635 0.473362
v 0.171239 -0.345950 0.452662
v 0.148237 -0.345950 0.452662
v 0.171239 -0.256012 0.356888
v 0.148237 -0.256012 0.356888
v 0.171239 -0.235019 0.360893
v 0.148237 -0.235019 0.360893
v 0.171239 -0.215682 0.369992
v 0.148237 -0.215682 0.369992
v 0.171239 -0.199216 0.383614
v 0.148237 -0.199216 0.383614
v 0.171239 -0.186654 0.400904
v 0.148237 -0.186654 0.400904
v 0.171239 -0.178787 0.420774
v 0.148237 -0.178787 0.420774
v 0.171239 -0.176108 0.441977
v 0.148237 -0.176108 0.441977
v 0.171239 -0.178787 0.463179
v 0.148237 -0.178787 0.463179
v 0.171239 -0.186654 0.483049
v 0.148237 -0.186654 0.483049
v 0.171239 -0.345950 0.452662
v 0.148237 -0.345950 0.452662
v 0.171239 -0.345950 0.431291
v 0.148237 -0.345950 0.431291
v 0.171239 -0.340635 0.410592
v 0.148237 -0.340635 0.410592
v 0.171239 -0.330339 0.391864
v 0.148237 -0.330339 0.391864
v 0.171239 -0.315710 0.376285
v 0.148237 -0.315710 0.376285
v 0.171239 -0.297666 0.364834
v 0.148237 -0.297666 0.364834
v 0.171239 -0.277341 0.358230
v 0.148237 -0.277341 0.358230
v 0.266881 -0.140786 0.508834
v 0.171239 -0.315710 0.507668
v 0.171239 -0.323274 0.486981
v 0.171239 -0.310136 0.500971
v 0.171239 -0.330339 0.492089
v 0.171239 -0.332520 0.470162
v 0.171239 -0.340635 0.473362
v 0.171239 -0.337293 0.451573
v 0.171239 -0.345950 0.452662
v 0.171239 -0.337293 0.432380
v 0.171239 -0.345950 0.431291
v 0.171239 -0.340635 0.410592
v 0.171239 -0.332520 0.413791
v 0.171239 -0.330339 0.391864
v 0.171239 -0.323274 0.396973
v 0.171239 -0.315710 0.376285
v 0.171239 -0.310136 0.382982
v 0.171239 -0.297666 0.364834
v 0.171239 -0.293931 0.372698
v 0.171239 -0.277341 0.358230
v 0.171239 -0.275678 0.366767
v 0.171239 -0.256012 0.356888
v 0.171239 -0.256523 0.365562
v 0.171239 -0.235019 0.360893
v 0.171239 -0.237671 0.369159
v 0.171239 -0.215682 0.369992
v 0.171239 -0.220305 0.377330
v 0.171239 -0.199216 0.383614
v 0.171239 -0.205517 0.389564
v 0.171239 -0.186654 0.400904
v 0.171239 -0.194236 0.405091
v 0.171239 -0.178787 0.420774
v 0.171239 -0.187171 0.422936
v 0.171239 -0.184765 0.441977
v 0.171239 -0.176108 0.441977
v 0.171239 -0.187171 0.461018
v 0.171239 -0.178787 0.463179
v 0.171239 -0.194236 0.478862
v 0.171239 -0.186654 0.483049
v 0.171239 -0.205517 0.494389
v 0.171239 -0.199215 0.500339
v 0.171239 -0.220305 0.506623
v 0.171239 -0.215682 0.513961
v 0.171239 -0.237671 0.514795
v 0.171239 -0.235019 0.523061
v 0.171239 -0.256523 0.518391
v 0.171239 -0.256012 0.527065
v 0.171239 -0.275678 0.517186
v 0.171239 -0.277341 0.525723
v 0.171239 -0.293931 0.511255
v 0.171239 -0.297666 0.519120
v 0.171239 -0.220305 0.377330
v 0.148237 -0.220305 0.377330
v 0.171239 -0.237671 0.369159
v 0.148237 -0.237671 0.369159
v 0.171239 -0.256523 0.365562
v 0.148237 -0.256523 0.365562
v 0.171239 -0.275678 0.366767
v 0.148237 -0.275678 0.366767
v 0.171239 -0.293931 0.372698
v 0.148237 -0.293931 0.372698
v 0.171239 -0.310136 0.382982
v 0.148237 -0.310136 0.382982
v 0.171239 -0.323274 0.396973
v 0.148237 -0.323274 0.396973
v 0.171239 -0.332520 0.413791
v 0.148237 -0.332520 0.413791
v 0.171239 -0.337293 0.432380
v 0.148237 -0.337293 0.432380
v 0.171239 -0.337293 0.451573
v 0.148237 -0.337293 0.451573
v 0.171239 -0.237671 0.514795
v 0.148237 -0.237671 0.514795
v 0.171239 -0.220305 0.506623
v 0.148237 -0.220305 0.506623
v 0.171239 -0.205517 0.494389
v 0.148237 -0.205517 0.494389
v 0.171239 -0.194236 0.478862
v 0.148237 -0.194236 0.478862
v 0.171239 -0.187171 0.461018
v 0.148237 -0.187171 0.461018
v 0.171239 -0.184765 0.441977
v 0.148237 -0.184765 0.441977
v 0.171239 -0.187171 0.422936
v 0.148237 -0.187171 0.422936
v 0.171239 -0.194236 0.405091
v 0.148237 -0.194236 0.405091
v 0.171239 -0.205517 0.389564
v 0.148237 -0.205517 0.389564
v 0.171239 -0.337293 0.451573
v 0.148237 -0.337293 0.451573
v 0.171239 -0.332520 0.470162
v 0.148237 -0.332520 0.470162
v 0.171239 -0.323274 0.486981
v 0.148237 -0.323274 0.486981
v 0.171239 -0.310136 0.500971
v 0.148237 -0.310136 0.500971
v 0.171239 -0.293931 0.511255
v 0.148237 -0.293931 0.511255
v 0.171239 -0.275678 0.517186
v 0.148237 -0.275678 0.517186
v 0.171239 -0.256523 0.518391
v 0.148237 -0.256523 0.518391
v -0.259071 0.330554 -1.097229
v -0.261822 0.325557 -1.097229
v -0.241289 0.339694 -1.097229
v -0.259071 0.330554 0.000259
v -0.261822 0.325556 0.000259
v -0.241289 0.339694 0.000259
v -0.259071 0.330554 -0.546432
v -0.261822 0.325556 -0.546432
v -0.241289 0.339694 -0.546432
v -0.261822 0.325557 1.089534
v -0.259071 0.330554 1.089534
v -0.241289 0.339694 1.089534
v -0.261822 0.325556 0.538737
v -0.259071 0.330554 0.538737
v -0.241289 0.339694 0.538737
v -0.261822 0.325556 -0.007954
v -0.259071 0.330554 -0.007954
v -0.241289 0.339694 -0.007954
v -0.261822 0.325556 -0.554645
v -0.259071 0.330554 -0.554645
v -0.241289 0.339694 -0.554645
v 0.266881 -0.140786 0.277298
v 0.261822 -0.138958 -0.281170
v 0.261822 -0.138958 -0.168110
v 0.261822 0.086596 -0.168110
v 0.266881 -0.140786 -0.282197
v 0.266881 -0.140772 -0.396284
v 0.266881 -0.147609 -0.168110
v 0.266881 -0.147610 -1.095294
v 0.278706 0.314526 -0.636777
v 0.000000 -0.345950 -0.003847
v -0.002053 -0.343896 -0.001793
v 0.002053 -0.343896 -0.001793
v 0.002053 -0.348003 -0.001793
v -0.002053 -0.348003 -0.001793
v -0.000205 -0.346155 0.004367
v 0.000205 -0.346155 0.004367
v 0.000205 -0.345744 0.004367
v -0.000205 -0.345744 0.004367
# num_vertices: 7212

vt 0.407322 0.511347
vt 0.011574 0.511363
vt 0.406965 0.524805
vt 0.406871 0.528328
vt 0.397229 0.528328
vt 0.011574 0.528328
vt 0.017008 0.528328
vt 0.397229 0.528328
vt 0.303883 0.537756
vt 0.397300 0.537756
vt 0.210465 0.537756
vt 0.203226 0.537756
vt 0.110117 0.537756
vt 0.017008 0.537756
vt 0.008575 0.528328
vt 0.407322 0.511200
vt 0.406871 0.528328
vt 0.008574 0.511216
vt 0.007424 0.528328
vt 0.406871 0.528328
vt 0.392927 0.999781
vt 0.329113 0.995487
vt 0.327652 0.999781
vt 0.396414 0.995487
vt 0.329113 0.995487
vt 0.392927 0.999781
vt 0.327652 0.999781
vt 0.396414 0.995487
vt 0.425614 0.483949
vt 0.423730 0.545203
vt 0.423753 0.481156
vt 0.425607 0.542501
vt 0.425556 0.393779
vt 0.688728 0.396224
vt 0.423707 0.396206
vt 0.686895 0.393774
vt 0.686884 0.406021
vt 0.423708 0.403545
vt 0.688730 0.403551
vt 0.425576 0.406066
vt 0.425576 0.471218
vt 0.688733 0.473835
vt 0.423707 0.473775
vt 0.686885 0.471240
vt 0.686885 0.483958
vt 0.423707 0.481408
vt 0.688733 0.481471
vt 0.425614 0.483949
vt 0.425630 0.393341
vt 0.688787 0.395909
vt 0.423762 0.395883
vt 0.686939 0.393343
vt 0.686939 0.406284
vt 0.423761 0.403635
vt 0.688788 0.403656
vt 0.425630 0.406284
vt 0.425631 0.470899
vt 0.688798 0.473375
vt 0.423755 0.473450
vt 0.686939 0.470886
vt 0.686959 0.483929
vt 0.688800 0.481078
vt 0.425801 0.393539
vt 0.688958 0.396126
vt 0.423932 0.396078
vt 0.687110 0.393559
vt 0.687110 0.406314
vt 0.423932 0.403447
vt 0.688958 0.403492
vt 0.425801 0.406297
vt 0.423479 0.545166
vt 0.697964 0.556694
vt 0.688623 0.544970
vt 0.413747 0.556694
vt 0.686760 0.542217
vt 0.425409 0.542263
vt 0.688828 0.544876
vt 0.686967 0.542405
vt 0.425494 0.470654
vt 0.423649 0.403637
vt 0.423646 0.473249
vt 0.425495 0.406107
vt 0.425494 0.546531
vt 0.423646 0.480885
vt 0.423646 0.549388
vt 0.425494 0.483372
vt 0.425494 0.470654
vt 0.423649 0.403637
vt 0.423646 0.473249
vt 0.425472 0.406186
vt 0.425472 0.393245
vt 0.423624 0.325852
vt 0.423623 0.395810
vt 0.425472 0.328189
vt 0.425493 0.333212
vt 0.423650 0.396310
vt 0.425483 0.393859
vt 0.423629 0.330459
vt 0.423707 0.548099
vt 0.425576 0.545270
vt 0.425443 0.542194
vt 0.423646 0.480885
vt 0.423582 0.544665
vt 0.425452 0.483718
vt 0.412287 0.325956
vt 0.412342 0.553870
vt 0.425629 0.328271
vt 0.423761 0.325904
vt 0.425535 0.333080
vt 0.423606 0.330177
vt 0.412656 0.555858
vt 0.423707 0.555840
vt 0.412487 0.320900
vt 0.686885 0.545290
vt 0.686939 0.328287
vt 0.686886 0.333126
vt 0.688733 0.473835
vt 0.425576 0.471218
vt 0.423707 0.473775
vt 0.686885 0.471240
vt 0.423707 0.481408
vt 0.686885 0.483958
vt 0.688733 0.481471
vt 0.425614 0.483949
vt 0.688685 0.473337
vt 0.425528 0.470840
vt 0.423660 0.473290
vt 0.686837 0.470860
vt 0.423660 0.481031
vt 0.686837 0.483792
vt 0.688685 0.481076
vt 0.425528 0.483776
vt 0.423479 0.545166
vt 0.686760 0.542217
vt 0.688623 0.544970
vt 0.425409 0.542263
vt 0.423653 0.403637
vt 0.425494 0.470654
vt 0.423646 0.473249
vt 0.425495 0.406107
vt 0.423646 0.480885
vt 0.425494 0.546531
vt 0.423646 0.549388
vt 0.425494 0.483372
vt 0.423649 0.403637
vt 0.425494 0.470654
vt 0.423646 0.473249
vt 0.425472 0.406186
vt 0.423624 0.325852
vt 0.425472 0.393245
vt 0.423623 0.395810
vt 0.425472 0.328189
vt 0.425493 0.333212
vt 0.423655 0.396310
vt 0.423629 0.330459
vt 0.425483 0.393859
vt 0.425583 0.406420
vt 0.423716 0.403899
vt 0.423715 0.550037
vt 0.425583 0.547209
vt 0.423646 0.480885
vt 0.425443 0.542194
vt 0.423582 0.544665
vt 0.425452 0.483718
vt 0.423715 0.396560
vt 0.425543 0.333863
vt 0.423613 0.330960
vt 0.425563 0.394133
vt 0.423660 0.473290
vt 0.688685 0.481076
vt 0.688685 0.473337
vt 0.423660 0.481031
vt 0.686891 0.406376
vt 0.413747 0.556694
vt 0.697964 0.556694
vt 0.423650 0.557127
vt 0.412313 0.557321
vt 0.412256 0.322962
vt 0.005325 0.316873
vt 0.009234 0.322443
vt 0.009208 0.319832
vt 0.005368 0.325421
vt 0.005357 0.339816
vt 0.008869 0.347585
vt 0.008861 0.343377
vt 0.005380 0.351159
vt 0.005325 0.316873
vt 0.009167 0.322505
vt 0.009142 0.319894
vt 0.005301 0.325483
vt 0.005291 0.339879
vt 0.008803 0.347648
vt 0.008794 0.343439
vt 0.005312 0.351222
vt 0.005346 0.365627
vt 0.009256 0.371197
vt 0.009230 0.368587
vt 0.005389 0.374176
vt 0.005378 0.388183
vt 0.008890 0.395952
vt 0.008880 0.391744
vt 0.005400 0.399526
vt 0.005448 0.413551
vt 0.009451 0.419110
vt 0.009358 0.416500
vt 0.005566 0.422099
vt 0.412287 0.325956
vt 0.412342 0.553870
vt 0.423819 0.333376
vt 0.414455 0.554818
vt 0.414455 0.333386
vt 0.423819 0.554810
vt 0.052185 0.347827
vt 0.423650 0.557127
vt 0.412309 0.557231
vt 0.412256 0.322962
vt 0.414455 0.325164
vt 0.423819 0.555601
vt 0.423819 0.325172
vt 0.414455 0.555349
vt 0.052179 0.342974
vt 0.698442 0.556038
vt 0.413864 0.556038
vt 0.412710 0.325923
vt 0.412872 0.556175
vt 0.426054 0.554041
vt 0.412505 0.333151
vt 0.412518 0.553152
vt 0.426249 0.332952
vt 0.426327 0.338216
vt 0.426135 0.555202
vt 0.412391 0.556007
vt 0.422047 0.336480
vt 0.412378 0.327537
vt 0.052119 0.347889
vt 0.397300 0.528328
vt 0.397300 0.537084
vt 0.305266 0.537084
vt 0.213232 0.537084
vt 0.205992 0.537084
vt 0.111324 0.537084
vt 0.016657 0.537084
vt 0.016657 0.528328
vt 0.406871 0.528328
vt 0.406871 0.528328
vt 0.406952 0.525269
vt 0.018742 0.511332
vt 0.407322 0.511347
vt 0.018742 0.528328
vt 0.106715 0.976170
vt 0.017008 0.983918
vt 0.017008 0.976170
vt 0.107913 0.983918
vt 0.196423 0.976170
vt 0.198819 0.983918
vt 0.052112 0.343036
vt 0.336889 0.954655
vt 0.326971 0.955419
vt 0.326971 0.864514
vt 0.326971 0.773608
vt 0.326971 0.765484
vt 0.326971 0.670306
vt 0.326971 0.575127
vt 0.336889 0.570678
vt 0.404730 0.993835
vt 0.005910 0.983918
vt 0.404750 0.983918
vt 0.005909 0.993835
vt 0.052206 0.396194
vt 0.284221 0.971157
vt 0.284221 0.894154
vt 0.294139 0.971180
vt 0.284221 0.665204
vt 0.284221 0.572357
vt 0.294138 0.572359
vt 0.122813 0.983918
vt 0.401194 0.983918
vt 0.123363 0.983918
vt 0.401937 0.983918
vt 0.401912 0.993835
vt 0.122859 0.993835
vt 0.338989 0.983918
vt 0.059970 0.993835
vt 0.338989 0.993835
vt 0.059936 0.983918
vt 0.202491 0.993835
vt 0.338989 0.993835
vt 0.059970 0.993835
vt 0.687280 0.328507
vt 0.425789 0.393650
vt 0.687290 0.393645
vt 0.425768 0.328461
vt 0.687279 0.406382
vt 0.425808 0.470419
vt 0.687279 0.470438
vt 0.425801 0.406297
vt 0.689124 0.396097
vt 0.423932 0.403447
vt 0.689126 0.403429
vt 0.423932 0.396078
vt 0.687278 0.405900
vt 0.425808 0.405945
vt 0.805063 0.396006
vt 0.802557 0.396006
vt 0.805063 0.363631
vt 0.802557 0.363631
vt 0.800050 0.396006
vt 0.800050 0.363631
vt 0.052198 0.391341
vt 0.052396 0.330456
vt 0.052310 0.326135
vt 0.052344 0.311106
vt 0.052289 0.315428
vt 0.052330 0.330518
vt 0.052242 0.326197
vt 0.052294 0.311169
vt 0.052222 0.315490
vt 0.052418 0.379210
vt 0.052330 0.374890
vt 0.052382 0.359861
vt 0.052310 0.364182
vt 0.052632 0.427125
vt 0.052569 0.422807
vt 0.052480 0.407777
vt 0.052430 0.412097
vt 0.352923 0.315428
vt 0.353268 0.311106
vt 0.352855 0.315490
vt 0.353211 0.311169
vt 0.352944 0.364182
vt 0.353299 0.359861
vt 0.353040 0.412097
vt 0.353384 0.407777
vt 0.396081 0.321736
vt 0.400169 0.316163
vt 0.396088 0.319137
vt 0.400169 0.324698
vt 0.396980 0.346883
vt 0.400464 0.339101
vt 0.396974 0.342675
vt 0.400482 0.350445
vt 0.396013 0.321797
vt 0.400101 0.316225
vt 0.396020 0.319199
vt 0.400101 0.324760
vt 0.396913 0.346946
vt 0.400397 0.339164
vt 0.396907 0.342737
vt 0.400416 0.350507
vt 0.396101 0.370490
vt 0.400189 0.364918
vt 0.396108 0.367891
vt 0.400189 0.373452
vt 0.397000 0.395250
vt 0.400484 0.387468
vt 0.396994 0.391042
vt 0.400503 0.398812
vt 0.396196 0.418405
vt 0.400276 0.412833
vt 0.396204 0.415807
vt 0.400276 0.421368
vt 0.800112 0.400972
vt 0.805002 0.400972
vt 0.353666 0.347281
vt 0.805002 0.358665
vt 0.800112 0.358665
vt 0.376916 0.065604
vt 0.359607 0.076281
vt 0.376915 0.076281
vt 0.359607 0.065604
vt 0.661642 0.093590
vt 0.661642 0.076281
vt 0.376915 0.093591
vt 0.678950 0.065603
vt 0.661642 0.065603
vt 0.678950 0.076281
vt 0.869462 0.972744
vt 0.641712 0.769413
vt 0.869461 0.769412
vt 0.641712 0.972744
vt 0.641712 0.990070
vt 0.869475 0.990070
vt 0.869489 0.997452
vt 0.641712 0.997452
vt 0.353656 0.342428
vt 0.631749 0.769409
vt 0.636823 0.769409
vt 0.631749 0.972744
vt 0.636823 0.972744
vt 0.631749 0.990070
vt 0.636823 0.990070
vt 0.631749 0.997452
vt 0.636823 0.999465
vt 0.641712 0.997452
vt 0.641712 0.990070
vt 0.641712 0.972744
vt 0.641712 0.769413
vt 0.353599 0.347344
vt 0.631767 0.769413
vt 0.636823 0.769409
vt 0.631767 0.972744
vt 0.636823 0.972744
vt 0.631767 0.990070
vt 0.636823 0.990070
vt 0.631767 0.997452
vt 0.636823 0.999465
vt 0.473426 0.769410
vt 0.631767 0.565805
vt 0.473426 0.565956
vt 0.408750 0.769409
vt 0.408750 0.566018
vt 0.869460 0.566055
vt 0.641712 0.566021
vt 0.353589 0.342491
vt 0.631749 0.565802
vt 0.636823 0.565709
vt 0.641712 0.566021
vt 0.353686 0.395648
vt 0.636823 0.565709
vt 0.306091 0.054876
vt 0.306091 0.045566
vt 0.582449 0.045567
vt 0.305693 0.059770
vt 0.582837 0.059770
vt 0.425483 0.542400
vt 0.686837 0.483792
vt 0.425528 0.483776
vt 0.686844 0.542304
vt 0.423638 0.395895
vt 0.425506 0.328283
vt 0.423624 0.325852
vt 0.425506 0.393353
vt 0.423632 0.473349
vt 0.425506 0.406296
vt 0.423649 0.403637
vt 0.425528 0.470840
vt 0.688705 0.544775
vt 0.423607 0.545102
vt 0.423629 0.481055
vt 0.688676 0.480978
vt 0.688685 0.473337
vt 0.686816 0.470785
vt 0.353676 0.390795
vt 0.394121 0.543000
vt 0.301938 0.976170
vt 0.394121 0.976170
vt 0.301938 0.543000
vt 0.209756 0.976170
vt 0.209756 0.543000
vt 0.399130 0.537806
vt 0.399160 0.528328
vt 0.392478 0.537806
vt 0.300608 0.537806
vt 0.206070 0.537806
vt 0.199405 0.537806
vt 0.109278 0.537806
vt 0.017008 0.537756
vt 0.009508 0.528328
vt 0.353324 0.330456
vt 0.052449 0.359799
vt 0.353366 0.359799
vt 0.005414 0.365565
vt 0.400257 0.364856
vt 0.203065 0.510735
vt 0.019199 0.499513
vt 0.203174 0.506686
vt 0.018914 0.503556
vt 0.008879 0.494413
vt 0.018271 0.503458
vt 0.003514 0.494787
vt 0.203276 0.497759
vt 0.005548 0.490189
vt 0.203169 0.501788
vt 0.009064 0.395965
vt 0.005526 0.388217
vt 0.009030 0.391774
vt 0.005552 0.399532
vt 0.009390 0.321939
vt 0.005481 0.316368
vt 0.009364 0.319328
vt 0.005524 0.324916
vt 0.009025 0.347081
vt 0.005513 0.339312
vt 0.009017 0.342873
vt 0.005536 0.350655
vt 0.009478 0.370631
vt 0.005570 0.365060
vt 0.009453 0.368020
vt 0.005612 0.373609
vt 0.009114 0.395774
vt 0.005602 0.388004
vt 0.009105 0.391565
vt 0.005624 0.399348
vt 0.009567 0.419323
vt 0.005658 0.413753
vt 0.009541 0.416713
vt 0.005700 0.422301
vt 0.009202 0.444078
vt 0.005689 0.436309
vt 0.009192 0.439870
vt 0.005711 0.447652
vt 0.009762 0.467236
vt 0.005759 0.461677
vt 0.009669 0.464626
vt 0.005877 0.470225
vt 0.009316 0.323323
vt 0.005405 0.317756
vt 0.009285 0.320715
vt 0.005450 0.326301
vt 0.008960 0.348072
vt 0.005440 0.340308
vt 0.008950 0.343867
vt 0.005461 0.351649
vt 0.009327 0.371113
vt 0.005478 0.365659
vt 0.009333 0.368560
vt 0.005533 0.374194
vt 0.011172 0.419536
vt 0.006559 0.413434
vt 0.011151 0.416116
vt 0.006591 0.422235
vt 0.009190 0.443897
vt 0.005753 0.436092
vt 0.009308 0.439672
vt 0.005643 0.447471
vt 0.009498 0.467136
vt 0.005688 0.461520
vt 0.009491 0.464586
vt 0.005655 0.470050
vt 0.196423 0.543000
vt 0.106715 0.976170
vt 0.196423 0.976170
vt 0.106715 0.543000
vt 0.017008 0.976170
vt 0.017008 0.543000
vt 0.400154 0.511413
vt 0.008396 0.528328
vt 0.399704 0.528328
vt 0.008396 0.511429
vt 0.014564 0.537806
vt 0.014564 0.983918
vt 0.000692 0.995870
vt 0.004037 0.528328
vt 0.000692 0.527732
vt 0.006481 0.993835
vt 0.397300 0.537756
vt 0.300055 0.537806
vt 0.206943 0.537806
vt 0.052349 0.444934
vt 0.302121 0.983918
vt 0.397300 0.983918
vt 0.206943 0.983918
vt 0.199703 0.983918
vt 0.199703 0.537806
vt 0.052833 0.440015
vt 0.052727 0.475083
vt 0.052609 0.471489
vt 0.052842 0.456633
vt 0.052688 0.460112
vt 0.005531 0.288819
vt 0.008225 0.280993
vt 0.008096 0.286732
vt 0.005734 0.278177
vt 0.397524 0.280993
vt 0.400026 0.278177
vt 0.397518 0.229738
vt 0.005069 0.225391
vt 0.399078 0.225391
vt 0.006644 0.229738
vt 0.002491 0.237756
vt 0.006656 0.236359
vt 0.002476 0.228354
vt 0.107133 0.983918
vt 0.007245 0.528328
vt 0.107133 0.537806
vt 0.233712 0.999572
vt 0.006860 0.995277
vt 0.005135 0.999572
vt 0.237187 0.995277
vt 0.401960 0.995277
vt 0.240685 0.999572
vt 0.400499 0.999572
vt 0.397437 0.229750
vt 0.006577 0.236371
vt 0.397449 0.236371
vt 0.006644 0.229738
vt 0.401617 0.237755
vt 0.401603 0.228353
vt 0.005017 0.240717
vt 0.399023 0.240717
vt 0.002412 0.237769
vt 0.002396 0.228366
vt 0.004990 0.225404
vt 0.398998 0.225404
vt 0.052341 0.347322
vt 0.898069 0.261787
vt 0.898069 0.261473
vt 0.856472 0.261787
vt 0.855561 0.214969
vt 0.898069 0.215574
vt 0.898069 0.214969
vt 0.702554 0.261787
vt 0.744341 0.261787
vt 0.702554 0.261441
vt 0.702554 0.215315
vt 0.744512 0.214969
vt 0.785747 0.261787
vt 0.786591 0.214969
vt 0.815153 0.261787
vt 0.815875 0.214969
vt 0.702554 0.214969
vt 0.052334 0.342470
vt 0.011058 0.419466
vt 0.052853 0.411007
vt 0.011036 0.416046
vt 0.052922 0.424371
vt 0.353023 0.424371
vt 0.352970 0.411007
vt 0.396196 0.418405
vt 0.396204 0.415807
vt 0.353464 0.427220
vt 0.052512 0.427220
vt 0.353372 0.407749
vt 0.400276 0.412833
vt 0.400309 0.421338
vt 0.008111 0.280923
vt 0.397578 0.286662
vt 0.397409 0.280923
vt 0.007982 0.286662
vt 0.052430 0.396015
vt 0.009213 0.371043
vt 0.052310 0.363456
vt 0.009219 0.368490
vt 0.052415 0.374260
vt 0.353046 0.374260
vt 0.353010 0.363456
vt 0.396101 0.370490
vt 0.396160 0.367897
vt 0.353454 0.378636
vt 0.052575 0.378636
vt 0.353337 0.359832
vt 0.400189 0.364918
vt 0.400222 0.373422
vt 0.052423 0.391162
vt 0.009202 0.323253
vt 0.052254 0.314711
vt 0.009171 0.320644
vt 0.052279 0.326945
vt 0.352924 0.326945
vt 0.352890 0.314711
vt 0.396050 0.322545
vt 0.396059 0.319949
vt 0.353298 0.331265
vt 0.052370 0.331265
vt 0.353244 0.311918
vt 0.400136 0.316976
vt 0.400135 0.325507
vt 0.353676 0.390795
vt 0.397025 0.395213
vt 0.396994 0.391042
vt 0.353686 0.395648
vt 0.052517 0.444320
vt 0.400515 0.387436
vt 0.052510 0.439467
vt 0.400503 0.398812
vt 0.353628 0.342851
vt 0.396947 0.347306
vt 0.396940 0.343097
vt 0.353636 0.347704
vt 0.052314 0.348312
vt 0.400429 0.339524
vt 0.052264 0.343466
vt 0.400450 0.350867
vt 0.005620 0.278107
vt 0.399910 0.278107
vt 0.400144 0.288749
vt 0.052502 0.395402
vt 0.353918 0.438256
vt 0.397272 0.438834
vt 0.400752 0.435322
vt 0.052276 0.390589
vt 0.052552 0.329951
vt 0.052465 0.325631
vt 0.052500 0.310602
vt 0.052444 0.314923
vt 0.052575 0.378636
vt 0.052553 0.374323
vt 0.052605 0.359295
vt 0.052533 0.363615
vt 0.052729 0.427336
vt 0.052641 0.423016
vt 0.052693 0.407987
vt 0.052621 0.412308
vt 0.052943 0.475251
vt 0.052880 0.470933
vt 0.052791 0.455903
vt 0.052741 0.460223
vt 0.052484 0.331335
vt 0.052393 0.327015
vt 0.052440 0.311988
vt 0.052369 0.314781
vt 0.052689 0.378706
vt 0.052529 0.374330
vt 0.052556 0.359903
vt 0.052424 0.363526
vt 0.397693 0.286732
vt 0.052626 0.427290
vt 0.053036 0.424441
vt 0.052480 0.407777
vt 0.052967 0.411077
vt 0.387359 0.498846
vt 0.203535 0.510734
vt 0.203411 0.506686
vt 0.387659 0.502889
vt 0.397659 0.493710
vt 0.388302 0.502788
vt 0.403027 0.494064
vt 0.203399 0.501788
vt 0.400976 0.489474
vt 0.353304 0.460112
vt 0.353705 0.456633
vt 0.353081 0.314923
vt 0.353426 0.310602
vt 0.353168 0.363615
vt 0.353524 0.359295
vt 0.353257 0.412308
vt 0.353612 0.407987
vt 0.353353 0.460223
vt 0.353697 0.455903
vt 0.353005 0.314781
vt 0.353359 0.311988
vt 0.353125 0.363526
vt 0.353452 0.359903
vt 0.353085 0.411077
vt 0.353487 0.407819
vt 0.400630 0.387506
vt 0.397140 0.395283
vt 0.397135 0.391079
vt 0.400649 0.398847
vt 0.400327 0.315659
vt 0.396239 0.321231
vt 0.396246 0.318632
vt 0.400327 0.324194
vt 0.400622 0.338597
vt 0.397138 0.346379
vt 0.397132 0.342170
vt 0.400640 0.349940
vt 0.400415 0.364351
vt 0.396326 0.369923
vt 0.396333 0.367325
vt 0.400415 0.372886
vt 0.400710 0.387290
vt 0.397226 0.395072
vt 0.397220 0.390863
vt 0.400729 0.398633
vt 0.400503 0.413044
vt 0.396415 0.418616
vt 0.396422 0.416017
vt 0.400503 0.421578
vt 0.400798 0.435594
vt 0.397314 0.443376
vt 0.397308 0.439168
vt 0.400816 0.446937
vt 0.400589 0.460959
vt 0.396510 0.466531
vt 0.396517 0.463933
vt 0.400589 0.469494
vt 0.400251 0.317047
vt 0.396165 0.322615
vt 0.396174 0.320019
vt 0.400250 0.325577
vt 0.400544 0.339594
vt 0.397062 0.347376
vt 0.397055 0.343167
vt 0.400565 0.350937
vt 0.400338 0.364961
vt 0.396258 0.370564
vt 0.396275 0.367967
vt 0.400337 0.373492
vt 0.400407 0.412874
vt 0.396326 0.418450
vt 0.396319 0.415853
vt 0.400424 0.421408
vt 0.400867 0.435392
vt 0.397281 0.443157
vt 0.397387 0.438904
vt 0.400738 0.446766
vt 0.400513 0.460787
vt 0.396453 0.466326
vt 0.396439 0.463731
vt 0.400529 0.469321
vt 0.400623 0.446696
vt 0.397166 0.443087
vt 0.353920 0.443337
vt 0.396338 0.466256
vt 0.400398 0.460717
vt 0.396324 0.463661
vt 0.400414 0.469251
vt 0.052418 0.407749
vt 0.052449 0.359799
vt 0.052326 0.311918
vt 0.353189 0.460042
vt 0.052727 0.456563
vt 0.052574 0.460042
vt 0.353590 0.456563
vt 0.203285 0.501718
vt 0.387244 0.498776
vt 0.397544 0.493640
vt 0.203297 0.506615
vt 0.203162 0.497688
vt 0.400861 0.489404
vt 0.388187 0.502718
vt 0.402912 0.493994
vt 0.203421 0.510664
vt 0.387543 0.502819
vt 0.006445 0.413364
vt 0.006477 0.422164
vt 0.005414 0.365565
vt 0.005419 0.374124
vt 0.005291 0.317686
vt 0.005336 0.326230
vt 0.008950 0.395895
vt 0.052162 0.390519
vt 0.008880 0.391744
vt 0.052388 0.395332
vt 0.354035 0.443407
vt 0.005412 0.388147
vt 0.354033 0.438326
vt 0.353632 0.475083
vt 0.353314 0.471489
vt 0.005400 0.399526
vt 0.008846 0.348002
vt 0.052150 0.343396
vt 0.008836 0.343797
vt 0.052199 0.348242
vt 0.400259 0.288819
vt 0.005096 0.240705
vt 0.397529 0.236359
vt 0.399103 0.240705
vt 0.401697 0.237743
vt 0.401683 0.228340
vt 0.005326 0.340238
vt 0.353823 0.346777
vt 0.005347 0.351579
vt 0.005416 0.288749
vt 0.009377 0.464516
vt 0.005574 0.461450
vt 0.009384 0.467066
vt 0.052613 0.475013
vt 0.052495 0.471419
vt 0.005541 0.469979
vt 0.009076 0.443827
vt 0.052719 0.439944
vt 0.009194 0.439602
vt 0.052235 0.444864
vt 0.353814 0.341924
vt 0.005639 0.436022
vt 0.353912 0.395470
vt 0.005529 0.447401
vt 0.203054 0.501718
vt 0.019085 0.499442
vt 0.203060 0.506616
vt 0.008765 0.494343
vt 0.005434 0.490119
vt 0.018157 0.503387
vt 0.003400 0.494717
vt 0.202951 0.510665
vt 0.018800 0.503486
vt 0.301938 0.542919
vt 0.209756 0.976170
vt 0.209756 0.542919
vt 0.301938 0.976170
vt 0.394121 0.542919
vt 0.394121 0.976170
vt 0.494608 0.278897
vt 0.501413 0.281374
vt 0.501413 0.281374
vt 0.494608 0.278897
vt 0.487802 0.281375
vt 0.487802 0.281375
vt 0.484181 0.287647
vt 0.484181 0.287647
vt 0.485439 0.294779
vt 0.485439 0.294779
vt 0.490987 0.299434
vt 0.490987 0.299434
vt 0.498229 0.299433
vt 0.498229 0.299433
vt 0.503777 0.294778
vt 0.503777 0.294778
vt 0.505034 0.287646
vt 0.505034 0.287646
vt 0.494608 0.289485
vt 0.438645 0.253233
vt 0.432403 0.250869
vt 0.434483 0.247640
vt 0.436566 0.256463
vt 0.455603 0.256581
vt 0.455603 0.253206
vt 0.471697 0.251691
vt 0.471697 0.248317
vt 0.479283 0.245158
vt 0.478242 0.244782
vt 0.478079 0.235965
vt 0.477037 0.235965
vt 0.480012 0.230238
vt 0.480542 0.229564
vt 0.353902 0.390617
vt 0.452623 0.229564
vt 0.427692 0.248712
vt 0.428443 0.251479
vt 0.433451 0.246986
vt 0.427317 0.248172
vt 0.436007 0.245513
vt 0.434918 0.244498
vt 0.438527 0.235782
vt 0.437267 0.235383
vt 0.440655 0.229629
vt 0.441229 0.230143
vt 0.445453 0.225967
vt 0.445453 0.225967
vt 0.452648 0.225403
vt 0.452648 0.225403
vt 0.428867 0.287342
vt 0.427798 0.288600
vt 0.353999 0.443774
vt 0.437040 0.285895
vt 0.438357 0.288488
vt 0.449309 0.287327
vt 0.429094 0.287281
vt 0.428025 0.288540
vt 0.436184 0.294427
vt 0.441098 0.293680
vt 0.456818 0.290161
vt 0.466730 0.290073
vt 0.467068 0.291232
vt 0.461856 0.294488
vt 0.467716 0.293450
vt 0.465292 0.299009
vt 0.468701 0.296826
vt 0.473649 0.306266
vt 0.476253 0.304450
vt 0.480843 0.310971
vt 0.483767 0.308985
vt 0.493279 0.314772
vt 0.493251 0.312587
vt 0.444475 0.298306
vt 0.460367 0.302041
vt 0.469956 0.308200
vt 0.477339 0.312970
vt 0.493312 0.317259
vt 0.432631 0.250808
vt 0.438873 0.253173
vt 0.434710 0.247579
vt 0.436794 0.256402
vt 0.353989 0.438921
vt 0.452851 0.229503
vt 0.480239 0.230178
vt 0.480769 0.229503
vt 0.353751 0.347774
vt 0.428671 0.251418
vt 0.427920 0.248652
vt 0.427544 0.248111
vt 0.491663 0.318690
vt 0.468767 0.318397
vt 0.457080 0.316430
vt 0.446846 0.310548
vt 0.436278 0.300451
vt 0.429313 0.294077
vt 0.422814 0.292415
vt 0.422793 0.244703
vt 0.403275 0.244703
vt 0.403274 0.292414
vt 0.426722 0.243807
vt 0.433679 0.246925
vt 0.430848 0.240518
vt 0.435146 0.244437
vt 0.437495 0.235322
vt 0.433671 0.234356
vt 0.440883 0.229568
vt 0.435558 0.225325
vt 0.442603 0.221837
vt 0.445681 0.225906
vt 0.452876 0.225342
vt 0.476825 0.290667
vt 0.473991 0.289932
vt 0.477418 0.289600
vt 0.477418 0.281268
vt 0.473991 0.275092
vt 0.838722 0.419795
vt 0.871865 0.424263
vt 0.838723 0.424263
vt 0.871866 0.419795
vt 0.838722 0.413807
vt 0.871866 0.413807
vt 0.838722 0.380895
vt 0.871865 0.380895
vt 0.871865 0.379027
vt 0.838723 0.379027
vt 0.838722 0.377518
vt 0.871866 0.377518
vt 0.838722 0.373409
vt 0.871865 0.373409
vt 0.839640 0.364043
vt 0.870951 0.364043
vt 0.840040 0.355204
vt 0.870548 0.355204
vt 0.840908 0.346172
vt 0.869679 0.346172
vt 0.847426 0.541216
vt 0.863123 0.561963
vt 0.847426 0.561963
vt 0.863123 0.541216
vt 0.847426 0.536644
vt 0.863123 0.536644
vt 0.862999 0.531128
vt 0.847432 0.531128
vt 0.847432 0.524772
vt 0.862999 0.524772
vt 0.847432 0.517376
vt 0.862999 0.517375
vt 0.847432 0.510163
vt 0.862999 0.510163
vt 0.847432 0.500676
vt 0.862997 0.500676
vt 0.353743 0.342921
vt 0.840908 0.342191
vt 0.847406 0.341323
vt 0.859864 0.341323
vt 0.866594 0.341971
vt 0.869679 0.342191
vt 0.419337 0.098494
vt 0.392122 0.110241
vt 0.392122 0.099398
vt 0.419337 0.111145
vt 0.433111 0.097977
vt 0.433111 0.111661
vt 0.447711 0.097562
vt 0.447711 0.112077
vt 0.466354 0.096923
vt 0.466354 0.112715
vt 0.477991 0.095311
vt 0.477991 0.114374
vt 0.487370 0.114610
vt 0.487370 0.094774
vt 0.515568 0.094774
vt 0.515568 0.114610
vt 0.503041 0.268291
vt 0.504202 0.271095
vt 0.500593 0.270402
vt 0.502356 0.265873
vt 0.504202 0.265487
vt 0.501362 0.260352
vt 0.507006 0.264325
vt 0.509811 0.265487
vt 0.516871 0.266077
vt 0.510972 0.268291
vt 0.515666 0.272278
vt 0.509811 0.271095
vt 0.511284 0.276997
vt 0.507006 0.272257
vt 0.507101 0.278175
vt 0.500247 0.274433
vt 0.503022 0.277956
vt 0.500756 0.276982
vt 0.498021 0.226949
vt 0.512676 0.233564
vt 0.503244 0.234176
vt 0.516105 0.239904
vt 0.503202 0.244078
vt 0.498330 0.250561
vt 0.490620 0.253134
vt 0.503268 0.268230
vt 0.500821 0.270341
vt 0.504430 0.271034
vt 0.502584 0.265813
vt 0.504430 0.265426
vt 0.501590 0.260291
vt 0.507234 0.264264
vt 0.510038 0.265426
vt 0.517098 0.266016
vt 0.511200 0.268230
vt 0.515894 0.272217
vt 0.510038 0.271034
vt 0.511511 0.276937
vt 0.507234 0.272196
vt 0.507329 0.278115
vt 0.500474 0.274372
vt 0.503250 0.277896
vt 0.500984 0.276922
vt 0.503472 0.234115
vt 0.512903 0.233503
vt 0.498248 0.226889
vt 0.516333 0.239843
vt 0.503430 0.244017
vt 0.498557 0.250501
vt 0.490848 0.253074
vt 0.353793 0.395679
vt 0.423347 0.306164
vt 0.426413 0.308591
vt 0.423347 0.306164
vt 0.426413 0.308591
vt 0.426864 0.312476
vt 0.426864 0.312476
vt 0.424437 0.315542
vt 0.424437 0.315542
vt 0.420553 0.315994
vt 0.420553 0.315994
vt 0.417488 0.313566
vt 0.417488 0.313566
vt 0.417035 0.309683
vt 0.417035 0.309683
vt 0.419463 0.306615
vt 0.419463 0.306615
vt 0.353843 0.390833
vt 0.353482 0.329951
vt 0.353111 0.325631
vt 0.799903 0.517055
vt 0.827097 0.523095
vt 0.827097 0.517055
vt 0.799903 0.523095
vt 0.827097 0.527975
vt 0.799903 0.527975
vt 0.827097 0.532638
vt 0.799903 0.532638
vt 0.827097 0.536432
vt 0.799903 0.536432
vt 0.602513 0.173123
vt 0.605658 0.188791
vt 0.605657 0.173123
vt 0.602513 0.188791
vt 0.571568 0.173123
vt 0.571568 0.188791
vt 0.568424 0.173123
vt 0.568424 0.188791
vt 0.543240 0.173123
vt 0.564438 0.188791
vt 0.564438 0.173123
vt 0.543240 0.188791
vt 0.609644 0.173123
vt 0.630111 0.188646
vt 0.630842 0.173382
vt 0.609644 0.188791
vt 0.353570 0.378644
vt 0.353200 0.374323
vt 0.293618 0.144164
vt 0.290468 0.114045
vt 0.290474 0.144168
vt 0.293612 0.114043
vt 0.314424 0.148244
vt 0.293611 0.109928
vt 0.314411 0.109941
vt 0.293619 0.148252
vt 0.665906 0.188688
vt 0.665411 0.173599
vt 0.257700 0.058403
vt 0.224587 0.046384
vt 0.224587 0.058403
vt 0.257700 0.046384
vt 0.268527 0.046384
vt 0.268527 0.058403
vt 0.281497 0.046384
vt 0.281497 0.058403
vt 0.292676 0.046384
vt 0.292676 0.058403
vt 0.303282 0.046384
vt 0.303282 0.058403
vt 0.187690 0.058403
vt 0.221719 0.046384
vt 0.187690 0.046384
vt 0.221719 0.058403
vt 0.059708 0.046384
vt 0.000506 0.058403
vt 0.059708 0.058403
vt 0.000506 0.046384
vt 0.145164 0.058403
vt 0.145164 0.046384
vt 0.353658 0.427336
vt 0.353287 0.423016
vt 0.089348 0.056762
vt 0.101623 0.046384
vt 0.089348 0.046384
vt 0.090852 0.058403
vt 0.101623 0.058403
vt 0.353716 0.475251
vt 0.353358 0.470933
vt 0.137033 0.058403
vt 0.353413 0.331335
vt 0.353039 0.327015
vt 0.024365 0.181067
vt 0.088639 0.180166
vt 0.033695 0.221084
vt 0.019961 0.215292
vt 0.008989 0.204252
vt 0.002273 0.187548
vt 0.002396 0.172389
vt 0.022012 0.131278
vt 0.353569 0.378706
vt 0.353200 0.374323
vt 0.224367 0.046348
vt 0.257479 0.058368
vt 0.224367 0.058368
vt 0.257479 0.046349
vt 0.268305 0.046349
vt 0.268305 0.058368
vt 0.281275 0.046349
vt 0.281275 0.058368
vt 0.292453 0.046349
vt 0.292453 0.058368
vt 0.303060 0.046349
vt 0.303060 0.058368
vt 0.089107 0.056726
vt 0.080952 0.056726
vt 0.089107 0.046348
vt 0.080952 0.046348
vt 0.071779 0.056726
vt 0.071779 0.046348
vt 0.059467 0.046348
vt 0.059467 0.058368
vt 0.136790 0.058368
vt 0.101381 0.058368
vt 0.101381 0.046348
vt 0.144922 0.058368
vt 0.144922 0.046349
vt 0.353579 0.427290
vt 0.353137 0.424441
vt 0.436638 0.115486
vt 0.433499 0.127126
vt 0.433348 0.115210
vt 0.436580 0.128578
vt 0.425135 0.134871
vt 0.426039 0.137971
vt 0.413044 0.137144
vt 0.408786 0.133203
vt 0.090610 0.058368
vt 0.324141 0.197909
vt 0.327922 0.133036
vt 0.327900 0.201487
vt 0.324083 0.131011
vt 0.914743 0.080146
vt 0.963142 0.068126
vt 0.914743 0.068126
vt 0.963142 0.080146
vt 0.931482 0.453721
vt 0.936372 0.462724
vt 0.936372 0.449483
vt 0.696318 0.312894
vt 0.683254 0.301827
vt 0.683826 0.314017
vt 0.649439 0.313803
vt 0.650008 0.301888
vt 0.412505 0.553880
vt 0.426249 0.553682
vt 0.426441 0.336056
vt 0.422161 0.334320
vt 0.412493 0.325377
vt 0.007102 0.995344
vt 0.234035 0.999640
vt 0.005457 0.999640
vt 0.237522 0.995344
vt 0.164130 0.995344
vt 0.008766 0.999640
vt 0.005282 0.995344
vt 0.233857 0.999640
vt 0.237343 0.995344
vt 0.008924 0.999640
vt 0.237522 0.995344
vt 0.234035 0.999640
vt 0.005437 0.995344
vt 0.637561 0.313646
vt 0.683276 0.325900
vt 0.649952 0.325801
vt 0.259611 0.096985
vt 0.278388 0.114115
vt 0.259583 0.114108
vt 0.278375 0.096992
vt 0.331686 0.061411
vt 0.001378 0.073430
vt 0.331686 0.073430
vt 0.001378 0.061411
vt 0.731715 0.065781
vt 0.743568 0.079009
vt 0.743568 0.065781
vt 0.731715 0.079009
vt 0.717545 0.065781
vt 0.717545 0.079009
vt 0.708583 0.065781
vt 0.708583 0.079009
vt 0.694265 0.065781
vt 0.694265 0.079009
vt 0.788184 0.068126
vt 0.782328 0.080146
vt 0.788184 0.080146
vt 0.782328 0.068126
vt 0.714376 0.129979
vt 0.707392 0.099246
vt 0.707392 0.129979
vt 0.714377 0.099246
vt 0.098022 0.995345
vt 0.005437 0.995344
vt 0.008924 0.999640
vt 0.234035 0.999640
vt 0.237522 0.995344
vt 0.234112 0.999640
vt 0.005536 0.995345
vt 0.009023 0.999640
vt 0.237599 0.995345
vt 0.154459 0.140647
vt 0.154064 0.145559
vt 0.141532 0.148294
vt 0.144505 0.151856
vt 0.132688 0.163275
vt 0.137148 0.164435
vt 0.132407 0.187297
vt 0.137077 0.186879
vt 0.138496 0.198054
vt 0.141860 0.194741
vt 0.149267 0.204061
vt 0.150432 0.199514
vt 0.164717 0.204124
vt 0.163868 0.199531
vt 0.170839 0.197690
vt 0.173372 0.201601
vt 0.176502 0.192965
vt 0.181125 0.194005
vt 0.184655 0.179944
vt 0.179607 0.179717
vt 0.931374 0.456791
vt 0.931374 0.455245
vt 0.928368 0.455245
vt 0.129156 0.133117
vt 0.130387 0.138072
vt 0.124890 0.137055
vt 0.120045 0.148905
vt 0.115594 0.146225
vt 0.106754 0.152805
vt 0.101179 0.150126
vt 0.096738 0.158056
vt 0.092228 0.156226
vt 0.090633 0.167281
vt 0.085877 0.166395
vt 0.086334 0.177545
vt 0.027517 0.177901
vt 0.026505 0.130500
vt 0.206573 0.126729
vt 0.210035 0.132994
vt 0.202823 0.129239
vt 0.213274 0.130784
vt 0.213257 0.197869
vt 0.210012 0.201446
vt 0.836583 0.080146
vt 0.836583 0.068126
vt 0.936987 0.465248
vt 0.938518 0.463763
vt 0.936987 0.462182
vt 0.930154 0.468747
vt 0.930154 0.465647
vt 0.924501 0.465647
vt 0.929417 0.471084
vt 0.924501 0.471849
vt 0.414455 0.555349
vt 0.423819 0.333815
vt 0.414455 0.333562
vt 0.423819 0.555336
vt 0.373396 0.560523
vt 0.373330 0.551612
vt 0.373330 0.551612
vt 0.380649 0.551612
vt 0.380649 0.765824
vt 0.380649 0.973440
vt 0.373396 0.973440
vt 0.936316 0.471189
vt 0.931675 0.466992
vt 0.931023 0.471189
vt 0.936326 0.466363
vt 0.394121 0.543000
vt 0.397300 0.976170
vt 0.394121 0.976170
vt 0.337839 0.955605
vt 0.327922 0.865856
vt 0.327922 0.956761
vt 0.327922 0.774950
vt 0.327922 0.766826
vt 0.327922 0.671647
vt 0.327922 0.576469
vt 0.337839 0.572019
vt 0.671316 0.557462
vt 0.434134 0.553268
vt 0.433792 0.557462
vt 0.434134 0.545290
vt 0.670983 0.545290
vt 0.923371 0.455228
vt 0.930398 0.448251
vt 0.930398 0.454181
vt 0.923371 0.447204
vt 0.637648 0.312908
vt 0.649602 0.313765
vt 0.650701 0.301824
vt 0.684015 0.313977
vt 0.683949 0.301841
vt 0.404973 0.983918
vt 0.400556 0.993835
vt 0.397300 0.983918
vt 0.293704 0.572844
vt 0.283787 0.572822
vt 0.293704 0.649847
vt 0.293704 0.878797
vt 0.283787 0.971248
vt 0.293704 0.971237
vt 0.923823 0.456256
vt 0.930851 0.463232
vt 0.930851 0.457303
vt 0.923823 0.464279
vt 0.019219 0.543222
vt 0.013911 0.983918
vt 0.013911 0.536928
vt 0.019219 0.976170
vt 0.106807 0.536928
vt 0.107821 0.543222
vt 0.196423 0.543222
vt 0.199703 0.536928
vt 0.209756 0.543222
vt 0.206943 0.983918
vt 0.206943 0.536928
vt 0.209756 0.976170
vt 0.196423 0.976170
vt 0.199703 0.983918
vt 0.196423 0.543402
vt 0.199703 0.983918
vt 0.199703 0.537099
vt 0.196423 0.976170
vt 0.209756 0.976170
vt 0.206943 0.537109
vt 0.206943 0.983918
vt 0.209756 0.543402
vt 0.407651 0.543222
vt 0.404973 0.536928
vt 0.407651 0.978256
vt 0.394121 0.976170
vt 0.397300 0.536928
vt 0.394121 0.543222
vt 0.196423 0.543000
vt 0.199703 0.983918
vt 0.199703 0.537806
vt 0.196423 0.976170
vt 0.209756 0.976170
vt 0.206943 0.537806
vt 0.206943 0.983918
vt 0.209756 0.543000
vt 0.017008 0.976170
vt 0.017008 0.983918
vt 0.017008 0.543000
vt 0.696408 0.313583
vt 0.650709 0.325896
vt 0.684032 0.325754
vt 0.898069 0.261473
vt 0.702554 0.214969
vt 0.898069 0.214969
vt 0.702554 0.261441
vt 0.007374 0.001159
vt 0.504278 0.001158
vt 0.504278 0.043578
vt 0.000329 0.001159
vt 0.000329 0.043579
vt 0.504278 0.043578
vt 0.504278 0.000760
vt 0.008694 0.000759
vt 0.000329 0.043579
vt 0.000329 0.000759
vt 0.537488 0.097139
vt 0.703754 0.167393
vt 0.536746 0.167393
vt 0.703011 0.097139
vt 0.106807 0.983918
vt 0.107821 0.976170
vt 0.000353 0.043542
vt 0.000352 0.000660
vt 0.504303 0.043542
vt 0.008021 0.000660
vt 0.504303 0.000659
vt 0.898069 0.261473
vt 0.702554 0.214969
vt 0.898069 0.214969
vt 0.702554 0.261441
vt 0.003262 0.084343
vt 0.105198 0.077297
vt 0.105198 0.085663
vt 0.003262 0.077297
vt 0.703714 0.167442
vt 0.537447 0.097189
vt 0.536746 0.167393
vt 0.702971 0.097189
vt 0.105265 0.077200
vt 0.003328 0.084868
vt 0.003328 0.077200
vt 0.105265 0.085713
vt 0.000351 0.001255
vt 0.000351 0.043675
vt 0.008864 0.001255
vt 0.504300 0.001256
vt 0.504300 0.043675
vt 0.987791 0.471946
vt 0.875431 0.990768
vt 0.987619 0.911498
vt 0.875664 0.392588
vt 0.875473 0.990776
vt 0.987791 0.471946
vt 0.875664 0.392588
vt 0.987619 0.911498
vt 0.994569 0.467520
vt 0.877365 0.386807
vt 0.994387 0.915928
vt 0.877127 0.996551
vt 0.987619 0.911498
vt 0.875664 0.392588
vt 0.987791 0.471946
vt 0.875473 0.990776
vt 0.875664 0.392588
vt 0.987662 0.911507
vt 0.875473 0.990776
vt 0.987835 0.471953
vt 0.994569 0.467520
vt 0.877365 0.386807
vt 0.994387 0.915928
vt 0.877170 0.996559
vt 0.931066 0.850640
vt 0.933253 0.487414
vt 0.933253 0.852336
vt 0.930978 0.489109
vt 0.923795 0.852336
vt 0.927586 0.485718
vt 0.927587 0.854031
vt 0.923794 0.487413
vt 0.961586 0.846891
vt 0.961674 0.850640
vt 0.929478 0.846891
vt 0.929282 0.857823
vt 0.961763 0.854031
vt 0.961764 0.857823
vt 0.965777 0.485718
vt 0.929282 0.481926
vt 0.965783 0.481926
vt 0.930977 0.478135
vt 0.965789 0.478135
vt 0.805063 0.396006
vt 0.802557 0.396006
vt 0.805063 0.363631
vt 0.802557 0.363631
vt 0.800050 0.396006
vt 0.800050 0.363631
vt 0.145068 0.995344
vt 0.005561 0.995345
vt 0.009023 0.999640
vt 0.234112 0.999640
vt 0.237599 0.995345
vt 0.800112 0.400972
vt 0.805002 0.400972
vt 0.394121 0.976170
vt 0.302121 0.983918
vt 0.397300 0.983918
vt 0.301938 0.976170
vt 0.397300 0.537084
vt 0.302121 0.537109
vt 0.394121 0.543402
vt 0.301938 0.543402
vt 0.805002 0.358665
vt 0.800112 0.358665
vt 0.805063 0.396006
vt 0.802557 0.396006
vt 0.805063 0.363631
vt 0.802557 0.363631
vt 0.800050 0.396006
vt 0.800050 0.363631
vt 0.302121 0.983918
vt 0.301938 0.976170
vt 0.302121 0.536928
vt 0.301938 0.543222
vt 0.800112 0.400972
vt 0.805002 0.400972
vt 0.400972 0.976170
vt 0.400422 0.983918
vt 0.301938 0.976170
vt 0.302121 0.537756
vt 0.301938 0.543000
vt 0.805002 0.358665
vt 0.800112 0.358665
vt 0.716842 0.558331
vt 0.724373 0.562082
vt 0.716842 0.562082
vt 0.724373 0.558331
vt 0.789672 0.562082
vt 0.797203 0.558331
vt 0.797203 0.562082
vt 0.789672 0.558331
vt 0.809295 0.550750
vt 0.816020 0.543218
vt 0.816020 0.550750
vt 0.809295 0.543218
vt 0.108355 0.983918
vt 0.106715 0.976170
vt 0.108355 0.537756
vt 0.106715 0.543000
vt 0.397534 0.528328
vt 0.008029 0.528328
vt 0.006418 0.528328
vt 0.397534 0.528328
vt 0.018742 0.528328
vt 0.018742 0.528328
vt 0.812654 0.559557
vt 0.812654 0.562063
vt 0.802751 0.559557
vt 0.797271 0.562063
vt 0.797271 0.558311
vt 0.802751 0.552830
vt 0.716911 0.558311
vt 0.711431 0.552830
vt 0.711431 0.559557
vt 0.716911 0.562063
vt 0.701529 0.562063
vt 0.701529 0.559557
vt 0.825923 0.550750
vt 0.828429 0.543218
vt 0.828429 0.550750
vt 0.825923 0.543218
vt 0.717975 0.543218
vt 0.717975 0.550750
vt 0.711249 0.543218
vt 0.711249 0.550750
vt 0.698841 0.543218
vt 0.701346 0.550750
vt 0.698841 0.550750
vt 0.701346 0.543218
vt 0.993398 0.216448
vt 0.995957 0.292989
vt 0.993398 0.292989
vt 0.995957 0.216448
vt 0.907274 0.216448
vt 0.907274 0.292989
vt 0.904714 0.216448
vt 0.904714 0.292989
vt 0.716842 0.558331
vt 0.724373 0.562082
vt 0.716842 0.562082
vt 0.724373 0.558331
vt 0.809204 0.550781
vt 0.815930 0.543250
vt 0.815930 0.550781
vt 0.809204 0.543250
vt 0.016657 0.537084
vt 0.017008 0.543402
vt 0.103857 0.543402
vt 0.198819 0.537109
vt 0.812563 0.559588
vt 0.812563 0.562094
vt 0.802661 0.559588
vt 0.797203 0.562082
vt 0.797203 0.558331
vt 0.802661 0.552861
vt 0.716842 0.558331
vt 0.711341 0.552861
vt 0.711341 0.559588
vt 0.716842 0.562082
vt 0.701438 0.562094
vt 0.701438 0.559588
vt 0.825833 0.550781
vt 0.828339 0.543250
vt 0.828339 0.550781
vt 0.825833 0.543250
vt 0.717884 0.543250
vt 0.717884 0.550781
vt 0.789672 0.562082
vt 0.797203 0.558331
vt 0.797203 0.562082
vt 0.789672 0.558331
vt 0.711249 0.543218
vt 0.711159 0.550781
vt 0.698841 0.543218
vt 0.701256 0.550781
vt 0.698750 0.550781
vt 0.701346 0.543218
vt 0.724373 0.562082
vt 0.716842 0.558331
vt 0.716842 0.562082
vt 0.724373 0.558331
vt 0.937389 0.447359
vt 0.937389 0.461645
vt 0.939592 0.451639
vt 0.701529 0.562063
vt 0.711431 0.559557
vt 0.701529 0.559557
vt 0.711362 0.552851
vt 0.797203 0.558331
vt 0.802661 0.552861
vt 0.802661 0.559588
vt 0.797203 0.562082
vt 0.812563 0.562094
vt 0.812563 0.559588
vt 0.815930 0.543250
vt 0.809204 0.550781
vt 0.815930 0.550781
vt 0.809204 0.543250
vt 0.957269 0.775125
vt 0.957272 0.496816
vt 0.942983 0.774958
vt 0.952349 0.496982
vt 0.942986 0.496982
vt 0.304965 0.537109
vt 0.212630 0.537109
vt 0.205390 0.537109
vt 0.016657 0.528328
vt 0.701438 0.559588
vt 0.701438 0.562094
vt 0.711341 0.559588
vt 0.716842 0.562082
vt 0.716842 0.558331
vt 0.711341 0.552861
vt 0.802661 0.552861
vt 0.797203 0.558331
vt 0.802661 0.559588
vt 0.797203 0.562082
vt 0.812563 0.562094
vt 0.812563 0.559588
vt 0.828339 0.543250
vt 0.825833 0.550781
vt 0.828339 0.550781
vt 0.825833 0.543250
vt 0.717884 0.543250
vt 0.717884 0.550781
vt 0.789672 0.562082
vt 0.789672 0.558331
vt 0.711249 0.543218
vt 0.711159 0.550781
vt 0.701256 0.550781
vt 0.698841 0.543218
vt 0.698750 0.550781
vt 0.701346 0.543218
vt 0.724373 0.562082
vt 0.716842 0.558331
vt 0.716842 0.562082
vt 0.724373 0.558331
vt 0.308257 0.993835
vt 0.080450 0.993835
vt 0.013685 0.993835
vt 0.400476 0.993835
vt 0.404973 0.528328
vt 0.301111 0.536928
vt 0.204923 0.536928
vt 0.197683 0.536928
vt 0.104128 0.536928
vt 0.010573 0.536928
vt 0.001594 0.528328
vt 0.398361 0.993835
vt 0.239390 0.993835
vt 0.004939 0.767665
vt 0.004931 0.528328
vt 0.004947 0.993835
vt 0.701529 0.562063
vt 0.711431 0.559557
vt 0.701529 0.559557
vt 0.711362 0.552851
vt 0.797203 0.558331
vt 0.802661 0.552861
vt 0.802661 0.559588
vt 0.797203 0.562082
vt 0.812563 0.562094
vt 0.812563 0.559588
vt 0.815930 0.543250
vt 0.809204 0.550781
vt 0.815930 0.550781
vt 0.809204 0.543250
vt 0.701438 0.559588
vt 0.701438 0.562094
vt 0.711341 0.559588
vt 0.716842 0.562082
vt 0.716842 0.558331
vt 0.711341 0.552861
vt 0.802661 0.552861
vt 0.797203 0.558331
vt 0.802661 0.559588
vt 0.797203 0.562082
vt 0.812563 0.562094
vt 0.812563 0.559588
vt 0.828339 0.543250
vt 0.825833 0.550781
vt 0.828339 0.550781
vt 0.825833 0.543250
vt 0.717884 0.543250
vt 0.717884 0.550781
vt 0.789672 0.562082
vt 0.789672 0.558331
vt 0.711249 0.543218
vt 0.711159 0.550781
vt 0.701256 0.550781
vt 0.698841 0.543218
vt 0.698750 0.550781
vt 0.701346 0.543218
vt 0.069197 0.140692
vt 0.073792 0.162226
vt 0.069197 0.162226
vt 0.073792 0.140692
vt 0.069153 0.139887
vt 0.075254 0.129381
vt 0.073796 0.139887
vt 0.067696 0.129381
vt 0.073796 0.163031
vt 0.067708 0.173550
vt 0.069153 0.163030
vt 0.075240 0.173549
vt 0.059493 0.136411
vt 0.059493 0.166531
vt 0.083057 0.136411
vt 0.083057 0.166531
vt 0.574363 0.038882
vt 0.517841 0.041611
vt 0.517868 0.038885
vt 0.574363 0.041608
vt 0.574362 0.030218
vt 0.517840 0.027498
vt 0.574362 0.027492
vt 0.517867 0.030224
vt 0.577883 0.030568
vt 0.575158 0.038608
vt 0.575157 0.030568
vt 0.577884 0.038607
vt 0.516372 0.030242
vt 0.513646 0.038925
vt 0.513645 0.030261
vt 0.516372 0.038943
vt 0.805063 0.396006
vt 0.805063 0.363631
vt 0.802557 0.396006
vt 0.802557 0.363631
vt 0.800050 0.396006
vt 0.800050 0.363631
vt 0.800112 0.400972
vt 0.805002 0.400972
vt 0.805002 0.358665
vt 0.800112 0.358665
vt 0.404750 0.983918
vt 0.006303 0.993835
vt 0.404730 0.993835
vt 0.006302 0.983918
vt 0.805063 0.396006
vt 0.805063 0.363631
vt 0.802557 0.396006
vt 0.802557 0.363631
vt 0.800050 0.396006
vt 0.800050 0.363631
vt 0.931482 0.453721
vt 0.936372 0.449483
vt 0.936372 0.462724
vt 0.412391 0.335286
vt 0.425939 0.556209
vt 0.412403 0.555321
vt 0.426135 0.334482
vt 0.007102 0.995344
vt 0.234035 0.999640
vt 0.237522 0.995344
vt 0.005457 0.999640
vt 0.237522 0.995344
vt 0.008924 0.999640
vt 0.234035 0.999640
vt 0.005437 0.995344
vt 0.005536 0.995345
vt 0.234112 0.999640
vt 0.009023 0.999640
vt 0.237599 0.995345
vt 0.402139 0.995384
vt 0.240864 0.999679
vt 0.237366 0.995384
vt 0.400678 0.999679
vt 0.007039 0.995384
vt 0.233891 0.999679
vt 0.005313 0.999679
vt 0.800112 0.400972
vt 0.805002 0.400972
vt 0.931374 0.456791
vt 0.928368 0.455245
vt 0.931374 0.455245
vt 0.805002 0.358665
vt 0.800112 0.358665
vt 0.865636 0.053191
vt 0.849177 0.046461
vt 0.849177 0.053191
vt 0.865636 0.046461
vt 0.882093 0.053191
vt 0.882093 0.046461
vt 0.898550 0.053191
vt 0.898551 0.046461
vt 0.915008 0.053191
vt 0.915008 0.046461
vt 0.931467 0.053191
vt 0.931467 0.046461
vt 0.947924 0.053191
vt 0.947925 0.046460
vt 0.964382 0.053191
vt 0.964382 0.046460
vt 0.980840 0.053191
vt 0.980840 0.046460
vt 0.997298 0.053191
vt 0.997298 0.046460
vt 0.717513 0.053191
vt 0.701055 0.046461
vt 0.701055 0.053191
vt 0.717513 0.046461
vt 0.733971 0.053191
vt 0.733971 0.046461
vt 0.750429 0.053191
vt 0.750429 0.046461
vt 0.766887 0.053191
vt 0.766887 0.046461
vt 0.783345 0.053191
vt 0.783345 0.046461
vt 0.799803 0.053191
vt 0.799803 0.046461
vt 0.816261 0.053191
vt 0.816261 0.046461
vt 0.832720 0.053191
vt 0.832720 0.046461
vt 0.602308 0.053191
vt 0.585850 0.046461
vt 0.585850 0.053191
vt 0.602308 0.046461
vt 0.618765 0.053191
vt 0.618765 0.046461
vt 0.635223 0.053191
vt 0.635223 0.046461
vt 0.651681 0.053191
vt 0.651681 0.046461
vt 0.668139 0.053191
vt 0.668139 0.046461
vt 0.684597 0.053191
vt 0.684598 0.046461
vt 0.936987 0.465248
vt 0.936987 0.462182
vt 0.938518 0.463763
vt 0.896547 0.281650
vt 0.900458 0.289916
vt 0.879284 0.335152
vt 0.890704 0.274615
vt 0.883295 0.269256
vt 0.874786 0.265907
vt 0.865710 0.264779
vt 0.856641 0.265944
vt 0.848146 0.269328
vt 0.840759 0.274718
vt 0.834944 0.281776
vt 0.831067 0.290059
vt 0.829373 0.299044
vt 0.829965 0.308170
vt 0.832809 0.316861
vt 0.837724 0.324572
vt 0.844403 0.330818
vt 0.852426 0.335207
vt 0.861288 0.337463
vt 0.870432 0.337444
vt 0.893943 0.324457
vt 0.887289 0.330730
vt 0.898826 0.316725
vt 0.901634 0.308023
vt 0.902189 0.298895
vt 0.930154 0.468747
vt 0.924501 0.465647
vt 0.930154 0.465647
vt 0.929417 0.471084
vt 0.924501 0.471849
vt 0.832687 0.316830
vt 0.829858 0.308122
vt 0.856653 0.265900
vt 0.837593 0.324561
vt 0.844267 0.330829
vt 0.852291 0.335240
vt 0.861159 0.337517
vt 0.870315 0.337517
vt 0.879183 0.335240
vt 0.887207 0.330829
vt 0.893881 0.324561
vt 0.898787 0.316830
vt 0.901616 0.308122
vt 0.902191 0.298985
vt 0.900475 0.289991
vt 0.896577 0.281706
vt 0.890741 0.274652
vt 0.883295 0.269256
vt 0.874786 0.265907
vt 0.865710 0.264779
vt 0.840733 0.274652
vt 0.848146 0.269328
vt 0.834897 0.281706
vt 0.830998 0.289991
vt 0.829283 0.298985
vt 0.851295 0.021020
vt 0.832918 0.001240
vt 0.832918 0.021020
vt 0.851295 0.001240
vt 0.869672 0.021020
vt 0.869672 0.001240
vt 0.888050 0.021020
vt 0.888050 0.001240
vt 0.906428 0.021020
vt 0.906427 0.001240
vt 0.924805 0.021020
vt 0.924805 0.001240
vt 0.943183 0.021020
vt 0.943183 0.001240
vt 0.961560 0.021020
vt 0.961560 0.001240
vt 0.979937 0.021020
vt 0.979937 0.001240
vt 0.998314 0.021020
vt 0.998314 0.001240
vt 0.685898 0.021020
vt 0.667519 0.001240
vt 0.667519 0.021020
vt 0.685898 0.001240
vt 0.704276 0.021020
vt 0.704276 0.001240
vt 0.722653 0.021020
vt 0.722653 0.001240
vt 0.741031 0.021020
vt 0.741031 0.001240
vt 0.759408 0.021020
vt 0.759408 0.001240
vt 0.777785 0.021020
vt 0.777785 0.001240
vt 0.796163 0.021020
vt 0.796163 0.001240
vt 0.814540 0.021020
vt 0.814540 0.001240
vt 0.557256 0.021020
vt 0.538878 0.001240
vt 0.538878 0.021020
vt 0.557256 0.001240
vt 0.575632 0.021020
vt 0.575632 0.001240
vt 0.594010 0.021020
vt 0.594010 0.001240
vt 0.612387 0.021020
vt 0.612387 0.001240
vt 0.630765 0.021020
vt 0.630765 0.001240
vt 0.649143 0.021020
vt 0.649143 0.001240
vt 0.865970 0.064037
vt 0.849467 0.044258
vt 0.849467 0.064038
vt 0.865970 0.044258
vt 0.882475 0.064038
vt 0.882475 0.044258
vt 0.898979 0.064037
vt 0.898980 0.044258
vt 0.915484 0.064038
vt 0.915484 0.044258
vt 0.931987 0.064038
vt 0.931987 0.044258
vt 0.948491 0.064038
vt 0.948491 0.044258
vt 0.964995 0.064038
vt 0.964995 0.044258
vt 0.981498 0.064038
vt 0.981498 0.044258
vt 0.998002 0.064038
vt 0.998002 0.044258
vt 0.717436 0.064037
vt 0.700933 0.044258
vt 0.700933 0.064037
vt 0.717436 0.044258
vt 0.733941 0.064037
vt 0.733940 0.044258
vt 0.750444 0.064037
vt 0.750444 0.044258
vt 0.766948 0.064038
vt 0.766948 0.044258
vt 0.783452 0.064037
vt 0.783452 0.044258
vt 0.799956 0.064037
vt 0.799956 0.044258
vt 0.816460 0.064037
vt 0.816460 0.044258
vt 0.832963 0.064038
vt 0.832963 0.044258
vt 0.601908 0.064038
vt 0.585405 0.044258
vt 0.585405 0.064037
vt 0.601908 0.044258
vt 0.618412 0.064037
vt 0.618412 0.044258
vt 0.634916 0.064037
vt 0.634916 0.044258
vt 0.651420 0.064037
vt 0.651420 0.044258
vt 0.667923 0.064038
vt 0.667923 0.044258
vt 0.684427 0.064037
vt 0.684427 0.044258
vt 0.406871 0.528328
vt 0.397300 0.537725
vt 0.406871 0.528328
vt 0.423819 0.324646
vt 0.414455 0.555173
vt 0.414455 0.324638
vt 0.423819 0.555163
vt 0.936316 0.471189
vt 0.931675 0.466992
vt 0.936326 0.466363
vt 0.931023 0.471189
vt 0.397300 0.976170
vt 0.379991 0.549441
vt 0.379991 0.765419
vt 0.381798 0.549441
vt 0.372689 0.558383
vt 0.372689 0.974150
vt 0.379991 0.974150
vt 0.401478 0.983918
vt 0.123239 0.983918
vt 0.123790 0.983918
vt 0.401951 0.983918
vt 0.401912 0.993835
vt 0.123286 0.993835
vt 0.930398 0.448251
vt 0.923371 0.455228
vt 0.930398 0.454181
vt 0.923371 0.447204
vt 0.630043 0.188643
vt 0.609644 0.173123
vt 0.630842 0.173382
vt 0.609644 0.188791
vt 0.564438 0.188791
vt 0.543240 0.173123
vt 0.564438 0.173123
vt 0.543240 0.188791
vt 0.571499 0.188788
vt 0.568424 0.173123
vt 0.571499 0.173119
vt 0.568424 0.188791
vt 0.602445 0.188788
vt 0.602445 0.173119
vt 0.605590 0.188788
vt 0.605589 0.173119
vt 0.605034 0.308012
vt 0.612272 0.297288
vt 0.615393 0.301259
vt 0.602269 0.303907
vt 0.656062 0.290660
vt 0.664820 0.285859
vt 0.658773 0.294180
vt 0.661778 0.283784
vt 0.662952 0.295683
vt 0.667729 0.288117
vt 0.624534 0.292499
vt 0.620896 0.288991
vt 0.597239 0.290400
vt 0.612792 0.284626
vt 0.600699 0.294203
vt 0.609889 0.280376
vt 0.629806 0.285112
vt 0.629315 0.272179
vt 0.634177 0.273548
vt 0.625149 0.283429
vt 0.648924 0.276379
vt 0.658837 0.277638
vt 0.649004 0.280833
vt 0.657595 0.274173
vt 0.651547 0.284486
vt 0.659863 0.281173
vt 0.651547 0.260620
vt 0.658837 0.267467
vt 0.648997 0.264360
vt 0.659863 0.263932
vt 0.648924 0.268726
vt 0.657595 0.270932
vt 0.636419 0.261072
vt 0.631414 0.260373
vt 0.613142 0.275436
vt 0.622305 0.261588
vt 0.618181 0.276465
vt 0.617455 0.259875
vt 0.627647 0.228637
vt 0.628367 0.241718
vt 0.623235 0.230882
vt 0.633133 0.240071
vt 0.622130 0.221421
vt 0.609702 0.217715
vt 0.612596 0.213586
vt 0.618912 0.225313
vt 0.662952 0.249423
vt 0.664820 0.259246
vt 0.658771 0.250919
vt 0.667729 0.256988
vt 0.656062 0.254446
vt 0.661778 0.261322
vt 0.607854 0.234216
vt 0.597521 0.221246
vt 0.610379 0.229731
vt 0.594398 0.225332
vt 0.611526 0.238859
vt 0.621887 0.251816
vt 0.617211 0.253965
vt 0.616451 0.237380
vt 0.601437 0.207585
vt 0.599194 0.211993
vt 0.678750 0.247075
vt 0.674485 0.256111
vt 0.674570 0.245808
vt 0.678167 0.255998
vt 0.670220 0.247075
vt 0.670804 0.255998
vt 0.592738 0.204916
vt 0.580601 0.209316
vt 0.580404 0.204270
vt 0.592560 0.209859
vt 0.588690 0.223750
vt 0.572725 0.219293
vt 0.588115 0.218639
vt 0.572580 0.224437
vt 0.636289 0.252008
vt 0.631402 0.253285
vt 0.559245 0.208915
vt 0.552007 0.219639
vt 0.548886 0.215669
vt 0.562010 0.213020
vt 0.692909 0.254446
vt 0.684151 0.259246
vt 0.690197 0.250926
vt 0.687192 0.261322
vt 0.686019 0.249423
vt 0.681242 0.256988
vt 0.539745 0.224428
vt 0.543383 0.227936
vt 0.567042 0.226527
vt 0.551489 0.232301
vt 0.563581 0.222724
vt 0.554391 0.236551
vt 0.534472 0.231817
vt 0.534965 0.244748
vt 0.530103 0.243380
vt 0.539130 0.233499
vt 0.700046 0.268726
vt 0.690134 0.267467
vt 0.699967 0.264273
vt 0.691375 0.270932
vt 0.697424 0.260620
vt 0.689108 0.263932
vt 0.697424 0.284486
vt 0.690134 0.277638
vt 0.699974 0.280745
vt 0.689108 0.281173
vt 0.700046 0.276379
vt 0.691375 0.274173
vt 0.527861 0.255856
vt 0.532865 0.256555
vt 0.551138 0.241491
vt 0.541975 0.255339
vt 0.546099 0.240462
vt 0.546825 0.257052
vt 0.536633 0.288290
vt 0.535914 0.275209
vt 0.541047 0.286045
vt 0.531148 0.276856
vt 0.335164 0.129238
vt 0.332659 0.101402
vt 0.331415 0.126725
vt 0.328546 0.103502
vt 0.317718 0.093711
vt 0.316019 0.097948
vt 0.278400 0.096943
vt 0.259636 0.096937
vt 0.220319 0.093678
vt 0.222016 0.097915
vt 0.209484 0.103461
vt 0.205373 0.101358
vt 0.206573 0.126729
vt 0.202823 0.129239
vt 0.210060 0.132947
vt 0.213299 0.130736
vt 0.352996 0.079163
vt 0.407591 0.138119
vt 0.408786 0.133203
vt 0.349496 0.082607
vt 0.188550 0.082550
vt 0.185053 0.079104
vt 0.130414 0.138024
vt 0.129156 0.133117
vt 0.707379 0.099282
vt 0.714376 0.129979
vt 0.707392 0.129979
vt 0.714364 0.099282
vt 0.187690 0.046384
vt 0.145164 0.058403
vt 0.145164 0.046384
vt 0.187690 0.058403
vt 0.764986 0.080141
vt 0.782328 0.068126
vt 0.782328 0.080146
vt 0.764986 0.068122
vt 0.754576 0.080141
vt 0.754576 0.068122
vt 0.000506 0.058403
vt 0.059708 0.046384
vt 0.059708 0.058403
vt 0.000506 0.046384
vt 0.788184 0.068126
vt 0.788184 0.080146
vt 0.708583 0.079009
vt 0.694327 0.065731
vt 0.708646 0.065731
vt 0.694265 0.079009
vt 0.788184 0.068126
vt 0.836583 0.080146
vt 0.836583 0.068126
vt 0.788184 0.080146
vt 0.210060 0.132947
vt 0.213283 0.197821
vt 0.210012 0.201446
vt 0.213299 0.130736
vt 0.609644 0.173123
vt 0.630111 0.188646
vt 0.630842 0.173382
vt 0.609644 0.188791
vt 0.543240 0.173123
vt 0.564438 0.188791
vt 0.564438 0.173123
vt 0.543240 0.188791
vt 0.568424 0.173123
vt 0.571568 0.188791
vt 0.571568 0.173123
vt 0.568424 0.188791
vt 0.602513 0.188791
vt 0.602513 0.173123
vt 0.605658 0.188791
vt 0.605657 0.173123
vt 0.954460 0.315233
vt 0.933621 0.315086
vt 0.915213 0.324098
vt 0.973172 0.324408
vt 0.986049 0.340793
vt 0.990542 0.361143
vt 0.985760 0.381427
vt 0.972652 0.397627
vt 0.953812 0.406536
vt 0.932973 0.406388
vt 0.914262 0.397213
vt 0.901384 0.380828
vt 0.901673 0.340194
vt 0.896892 0.360478
vt 0.932920 0.406418
vt 0.914167 0.397223
vt 0.901260 0.380801
vt 0.953806 0.406566
vt 0.972652 0.397627
vt 0.985760 0.381427
vt 0.990617 0.361072
vt 0.986114 0.340677
vt 0.973208 0.324255
vt 0.954454 0.315060
vt 0.933569 0.314913
vt 0.914688 0.323841
vt 0.901550 0.340077
vt 0.896758 0.360406
vt 0.954460 0.315233
vt 0.933621 0.315086
vt 0.915213 0.324098
vt 0.973172 0.324408
vt 0.986049 0.340793
vt 0.990542 0.361143
vt 0.985760 0.381427
vt 0.972652 0.397627
vt 0.953812 0.406536
vt 0.932973 0.406388
vt 0.914262 0.397213
vt 0.901384 0.380828
vt 0.901673 0.340194
vt 0.896892 0.360478
vt 0.932973 0.406388
vt 0.914262 0.397213
vt 0.901384 0.380828
vt 0.953812 0.406536
vt 0.972652 0.397627
vt 0.985760 0.381427
vt 0.990542 0.361143
vt 0.986049 0.340793
vt 0.973172 0.324408
vt 0.954460 0.315233
vt 0.933621 0.315086
vt 0.914782 0.323994
vt 0.901673 0.340194
vt 0.896892 0.360478
vt 0.954460 0.315233
vt 0.933621 0.315086
vt 0.915213 0.324098
vt 0.973172 0.324408
vt 0.986049 0.340793
vt 0.990542 0.361143
vt 0.985760 0.381427
vt 0.972652 0.397627
vt 0.953812 0.406536
vt 0.932973 0.406388
vt 0.914262 0.397213
vt 0.901384 0.380828
vt 0.901673 0.340194
vt 0.896892 0.360478
vt 0.932973 0.406388
vt 0.914262 0.397213
vt 0.901384 0.380828
vt 0.953812 0.406536
vt 0.972652 0.397627
vt 0.985760 0.381427
vt 0.990542 0.361143
vt 0.986049 0.340793
vt 0.973172 0.324408
vt 0.954460 0.315233
vt 0.933621 0.315086
vt 0.914782 0.323994
vt 0.901673 0.340194
vt 0.896892 0.360478
vt 0.450617 0.016709
vt 0.479204 0.037640
vt 0.443774 0.037509
vt 0.472515 0.016790
vt 0.293618 0.144164
vt 0.290468 0.114045
vt 0.290474 0.144168
vt 0.293612 0.114043
vt 0.314424 0.148244
vt 0.293611 0.109928
vt 0.314411 0.109941
vt 0.293619 0.148252
vt 0.665906 0.188688
vt 0.665411 0.173599
vt 0.674534 0.173965
vt 0.670531 0.204183
vt 0.674530 0.201787
vt 0.671548 0.169475
vt 0.689154 0.173967
vt 0.694268 0.169479
vt 0.695127 0.204188
vt 0.689145 0.201791
vt 0.689145 0.206528
vt 0.674529 0.206526
vt 0.674524 0.234669
vt 0.671536 0.239157
vt 0.689143 0.234671
vt 0.694257 0.239162
vt 0.722266 0.249379
vt 0.707863 0.221656
vt 0.722266 0.221654
vt 0.707867 0.249380
vt 0.743645 0.221595
vt 0.729239 0.249002
vt 0.743642 0.249005
vt 0.729246 0.221591
vt 0.725846 0.312171
vt 0.796350 0.291161
vt 0.795527 0.312172
vt 0.725224 0.291618
vt 0.605658 0.188791
vt 0.602513 0.173123
vt 0.605657 0.173123
vt 0.602513 0.188791
vt 0.571568 0.173123
vt 0.571568 0.188791
vt 0.568424 0.173123
vt 0.568424 0.188791
vt 0.564438 0.188791
vt 0.543240 0.173123
vt 0.564438 0.173123
vt 0.543240 0.188791
vt 0.630111 0.188646
vt 0.609644 0.173123
vt 0.630842 0.173382
vt 0.609644 0.188791
vt 0.290468 0.114045
vt 0.293618 0.144164
vt 0.290474 0.144168
vt 0.293612 0.114043
vt 0.314424 0.148244
vt 0.293611 0.109928
vt 0.314411 0.109941
vt 0.293619 0.148252
vt 0.665906 0.188688
vt 0.665411 0.173599
vt 0.605658 0.188791
vt 0.602513 0.173123
vt 0.605657 0.173123
vt 0.602513 0.188791
vt 0.571568 0.173123
vt 0.571568 0.188791
vt 0.568424 0.173123
vt 0.568424 0.188791
vt 0.564438 0.188791
vt 0.543240 0.173123
vt 0.564438 0.173123
vt 0.543240 0.188791
vt 0.630111 0.188646
vt 0.609644 0.173123
vt 0.630842 0.173382
vt 0.609644 0.188791
vt 0.290468 0.114045
vt 0.293618 0.144164
vt 0.290474 0.144168
vt 0.293612 0.114043
vt 0.314424 0.148244
vt 0.293611 0.109928
vt 0.314411 0.109941
vt 0.293619 0.148252
vt 0.665906 0.188688
vt 0.665411 0.173599
vt 0.795819 0.540754
vt 0.694903 0.502236
vt 0.694903 0.540754
vt 0.795819 0.502236
vt 0.694903 0.463717
vt 0.795819 0.463716
vt 0.694903 0.425198
vt 0.795819 0.425197
vt 0.795819 0.348159
vt 0.694903 0.348160
vt 0.415093 0.016709
vt 0.443679 0.037640
vt 0.408249 0.037509
vt 0.436989 0.016790
vt 0.725443 0.290702
vt 0.725442 0.274445
vt 0.704199 0.290702
vt 0.704197 0.264762
vt 0.817071 0.264408
vt 0.817175 0.290703
vt 0.817177 0.264763
vt 0.795930 0.274445
vt 0.796350 0.291161
vt 0.760818 0.274872
vt 0.725224 0.291618
vt 0.795819 0.540754
vt 0.694903 0.502236
vt 0.694903 0.540754
vt 0.795819 0.502236
vt 0.694903 0.463717
vt 0.795819 0.463716
vt 0.694903 0.425198
vt 0.795819 0.425197
vt 0.795819 0.348159
vt 0.694903 0.348160
vt 0.443774 0.038530
vt 0.472515 0.017811
vt 0.450617 0.017730
vt 0.479204 0.038661
vt 0.795819 0.425197
vt 0.694903 0.348160
vt 0.795819 0.348159
vt 0.694903 0.425198
vt 0.795819 0.463716
vt 0.694903 0.463717
vt 0.795819 0.502236
vt 0.694903 0.502236
vt 0.795819 0.540754
vt 0.694903 0.540754
vt 0.408249 0.038530
vt 0.436989 0.017811
vt 0.415093 0.017730
vt 0.443679 0.038661
vt 0.795819 0.425197
vt 0.694903 0.348160
vt 0.795819 0.348159
vt 0.694903 0.425198
vt 0.795819 0.463716
vt 0.694903 0.463717
vt 0.795819 0.502236
vt 0.694903 0.502236
vt 0.795819 0.540754
vt 0.694903 0.540754
vt 0.407137 0.038661
vt 0.435724 0.017730
vt 0.413826 0.017811
vt 0.442567 0.038530
vt 0.674530 0.201787
vt 0.670531 0.204183
vt 0.674534 0.173965
vt 0.671548 0.169475
vt 0.689154 0.173967
vt 0.694268 0.169479
vt 0.695127 0.204188
vt 0.689145 0.201791
vt 0.689145 0.206528
vt 0.674529 0.206526
vt 0.674524 0.234669
vt 0.671536 0.239157
vt 0.689143 0.234671
vt 0.694257 0.239162
vt 0.707863 0.221656
vt 0.722266 0.249379
vt 0.722266 0.221654
vt 0.707867 0.249380
vt 0.729239 0.249002
vt 0.743645 0.221595
vt 0.743642 0.249005
vt 0.729246 0.221591
vt 0.725846 0.312171
vt 0.795527 0.312172
vt 0.602513 0.173123
vt 0.605658 0.188791
vt 0.605657 0.173123
vt 0.602513 0.188791
vt 0.571568 0.173123
vt 0.571568 0.188791
vt 0.568424 0.173123
vt 0.568424 0.188791
vt 0.543240 0.173123
vt 0.564438 0.188791
vt 0.564438 0.173123
vt 0.543240 0.188791
vt 0.609644 0.173123
vt 0.630111 0.188646
vt 0.630842 0.173382
vt 0.609644 0.188791
vt 0.795819 0.540754
vt 0.694903 0.502236
vt 0.694903 0.540754
vt 0.795819 0.502236
vt 0.694903 0.463717
vt 0.795819 0.463716
vt 0.694903 0.425198
vt 0.795819 0.425197
vt 0.795819 0.348159
vt 0.694903 0.348160
vt 0.442662 0.038661
vt 0.471248 0.017730
vt 0.449351 0.017811
vt 0.478092 0.038530
vt 0.293618 0.144164
vt 0.290468 0.114045
vt 0.290474 0.144168
vt 0.293612 0.114043
vt 0.314424 0.148244
vt 0.293611 0.109928
vt 0.314411 0.109941
vt 0.293619 0.148252
vt 0.665906 0.188688
vt 0.665411 0.173599
vt 0.795819 0.540754
vt 0.694903 0.502236
vt 0.694903 0.540754
vt 0.795819 0.502236
vt 0.694903 0.463717
vt 0.795819 0.463716
vt 0.694903 0.425198
vt 0.795819 0.425197
vt 0.795819 0.348159
vt 0.694903 0.348160
vt 0.413826 0.016790
vt 0.442567 0.037509
vt 0.407137 0.037640
vt 0.435724 0.016709
vt 0.451979 0.115889
vt 0.422322 0.146325
vt 0.436768 0.150213
vt 0.445781 0.156396
vt 0.452048 0.166502
vt 0.205347 0.101406
vt 0.209484 0.103461
vt 0.220319 0.093678
vt 0.221990 0.097964
vt 0.317692 0.093760
vt 0.315994 0.097996
vt 0.328521 0.103550
vt 0.332633 0.101450
vt 0.331390 0.126773
vt 0.335139 0.129286
vt 0.185027 0.079152
vt 0.188523 0.082598
vt 0.352996 0.079163
vt 0.349470 0.082654
vt 0.407566 0.138168
vt 0.417896 0.149007
vt 0.431188 0.152915
vt 0.441211 0.158180
vt 0.447299 0.167405
vt 0.451593 0.177673
vt 0.449285 0.180292
vt 0.726281 0.098971
vt 0.719294 0.129711
vt 0.726281 0.129711
vt 0.719294 0.098971
vt 0.986325 0.080146
vt 0.968997 0.068126
vt 0.968997 0.080146
vt 0.986325 0.068126
vt 0.996736 0.080146
vt 0.996736 0.068126
vt 0.000264 0.058368
vt 0.000264 0.046348
vt 0.000264 0.058368
vt 0.000264 0.046348
vt 0.709910 0.094107
vt 0.721795 0.080909
vt 0.709942 0.080880
vt 0.721763 0.094136
vt 0.695592 0.094072
vt 0.695624 0.080846
vt 0.726280 0.201181
vt 0.719294 0.211446
vt 0.726281 0.211446
vt 0.719294 0.201181
vt 0.726280 0.195537
vt 0.719294 0.195537
vt 0.726281 0.190117
vt 0.719294 0.190117
vt 0.726281 0.180322
vt 0.719294 0.180322
vt 0.726281 0.172960
vt 0.719294 0.172960
vt 0.726281 0.166051
vt 0.719294 0.166051
vt 0.726281 0.149598
vt 0.719294 0.149598
vt 0.726281 0.138457
vt 0.719294 0.138457
vt 0.024392 0.181019
vt 0.088666 0.180118
vt 0.033722 0.221036
vt 0.019989 0.215244
vt 0.009016 0.204203
vt 0.002273 0.187548
vt 0.002423 0.172341
vt 0.022039 0.131230
vt 0.672460 0.094016
vt 0.686662 0.080824
vt 0.672492 0.080788
vt 0.686630 0.094049
vt 0.221498 0.058370
vt 0.221498 0.046346
vt 0.353517 0.475013
vt 0.353199 0.471419
vt 0.352953 0.326135
vt 0.224375 0.046390
vt 0.257479 0.058368
vt 0.224367 0.058368
vt 0.257487 0.046390
vt 0.268313 0.046390
vt 0.268305 0.058368
vt 0.281283 0.046390
vt 0.281275 0.058368
vt 0.292461 0.046390
vt 0.292453 0.058368
vt 0.303068 0.046390
vt 0.303060 0.058368
vt 0.726280 0.201181
vt 0.719281 0.211482
vt 0.726268 0.211482
vt 0.719294 0.201181
vt 0.726267 0.195573
vt 0.719281 0.195573
vt 0.726268 0.190154
vt 0.719281 0.190154
vt 0.726268 0.180358
vt 0.719281 0.180358
vt 0.726281 0.172960
vt 0.719294 0.172960
vt 0.726281 0.166051
vt 0.719294 0.166051
vt 0.726281 0.149598
vt 0.719294 0.149598
vt 0.726281 0.138457
vt 0.719294 0.138457
vt 0.726281 0.129711
vt 0.719294 0.129711
vt 0.187452 0.046389
vt 0.144922 0.058368
vt 0.144929 0.046390
vt 0.187452 0.058411
vt 0.221506 0.046388
vt 0.221498 0.058370
vt 0.353324 0.330456
vt 0.352886 0.326197
vt 0.672460 0.094016
vt 0.686662 0.080824
vt 0.672490 0.080739
vt 0.686630 0.094049
vt 0.695624 0.080846
vt 0.695590 0.094023
vt 0.709940 0.080831
vt 0.709910 0.094107
vt 0.968997 0.080146
vt 0.963142 0.068126
vt 0.963142 0.080146
vt 0.968997 0.068126
vt 0.721795 0.080909
vt 0.721763 0.094136
vt 0.000264 0.058368
vt 0.059473 0.046390
vt 0.059467 0.058368
vt 0.000270 0.046390
vt 0.000264 0.058368
vt 0.000270 0.046390
vt 0.986325 0.080146
vt 0.986325 0.068126
vt 0.996736 0.080146
vt 0.996736 0.068126
vt 0.726281 0.098971
vt 0.719294 0.098971
vt 0.408786 0.133203
vt 0.413069 0.137096
vt 0.407591 0.138119
vt 0.417896 0.149007
vt 0.422322 0.146325
vt 0.431188 0.152915
vt 0.436768 0.150213
vt 0.441236 0.158132
vt 0.445807 0.156347
vt 0.447299 0.167405
vt 0.452073 0.166454
vt 0.451618 0.177625
vt 0.449310 0.180244
vt 0.185053 0.079104
vt 0.130414 0.138024
vt 0.129156 0.133117
vt 0.188550 0.082550
vt 0.352996 0.079163
vt 0.349496 0.082607
vt 0.331415 0.126725
vt 0.327922 0.133036
vt 0.324083 0.131011
vt 0.335164 0.129238
vt 0.202823 0.129239
vt 0.205373 0.101358
vt 0.206573 0.126729
vt 0.209484 0.103461
vt 0.220319 0.093678
vt 0.222016 0.097915
vt 0.259636 0.096937
vt 0.278400 0.096943
vt 0.317718 0.093711
vt 0.316019 0.097948
vt 0.328546 0.103502
vt 0.332659 0.101402
vt 0.426064 0.137923
vt 0.436606 0.128529
vt 0.452004 0.115841
vt 0.436663 0.115438
vt 0.089113 0.056768
vt 0.080958 0.056768
vt 0.089113 0.046390
vt 0.080958 0.046390
vt 0.071785 0.056768
vt 0.071785 0.046390
vt 0.136790 0.058368
vt 0.101381 0.058368
vt 0.101387 0.046390
vt 0.353344 0.379210
vt 0.352974 0.374890
vt 0.433499 0.127126
vt 0.433373 0.115162
vt 0.425160 0.134822
vt 0.353403 0.427125
vt 0.353045 0.422807
vt 0.090610 0.058368
vt 0.324167 0.197861
vt 0.327925 0.201439
vt 0.914743 0.080146
vt 0.914743 0.068126
vt 0.696244 0.312863
vt 0.683180 0.301796
vt 0.683826 0.314017
vt 0.649439 0.313803
vt 0.649933 0.301856
vt 0.339104 0.993835
vt 0.339104 0.993835
vt 0.202999 0.993835
vt 0.060509 0.993835
vt 0.060509 0.993835
vt 0.930851 0.463232
vt 0.923823 0.456256
vt 0.930851 0.457303
vt 0.923823 0.464279
vt 0.637486 0.313615
vt 0.683202 0.325868
vt 0.649878 0.325769
vt 0.278388 0.114115
vt 0.259583 0.114108
vt 0.331764 0.061505
vt 0.001457 0.073525
vt 0.331764 0.073525
vt 0.001457 0.061505
vt 0.257700 0.058403
vt 0.224587 0.046384
vt 0.224587 0.058403
vt 0.257700 0.046384
vt 0.268527 0.046384
vt 0.268527 0.058403
vt 0.281497 0.046384
vt 0.281497 0.058403
vt 0.292676 0.046384
vt 0.292676 0.058403
vt 0.303282 0.046384
vt 0.303282 0.058403
vt 0.187690 0.058403
vt 0.221719 0.046384
vt 0.187690 0.046384
vt 0.221719 0.058403
vt 0.731778 0.065731
vt 0.743568 0.079009
vt 0.743631 0.065731
vt 0.731778 0.078959
vt 0.717608 0.065731
vt 0.717608 0.078959
vt 0.708646 0.065731
vt 0.708583 0.079009
vt 0.694327 0.065731
vt 0.694265 0.079009
vt 0.782328 0.080146
vt 0.782328 0.068126
vt 0.059708 0.046384
vt 0.000506 0.058403
vt 0.059708 0.058403
vt 0.000506 0.046384
vt 0.145164 0.058403
vt 0.145164 0.046384
vt 0.714376 0.129979
vt 0.707379 0.099282
vt 0.707392 0.129979
vt 0.714364 0.099282
vt 0.005031 0.993835
vt 0.003280 0.769558
vt 0.003280 0.993835
vt 0.005024 0.767543
vt 0.005016 0.528328
vt 0.003280 0.532339
vt 0.013995 0.983918
vt 0.019219 0.543297
vt 0.013995 0.537003
vt 0.019219 0.976170
vt 0.154459 0.140647
vt 0.154091 0.145512
vt 0.141559 0.148246
vt 0.144531 0.151808
vt 0.132714 0.163227
vt 0.137174 0.164387
vt 0.132434 0.187249
vt 0.137104 0.186831
vt 0.138523 0.198006
vt 0.141860 0.194741
vt 0.149294 0.204013
vt 0.150459 0.199466
vt 0.164717 0.204124
vt 0.163868 0.199531
vt 0.170865 0.197642
vt 0.173372 0.201601
vt 0.176528 0.192917
vt 0.181151 0.193957
vt 0.184655 0.179944
vt 0.179607 0.179717
vt 0.106849 0.537003
vt 0.107821 0.543297
vt 0.196423 0.543297
vt 0.199703 0.537003
vt 0.124917 0.137007
vt 0.120072 0.148857
vt 0.115594 0.146225
vt 0.106754 0.152805
vt 0.101179 0.150126
vt 0.096765 0.158008
vt 0.092255 0.156178
vt 0.090661 0.167233
vt 0.085904 0.166347
vt 0.086361 0.177497
vt 0.027517 0.177901
vt 0.026505 0.130500
vt 0.196423 0.542787
vt 0.107076 0.537593
vt 0.199703 0.537593
vt 0.106715 0.542787
vt 0.017008 0.542787
vt 0.014449 0.537593
vt 0.018742 0.528328
vt 0.199703 0.983918
vt 0.107133 0.983918
vt 0.196423 0.976170
vt 0.106715 0.976170
vt 0.017008 0.976170
vt 0.014449 0.983918
vt 0.206943 0.983918
vt 0.209756 0.543297
vt 0.206943 0.537003
vt 0.209756 0.976170
vt 0.196423 0.976170
vt 0.199703 0.983918
vt 0.199703 0.983918
vt 0.196423 0.543402
vt 0.199703 0.537099
vt 0.206943 0.537109
vt 0.209756 0.976170
vt 0.206943 0.983918
vt 0.209756 0.543402
vt 0.404973 0.983918
vt 0.407651 0.543297
vt 0.404973 0.537003
vt 0.407651 0.978256
vt 0.397300 0.537003
vt 0.394121 0.976170
vt 0.397300 0.983918
vt 0.394121 0.543297
vt 0.206943 0.537593
vt 0.209756 0.976170
vt 0.206943 0.983918
vt 0.209756 0.542787
vt 0.199703 0.983918
vt 0.196423 0.542919
vt 0.199703 0.537725
vt 0.196423 0.976170
vt 0.206943 0.537725
vt 0.206943 0.983918
vt 0.397300 0.983918
vt 0.394121 0.542787
vt 0.397300 0.537593
vt 0.394121 0.976170
vt 0.404973 0.537593
vt 0.407651 0.978161
vt 0.404973 0.983918
vt 0.407651 0.542787
vt 0.237343 0.995344
vt 0.164130 0.995344
vt 0.233857 0.999640
vt 0.008766 0.999640
vt 0.005282 0.995344
vt 0.106807 0.983918
vt 0.107821 0.976170
vt 0.009023 0.999640
vt 0.005561 0.995345
vt 0.145751 0.995344
vt 0.234112 0.999640
vt 0.237599 0.995345
vt 0.397300 0.983918
vt 0.302121 0.983918
vt 0.394121 0.976170
vt 0.301938 0.976170
vt 0.089348 0.056762
vt 0.101623 0.046384
vt 0.089348 0.046384
vt 0.090852 0.058403
vt 0.101623 0.058403
vt 0.394121 0.543402
vt 0.302121 0.537109
vt 0.301938 0.543402
vt 0.302121 0.983918
vt 0.301938 0.976170
vt 0.637661 0.312952
vt 0.649602 0.313765
vt 0.650714 0.301868
vt 0.684015 0.313977
vt 0.683962 0.301885
vt 0.302121 0.537003
vt 0.301938 0.543297
vt 0.302121 0.983918
vt 0.301938 0.976170
vt 0.696408 0.313583
vt 0.650709 0.325896
vt 0.684032 0.325754
vt 0.302121 0.537593
vt 0.301938 0.542787
vt 0.707378 0.201482
vt 0.714363 0.211744
vt 0.707379 0.211744
vt 0.714363 0.201482
vt 0.707378 0.195839
vt 0.714364 0.195839
vt 0.707377 0.190418
vt 0.714364 0.190418
vt 0.707377 0.180622
vt 0.714364 0.180622
vt 0.707377 0.173260
vt 0.714364 0.173260
vt 0.707378 0.166351
vt 0.714364 0.166351
vt 0.707377 0.149899
vt 0.714364 0.149899
vt 0.707378 0.138759
vt 0.714364 0.138759
vt 0.137033 0.058403
vt 0.602513 0.173123
vt 0.605658 0.188791
vt 0.605657 0.173123
vt 0.602513 0.188791
vt 0.571568 0.173123
vt 0.571568 0.188791
vt 0.568424 0.173123
vt 0.568424 0.188791
vt 0.543240 0.173123
vt 0.564438 0.188791
vt 0.564438 0.173123
vt 0.543240 0.188791
vt 0.609644 0.173123
vt 0.630111 0.188646
vt 0.630842 0.173382
vt 0.609644 0.188791
vt 0.795819 0.425197
vt 0.694903 0.348160
vt 0.795819 0.348159
vt 0.694903 0.425198
vt 0.795819 0.463716
vt 0.694903 0.463717
vt 0.795819 0.502236
vt 0.694903 0.502236
vt 0.795819 0.540754
vt 0.694903 0.540754
vt 0.557256 0.021020
vt 0.538878 0.001240
vt 0.538878 0.021020
vt 0.557256 0.001240
vt 0.575632 0.021020
vt 0.575632 0.001240
vt 0.594010 0.021020
vt 0.594010 0.001240
vt 0.612387 0.021020
vt 0.612387 0.001240
vt 0.630765 0.021020
vt 0.630765 0.001240
vt 0.649143 0.021020
vt 0.649143 0.001240
vt 0.667519 0.021020
vt 0.667519 0.001240
vt 0.685898 0.021020
vt 0.685898 0.001240
vt 0.704276 0.021020
vt 0.704276 0.001240
vt 0.722653 0.021020
vt 0.722653 0.001240
vt 0.741031 0.021020
vt 0.741031 0.001240
vt 0.759408 0.021020
vt 0.759408 0.001240
vt 0.777785 0.021020
vt 0.777785 0.001240
vt 0.796163 0.021020
vt 0.796163 0.001240
vt 0.814540 0.021020
vt 0.814540 0.001240
vt 0.832918 0.021020
vt 0.832918 0.001240
vt 0.851295 0.021020
vt 0.851295 0.001240
vt 0.869672 0.021020
vt 0.869672 0.001240
vt 0.888050 0.021020
vt 0.888050 0.001240
vt 0.906428 0.021020
vt 0.906427 0.001240
vt 0.924805 0.021020
vt 0.924805 0.001240
vt 0.943183 0.021020
vt 0.943183 0.001240
vt 0.961560 0.021020
vt 0.961560 0.001240
vt 0.979937 0.021020
vt 0.979937 0.001240
vt 0.998314 0.021020
vt 0.998314 0.001240
vt 0.293618 0.144164
vt 0.290468 0.114045
vt 0.290474 0.144168
vt 0.293612 0.114043
vt 0.314424 0.148244
vt 0.293611 0.109928
vt 0.314411 0.109941
vt 0.293619 0.148252
vt 0.665906 0.188688
vt 0.665411 0.173599
vt 0.674534 0.173965
vt 0.670531 0.204183
vt 0.674530 0.201787
vt 0.671548 0.169475
vt 0.689154 0.173967
vt 0.694268 0.169479
vt 0.695127 0.204188
vt 0.689145 0.201791
vt 0.689145 0.206528
vt 0.674529 0.206526
vt 0.674524 0.234669
vt 0.671536 0.239157
vt 0.689143 0.234671
vt 0.694257 0.239162
vt 0.722266 0.249379
vt 0.707863 0.221656
vt 0.722266 0.221654
vt 0.707867 0.249380
vt 0.743645 0.221595
vt 0.729239 0.249002
vt 0.743642 0.249005
vt 0.729246 0.221591
vt 0.725846 0.312171
vt 0.796350 0.291161
vt 0.795527 0.312172
vt 0.725224 0.291618
vt 0.605658 0.188791
vt 0.602513 0.173123
vt 0.605657 0.173123
vt 0.602513 0.188791
vt 0.571568 0.173123
vt 0.571568 0.188791
vt 0.568424 0.173123
vt 0.568424 0.188791
vt 0.564438 0.188791
vt 0.543240 0.173123
vt 0.564438 0.173123
vt 0.543240 0.188791
vt 0.630111 0.188646
vt 0.609644 0.173123
vt 0.630842 0.173382
vt 0.609644 0.188791
vt 0.290468 0.114045
vt 0.293618 0.144164
vt 0.290474 0.144168
vt 0.293612 0.114043
vt 0.314424 0.148244
vt 0.293611 0.109928
vt 0.314411 0.109941
vt 0.293619 0.148252
vt 0.665906 0.188688
vt 0.665411 0.173599
vt 0.893943 0.324457
vt 0.887289 0.330730
vt 0.879284 0.335152
vt 0.898826 0.316725
vt 0.901634 0.308023
vt 0.902189 0.298895
vt 0.900458 0.289916
vt 0.896547 0.281650
vt 0.890704 0.274615
vt 0.883295 0.269256
vt 0.874786 0.265907
vt 0.865710 0.264779
vt 0.856641 0.265944
vt 0.848146 0.269328
vt 0.840759 0.274718
vt 0.834944 0.281776
vt 0.831067 0.290059
vt 0.829373 0.299044
vt 0.829965 0.308170
vt 0.832809 0.316861
vt 0.837724 0.324572
vt 0.844403 0.330818
vt 0.852426 0.335207
vt 0.861288 0.337463
vt 0.870432 0.337444
vt 0.513355 0.180863
vt 0.449310 0.180244
vt 0.504227 0.221201
vt 0.517966 0.215419
vt 0.528947 0.204386
vt 0.535674 0.187686
vt 0.535561 0.172525
vt 0.516884 0.131624
vt 0.257479 0.058368
vt 0.224375 0.046390
vt 0.224367 0.058368
vt 0.257487 0.046390
vt 0.268313 0.046390
vt 0.268305 0.058368
vt 0.281283 0.046390
vt 0.281275 0.058368
vt 0.292461 0.046390
vt 0.292453 0.058368
vt 0.303068 0.046390
vt 0.303060 0.058368
vt 0.840759 0.274718
vt 0.848185 0.269278
vt 0.856653 0.265900
vt 0.834897 0.281706
vt 0.830998 0.289991
vt 0.829283 0.298985
vt 0.829858 0.308122
vt 0.832687 0.316830
vt 0.837593 0.324561
vt 0.844267 0.330829
vt 0.852291 0.335240
vt 0.861159 0.337517
vt 0.870361 0.337525
vt 0.879183 0.335240
vt 0.887252 0.330837
vt 0.893881 0.324561
vt 0.898787 0.316830
vt 0.901661 0.308131
vt 0.902191 0.298985
vt 0.900475 0.289991
vt 0.896577 0.281706
vt 0.890786 0.274660
vt 0.883379 0.269278
vt 0.874866 0.265908
vt 0.865782 0.264760
vt 0.602308 0.053191
vt 0.585850 0.046461
vt 0.585850 0.053191
vt 0.602308 0.046461
vt 0.618765 0.053191
vt 0.618765 0.046461
vt 0.635223 0.053191
vt 0.635223 0.046461
vt 0.651681 0.053191
vt 0.651681 0.046461
vt 0.668139 0.053191
vt 0.668139 0.046461
vt 0.684597 0.053191
vt 0.684598 0.046461
vt 0.701055 0.053191
vt 0.701055 0.046461
vt 0.717513 0.053191
vt 0.717513 0.046461
vt 0.733971 0.053191
vt 0.733971 0.046461
vt 0.750429 0.053191
vt 0.750429 0.046461
vt 0.766887 0.053191
vt 0.766887 0.046461
vt 0.783345 0.053191
vt 0.783345 0.046461
vt 0.799803 0.053191
vt 0.799803 0.046461
vt 0.816261 0.053191
vt 0.816261 0.046461
vt 0.832720 0.053191
vt 0.832720 0.046461
vt 0.849177 0.053191
vt 0.849177 0.046461
vt 0.865636 0.053191
vt 0.865636 0.046461
vt 0.882093 0.053191
vt 0.882093 0.046461
vt 0.898550 0.053191
vt 0.898551 0.046461
vt 0.915008 0.053191
vt 0.915008 0.046461
vt 0.931467 0.053191
vt 0.931467 0.046461
vt 0.947924 0.053191
vt 0.947925 0.046460
vt 0.964382 0.053191
vt 0.964382 0.046460
vt 0.980840 0.053191
vt 0.980840 0.046460
vt 0.997298 0.053191
vt 0.997298 0.046460
vt 0.601908 0.064038
vt 0.585405 0.044258
vt 0.585405 0.064037
vt 0.601908 0.044258
vt 0.618412 0.064037
vt 0.618412 0.044258
vt 0.634916 0.064037
vt 0.634916 0.044258
vt 0.651420 0.064037
vt 0.651420 0.044258
vt 0.667923 0.064038
vt 0.667923 0.044258
vt 0.684427 0.064037
vt 0.684427 0.044258
vt 0.700933 0.064037
vt 0.700933 0.044258
vt 0.717436 0.064037
vt 0.717436 0.044258
vt 0.733941 0.064037
vt 0.733940 0.044258
vt 0.750444 0.064037
vt 0.750444 0.044258
vt 0.766948 0.064038
vt 0.766948 0.044258
vt 0.783452 0.064037
vt 0.783452 0.044258
vt 0.799956 0.064037
vt 0.799956 0.044258
vt 0.816460 0.064037
vt 0.816460 0.044258
vt 0.832963 0.064038
vt 0.832963 0.044258
vt 0.849467 0.064038
vt 0.849467 0.044258
vt 0.865970 0.064037
vt 0.865970 0.044258
vt 0.882475 0.064038
vt 0.882475 0.044258
vt 0.898979 0.064037
vt 0.898980 0.044258
vt 0.915484 0.064038
vt 0.915484 0.044258
vt 0.931987 0.064038
vt 0.931987 0.044258
vt 0.948491 0.064038
vt 0.948491 0.044258
vt 0.964995 0.064038
vt 0.964995 0.044258
vt 0.981498 0.064038
vt 0.981498 0.044258
vt 0.998002 0.064038
vt 0.998002 0.044258
vt 0.557256 0.021020
vt 0.538878 0.001240
vt 0.538878 0.021020
vt 0.557256 0.001240
vt 0.575632 0.021020
vt 0.575632 0.001240
vt 0.594010 0.021020
vt 0.594010 0.001240
vt 0.612387 0.021020
vt 0.612387 0.001240
vt 0.630765 0.021020
vt 0.630765 0.001240
vt 0.649143 0.021020
vt 0.649143 0.001240
vt 0.667519 0.021020
vt 0.667519 0.001240
vt 0.685898 0.021020
vt 0.685898 0.001240
vt 0.704276 0.021020
vt 0.704276 0.001240
vt 0.722653 0.021020
vt 0.722653 0.001240
vt 0.741031 0.021020
vt 0.741031 0.001240
vt 0.759408 0.021020
vt 0.759408 0.001240
vt 0.777785 0.021020
vt 0.777785 0.001240
vt 0.796163 0.021020
vt 0.796163 0.001240
vt 0.814540 0.021020
vt 0.814540 0.001240
vt 0.832918 0.021020
vt 0.832918 0.001240
vt 0.851295 0.021020
vt 0.851295 0.001240
vt 0.869672 0.021020
vt 0.869672 0.001240
vt 0.888050 0.021020
vt 0.888050 0.001240
vt 0.906428 0.021020
vt 0.906427 0.001240
vt 0.924805 0.021020
vt 0.924805 0.001240
vt 0.943183 0.021020
vt 0.943183 0.001240
vt 0.961560 0.021020
vt 0.961560 0.001240
vt 0.979937 0.021020
vt 0.979937 0.001240
vt 0.998314 0.021020
vt 0.998314 0.001240
vt 0.144922 0.058368
vt 0.187452 0.046389
vt 0.144929 0.046390
vt 0.187452 0.058411
vt 0.221506 0.046388
vt 0.221498 0.058370
vt 0.686662 0.080824
vt 0.672460 0.094016
vt 0.672490 0.080739
vt 0.686630 0.094049
vt 0.695624 0.080846
vt 0.695590 0.094023
vt 0.709940 0.080831
vt 0.709910 0.094107
vt 0.963142 0.068126
vt 0.968997 0.080146
vt 0.963142 0.080146
vt 0.968997 0.068126
vt 0.721795 0.080909
vt 0.721763 0.094136
vt 0.719294 0.129711
vt 0.726281 0.098971
vt 0.726281 0.129711
vt 0.719294 0.098971
vt 0.893943 0.324457
vt 0.887289 0.330730
vt 0.879284 0.335152
vt 0.898826 0.316725
vt 0.901634 0.308023
vt 0.902189 0.298895
vt 0.900458 0.289916
vt 0.896547 0.281650
vt 0.890704 0.274615
vt 0.883295 0.269256
vt 0.874786 0.265907
vt 0.865710 0.264779
vt 0.856641 0.265944
vt 0.848146 0.269328
vt 0.840759 0.274718
vt 0.834944 0.281776
vt 0.831067 0.290059
vt 0.829373 0.299044
vt 0.829965 0.308170
vt 0.832809 0.316861
vt 0.837724 0.324572
vt 0.844403 0.330818
vt 0.852426 0.335207
vt 0.861288 0.337463
vt 0.870432 0.337444
vt 0.383519 0.140679
vt 0.383910 0.145591
vt 0.396441 0.148335
vt 0.393465 0.151894
vt 0.405275 0.163322
vt 0.400814 0.164478
vt 0.405540 0.187344
vt 0.400870 0.186923
vt 0.399443 0.198097
vt 0.396081 0.194781
vt 0.388668 0.204096
vt 0.387505 0.199549
vt 0.373218 0.204148
vt 0.374071 0.199556
vt 0.367100 0.197710
vt 0.364564 0.201619
vt 0.361439 0.192981
vt 0.356817 0.194017
vt 0.353295 0.179954
vt 0.358346 0.179730
vt 0.331415 0.126725
vt 0.327922 0.133036
vt 0.335164 0.129238
vt 0.324083 0.131011
vt 0.840759 0.274718
vt 0.848185 0.269278
vt 0.856653 0.265900
vt 0.834897 0.281706
vt 0.830998 0.289991
vt 0.829283 0.298985
vt 0.829858 0.308122
vt 0.832687 0.316830
vt 0.837593 0.324561
vt 0.844267 0.330829
vt 0.852291 0.335240
vt 0.861159 0.337517
vt 0.870361 0.337525
vt 0.879183 0.335240
vt 0.887252 0.330837
vt 0.893881 0.324561
vt 0.898787 0.316830
vt 0.901661 0.308131
vt 0.902191 0.298985
vt 0.900475 0.289991
vt 0.896577 0.281706
vt 0.890786 0.274660
vt 0.883379 0.269278
vt 0.874866 0.265908
vt 0.865782 0.264760
vt 0.202823 0.129239
vt 0.206573 0.126729
vt 0.205373 0.101358
vt 0.209484 0.103461
vt 0.220319 0.093678
vt 0.222016 0.097915
vt 0.259636 0.096937
vt 0.317718 0.093711
vt 0.278400 0.096943
vt 0.316019 0.097948
vt 0.328546 0.103502
vt 0.332659 0.101402
vt 0.844403 0.330818
vt 0.852426 0.335207
vt 0.861288 0.337463
vt 0.837724 0.324572
vt 0.832809 0.316861
vt 0.829965 0.308170
vt 0.829373 0.299044
vt 0.831067 0.290059
vt 0.834944 0.281776
vt 0.840759 0.274718
vt 0.848146 0.269328
vt 0.856641 0.265944
vt 0.865710 0.264779
vt 0.874786 0.265907
vt 0.883295 0.269256
vt 0.890704 0.274615
vt 0.896547 0.281650
vt 0.900458 0.289916
vt 0.902189 0.298895
vt 0.901634 0.308023
vt 0.898826 0.316725
vt 0.893943 0.324457
vt 0.887289 0.330730
vt 0.879284 0.335152
vt 0.870432 0.337444
vt 0.101387 0.046390
vt 0.101381 0.058368
vt 0.136790 0.058368
vt 0.890786 0.274660
vt 0.883379 0.269278
vt 0.874866 0.265908
vt 0.896577 0.281706
vt 0.900475 0.289991
vt 0.902191 0.298985
vt 0.901661 0.308131
vt 0.898787 0.316830
vt 0.893881 0.324561
vt 0.887252 0.330837
vt 0.879183 0.335240
vt 0.870361 0.337525
vt 0.861159 0.337517
vt 0.852291 0.335240
vt 0.844267 0.330829
vt 0.837593 0.324561
vt 0.832687 0.316830
vt 0.829858 0.308122
vt 0.829283 0.298985
vt 0.830998 0.289991
vt 0.834897 0.281706
vt 0.840759 0.274718
vt 0.848185 0.269278
vt 0.856653 0.265900
vt 0.865782 0.264760
vt 0.932973 0.406388
vt 0.914262 0.397213
vt 0.901384 0.380828
vt 0.953806 0.406566
vt 0.972652 0.397627
vt 0.985760 0.381427
vt 0.990576 0.361164
vt 0.986083 0.340814
vt 0.973172 0.324408
vt 0.954494 0.315254
vt 0.933656 0.315107
vt 0.914782 0.323994
vt 0.901673 0.340194
vt 0.896892 0.360478
vt 0.954460 0.315233
vt 0.933621 0.315086
vt 0.915213 0.324098
vt 0.973172 0.324408
vt 0.986049 0.340793
vt 0.990542 0.361143
vt 0.985760 0.381427
vt 0.972652 0.397627
vt 0.953812 0.406536
vt 0.932973 0.406388
vt 0.914262 0.397213
vt 0.901384 0.380828
vt 0.901673 0.340194
vt 0.896892 0.360478
vt 0.557256 0.021020
vt 0.538878 0.001240
vt 0.538878 0.021020
vt 0.557256 0.001240
vt 0.575632 0.021020
vt 0.575632 0.001240
vt 0.594010 0.021020
vt 0.594010 0.001240
vt 0.612387 0.021020
vt 0.612387 0.001240
vt 0.630765 0.021020
vt 0.630765 0.001240
vt 0.649143 0.021020
vt 0.649143 0.001240
vt 0.667519 0.021020
vt 0.667519 0.001240
vt 0.685898 0.021020
vt 0.685898 0.001240
vt 0.704276 0.021020
vt 0.704276 0.001240
vt 0.722653 0.021020
vt 0.722653 0.001240
vt 0.741031 0.021020
vt 0.741031 0.001240
vt 0.759408 0.021020
vt 0.759408 0.001240
vt 0.777785 0.021020
vt 0.777785 0.001240
vt 0.796163 0.021020
vt 0.796163 0.001240
vt 0.814540 0.021020
vt 0.814540 0.001240
vt 0.832918 0.021020
vt 0.832918 0.001240
vt 0.851295 0.021020
vt 0.851295 0.001240
vt 0.869672 0.021020
vt 0.869672 0.001240
vt 0.888050 0.021020
vt 0.888050 0.001240
vt 0.906428 0.021020
vt 0.906427 0.001240
vt 0.924805 0.021020
vt 0.924805 0.001240
vt 0.943183 0.021020
vt 0.943183 0.001240
vt 0.961560 0.021020
vt 0.961560 0.001240
vt 0.979937 0.021020
vt 0.979937 0.001240
vt 0.998314 0.021020
vt 0.998314 0.001240
vt 0.089113 0.056768
vt 0.089113 0.046390
vt 0.090610 0.058368
vt 0.324167 0.197861
vt 0.327925 0.201439
vt 0.914743 0.080146
vt 0.914743 0.068126
vt 0.893943 0.324457
vt 0.887289 0.330730
vt 0.879284 0.335152
vt 0.898826 0.316725
vt 0.901634 0.308023
vt 0.902189 0.298895
vt 0.900458 0.289916
vt 0.896547 0.281650
vt 0.890704 0.274615
vt 0.883295 0.269256
vt 0.874786 0.265907
vt 0.865710 0.264779
vt 0.856641 0.265944
vt 0.848146 0.269328
vt 0.840759 0.274718
vt 0.834944 0.281776
vt 0.831067 0.290059
vt 0.829373 0.299044
vt 0.829965 0.308170
vt 0.832809 0.316861
vt 0.837724 0.324572
vt 0.844403 0.330818
vt 0.852426 0.335207
vt 0.861288 0.337463
vt 0.870432 0.337444
vt 0.696244 0.312863
vt 0.683826 0.314017
vt 0.683180 0.301796
vt 0.649439 0.313803
vt 0.649933 0.301856
vt 0.840759 0.274718
vt 0.848185 0.269278
vt 0.856653 0.265900
vt 0.834897 0.281706
vt 0.830998 0.289991
vt 0.829283 0.298985
vt 0.829858 0.308122
vt 0.832687 0.316830
vt 0.837593 0.324561
vt 0.844267 0.330829
vt 0.852291 0.335240
vt 0.861159 0.337517
vt 0.870361 0.337525
vt 0.879183 0.335240
vt 0.887252 0.330837
vt 0.893881 0.324561
vt 0.898787 0.316830
vt 0.901661 0.308131
vt 0.902191 0.298985
vt 0.900475 0.289991
vt 0.896577 0.281706
vt 0.890786 0.274660
vt 0.883379 0.269278
vt 0.874866 0.265908
vt 0.865782 0.264760
vt 0.602308 0.053191
vt 0.585850 0.046461
vt 0.585850 0.053191
vt 0.602308 0.046461
vt 0.618765 0.053191
vt 0.618765 0.046461
vt 0.635223 0.053191
vt 0.635223 0.046461
vt 0.651681 0.053191
vt 0.651681 0.046461
vt 0.668139 0.053191
vt 0.668139 0.046461
vt 0.684597 0.053191
vt 0.684598 0.046461
vt 0.701055 0.053191
vt 0.701055 0.046461
vt 0.717513 0.053191
vt 0.717513 0.046461
vt 0.733971 0.053191
vt 0.733971 0.046461
vt 0.750429 0.053191
vt 0.750429 0.046461
vt 0.766887 0.053191
vt 0.766887 0.046461
vt 0.783345 0.053191
vt 0.783345 0.046461
vt 0.799803 0.053191
vt 0.799803 0.046461
vt 0.816261 0.053191
vt 0.816261 0.046461
vt 0.832720 0.053191
vt 0.832720 0.046461
vt 0.849177 0.053191
vt 0.849177 0.046461
vt 0.865636 0.053191
vt 0.865636 0.046461
vt 0.882093 0.053191
vt 0.882093 0.046461
vt 0.898550 0.053191
vt 0.898551 0.046461
vt 0.915008 0.053191
vt 0.915008 0.046461
vt 0.931467 0.053191
vt 0.931467 0.046461
vt 0.947924 0.053191
vt 0.947925 0.046460
vt 0.964382 0.053191
vt 0.964382 0.046460
vt 0.980840 0.053191
vt 0.980840 0.046460
vt 0.997298 0.053191
vt 0.997298 0.046460
vt 0.637486 0.313615
vt 0.683202 0.325868
vt 0.649878 0.325769
vt 0.278388 0.114115
vt 0.259583 0.114108
vt 0.001457 0.073525
vt 0.331764 0.061505
vt 0.331764 0.073525
vt 0.001457 0.061505
vt 0.844403 0.330818
vt 0.852426 0.335207
vt 0.861288 0.337463
vt 0.837724 0.324572
vt 0.832809 0.316861
vt 0.829965 0.308170
vt 0.829373 0.299044
vt 0.831067 0.290059
vt 0.834944 0.281776
vt 0.840759 0.274718
vt 0.848146 0.269328
vt 0.856641 0.265944
vt 0.865710 0.264779
vt 0.874786 0.265907
vt 0.883295 0.269256
vt 0.890704 0.274615
vt 0.896547 0.281650
vt 0.900458 0.289916
vt 0.902189 0.298895
vt 0.901634 0.308023
vt 0.898826 0.316725
vt 0.893943 0.324457
vt 0.887289 0.330730
vt 0.879284 0.335152
vt 0.870432 0.337444
vt 0.224587 0.046384
vt 0.257700 0.058403
vt 0.224587 0.058403
vt 0.257700 0.046384
vt 0.268527 0.046384
vt 0.268527 0.058403
vt 0.281497 0.046384
vt 0.281497 0.058403
vt 0.292676 0.046384
vt 0.292676 0.058403
vt 0.303282 0.046384
vt 0.303282 0.058403
vt 0.707378 0.201482
vt 0.714363 0.211744
vt 0.707379 0.211744
vt 0.714363 0.201482
vt 0.707378 0.195839
vt 0.714364 0.195839
vt 0.707377 0.190418
vt 0.714364 0.190418
vt 0.707377 0.180622
vt 0.714364 0.180622
vt 0.707377 0.173260
vt 0.714364 0.173260
vt 0.707378 0.166351
vt 0.714364 0.166351
vt 0.707377 0.149899
vt 0.714364 0.149899
vt 0.707378 0.138759
vt 0.714364 0.138759
vt 0.707392 0.129979
vt 0.714376 0.129979
vt 0.221719 0.046384
vt 0.187690 0.058403
vt 0.187690 0.046384
vt 0.221719 0.058403
vt 0.890786 0.274660
vt 0.883379 0.269278
vt 0.874866 0.265908
vt 0.896577 0.281706
vt 0.900475 0.289991
vt 0.902191 0.298985
vt 0.901661 0.308131
vt 0.898787 0.316830
vt 0.893881 0.324561
vt 0.887252 0.330837
vt 0.879183 0.335240
vt 0.870361 0.337525
vt 0.861159 0.337517
vt 0.852291 0.335240
vt 0.844267 0.330829
vt 0.837593 0.324561
vt 0.832687 0.316830
vt 0.829858 0.308122
vt 0.829283 0.298985
vt 0.830998 0.289991
vt 0.834897 0.281706
vt 0.840759 0.274718
vt 0.848185 0.269278
vt 0.856653 0.265900
vt 0.865782 0.264760
vt 0.743568 0.079009
vt 0.731778 0.065731
vt 0.743631 0.065731
vt 0.731778 0.078959
vt 0.717608 0.065731
vt 0.717608 0.078959
vt 0.708646 0.065731
vt 0.708583 0.079009
vt 0.694327 0.065731
vt 0.694265 0.079009
vt 0.782328 0.080146
vt 0.788184 0.068126
vt 0.788184 0.080146
vt 0.782328 0.068126
vt 0.000506 0.058403
vt 0.059708 0.046384
vt 0.059708 0.058403
vt 0.000506 0.046384
vt 0.764986 0.080141
vt 0.764986 0.068122
vt 0.754576 0.080141
vt 0.754576 0.068122
vt 0.145164 0.058403
vt 0.145164 0.046384
vt 0.707379 0.099282
vt 0.714364 0.099282
vt 0.210060 0.132947
vt 0.213299 0.130736
vt 0.115594 0.146225
vt 0.124917 0.137007
vt 0.111867 0.137836
vt 0.101179 0.150126
vt 0.101288 0.128433
vt 0.092255 0.156178
vt 0.085457 0.115755
vt 0.085904 0.166347
vt 0.100791 0.115330
vt 0.089348 0.056762
vt 0.081194 0.056762
vt 0.089348 0.046384
vt 0.081194 0.046384
vt 0.072020 0.056762
vt 0.072020 0.046384
vt 0.844403 0.330818
vt 0.852426 0.335207
vt 0.861288 0.337463
vt 0.837724 0.324572
vt 0.832809 0.316861
vt 0.829965 0.308170
vt 0.829373 0.299044
vt 0.831067 0.290059
vt 0.834944 0.281776
vt 0.840759 0.274718
vt 0.848146 0.269328
vt 0.856641 0.265944
vt 0.865710 0.264779
vt 0.874786 0.265907
vt 0.883295 0.269256
vt 0.890704 0.274615
vt 0.896547 0.281650
vt 0.900458 0.289916
vt 0.902189 0.298895
vt 0.901634 0.308023
vt 0.898826 0.316725
vt 0.893943 0.324457
vt 0.887289 0.330730
vt 0.879284 0.335152
vt 0.870432 0.337444
vt 0.104349 0.126929
vt 0.104071 0.114954
vt 0.112756 0.134739
vt 0.129156 0.133117
vt 0.890786 0.274660
vt 0.883379 0.269278
vt 0.874866 0.265908
vt 0.896577 0.281706
vt 0.900475 0.289991
vt 0.902191 0.298985
vt 0.901661 0.308131
vt 0.898787 0.316830
vt 0.893881 0.324561
vt 0.887252 0.330837
vt 0.879183 0.335240
vt 0.870361 0.337525
vt 0.861159 0.337517
vt 0.852291 0.335240
vt 0.844267 0.330829
vt 0.837593 0.324561
vt 0.832687 0.316830
vt 0.829858 0.308122
vt 0.829283 0.298985
vt 0.830998 0.289991
vt 0.834897 0.281706
vt 0.840759 0.274718
vt 0.848185 0.269278
vt 0.856653 0.265900
vt 0.865782 0.264760
vt 0.101623 0.046384
vt 0.101623 0.058403
vt 0.090852 0.058403
vt 0.213283 0.197821
vt 0.210012 0.201446
vt 0.836583 0.080146
vt 0.836583 0.068126
vt 0.844403 0.330818
vt 0.852426 0.335207
vt 0.861288 0.337463
vt 0.837724 0.324572
vt 0.832809 0.316861
vt 0.829965 0.308170
vt 0.829373 0.299044
vt 0.831067 0.290059
vt 0.834944 0.281776
vt 0.840759 0.274718
vt 0.848146 0.269328
vt 0.856641 0.265944
vt 0.865710 0.264779
vt 0.874786 0.265907
vt 0.883295 0.269256
vt 0.890704 0.274615
vt 0.896547 0.281650
vt 0.900458 0.289916
vt 0.902189 0.298895
vt 0.901634 0.308023
vt 0.898826 0.316725
vt 0.893943 0.324457
vt 0.887289 0.330730
vt 0.879284 0.335152
vt 0.870432 0.337444
vt 0.637661 0.312952
vt 0.650714 0.301868
vt 0.649602 0.313765
vt 0.684015 0.313977
vt 0.683962 0.301885
vt 0.890786 0.274660
vt 0.883379 0.269278
vt 0.874866 0.265908
vt 0.896577 0.281706
vt 0.900475 0.289991
vt 0.902191 0.298985
vt 0.901661 0.308131
vt 0.898787 0.316830
vt 0.893881 0.324561
vt 0.887252 0.330837
vt 0.879183 0.335240
vt 0.870361 0.337525
vt 0.861159 0.337517
vt 0.852291 0.335240
vt 0.844267 0.330829
vt 0.837593 0.324561
vt 0.832687 0.316830
vt 0.829858 0.308122
vt 0.829283 0.298985
vt 0.830998 0.289991
vt 0.834897 0.281706
vt 0.840759 0.274718
vt 0.848185 0.269278
vt 0.856653 0.265900
vt 0.865782 0.264760
vt 0.601908 0.064038
vt 0.585405 0.044258
vt 0.585405 0.064037
vt 0.601908 0.044258
vt 0.618412 0.064037
vt 0.618412 0.044258
vt 0.634916 0.064037
vt 0.634916 0.044258
vt 0.651420 0.064037
vt 0.651420 0.044258
vt 0.667923 0.064038
vt 0.667923 0.044258
vt 0.684427 0.064037
vt 0.684427 0.044258
vt 0.700933 0.064037
vt 0.700933 0.044258
vt 0.717436 0.064037
vt 0.717436 0.044258
vt 0.733941 0.064037
vt 0.733940 0.044258
vt 0.750444 0.064037
vt 0.750444 0.044258
vt 0.766948 0.064038
vt 0.766948 0.044258
vt 0.783452 0.064037
vt 0.783452 0.044258
vt 0.799956 0.064037
vt 0.799956 0.044258
vt 0.816460 0.064037
vt 0.816460 0.044258
vt 0.832963 0.064038
vt 0.832963 0.044258
vt 0.849467 0.064038
vt 0.849467 0.044258
vt 0.865970 0.064037
vt 0.865970 0.044258
vt 0.882475 0.064038
vt 0.882475 0.044258
vt 0.898979 0.064037
vt 0.898980 0.044258
vt 0.915484 0.064038
vt 0.915484 0.044258
vt 0.931987 0.064038
vt 0.931987 0.044258
vt 0.948491 0.064038
vt 0.948491 0.044258
vt 0.964995 0.064038
vt 0.964995 0.044258
vt 0.981498 0.064038
vt 0.981498 0.044258
vt 0.998002 0.064038
vt 0.998002 0.044258
vt 0.601908 0.064038
vt 0.585405 0.044258
vt 0.585405 0.064037
vt 0.601908 0.044258
vt 0.618412 0.064037
vt 0.618412 0.044258
vt 0.634916 0.064037
vt 0.634916 0.044258
vt 0.651420 0.064037
vt 0.651420 0.044258
vt 0.667923 0.064038
vt 0.667923 0.044258
vt 0.684427 0.064037
vt 0.684427 0.044258
vt 0.700933 0.064037
vt 0.700933 0.044258
vt 0.717436 0.064037
vt 0.717436 0.044258
vt 0.733941 0.064037
vt 0.733940 0.044258
vt 0.750444 0.064037
vt 0.750444 0.044258
vt 0.766948 0.064038
vt 0.766948 0.044258
vt 0.783452 0.064037
vt 0.783452 0.044258
vt 0.799956 0.064037
vt 0.799956 0.044258
vt 0.816460 0.064037
vt 0.816460 0.044258
vt 0.832963 0.064038
vt 0.832963 0.044258
vt 0.849467 0.064038
vt 0.849467 0.044258
vt 0.865970 0.064037
vt 0.865970 0.044258
vt 0.882475 0.064038
vt 0.882475 0.044258
vt 0.898979 0.064037
vt 0.898980 0.044258
vt 0.915484 0.064038
vt 0.915484 0.044258
vt 0.931987 0.064038
vt 0.931987 0.044258
vt 0.948491 0.064038
vt 0.948491 0.044258
vt 0.964995 0.064038
vt 0.964995 0.044258
vt 0.981498 0.064038
vt 0.981498 0.044258
vt 0.998002 0.064038
vt 0.998002 0.044258
vt 0.997298 0.046460
vt 0.980840 0.046460
vt 0.997298 0.053191
vt 0.980840 0.053191
vt 0.964382 0.046460
vt 0.964382 0.053191
vt 0.947925 0.046460
vt 0.947924 0.053191
vt 0.931467 0.046461
vt 0.931467 0.053191
vt 0.915008 0.046461
vt 0.915008 0.053191
vt 0.898551 0.046461
vt 0.898550 0.053191
vt 0.882093 0.046461
vt 0.882093 0.053191
vt 0.865636 0.046461
vt 0.865636 0.053191
vt 0.849177 0.046461
vt 0.849177 0.053191
vt 0.832720 0.046461
vt 0.832720 0.053191
vt 0.816261 0.046461
vt 0.816261 0.053191
vt 0.799803 0.046461
vt 0.799803 0.053191
vt 0.783345 0.046461
vt 0.783345 0.053191
vt 0.766887 0.046461
vt 0.766887 0.053191
vt 0.750429 0.046461
vt 0.750429 0.053191
vt 0.733971 0.046461
vt 0.733971 0.053191
vt 0.717513 0.046461
vt 0.717513 0.053191
vt 0.701055 0.046461
vt 0.701055 0.053191
vt 0.684598 0.046461
vt 0.684597 0.053191
vt 0.668139 0.046461
vt 0.668139 0.053191
vt 0.651681 0.046461
vt 0.651681 0.053191
vt 0.635223 0.046461
vt 0.635223 0.053191
vt 0.618765 0.046461
vt 0.618765 0.053191
vt 0.602308 0.046461
vt 0.602308 0.053191
vt 0.585850 0.046461
vt 0.585850 0.053191
vt 0.733971 0.046461
vt 0.733971 0.053191
vt 0.717513 0.046461
vt 0.717513 0.053191
vt 0.701055 0.046461
vt 0.701055 0.053191
vt 0.684598 0.046461
vt 0.684597 0.053191
vt 0.668139 0.046461
vt 0.668139 0.053191
vt 0.651681 0.046461
vt 0.651681 0.053191
vt 0.635223 0.046461
vt 0.635223 0.053191
vt 0.618765 0.046461
vt 0.618765 0.053191
vt 0.602308 0.046461
vt 0.602308 0.053191
vt 0.585850 0.046461
vt 0.585850 0.053191
vt 0.882093 0.046461
vt 0.882093 0.053191
vt 0.865636 0.046461
vt 0.865636 0.053191
vt 0.849177 0.046461
vt 0.849177 0.053191
vt 0.832720 0.046461
vt 0.832720 0.053191
vt 0.816261 0.046461
vt 0.816261 0.053191
vt 0.799803 0.046461
vt 0.799803 0.053191
vt 0.783345 0.046461
vt 0.783345 0.053191
vt 0.766887 0.046461
vt 0.766887 0.053191
vt 0.750429 0.046461
vt 0.750429 0.053191
vt 0.997298 0.046460
vt 0.997298 0.053191
vt 0.980840 0.046460
vt 0.980840 0.053191
vt 0.964382 0.046460
vt 0.964382 0.053191
vt 0.947925 0.046460
vt 0.947924 0.053191
vt 0.931467 0.046461
vt 0.931467 0.053191
vt 0.915008 0.046461
vt 0.915008 0.053191
vt 0.898551 0.046461
vt 0.898550 0.053191
vt 0.951147 0.414493
vt 0.937479 0.414493
vt 0.950450 0.408956
vt 0.938176 0.408956
vt 0.924240 0.411094
vt 0.926286 0.405904
vt 0.912262 0.404509
vt 0.915530 0.399990
vt 0.902299 0.395153
vt 0.906582 0.391587
vt 0.894974 0.383612
vt 0.900005 0.381224
vt 0.890751 0.370613
vt 0.896211 0.369550
vt 0.889893 0.356972
vt 0.895441 0.357299
vt 0.892455 0.343546
vt 0.897741 0.345242
vt 0.898273 0.331179
vt 0.902967 0.334135
vt 0.906986 0.320647
vt 0.910791 0.324678
vt 0.918045 0.312614
vt 0.920722 0.317463
vt 0.930752 0.307582
vt 0.932135 0.312944
vt 0.944313 0.305869
vt 0.944313 0.311406
vt 0.957873 0.307582
vt 0.956490 0.312944
vt 0.967903 0.317463
vt 0.970581 0.312613
vt 0.977834 0.324678
vt 0.981639 0.320647
vt 0.985659 0.334135
vt 0.990352 0.331179
vt 0.990885 0.345242
vt 0.996171 0.343546
vt 0.993185 0.357299
vt 0.998732 0.356972
vt 0.992414 0.369550
vt 0.997873 0.370613
vt 0.988620 0.381223
vt 0.993651 0.383612
vt 0.982044 0.391587
vt 0.986327 0.395153
vt 0.973096 0.399990
vt 0.976364 0.404509
vt 0.962338 0.405904
vt 0.964386 0.411094
vt 0.733971 0.046461
vt 0.733971 0.053191
vt 0.717513 0.046461
vt 0.717513 0.053191
vt 0.701055 0.046461
vt 0.701055 0.053191
vt 0.684598 0.046461
vt 0.684597 0.053191
vt 0.668139 0.046461
vt 0.668139 0.053191
vt 0.651681 0.046461
vt 0.651681 0.053191
vt 0.635223 0.046461
vt 0.635223 0.053191
vt 0.618765 0.046461
vt 0.618765 0.053191
vt 0.602308 0.046461
vt 0.602308 0.053191
vt 0.585850 0.046461
vt 0.585850 0.053191
vt 0.882093 0.046461
vt 0.882093 0.053191
vt 0.865636 0.046461
vt 0.865636 0.053191
vt 0.849177 0.046461
vt 0.849177 0.053191
vt 0.832720 0.046461
vt 0.832720 0.053191
vt 0.816261 0.046461
vt 0.816261 0.053191
vt 0.799803 0.046461
vt 0.799803 0.053191
vt 0.783345 0.046461
vt 0.783345 0.053191
vt 0.766887 0.046461
vt 0.766887 0.053191
vt 0.750429 0.046461
vt 0.750429 0.053191
vt 0.997298 0.046460
vt 0.997298 0.053191
vt 0.980840 0.046460
vt 0.980840 0.053191
vt 0.964382 0.046460
vt 0.964382 0.053191
vt 0.947925 0.046460
vt 0.947924 0.053191
vt 0.931467 0.046461
vt 0.931467 0.053191
vt 0.915008 0.046461
vt 0.915008 0.053191
vt 0.898551 0.046461
vt 0.898550 0.053191
vt 0.993651 0.383612
vt 0.988620 0.381223
vt 0.997873 0.370613
vt 0.992414 0.369550
vt 0.998732 0.356972
vt 0.993185 0.357299
vt 0.996171 0.343546
vt 0.990885 0.345242
vt 0.990352 0.331179
vt 0.985659 0.334135
vt 0.981639 0.320647
vt 0.977834 0.324678
vt 0.970581 0.312613
vt 0.967903 0.317463
vt 0.957873 0.307582
vt 0.956490 0.312944
vt 0.944313 0.311406
vt 0.944313 0.305869
vt 0.932135 0.312944
vt 0.930752 0.307582
vt 0.920722 0.317463
vt 0.918045 0.312614
vt 0.910791 0.324678
vt 0.906986 0.320647
vt 0.902967 0.334135
vt 0.898273 0.331179
vt 0.897741 0.345242
vt 0.892455 0.343546
vt 0.895441 0.357299
vt 0.889893 0.356972
vt 0.896211 0.369550
vt 0.890751 0.370613
vt 0.900005 0.381224
vt 0.894974 0.383612
vt 0.906582 0.391587
vt 0.902299 0.395153
vt 0.915530 0.399990
vt 0.912262 0.404509
vt 0.926286 0.405904
vt 0.924240 0.411094
vt 0.938176 0.408956
vt 0.937479 0.414493
vt 0.950450 0.408956
vt 0.951147 0.414493
vt 0.964386 0.411094
vt 0.962338 0.405904
vt 0.976364 0.404509
vt 0.973096 0.399990
vt 0.986327 0.395153
vt 0.982044 0.391587
vt 0.704276 0.001240
vt 0.704276 0.021020
vt 0.685898 0.001240
vt 0.685898 0.021020
vt 0.667519 0.001240
vt 0.667519 0.021020
vt 0.649143 0.001240
vt 0.649143 0.021020
vt 0.630765 0.001240
vt 0.630765 0.021020
vt 0.612387 0.001240
vt 0.612387 0.021020
vt 0.594010 0.001240
vt 0.594010 0.021020
vt 0.575632 0.001240
vt 0.575632 0.021020
vt 0.557256 0.001240
vt 0.557256 0.021020
vt 0.538878 0.001240
vt 0.538878 0.021020
vt 0.869672 0.001240
vt 0.869672 0.021020
vt 0.851295 0.001240
vt 0.851295 0.021020
vt 0.832918 0.001240
vt 0.832918 0.021020
vt 0.814540 0.001240
vt 0.814540 0.021020
vt 0.796163 0.001240
vt 0.796163 0.021020
vt 0.777785 0.001240
vt 0.777785 0.021020
vt 0.759408 0.001240
vt 0.759408 0.021020
vt 0.741031 0.001240
vt 0.741031 0.021020
vt 0.722653 0.001240
vt 0.722653 0.021020
vt 0.998314 0.001240
vt 0.998314 0.021020
vt 0.979937 0.001240
vt 0.979937 0.021020
vt 0.961560 0.001240
vt 0.961560 0.021020
vt 0.943183 0.001240
vt 0.943183 0.021020
vt 0.924805 0.001240
vt 0.924805 0.021020
vt 0.906427 0.001240
vt 0.906428 0.021020
vt 0.888050 0.001240
vt 0.888050 0.021020
vt 0.696408 0.313583
vt 0.650709 0.325896
vt 0.684032 0.325754
vt 0.137033 0.058403
vt 0.902299 0.395153
vt 0.915530 0.399990
vt 0.906582 0.391587
vt 0.912262 0.404509
vt 0.926286 0.405904
vt 0.924240 0.411094
vt 0.938176 0.408956
vt 0.937479 0.414493
vt 0.950450 0.408956
vt 0.951147 0.414493
vt 0.964386 0.411094
vt 0.962338 0.405904
vt 0.976364 0.404509
vt 0.973096 0.399990
vt 0.986327 0.395153
vt 0.982044 0.391587
vt 0.993651 0.383612
vt 0.988620 0.381223
vt 0.997873 0.370613
vt 0.992414 0.369550
vt 0.998732 0.356972
vt 0.993185 0.357299
vt 0.996171 0.343546
vt 0.990885 0.345242
vt 0.990352 0.331179
vt 0.985659 0.334135
vt 0.981639 0.320647
vt 0.977834 0.324678
vt 0.970581 0.312613
vt 0.967903 0.317463
vt 0.957873 0.307582
vt 0.956490 0.312944
vt 0.944313 0.311406
vt 0.944313 0.305869
vt 0.932135 0.312944
vt 0.930752 0.307582
vt 0.920722 0.317463
vt 0.918045 0.312614
vt 0.910791 0.324678
vt 0.906986 0.320647
vt 0.902967 0.334135
vt 0.898273 0.331179
vt 0.897741 0.345242
vt 0.892455 0.343546
vt 0.895441 0.357299
vt 0.889893 0.356972
vt 0.896211 0.369550
vt 0.890751 0.370613
vt 0.900005 0.381224
vt 0.894974 0.383612
vt 0.733940 0.044258
vt 0.733941 0.064037
vt 0.717436 0.044258
vt 0.717436 0.064037
vt 0.700933 0.044258
vt 0.700933 0.064037
vt 0.684427 0.044258
vt 0.684427 0.064037
vt 0.667923 0.044258
vt 0.667923 0.064038
vt 0.651420 0.044258
vt 0.651420 0.064037
vt 0.634916 0.044258
vt 0.634916 0.064037
vt 0.618412 0.044258
vt 0.618412 0.064037
vt 0.601908 0.044258
vt 0.601908 0.064038
vt 0.585405 0.044258
vt 0.585405 0.064037
vt 0.882475 0.044258
vt 0.882475 0.064038
vt 0.865970 0.044258
vt 0.865970 0.064037
vt 0.849467 0.044258
vt 0.849467 0.064038
vt 0.832963 0.044258
vt 0.832963 0.064038
vt 0.816460 0.044258
vt 0.816460 0.064037
vt 0.799956 0.044258
vt 0.799956 0.064037
vt 0.783452 0.044258
vt 0.783452 0.064037
vt 0.766948 0.044258
vt 0.766948 0.064038
vt 0.750444 0.044258
vt 0.750444 0.064037
vt 0.998002 0.044258
vt 0.998002 0.064038
vt 0.981498 0.044258
vt 0.981498 0.064038
vt 0.964995 0.044258
vt 0.964995 0.064038
vt 0.948491 0.044258
vt 0.948491 0.064038
vt 0.931987 0.044258
vt 0.931987 0.064038
vt 0.915484 0.044258
vt 0.915484 0.064038
vt 0.898980 0.044258
vt 0.898979 0.064037
vt 0.733971 0.046461
vt 0.733971 0.053191
vt 0.717513 0.046461
vt 0.717513 0.053191
vt 0.701055 0.046461
vt 0.701055 0.053191
vt 0.684598 0.046461
vt 0.684597 0.053191
vt 0.668139 0.046461
vt 0.668139 0.053191
vt 0.651681 0.046461
vt 0.651681 0.053191
vt 0.635223 0.046461
vt 0.635223 0.053191
vt 0.618765 0.046461
vt 0.618765 0.053191
vt 0.602308 0.046461
vt 0.602308 0.053191
vt 0.585850 0.046461
vt 0.585850 0.053191
vt 0.882093 0.046461
vt 0.882093 0.053191
vt 0.865636 0.046461
vt 0.865636 0.053191
vt 0.849177 0.046461
vt 0.849177 0.053191
vt 0.832720 0.046461
vt 0.832720 0.053191
vt 0.816261 0.046461
vt 0.816261 0.053191
vt 0.799803 0.046461
vt 0.799803 0.053191
vt 0.783345 0.046461
vt 0.783345 0.053191
vt 0.766887 0.046461
vt 0.766887 0.053191
vt 0.750429 0.046461
vt 0.750429 0.053191
vt 0.997298 0.046460
vt 0.997298 0.053191
vt 0.980840 0.046460
vt 0.980840 0.053191
vt 0.964382 0.046460
vt 0.964382 0.053191
vt 0.947925 0.046460
vt 0.947924 0.053191
vt 0.931467 0.046461
vt 0.931467 0.053191
vt 0.915008 0.046461
vt 0.915008 0.053191
vt 0.898551 0.046461
vt 0.898550 0.053191
vt 0.704276 0.001240
vt 0.704276 0.021020
vt 0.685898 0.001240
vt 0.685898 0.021020
vt 0.667519 0.001240
vt 0.667519 0.021020
vt 0.649143 0.001240
vt 0.649143 0.021020
vt 0.630765 0.001240
vt 0.630765 0.021020
vt 0.612387 0.001240
vt 0.612387 0.021020
vt 0.594010 0.001240
vt 0.594010 0.021020
vt 0.575632 0.001240
vt 0.575632 0.021020
vt 0.557256 0.001240
vt 0.557256 0.021020
vt 0.538878 0.001240
vt 0.538878 0.021020
vt 0.869672 0.001240
vt 0.869672 0.021020
vt 0.851295 0.001240
vt 0.851295 0.021020
vt 0.832918 0.001240
vt 0.832918 0.021020
vt 0.814540 0.001240
vt 0.814540 0.021020
vt 0.796163 0.001240
vt 0.796163 0.021020
vt 0.777785 0.001240
vt 0.777785 0.021020
vt 0.759408 0.001240
vt 0.759408 0.021020
vt 0.741031 0.001240
vt 0.741031 0.021020
vt 0.722653 0.001240
vt 0.722653 0.021020
vt 0.998314 0.001240
vt 0.998314 0.021020
vt 0.979937 0.001240
vt 0.979937 0.021020
vt 0.961560 0.001240
vt 0.961560 0.021020
vt 0.943183 0.001240
vt 0.943183 0.021020
vt 0.924805 0.001240
vt 0.924805 0.021020
vt 0.906427 0.001240
vt 0.906428 0.021020
vt 0.888050 0.001240
vt 0.888050 0.021020
vt 0.513355 0.180863
vt 0.449310 0.180244
vt 0.504227 0.221201
vt 0.517966 0.215419
vt 0.528947 0.204386
vt 0.535674 0.187686
vt 0.535561 0.172525
vt 0.516884 0.131624
vt 0.257479 0.058368
vt 0.224375 0.046390
vt 0.224367 0.058368
vt 0.257487 0.046390
vt 0.268313 0.046390
vt 0.268305 0.058368
vt 0.281283 0.046390
vt 0.281275 0.058368
vt 0.292461 0.046390
vt 0.292453 0.058368
vt 0.303068 0.046390
vt 0.303060 0.058368
vt 0.902299 0.395153
vt 0.915530 0.399990
vt 0.906582 0.391587
vt 0.912262 0.404509
vt 0.926286 0.405904
vt 0.924240 0.411094
vt 0.938176 0.408956
vt 0.937479 0.414493
vt 0.950450 0.408956
vt 0.951147 0.414493
vt 0.964386 0.411094
vt 0.962338 0.405904
vt 0.976364 0.404509
vt 0.973096 0.399990
vt 0.986327 0.395153
vt 0.982044 0.391587
vt 0.993651 0.383612
vt 0.988620 0.381223
vt 0.997873 0.370613
vt 0.992414 0.369550
vt 0.998732 0.356972
vt 0.993185 0.357299
vt 0.996171 0.343546
vt 0.990885 0.345242
vt 0.990352 0.331179
vt 0.985659 0.334135
vt 0.981639 0.320647
vt 0.977834 0.324678
vt 0.970581 0.312613
vt 0.967903 0.317463
vt 0.957873 0.307582
vt 0.956490 0.312944
vt 0.944313 0.311406
vt 0.944313 0.305869
vt 0.932135 0.312944
vt 0.930752 0.307582
vt 0.920722 0.317463
vt 0.918045 0.312614
vt 0.910791 0.324678
vt 0.906986 0.320647
vt 0.902967 0.334135
vt 0.898273 0.331179
vt 0.897741 0.345242
vt 0.892455 0.343546
vt 0.895441 0.357299
vt 0.889893 0.356972
vt 0.896211 0.369550
vt 0.890751 0.370613
vt 0.900005 0.381224
vt 0.894974 0.383612
vt 0.733940 0.044258
vt 0.733941 0.064037
vt 0.717436 0.044258
vt 0.717436 0.064037
vt 0.700933 0.044258
vt 0.700933 0.064037
vt 0.684427 0.044258
vt 0.684427 0.064037
vt 0.667923 0.044258
vt 0.667923 0.064038
vt 0.651420 0.044258
vt 0.651420 0.064037
vt 0.634916 0.044258
vt 0.634916 0.064037
vt 0.618412 0.044258
vt 0.618412 0.064037
vt 0.601908 0.044258
vt 0.601908 0.064038
vt 0.585405 0.044258
vt 0.585405 0.064037
vt 0.882475 0.044258
vt 0.882475 0.064038
vt 0.865970 0.044258
vt 0.865970 0.064037
vt 0.849467 0.044258
vt 0.849467 0.064038
vt 0.832963 0.044258
vt 0.832963 0.064038
vt 0.816460 0.044258
vt 0.816460 0.064037
vt 0.799956 0.044258
vt 0.799956 0.064037
vt 0.783452 0.044258
vt 0.783452 0.064037
vt 0.766948 0.044258
vt 0.766948 0.064038
vt 0.750444 0.044258
vt 0.750444 0.064037
vt 0.998002 0.044258
vt 0.998002 0.064038
vt 0.981498 0.044258
vt 0.981498 0.064038
vt 0.964995 0.044258
vt 0.964995 0.064038
vt 0.948491 0.044258
vt 0.948491 0.064038
vt 0.931987 0.044258
vt 0.931987 0.064038
vt 0.915484 0.044258
vt 0.915484 0.064038
vt 0.898980 0.044258
vt 0.898979 0.064037
vt 0.997711 0.132510
vt 0.730232 0.132510
vt 0.997711 0.140288
vt 0.730232 0.140288
vt 0.997711 0.148066
vt 0.730232 0.148066
vt 0.997711 0.155844
vt 0.730232 0.155844
vt 0.997711 0.163621
vt 0.730232 0.163621
vt 0.997711 0.171399
vt 0.730232 0.171399
vt 0.730232 0.186955
vt 0.997711 0.186955
vt 0.997711 0.194733
vt 0.730232 0.194733
vt 0.997711 0.202510
vt 0.730232 0.202510
vt 0.997711 0.210288
vt 0.730232 0.210288
vt 0.997711 0.085843
vt 0.730232 0.085843
vt 0.997711 0.093621
vt 0.730232 0.093621
vt 0.997711 0.101399
vt 0.730232 0.101399
vt 0.997711 0.109177
vt 0.730232 0.109177
vt 0.730232 0.124732
vt 0.997711 0.124732
vt 0.733971 0.046461
vt 0.733971 0.053191
vt 0.717513 0.046461
vt 0.717513 0.053191
vt 0.701055 0.046461
vt 0.701055 0.053191
vt 0.684598 0.046461
vt 0.684597 0.053191
vt 0.668139 0.046461
vt 0.668139 0.053191
vt 0.651681 0.046461
vt 0.651681 0.053191
vt 0.635223 0.046461
vt 0.635223 0.053191
vt 0.618765 0.046461
vt 0.618765 0.053191
vt 0.602308 0.046461
vt 0.602308 0.053191
vt 0.585850 0.046461
vt 0.585850 0.053191
vt 0.882093 0.046461
vt 0.882093 0.053191
vt 0.865636 0.046461
vt 0.865636 0.053191
vt 0.849177 0.046461
vt 0.849177 0.053191
vt 0.832720 0.046461
vt 0.832720 0.053191
vt 0.816261 0.046461
vt 0.816261 0.053191
vt 0.799803 0.046461
vt 0.799803 0.053191
vt 0.783345 0.046461
vt 0.783345 0.053191
vt 0.766887 0.046461
vt 0.766887 0.053191
vt 0.750429 0.046461
vt 0.750429 0.053191
vt 0.997298 0.046460
vt 0.997298 0.053191
vt 0.980840 0.046460
vt 0.980840 0.053191
vt 0.964382 0.046460
vt 0.964382 0.053191
vt 0.947925 0.046460
vt 0.947924 0.053191
vt 0.931467 0.046461
vt 0.931467 0.053191
vt 0.915008 0.046461
vt 0.915008 0.053191
vt 0.898551 0.046461
vt 0.898550 0.053191
vt 0.704276 0.001240
vt 0.704276 0.021020
vt 0.685898 0.001240
vt 0.685898 0.021020
vt 0.667519 0.001240
vt 0.667519 0.021020
vt 0.649143 0.001240
vt 0.649143 0.021020
vt 0.630765 0.001240
vt 0.630765 0.021020
vt 0.612387 0.001240
vt 0.612387 0.021020
vt 0.594010 0.001240
vt 0.594010 0.021020
vt 0.575632 0.001240
vt 0.575632 0.021020
vt 0.557256 0.001240
vt 0.557256 0.021020
vt 0.538878 0.001240
vt 0.538878 0.021020
vt 0.869672 0.001240
vt 0.869672 0.021020
vt 0.851295 0.001240
vt 0.851295 0.021020
vt 0.832918 0.001240
vt 0.832918 0.021020
vt 0.814540 0.001240
vt 0.814540 0.021020
vt 0.796163 0.001240
vt 0.796163 0.021020
vt 0.777785 0.001240
vt 0.777785 0.021020
vt 0.759408 0.001240
vt 0.759408 0.021020
vt 0.741031 0.001240
vt 0.741031 0.021020
vt 0.722653 0.001240
vt 0.722653 0.021020
vt 0.998314 0.001240
vt 0.998314 0.021020
vt 0.979937 0.001240
vt 0.979937 0.021020
vt 0.961560 0.001240
vt 0.961560 0.021020
vt 0.943183 0.001240
vt 0.943183 0.021020
vt 0.924805 0.001240
vt 0.924805 0.021020
vt 0.906427 0.001240
vt 0.906428 0.021020
vt 0.888050 0.001240
vt 0.888050 0.021020
vt 0.144922 0.058368
vt 0.187452 0.046389
vt 0.144929 0.046390
vt 0.187452 0.058411
vt 0.221506 0.046388
vt 0.221498 0.058370
vt 0.686662 0.080824
vt 0.672460 0.094016
vt 0.672490 0.080739
vt 0.686630 0.094049
vt 0.695624 0.080846
vt 0.695590 0.094023
vt 0.709940 0.080831
vt 0.709910 0.094107
vt 0.963142 0.068126
vt 0.968997 0.080146
vt 0.963142 0.080146
vt 0.968997 0.068126
vt 0.721795 0.080909
vt 0.721763 0.094136
vt 0.719294 0.129711
vt 0.726281 0.098971
vt 0.726281 0.129711
vt 0.719294 0.098971
vt 0.902299 0.395153
vt 0.915530 0.399990
vt 0.906582 0.391587
vt 0.912262 0.404509
vt 0.926286 0.405904
vt 0.924240 0.411094
vt 0.938176 0.408956
vt 0.937479 0.414493
vt 0.950450 0.408956
vt 0.951147 0.414493
vt 0.964386 0.411094
vt 0.962338 0.405904
vt 0.976364 0.404509
vt 0.973096 0.399990
vt 0.986327 0.395153
vt 0.982044 0.391587
vt 0.993651 0.383612
vt 0.988620 0.381223
vt 0.997873 0.370613
vt 0.992414 0.369550
vt 0.998732 0.356972
vt 0.993185 0.357299
vt 0.996171 0.343546
vt 0.990885 0.345242
vt 0.990352 0.331179
vt 0.985659 0.334135
vt 0.981639 0.320647
vt 0.977834 0.324678
vt 0.970581 0.312613
vt 0.967903 0.317463
vt 0.957873 0.307582
vt 0.956490 0.312944
vt 0.944313 0.311406
vt 0.944313 0.305869
vt 0.932135 0.312944
vt 0.930752 0.307582
vt 0.920722 0.317463
vt 0.918045 0.312614
vt 0.910791 0.324678
vt 0.906986 0.320647
vt 0.902967 0.334135
vt 0.898273 0.331179
vt 0.897741 0.345242
vt 0.892455 0.343546
vt 0.895441 0.357299
vt 0.889893 0.356972
vt 0.896211 0.369550
vt 0.890751 0.370613
vt 0.900005 0.381224
vt 0.894974 0.383612
vt 0.733940 0.044258
vt 0.733941 0.064037
vt 0.717436 0.044258
vt 0.717436 0.064037
vt 0.700933 0.044258
vt 0.700933 0.064037
vt 0.684427 0.044258
vt 0.684427 0.064037
vt 0.667923 0.044258
vt 0.667923 0.064038
vt 0.651420 0.044258
vt 0.651420 0.064037
vt 0.634916 0.044258
vt 0.634916 0.064037
vt 0.618412 0.044258
vt 0.618412 0.064037
vt 0.601908 0.044258
vt 0.601908 0.064038
vt 0.585405 0.044258
vt 0.585405 0.064037
vt 0.882475 0.044258
vt 0.882475 0.064038
vt 0.865970 0.044258
vt 0.865970 0.064037
vt 0.849467 0.044258
vt 0.849467 0.064038
vt 0.832963 0.044258
vt 0.832963 0.064038
vt 0.816460 0.044258
vt 0.816460 0.064037
vt 0.799956 0.044258
vt 0.799956 0.064037
vt 0.783452 0.044258
vt 0.783452 0.064037
vt 0.766948 0.044258
vt 0.766948 0.064038
vt 0.750444 0.044258
vt 0.750444 0.064037
vt 0.998002 0.044258
vt 0.998002 0.064038
vt 0.981498 0.044258
vt 0.981498 0.064038
vt 0.964995 0.044258
vt 0.964995 0.064038
vt 0.948491 0.044258
vt 0.948491 0.064038
vt 0.931987 0.044258
vt 0.931987 0.064038
vt 0.915484 0.044258
vt 0.915484 0.064038
vt 0.898980 0.044258
vt 0.898979 0.064037
vt 0.997873 0.370613
vt 0.992414 0.369550
vt 0.998732 0.356972
vt 0.993185 0.357299
vt 0.996171 0.343546
vt 0.990885 0.345242
vt 0.990352 0.331179
vt 0.985659 0.334135
vt 0.981639 0.320647
vt 0.977834 0.324678
vt 0.970581 0.312613
vt 0.967903 0.317463
vt 0.957873 0.307582
vt 0.956490 0.312944
vt 0.944313 0.311406
vt 0.944313 0.305869
vt 0.932135 0.312944
vt 0.930752 0.307582
vt 0.920722 0.317463
vt 0.918045 0.312614
vt 0.910791 0.324678
vt 0.906986 0.320647
vt 0.902967 0.334135
vt 0.898273 0.331179
vt 0.897741 0.345242
vt 0.892455 0.343546
vt 0.895441 0.357299
vt 0.889893 0.356972
vt 0.896211 0.369550
vt 0.890751 0.370613
vt 0.900005 0.381224
vt 0.894974 0.383612
vt 0.906582 0.391587
vt 0.902299 0.395153
vt 0.915530 0.399990
vt 0.912262 0.404509
vt 0.926286 0.405904
vt 0.924240 0.411094
vt 0.938176 0.408956
vt 0.937479 0.414493
vt 0.950450 0.408956
vt 0.951147 0.414493
vt 0.964386 0.411094
vt 0.962338 0.405904
vt 0.976364 0.404509
vt 0.973096 0.399990
vt 0.986327 0.395153
vt 0.982044 0.391587
vt 0.993651 0.383612
vt 0.988620 0.381223
vt 0.717608 0.078959
vt 0.717608 0.065731
vt 0.731778 0.078959
vt 0.731778 0.065731
vt 0.743568 0.079009
vt 0.743631 0.065731
vt 0.383519 0.140679
vt 0.383910 0.145591
vt 0.396441 0.148335
vt 0.393465 0.151894
vt 0.405275 0.163322
vt 0.400814 0.164478
vt 0.405540 0.187344
vt 0.400870 0.186923
vt 0.399443 0.198097
vt 0.396081 0.194781
vt 0.388668 0.204096
vt 0.387505 0.199549
vt 0.373218 0.204148
vt 0.374071 0.199556
vt 0.367100 0.197710
vt 0.364564 0.201619
vt 0.361439 0.192981
vt 0.356817 0.194017
vt 0.353295 0.179954
vt 0.358346 0.179730
vt 0.327922 0.133036
vt 0.324083 0.131011
vt 0.400972 0.976170
vt 0.400422 0.983918
vt 0.101387 0.046390
vt 0.101381 0.058368
vt 0.136790 0.058368
vt 0.187446 0.058369
vt 0.187446 0.046347
vt 0.089113 0.056768
vt 0.089113 0.046390
vt 0.090610 0.058368
vt 0.324167 0.197861
vt 0.327925 0.201439
vt 0.914743 0.080146
vt 0.914743 0.068126
vt 0.400192 0.451642
vt 0.402859 0.451669
vt 0.003235 0.451674
vt 0.005903 0.451642
vt 0.002848 0.238048
vt 0.005170 0.268242
vt 0.005213 0.276791
vt 0.005201 0.291186
vt 0.005225 0.302529
vt 0.402472 0.237323
vt 0.400014 0.267533
vt 0.400014 0.276068
vt 0.400309 0.290471
vt 0.400327 0.301814
vt 0.696244 0.312863
vt 0.683826 0.314017
vt 0.683180 0.301796
vt 0.649439 0.313803
vt 0.649933 0.301856
vt 0.396416 0.148383
vt 0.383910 0.145591
vt 0.383519 0.140679
vt 0.393439 0.151943
vt 0.405250 0.163370
vt 0.400814 0.164478
vt 0.405515 0.187393
vt 0.400845 0.186972
vt 0.399443 0.198097
vt 0.396081 0.194781
vt 0.388643 0.204144
vt 0.387479 0.199597
vt 0.373193 0.204196
vt 0.374046 0.199604
vt 0.367075 0.197758
vt 0.364538 0.201667
vt 0.361439 0.192981
vt 0.356791 0.194065
vt 0.353295 0.179954
vt 0.358321 0.179778
vt 0.637486 0.313615
vt 0.683202 0.325868
vt 0.649878 0.325769
vt 0.278388 0.114115
vt 0.259583 0.114108
vt 0.001457 0.073525
vt 0.331764 0.061505
vt 0.331764 0.073525
vt 0.001457 0.061505
vt 0.510765 0.177226
vt 0.513330 0.180912
vt 0.516859 0.131672
vt 0.511514 0.129591
vt 0.997711 0.132510
vt 0.730232 0.132510
vt 0.997711 0.140288
vt 0.730232 0.140288
vt 0.997711 0.148066
vt 0.730232 0.148066
vt 0.997704 0.155855
vt 0.730225 0.155855
vt 0.997711 0.163621
vt 0.730232 0.163621
vt 0.997711 0.171399
vt 0.730232 0.171399
vt 0.730232 0.186955
vt 0.997711 0.186955
vt 0.997711 0.194733
vt 0.730232 0.194733
vt 0.997711 0.202510
vt 0.730232 0.202510
vt 0.997711 0.210288
vt 0.730232 0.210288
vt 0.997704 0.085854
vt 0.730225 0.085854
vt 0.997711 0.093621
vt 0.730232 0.093621
vt 0.997711 0.101399
vt 0.730232 0.101399
vt 0.997711 0.109177
vt 0.730232 0.109177
vt 0.730232 0.124732
vt 0.997711 0.124732
vt 0.997711 0.132510
vt 0.730232 0.132510
vt 0.997711 0.140288
vt 0.730232 0.140288
vt 0.997711 0.148066
vt 0.730232 0.148066
vt 0.997704 0.155855
vt 0.730225 0.155855
vt 0.997711 0.163621
vt 0.730232 0.163621
vt 0.997711 0.171399
vt 0.730232 0.171399
vt 0.730232 0.186955
vt 0.997711 0.186955
vt 0.997711 0.194733
vt 0.730232 0.194733
vt 0.997711 0.202510
vt 0.730232 0.202510
vt 0.997711 0.210288
vt 0.730232 0.210288
vt 0.997704 0.085854
vt 0.730225 0.085854
vt 0.997711 0.093621
vt 0.730232 0.093621
vt 0.997711 0.101399
vt 0.730232 0.101399
vt 0.997711 0.109177
vt 0.730232 0.109177
vt 0.730232 0.124732
vt 0.997711 0.124732
vt 0.997711 0.132510
vt 0.730232 0.132510
vt 0.997711 0.140288
vt 0.730232 0.140288
vt 0.997711 0.148066
vt 0.730232 0.148066
vt 0.997704 0.155855
vt 0.730225 0.155855
vt 0.997711 0.163621
vt 0.730232 0.163621
vt 0.997711 0.171399
vt 0.730232 0.171399
vt 0.730232 0.186955
vt 0.997711 0.186955
vt 0.997711 0.194733
vt 0.730232 0.194733
vt 0.997711 0.202510
vt 0.730232 0.202510
vt 0.997711 0.210288
vt 0.730232 0.210288
vt 0.997704 0.085854
vt 0.730225 0.085854
vt 0.997711 0.093621
vt 0.730232 0.093621
vt 0.997711 0.101399
vt 0.730232 0.101399
vt 0.997711 0.109177
vt 0.730232 0.109177
vt 0.730232 0.124732
vt 0.997711 0.124732
vt 0.224587 0.046384
vt 0.257700 0.058403
vt 0.224587 0.058403
vt 0.257700 0.046384
vt 0.268527 0.046384
vt 0.268527 0.058403
vt 0.281497 0.046384
vt 0.281497 0.058403
vt 0.292676 0.046384
vt 0.292676 0.058403
vt 0.303282 0.046384
vt 0.303282 0.058403
vt 0.221719 0.046384
vt 0.221719 0.058403
vt 0.115594 0.146225
vt 0.124917 0.137007
vt 0.111867 0.137836
vt 0.101179 0.150126
vt 0.101288 0.128433
vt 0.092255 0.156178
vt 0.085457 0.115755
vt 0.085904 0.166347
vt 0.100791 0.115330
vt 0.089348 0.056762
vt 0.081194 0.056762
vt 0.089348 0.046384
vt 0.081194 0.046384
vt 0.072020 0.056762
vt 0.072020 0.046384
vt 0.141559 0.148246
vt 0.154091 0.145512
vt 0.154459 0.140647
vt 0.144531 0.151808
vt 0.132714 0.163227
vt 0.137174 0.164387
vt 0.132434 0.187249
vt 0.137104 0.186831
vt 0.138523 0.198006
vt 0.141860 0.194741
vt 0.149294 0.204013
vt 0.150459 0.199466
vt 0.164717 0.204124
vt 0.163868 0.199531
vt 0.170865 0.197642
vt 0.173372 0.201601
vt 0.176528 0.192917
vt 0.181151 0.193957
vt 0.184655 0.179944
vt 0.179607 0.179717
vt 0.104349 0.126929
vt 0.104071 0.114954
vt 0.112756 0.134739
vt 0.120072 0.148857
vt 0.106754 0.152805
vt 0.096765 0.158008
vt 0.090661 0.167233
vt 0.086361 0.177497
vt 0.088666 0.180118
vt 0.027517 0.177901
vt 0.024392 0.181019
vt 0.022039 0.131230
vt 0.026505 0.130500
vt 0.237522 0.995344
vt 0.234035 0.999640
vt 0.098022 0.995345
vt 0.008924 0.999640
vt 0.005437 0.995344
vt 0.101623 0.046384
vt 0.101623 0.058403
vt 0.090852 0.058403
vt 0.213283 0.197821
vt 0.210012 0.201446
vt 0.836583 0.080146
vt 0.836583 0.068126
vt 0.016957 0.757349
vt 0.017008 0.976170
vt 0.106715 0.976170
vt 0.637661 0.312952
vt 0.650714 0.301868
vt 0.649602 0.313765
vt 0.684015 0.313977
vt 0.683962 0.301885
vt 0.003280 0.769657
vt 0.003280 0.993835
vt 0.003280 0.532339
vt 0.198819 0.983918
vt 0.107913 0.983918
vt 0.017008 0.983918
vt 0.402693 0.278236
vt 0.403061 0.481637
vt 0.003435 0.482373
vt 0.003067 0.278215
vt 0.696408 0.313583
vt 0.650709 0.325896
vt 0.684032 0.325754
vt 0.137033 0.058403
vt 0.003159 0.286174
vt 0.003546 0.489224
vt 0.403172 0.489245
vt 0.402785 0.285451
vt 0.006214 0.489186
vt 0.400505 0.489186
vt 0.437040 0.285895
vt 0.438357 0.288488
vt 0.449309 0.287327
vt 0.429094 0.287281
vt 0.428025 0.288540
vt 0.436184 0.294427
vt 0.441098 0.293680
vt 0.456818 0.290161
vt 0.466730 0.290073
vt 0.467068 0.291232
vt 0.461856 0.294488
vt 0.467716 0.293450
vt 0.465292 0.299009
vt 0.468701 0.296826
vt 0.473649 0.306266
vt 0.476253 0.304450
vt 0.480843 0.310971
vt 0.483767 0.308985
vt 0.493279 0.314772
vt 0.493251 0.312587
vt 0.444475 0.298306
vt 0.460367 0.302041
vt 0.469956 0.308200
vt 0.477339 0.312970
vt 0.493312 0.317259
vt 0.432631 0.250808
vt 0.438873 0.253173
vt 0.434710 0.247579
vt 0.436794 0.256402
vt 0.400297 0.288954
vt 0.353508 0.310813
vt 0.400382 0.315947
vt 0.052736 0.310813
vt 0.006006 0.288954
vt 0.005670 0.315295
vt 0.452851 0.229503
vt 0.480239 0.230178
vt 0.480769 0.229503
vt 0.002270 0.231308
vt 0.005079 0.231303
vt 0.002294 0.244758
vt 0.004617 0.274952
vt 0.051636 0.269185
vt 0.352562 0.269185
vt 0.399463 0.274242
vt 0.401921 0.244034
vt 0.401897 0.230585
vt 0.399087 0.230590
vt 0.400043 0.316000
vt 0.353170 0.310823
vt 0.399958 0.288774
vt 0.052399 0.310823
vt 0.005670 0.288774
vt 0.005333 0.315343
vt 0.428671 0.251418
vt 0.427920 0.248652
vt 0.427544 0.248111
vt 0.491663 0.318690
vt 0.468767 0.318397
vt 0.457080 0.316430
vt 0.446846 0.310548
vt 0.436278 0.300451
vt 0.429313 0.294077
vt 0.422814 0.292415
vt 0.422793 0.244703
vt 0.403275 0.244703
vt 0.403274 0.292414
vt 0.426722 0.243807
vt 0.433679 0.246925
vt 0.430848 0.240518
vt 0.435146 0.244437
vt 0.437495 0.235322
vt 0.433671 0.234356
vt 0.440883 0.229568
vt 0.435558 0.225325
vt 0.442603 0.221837
vt 0.445681 0.225906
vt 0.452876 0.225342
vt 0.438645 0.253233
vt 0.432403 0.250869
vt 0.434445 0.247636
vt 0.436528 0.256459
vt 0.455603 0.256581
vt 0.455603 0.253206
vt 0.471697 0.251691
vt 0.471697 0.248317
vt 0.479245 0.245155
vt 0.478242 0.244782
vt 0.478041 0.235962
vt 0.477037 0.235965
vt 0.480012 0.230238
vt 0.480542 0.229564
vt 0.412495 0.321683
vt 0.412664 0.557810
vt 0.423715 0.557778
vt 0.452623 0.229564
vt 0.427692 0.248712
vt 0.428443 0.251479
vt 0.433413 0.246983
vt 0.427317 0.248172
vt 0.436007 0.245513
vt 0.434918 0.244498
vt 0.438527 0.235782
vt 0.437229 0.235379
vt 0.440617 0.229626
vt 0.441229 0.230143
vt 0.445415 0.225964
vt 0.445415 0.225964
vt 0.452648 0.225403
vt 0.452648 0.225403
vt 0.428829 0.287339
vt 0.427798 0.288600
vt 0.838722 0.419795
vt 0.871865 0.424263
vt 0.838723 0.424263
vt 0.871866 0.419795
vt 0.838722 0.413807
vt 0.871866 0.413807
vt 0.838722 0.380895
vt 0.871865 0.380895
vt 0.871865 0.379027
vt 0.838723 0.379027
vt 0.838722 0.377518
vt 0.871866 0.377518
vt 0.838722 0.373409
vt 0.871865 0.373409
vt 0.839640 0.364043
vt 0.870951 0.364043
vt 0.840040 0.355204
vt 0.870548 0.355204
vt 0.840908 0.346172
vt 0.869679 0.346172
vt 0.419337 0.098494
vt 0.392122 0.110241
vt 0.392122 0.099398
vt 0.419337 0.111145
vt 0.433111 0.097977
vt 0.433111 0.111661
vt 0.447711 0.097562
vt 0.447711 0.112077
vt 0.466354 0.096923
vt 0.466354 0.112715
vt 0.477991 0.095311
vt 0.477991 0.114374
vt 0.487370 0.114610
vt 0.487370 0.094774
vt 0.515568 0.094774
vt 0.515568 0.114610
vt 0.847426 0.541216
vt 0.863123 0.561963
vt 0.847426 0.561963
vt 0.863123 0.541216
vt 0.847426 0.536644
vt 0.863123 0.536644
vt 0.862999 0.531128
vt 0.847432 0.531128
vt 0.847432 0.524772
vt 0.862999 0.524772
vt 0.847432 0.517376
vt 0.862999 0.517375
vt 0.847432 0.510163
vt 0.862999 0.510163
vt 0.847432 0.500676
vt 0.862997 0.500676
vt 0.408629 0.972771
vt 0.473303 0.990056
vt 0.473303 0.972833
vt 0.631645 0.990056
vt 0.631645 0.972984
vt 0.631645 0.997436
vt 0.473303 0.997436
vt 0.408629 0.997436
vt 0.408629 0.990056
vt 0.847406 0.341323
vt 0.859864 0.341323
vt 0.866594 0.341971
vt 0.869679 0.342191
vt 0.840908 0.342191
vt 0.018742 0.523817
vt 0.397534 0.511433
vt 0.018742 0.511449
vt 0.397534 0.511253
vt 0.006103 0.511237
vt 0.473991 0.275092
vt 0.477418 0.281268
vt 0.477418 0.289600
vt 0.476825 0.290667
vt 0.473991 0.289932
vt 0.503268 0.268230
vt 0.500821 0.270341
vt 0.504430 0.271034
vt 0.502584 0.265813
vt 0.504430 0.265426
vt 0.501590 0.260291
vt 0.507234 0.264264
vt 0.510038 0.265426
vt 0.517098 0.266016
vt 0.511200 0.268230
vt 0.515894 0.272217
vt 0.510038 0.271034
vt 0.511511 0.276937
vt 0.507234 0.272196
vt 0.507329 0.278115
vt 0.500474 0.274372
vt 0.503250 0.277896
vt 0.500984 0.276922
vt 0.503472 0.234115
vt 0.512903 0.233503
vt 0.498248 0.226889
vt 0.516333 0.239843
vt 0.503430 0.244017
vt 0.498557 0.250501
vt 0.490848 0.253074
vt 0.408751 0.990070
vt 0.473426 0.997452
vt 0.408750 0.997452
vt 0.473426 0.972744
vt 0.473426 0.990070
vt 0.408750 0.972744
vt 0.423347 0.306164
vt 0.426413 0.308591
vt 0.423347 0.306164
vt 0.426413 0.308591
vt 0.426864 0.312476
vt 0.426864 0.312476
vt 0.424437 0.315542
vt 0.424437 0.315542
vt 0.420553 0.315994
vt 0.420553 0.315994
vt 0.417488 0.313566
vt 0.417488 0.313566
vt 0.417035 0.309683
vt 0.417035 0.309683
vt 0.419463 0.306615
vt 0.419463 0.306615
vt 0.413740 0.555937
vt 0.698318 0.555937
vt 0.412586 0.325949
vt 0.412749 0.556074
vt 0.799903 0.517055
vt 0.827097 0.523095
vt 0.827097 0.517055
vt 0.799903 0.523095
vt 0.827097 0.527975
vt 0.799903 0.527975
vt 0.827097 0.532638
vt 0.799903 0.532638
vt 0.827097 0.536432
vt 0.799903 0.536432
vt 0.503041 0.268291
vt 0.504202 0.271095
vt 0.500593 0.270402
vt 0.502318 0.265870
vt 0.504202 0.265487
vt 0.501324 0.260348
vt 0.507006 0.264325
vt 0.509811 0.265487
vt 0.516833 0.266074
vt 0.510934 0.268287
vt 0.515628 0.272274
vt 0.509811 0.271095
vt 0.511245 0.276994
vt 0.507006 0.272257
vt 0.507101 0.278175
vt 0.500247 0.274433
vt 0.503022 0.277956
vt 0.500718 0.276979
vt 0.498021 0.226949
vt 0.512638 0.233561
vt 0.503244 0.234176
vt 0.516105 0.239904
vt 0.503202 0.244078
vt 0.498330 0.250561
vt 0.490620 0.253134
vt 0.674485 0.288995
vt 0.669796 0.279010
vt 0.674485 0.280530
vt 0.684151 0.285859
vt 0.682079 0.275021
vt 0.679175 0.279010
vt 0.682079 0.270084
vt 0.679175 0.266095
vt 0.674485 0.264575
vt 0.666892 0.270084
vt 0.669796 0.266096
vt 0.666892 0.275021
vt 0.569883 0.291594
vt 0.571543 0.312011
vt 0.562845 0.309342
vt 0.575590 0.293177
vt 0.596399 0.267902
vt 0.588124 0.274473
vt 0.577576 0.274928
vt 0.599224 0.257713
vt 0.595512 0.247820
vt 0.586704 0.241999
vt 0.568769 0.269107
vt 0.576157 0.242455
vt 0.567881 0.249025
vt 0.565057 0.259214
vt 0.596408 0.310899
vt 0.583679 0.307611
vt 0.595509 0.305926
vt 0.583876 0.312657
vt 0.567872 0.206028
vt 0.568772 0.211000
vt 0.527992 0.264918
vt 0.532876 0.263641
vt 0.591555 0.297634
vt 0.576165 0.298288
vt 0.591701 0.292490
vt 0.572155 0.307068
vt 0.670220 0.298031
vt 0.674401 0.299298
vt 0.670804 0.289108
vt 0.678751 0.298031
vt 0.678167 0.289108
vt 0.554580 0.299213
vt 0.565089 0.304934
vt 0.551686 0.303342
vt 0.552754 0.278068
vt 0.542394 0.265111
vt 0.547071 0.262962
vt 0.547831 0.279547
vt 0.556427 0.282712
vt 0.566760 0.295681
vt 0.553902 0.287196
vt 0.686019 0.295683
vt 0.690201 0.294187
vt 0.681242 0.288117
vt 0.692909 0.290660
vt 0.687192 0.283784
vt 0.524261 0.241758
vt 0.516880 0.254569
vt 0.519243 0.241132
vt 0.521898 0.260674
vt 0.524572 0.227088
vt 0.532107 0.224836
vt 0.519583 0.239787
vt 0.545111 0.210923
vt 0.531620 0.216927
vt 0.541421 0.207466
vt 0.561445 0.201877
vt 0.542502 0.206568
vt 0.554032 0.199266
vt 0.579164 0.193245
vt 0.580138 0.198207
vt 0.565691 0.195186
vt 0.598650 0.200536
vt 0.580598 0.193150
vt 0.594198 0.194049
vt 0.618076 0.203963
vt 0.615957 0.208555
vt 0.606005 0.197631
vt 0.629553 0.221286
vt 0.619293 0.204726
vt 0.629774 0.213410
vt 0.638805 0.237977
vt 0.637197 0.223273
vt 0.643223 0.235519
vt 0.647179 0.250001
vt 0.642381 0.256253
vt 0.643748 0.236819
vt 0.640017 0.275171
vt 0.647401 0.262359
vt 0.645036 0.275796
vt 0.639706 0.289841
vt 0.632172 0.292092
vt 0.644696 0.277142
vt 0.619168 0.306005
vt 0.632661 0.300001
vt 0.622859 0.309461
vt 0.602834 0.315050
vt 0.621779 0.310360
vt 0.610247 0.317661
vt 0.585117 0.323681
vt 0.584143 0.318720
vt 0.598589 0.321740
vt 0.525475 0.278950
vt 0.517101 0.266925
vt 0.520532 0.280108
vt 0.527082 0.293655
vt 0.521056 0.281408
vt 0.534729 0.295642
vt 0.565633 0.316391
vt 0.583682 0.323777
vt 0.570083 0.322878
vt 0.546206 0.312964
vt 0.548326 0.308373
vt 0.558276 0.319295
vt 0.544989 0.312202
vt 0.534508 0.303518
vt 0.542152 0.295507
vt 0.545371 0.291615
vt 0.290519 0.114083
vt 0.293668 0.144202
vt 0.290474 0.144168
vt 0.293662 0.114081
vt 0.314474 0.148283
vt 0.293662 0.109966
vt 0.314461 0.109979
vt 0.293669 0.148290
vt 0.665838 0.188684
vt 0.665343 0.173595
vt 0.238625 0.993835
vt 0.404973 0.537806
vt 0.404973 0.983918
vt 0.404219 0.983918
vt 0.402086 0.993835
vt 0.725530 0.290648
vt 0.725530 0.274390
vt 0.704286 0.290648
vt 0.704284 0.264707
vt 0.817158 0.264354
vt 0.817262 0.290649
vt 0.817264 0.264708
vt 0.796017 0.274391
vt 0.796438 0.291106
vt 0.760906 0.274817
vt 0.725311 0.291563
vt 0.401816 0.230597
vt 0.399007 0.230603
vt 0.401840 0.244045
vt 0.399382 0.274255
vt 0.352481 0.269198
vt 0.051636 0.269185
vt 0.004537 0.274964
vt 0.002215 0.244770
vt 0.002191 0.231321
vt 0.004999 0.231315
vt 0.002953 0.278140
vt 0.003320 0.482303
vt 0.402946 0.481567
vt 0.402578 0.278134
vt 0.435820 0.294320
vt 0.437961 0.300012
vt 0.432285 0.294300
vt 0.440814 0.298315
vt 0.452978 0.307136
vt 0.459474 0.302526
vt 0.464200 0.312409
vt 0.456852 0.316491
vt 0.468539 0.318458
vt 0.446618 0.310609
vt 0.436050 0.300512
vt 0.429086 0.294137
vt 0.441424 0.291269
vt 0.446322 0.294059
vt 0.462180 0.300669
vt 0.469195 0.308647
vt 0.473701 0.316065
vt 0.491435 0.318751
vt 0.471516 0.307126
vt 0.476465 0.313463
vt 0.491720 0.318503
vt 0.493067 0.316042
vt 0.492736 0.317296
vt 0.478926 0.311808
vt 0.438130 0.288548
vt 0.436812 0.285955
vt 0.449081 0.287388
vt 0.456591 0.290222
vt 0.461628 0.294548
vt 0.465064 0.299070
vt 0.473421 0.306327
vt 0.480615 0.311032
vt 0.493051 0.314833
vt 0.674520 0.201701
vt 0.670522 0.204097
vt 0.674524 0.173879
vt 0.671538 0.169389
vt 0.689145 0.173882
vt 0.694259 0.169393
vt 0.695118 0.204102
vt 0.689136 0.201705
vt 0.689136 0.206442
vt 0.674519 0.206440
vt 0.674514 0.234583
vt 0.671526 0.239071
vt 0.689134 0.234585
vt 0.694248 0.239076
vt 0.707801 0.221675
vt 0.722204 0.249398
vt 0.722204 0.221673
vt 0.707805 0.249399
vt 0.729239 0.249002
vt 0.743645 0.221595
vt 0.743642 0.249005
vt 0.729246 0.221591
vt 0.725933 0.312116
vt 0.795615 0.312117
vt 0.483539 0.309046
vt 0.493023 0.312648
vt 0.476026 0.304511
vt 0.468474 0.296886
vt 0.467488 0.293510
vt 0.466840 0.291293
vt 0.466502 0.290134
vt 0.475271 0.256702
vt 0.480471 0.252616
vt 0.484093 0.252244
vt 0.489188 0.238815
vt 0.489188 0.252228
vt 0.497072 0.249666
vt 0.501944 0.242960
vt 0.501944 0.234670
vt 0.497072 0.227963
vt 0.489188 0.225402
vt 0.480689 0.225402
vt 0.403047 0.244764
vt 0.422587 0.292475
vt 0.403047 0.292475
vt 0.422566 0.244764
vt 0.426494 0.243867
vt 0.430620 0.240578
vt 0.433443 0.234417
vt 0.435331 0.225386
vt 0.442375 0.221898
vt 0.363321 0.951719
vt 0.354151 0.549406
vt 0.363190 0.549406
vt 0.354281 0.951719
vt 0.345243 0.951719
vt 0.345113 0.549406
vt 0.455830 0.256520
vt 0.455830 0.253145
vt 0.471925 0.251631
vt 0.471925 0.248256
vt 0.479510 0.245097
vt 0.478470 0.244721
vt 0.478307 0.235905
vt 0.477264 0.235905
vt 0.354412 0.967654
vt 0.345373 0.967644
vt 0.363451 0.967644
vt 0.281750 0.191607
vt 0.319569 0.191607
vt 0.281750 0.159891
vt 0.319569 0.159891
vt 0.300660 0.191607
vt 0.300660 0.159891
vt 0.995991 0.293069
vt 0.993432 0.216528
vt 0.993432 0.293069
vt 0.995991 0.216528
vt 0.907307 0.216528
vt 0.907307 0.293069
vt 0.904747 0.216528
vt 0.904747 0.293069
vt 0.059444 0.136402
vt 0.069149 0.162218
vt 0.069149 0.140683
vt 0.059444 0.166522
vt 0.073744 0.162218
vt 0.083009 0.136402
vt 0.073744 0.140683
vt 0.083009 0.166522
vt 0.073748 0.139878
vt 0.067648 0.129372
vt 0.069105 0.139878
vt 0.075206 0.129372
vt 0.069105 0.163021
vt 0.075240 0.173549
vt 0.073748 0.163023
vt 0.067660 0.173542
vt 0.517881 0.041649
vt 0.574363 0.038882
vt 0.517868 0.038885
vt 0.574363 0.041608
vt 0.575158 0.038608
vt 0.577883 0.030568
vt 0.575157 0.030568
vt 0.577884 0.038607
vt 0.517880 0.027536
vt 0.574403 0.030256
vt 0.574362 0.027492
vt 0.517907 0.030262
vt 0.516372 0.038943
vt 0.513645 0.030261
vt 0.513646 0.038925
vt 0.516372 0.030242
vt 0.795819 0.425197
vt 0.694903 0.348160
vt 0.795819 0.348159
vt 0.694903 0.425198
vt 0.795840 0.463758
vt 0.694925 0.463758
vt 0.795840 0.502277
vt 0.694925 0.502277
vt 0.795819 0.540754
vt 0.694903 0.540754
vt 0.449351 0.016790
vt 0.478092 0.037509
vt 0.442662 0.037640
vt 0.471248 0.016709
vt 0.494608 0.278897
vt 0.501413 0.281374
vt 0.501413 0.281374
vt 0.494608 0.278897
vt 0.487802 0.281375
vt 0.487802 0.281375
vt 0.484143 0.287643
vt 0.484143 0.287643
vt 0.485439 0.294779
vt 0.485439 0.294779
vt 0.490949 0.299431
vt 0.490949 0.299431
vt 0.498229 0.299433
vt 0.498229 0.299433
vt 0.503739 0.294775
vt 0.503739 0.294775
vt 0.505034 0.287646
vt 0.505034 0.287646
vt 0.494608 0.289485
vt 0.969271 0.775576
vt 0.972248 0.496211
vt 0.957073 0.772913
vt 0.948301 0.493502
vt 0.957076 0.494603
vt 0.948238 0.772385
vt 0.687179 0.330437
vt 0.425871 0.393495
vt 0.687179 0.393497
vt 0.425870 0.330422
vt 0.687179 0.406041
vt 0.425872 0.470516
vt 0.687180 0.470503
vt 0.425871 0.406040
vt 0.689028 0.395984
vt 0.424001 0.403473
vt 0.688958 0.403492
vt 0.424002 0.395959
vt 0.359577 0.076364
vt 0.376886 0.065687
vt 0.376885 0.076364
vt 0.359576 0.065686
vt 0.661610 0.093673
vt 0.661610 0.076363
vt 0.376885 0.093673
vt 0.678918 0.065686
vt 0.661610 0.065686
vt 0.678918 0.076363
vt 0.940288 0.493827
vt 0.957597 0.778555
vt 0.957598 0.493828
vt 0.940288 0.778554
vt 0.805063 0.396006
vt 0.802557 0.396006
vt 0.805063 0.363631
vt 0.802557 0.363631
vt 0.800050 0.396006
vt 0.800050 0.363631
vt 0.436235 0.245452
vt 0.438754 0.235722
vt 0.441458 0.230082
vt 0.445681 0.225906
vt 0.452876 0.225342
vt 0.480917 0.225342
vt 0.489416 0.225341
vt 0.489415 0.238754
vt 0.497299 0.227903
vt 0.502172 0.234609
vt 0.502172 0.242899
vt 0.497299 0.249605
vt 0.489415 0.252168
vt 0.484320 0.252184
vt 0.480699 0.252555
vt 0.475498 0.256641
vt 0.800112 0.400972
vt 0.805002 0.400972
vt 0.493084 0.317320
vt 0.866452 0.500676
vt 0.871866 0.477191
vt 0.844135 0.500676
vt 0.838722 0.477191
vt 0.871865 0.469615
vt 0.838722 0.469615
vt 0.838723 0.461744
vt 0.871865 0.461744
vt 0.871865 0.453118
vt 0.838722 0.453118
vt 0.838722 0.446034
vt 0.871866 0.446034
vt 0.838722 0.436677
vt 0.871866 0.436677
vt 0.838723 0.428378
vt 0.871865 0.428378
vt 0.799903 0.457396
vt 0.827097 0.457396
vt 0.799903 0.451108
vt 0.827097 0.451108
vt 0.799903 0.447979
vt 0.827097 0.447979
vt 0.799903 0.443060
vt 0.827097 0.443060
vt 0.799903 0.441279
vt 0.827097 0.441279
vt 0.799903 0.438137
vt 0.827097 0.438137
vt 0.799903 0.433597
vt 0.827097 0.433597
vt 0.799903 0.428356
vt 0.827097 0.428356
vt 0.799903 0.422109
vt 0.827097 0.422109
vt 0.799903 0.409485
vt 0.827097 0.409485
vt 0.799903 0.502492
vt 0.827097 0.502492
vt 0.799903 0.494708
vt 0.827097 0.494708
vt 0.799903 0.464704
vt 0.827097 0.464704
vt 0.805002 0.358665
vt 0.800112 0.358665
vt 0.072020 0.056762
vt 0.072020 0.046384
vt 0.081194 0.046384
vt 0.081194 0.056762
vt 0.805063 0.396006
vt 0.805063 0.363631
vt 0.802557 0.396006
vt 0.802557 0.363631
vt 0.800050 0.396006
vt 0.800050 0.363631
vt 0.750694 0.129622
vt 0.751313 0.151207
vt 0.748842 0.129521
vt 0.739920 0.148764
vt 0.739920 0.155770
vt 0.743110 0.163532
vt 0.748263 0.168607
vt 0.778789 0.151435
vt 0.754609 0.171223
vt 0.832596 0.128167
vt 0.790705 0.132458
vt 0.798280 0.131151
vt 0.786730 0.128532
vt 0.778789 0.123262
vt 0.786730 0.123256
vt 0.833908 0.117033
vt 0.823579 0.106819
vt 0.839954 0.114237
vt 0.857179 0.113734
vt 0.865720 0.113734
vt 0.882945 0.114237
vt 0.899321 0.106819
vt 0.888992 0.117032
vt 0.890303 0.128167
vt 0.924620 0.131151
vt 0.886736 0.129443
vt 0.886736 0.160760
vt 0.932195 0.132458
vt 0.944111 0.151435
vt 0.936170 0.128532
vt 0.944112 0.123262
vt 0.936170 0.123256
vt 0.836164 0.129443
vt 0.836164 0.160760
vt 0.968292 0.171223
vt 0.974636 0.168607
vt 0.971587 0.151206
vt 0.979789 0.163532
vt 0.982980 0.155770
vt 0.982980 0.148764
vt 0.974058 0.129521
vt 0.972206 0.129622
vt 0.800112 0.400972
vt 0.805002 0.400972
vt 0.535536 0.172573
vt 0.535649 0.187734
vt 0.528947 0.204386
vt 0.517941 0.215468
vt 0.504227 0.221201
vt 0.335143 0.180908
vt 0.337308 0.195061
vt 0.346999 0.180887
vt 0.346270 0.195039
vt 0.200609 0.195013
vt 0.191645 0.194985
vt 0.202781 0.180861
vt 0.190928 0.180833
vt 0.714377 0.138722
vt 0.707391 0.138722
vt 0.714364 0.149899
vt 0.707377 0.149899
vt 0.714377 0.166315
vt 0.707391 0.166315
vt 0.714377 0.173224
vt 0.707390 0.173223
vt 0.714364 0.180622
vt 0.707377 0.180622
vt 0.714364 0.190418
vt 0.707377 0.190418
vt 0.714364 0.195839
vt 0.707378 0.195839
vt 0.714377 0.201445
vt 0.707392 0.201445
vt 0.714363 0.211744
vt 0.707379 0.211744
vt 0.754576 0.068122
vt 0.754576 0.080141
vt 0.764986 0.068122
vt 0.764986 0.080141
vt 0.805002 0.358665
vt 0.800112 0.358665
vt 0.957597 0.778555
vt 0.940288 0.493827
vt 0.957598 0.493828
vt 0.940288 0.778554
vt 0.085430 0.115803
vt 0.100764 0.115378
vt 0.101261 0.128481
vt 0.111840 0.137884
vt 0.805063 0.396006
vt 0.805063 0.363631
vt 0.802557 0.396006
vt 0.802557 0.363631
vt 0.800050 0.396006
vt 0.800050 0.363631
vt 0.104322 0.126977
vt 0.104044 0.115002
vt 0.112729 0.134787
vt 0.800112 0.400972
vt 0.805002 0.400972
vt 0.965789 0.489109
vt 0.805002 0.358665
vt 0.800112 0.358665
vt 0.408882 0.990052
vt 0.631937 0.997434
vt 0.408882 0.997434
vt 0.631936 0.990052
vt 0.631937 0.972726
vt 0.408882 0.972726
vt 0.631937 0.769373
vt 0.408886 0.769370
vt 0.632011 0.972800
vt 0.408846 0.769458
vt 0.632011 0.769461
vt 0.408846 0.972800
vt 0.408751 0.990070
vt 0.632011 0.990126
vt 0.632011 0.997508
vt 0.408846 0.997508
vt 0.631726 0.972925
vt 0.408570 0.769576
vt 0.631726 0.769580
vt 0.408570 0.972925
vt 0.408570 0.990251
vt 0.631726 0.990251
vt 0.631726 0.997633
vt 0.408570 0.997633
vt 0.869348 0.972800
vt 0.641910 0.769462
vt 0.869348 0.769465
vt 0.641909 0.972800
vt 0.641909 0.990126
vt 0.869348 0.990126
vt 0.869348 0.997508
vt 0.641910 0.997508
vt 0.869399 0.972925
vt 0.641790 0.769580
vt 0.869399 0.769583
vt 0.641790 0.972925
vt 0.641790 0.990251
vt 0.869399 0.990251
vt 0.869399 0.997633
vt 0.641790 0.997633
vt 0.869597 0.972726
vt 0.641712 0.769413
vt 0.869597 0.769377
vt 0.641712 0.972744
vt 0.641712 0.990070
vt 0.869597 0.990052
vt 0.869597 0.997434
vt 0.641679 0.997434
vt 0.711431 0.559557
vt 0.701529 0.562063
vt 0.701529 0.559557
vt 0.711362 0.552851
vt 0.802661 0.552861
vt 0.802661 0.559588
vt 0.812563 0.562094
vt 0.812563 0.559588
vt 0.631733 0.769729
vt 0.636912 0.769729
vt 0.631733 0.973071
vt 0.636912 0.973071
vt 0.631733 0.990397
vt 0.636912 0.990397
vt 0.631733 0.997779
vt 0.636912 0.999784
vt 0.641706 0.997779
vt 0.641706 0.990397
vt 0.641706 0.973071
vt 0.641706 0.769729
vt 0.711431 0.559557
vt 0.701529 0.562063
vt 0.701529 0.559557
vt 0.711362 0.552851
vt 0.802661 0.552861
vt 0.802661 0.559588
vt 0.812563 0.562094
vt 0.812563 0.559588
vt 0.997873 0.370613
vt 0.992414 0.369550
vt 0.998732 0.356972
vt 0.993185 0.357299
vt 0.996171 0.343546
vt 0.990885 0.345242
vt 0.990352 0.331179
vt 0.985659 0.334135
vt 0.981639 0.320647
vt 0.977834 0.324678
vt 0.970581 0.312613
vt 0.967903 0.317463
vt 0.957873 0.307582
vt 0.956490 0.312944
vt 0.944313 0.311406
vt 0.944313 0.305869
vt 0.932135 0.312944
vt 0.930752 0.307582
vt 0.920722 0.317463
vt 0.918045 0.312614
vt 0.910791 0.324678
vt 0.906986 0.320647
vt 0.902967 0.334135
vt 0.898273 0.331179
vt 0.897741 0.345242
vt 0.892455 0.343546
vt 0.895441 0.357299
vt 0.889893 0.356972
vt 0.896211 0.369550
vt 0.890751 0.370613
vt 0.900005 0.381224
vt 0.894974 0.383612
vt 0.906582 0.391587
vt 0.902299 0.395153
vt 0.915530 0.399990
vt 0.912262 0.404509
vt 0.926286 0.405904
vt 0.924240 0.411094
vt 0.938176 0.408956
vt 0.937479 0.414493
vt 0.950450 0.408956
vt 0.951147 0.414493
vt 0.964386 0.411094
vt 0.962338 0.405904
vt 0.976364 0.404509
vt 0.973096 0.399990
vt 0.986327 0.395153
vt 0.982044 0.391587
vt 0.993651 0.383612
vt 0.988620 0.381223
vt 0.760818 0.274872
vt 0.725442 0.274445
vt 0.725443 0.290702
vt 0.704199 0.290702
vt 0.704197 0.264762
vt 0.817071 0.264408
vt 0.817175 0.290703
vt 0.817177 0.264763
vt 0.795930 0.274445
vt 0.631733 0.769729
vt 0.636912 0.769729
vt 0.631733 0.973071
vt 0.636912 0.973071
vt 0.631733 0.990397
vt 0.636912 0.990397
vt 0.631733 0.997779
vt 0.636912 0.999784
vt 0.642049 0.997779
vt 0.642049 0.990397
vt 0.642049 0.973071
vt 0.642049 0.769722
vt 0.513355 0.180863
vt 0.516884 0.131624
vt 0.535561 0.172525
vt 0.535674 0.187686
vt 0.528947 0.204386
vt 0.517966 0.215419
vt 0.504227 0.221201
vt 0.335169 0.180860
vt 0.337333 0.195013
vt 0.347024 0.180839
vt 0.353295 0.179954
vt 0.346270 0.195039
vt 0.356817 0.194017
vt 0.364564 0.201619
vt 0.373218 0.204148
vt 0.388668 0.204096
vt 0.399443 0.198097
vt 0.405540 0.187344
vt 0.405275 0.163322
vt 0.200609 0.195013
vt 0.191671 0.194937
vt 0.202807 0.180813
vt 0.190954 0.180785
vt 0.383519 0.140679
vt 0.396441 0.148335
vt 0.636622 0.769462
vt 0.636622 0.972800
vt 0.636622 0.990126
vt 0.636622 0.999517
vt 0.383910 0.145591
vt 0.393465 0.151894
vt 0.400814 0.164478
vt 0.400870 0.186923
vt 0.396081 0.194781
vt 0.387505 0.199549
vt 0.374071 0.199556
vt 0.367100 0.197710
vt 0.361439 0.192981
vt 0.358346 0.179730
vt 0.636766 0.769580
vt 0.636766 0.972925
vt 0.636766 0.990251
vt 0.636766 0.999635
vt 0.510765 0.177226
vt 0.511539 0.129542
vt 0.714364 0.138759
vt 0.707378 0.138759
vt 0.714364 0.149899
vt 0.707377 0.149899
vt 0.714364 0.166351
vt 0.707378 0.166351
vt 0.714364 0.173260
vt 0.707377 0.173260
vt 0.714364 0.180622
vt 0.707377 0.180622
vt 0.714364 0.190418
vt 0.707377 0.190418
vt 0.714364 0.195839
vt 0.707378 0.195839
vt 0.714363 0.201482
vt 0.707378 0.201482
vt 0.714363 0.211744
vt 0.707379 0.211744
vt 0.754576 0.068122
vt 0.754576 0.080141
vt 0.764986 0.068122
vt 0.764986 0.080141
vt 0.636605 0.769373
vt 0.636605 0.972726
vt 0.636622 0.990126
vt 0.636605 0.999428
vt 0.408888 0.566013
vt 0.631936 0.565765
vt 0.632011 0.565853
vt 0.408846 0.566067
vt 0.631726 0.565972
vt 0.408570 0.566185
vt 0.869348 0.565857
vt 0.641909 0.566070
vt 0.869399 0.565976
vt 0.641790 0.566189
vt 0.869597 0.565770
vt 0.641712 0.566021
vt 0.085457 0.115755
vt 0.100791 0.115330
vt 0.101288 0.128433
vt 0.111867 0.137836
vt 0.631733 0.566121
vt 0.636912 0.566029
vt 0.641706 0.566338
vt 0.072020 0.056762
vt 0.072020 0.046384
vt 0.081194 0.046384
vt 0.081194 0.056762
vt 0.636975 0.973031
vt 0.641566 0.990000
vt 0.641566 0.972723
vt 0.636975 0.990000
vt 0.641566 0.997381
vt 0.636975 0.999383
vt 0.631776 0.997381
vt 0.631776 0.990000
vt 0.631776 0.972939
vt 0.104349 0.126929
vt 0.104071 0.114954
vt 0.112756 0.134739
vt 0.631733 0.566121
vt 0.636912 0.566029
vt 0.642049 0.566330
vt 0.750694 0.129622
vt 0.751313 0.151207
vt 0.748842 0.129521
vt 0.739920 0.148764
vt 0.739920 0.155770
vt 0.743110 0.163532
vt 0.748263 0.168607
vt 0.778789 0.151435
vt 0.754609 0.171223
vt 0.832596 0.128167
vt 0.790705 0.132458
vt 0.798280 0.131151
vt 0.786730 0.128532
vt 0.778789 0.123262
vt 0.786730 0.123256
vt 0.833908 0.117033
vt 0.823579 0.106819
vt 0.839954 0.114237
vt 0.857179 0.113734
vt 0.865720 0.113734
vt 0.882945 0.114237
vt 0.899321 0.106819
vt 0.888992 0.117032
vt 0.890303 0.128167
vt 0.924620 0.131151
vt 0.886736 0.129443
vt 0.886736 0.160760
vt 0.932195 0.132458
vt 0.944111 0.151435
vt 0.936170 0.128532
vt 0.944112 0.123262
vt 0.936170 0.123256
vt 0.836164 0.129443
vt 0.836164 0.160760
vt 0.968292 0.171223
vt 0.974636 0.168607
vt 0.971587 0.151206
vt 0.979789 0.163532
vt 0.982980 0.155770
vt 0.982980 0.148764
vt 0.974058 0.129521
vt 0.972206 0.129622
vt 0.760818 0.274872
vt 0.725442 0.274445
vt 0.725443 0.290702
vt 0.704199 0.290702
vt 0.704197 0.264762
vt 0.817071 0.264408
vt 0.817175 0.290703
vt 0.817177 0.264763
vt 0.795930 0.274445
vt 0.335169 0.180860
vt 0.337333 0.195013
vt 0.447299 0.167405
vt 0.441236 0.158132
vt 0.431188 0.152915
vt 0.417896 0.149007
vt 0.407591 0.138119
vt 0.349496 0.082607
vt 0.636975 0.973031
vt 0.641566 0.990000
vt 0.641566 0.972723
vt 0.636975 0.990000
vt 0.641566 0.997381
vt 0.636975 0.999383
vt 0.631776 0.997381
vt 0.631776 0.990000
vt 0.631776 0.972939
vt 0.024392 0.181019
vt 0.022039 0.131230
vt 0.002423 0.172341
vt 0.002273 0.187548
vt 0.009016 0.204203
vt 0.019989 0.215244
vt 0.033722 0.221036
vt 0.088666 0.180118
vt 0.200609 0.195013
vt 0.202807 0.180813
vt 0.190954 0.180785
vt 0.184655 0.179944
vt 0.191671 0.194937
vt 0.181151 0.193957
vt 0.173372 0.201601
vt 0.164717 0.204124
vt 0.149294 0.204013
vt 0.138523 0.198006
vt 0.132434 0.187249
vt 0.132714 0.163227
vt 0.346270 0.195039
vt 0.347024 0.180839
vt 0.154459 0.140647
vt 0.188550 0.082550
vt 0.090661 0.167233
vt 0.096765 0.158008
vt 0.106754 0.152805
vt 0.120072 0.148857
vt 0.141559 0.148246
vt 0.130414 0.138024
vt 0.719294 0.138457
vt 0.726281 0.138457
vt 0.719294 0.149598
vt 0.726281 0.149598
vt 0.719294 0.166051
vt 0.726281 0.166051
vt 0.719294 0.172960
vt 0.726281 0.172960
vt 0.719281 0.180358
vt 0.726268 0.180358
vt 0.719281 0.190154
vt 0.726268 0.190154
vt 0.719281 0.195573
vt 0.726267 0.195573
vt 0.719294 0.201181
vt 0.726280 0.201181
vt 0.719281 0.211482
vt 0.726268 0.211482
vt 0.000264 0.058368
vt 0.000270 0.046390
vt 0.000270 0.046390
vt 0.000264 0.058368
vt 0.059473 0.046390
vt 0.059467 0.058368
vt 0.996736 0.068126
vt 0.996736 0.080146
vt 0.986325 0.068126
vt 0.986325 0.080146
vt 0.408786 0.133203
vt 0.413069 0.137096
vt 0.422322 0.146325
vt 0.436768 0.150213
vt 0.445807 0.156347
vt 0.452073 0.166454
vt 0.451618 0.177625
vt 0.636656 0.973128
vt 0.641561 0.990104
vt 0.641561 0.972819
vt 0.636656 0.990104
vt 0.641561 0.997484
vt 0.636656 0.997504
vt 0.631581 0.997484
vt 0.631645 0.990056
vt 0.631645 0.972984
vt 0.352996 0.079163
vt 0.185053 0.079104
vt 0.636656 0.973128
vt 0.641561 0.990104
vt 0.641561 0.972819
vt 0.636656 0.990104
vt 0.641566 0.997381
vt 0.636656 0.997446
vt 0.510765 0.177226
vt 0.511539 0.129542
vt 0.636622 0.565761
vt 0.452004 0.115841
vt 0.436663 0.115438
vt 0.436606 0.128529
vt 0.426064 0.137923
vt 0.636656 0.973128
vt 0.641950 0.990093
vt 0.641950 0.972812
vt 0.636656 0.990104
vt 0.641950 0.997474
vt 0.636750 0.999473
vt 0.631749 0.997452
vt 0.631749 0.990070
vt 0.631709 0.973029
vt 0.071785 0.056768
vt 0.071785 0.046390
vt 0.080958 0.046390
vt 0.080958 0.056768
vt 0.636766 0.565880
vt 0.433499 0.127126
vt 0.433373 0.115162
vt 0.425160 0.134822
vt 0.636753 0.973128
vt 0.641950 0.990093
vt 0.641950 0.972812
vt 0.636823 0.990070
vt 0.641950 0.997474
vt 0.636823 0.999465
vt 0.631749 0.997452
vt 0.631749 0.990070
vt 0.631709 0.973029
vt 0.154091 0.145512
vt 0.144531 0.151808
vt 0.137174 0.164387
vt 0.137104 0.186831
vt 0.141860 0.194741
vt 0.150459 0.199466
vt 0.163868 0.199531
vt 0.170865 0.197642
vt 0.176528 0.192917
vt 0.179607 0.179717
vt 0.636605 0.565673
vt 0.086361 0.177497
vt 0.027517 0.177901
vt 0.026505 0.130500
vt 0.636737 0.973021
vt 0.641665 0.989979
vt 0.641712 0.972744
vt 0.636737 0.989979
vt 0.641679 0.997434
vt 0.636737 0.999372
vt 0.631776 0.997381
vt 0.631776 0.990000
vt 0.631776 0.972939
vt 0.339105 0.983918
vt 0.060445 0.983918
vt 0.932195 0.132458
vt 0.924620 0.131151
vt 0.886736 0.160760
vt 0.886736 0.129443
vt 0.890303 0.128167
vt 0.899321 0.106819
vt 0.888992 0.117032
vt 0.882945 0.114237
vt 0.823579 0.106819
vt 0.865720 0.113734
vt 0.857179 0.113734
vt 0.839954 0.114237
vt 0.833908 0.117033
vt 0.798280 0.131151
vt 0.832596 0.128167
vt 0.778789 0.151435
vt 0.790705 0.132458
vt 0.786730 0.128532
vt 0.778789 0.123262
vt 0.786730 0.123256
vt 0.936170 0.123256
vt 0.936170 0.128532
vt 0.944112 0.123262
vt 0.944111 0.151435
vt 0.972206 0.129622
vt 0.971587 0.151206
vt 0.974058 0.129521
vt 0.982980 0.148764
vt 0.982980 0.155770
vt 0.979789 0.163532
vt 0.974636 0.168607
vt 0.968292 0.171223
vt 0.754609 0.171223
vt 0.836164 0.160760
vt 0.836164 0.129443
vt 0.748263 0.168607
vt 0.751313 0.151207
vt 0.743110 0.163532
vt 0.739920 0.155770
vt 0.739920 0.148764
vt 0.748842 0.129521
vt 0.750694 0.129622
vt 0.335169 0.180860
vt 0.337333 0.195013
vt 0.447299 0.167405
vt 0.441236 0.158132
vt 0.431188 0.152915
vt 0.417896 0.149007
vt 0.106715 0.542919
vt 0.106715 0.976170
vt 0.017008 0.542919
vt 0.017008 0.976170
vt 0.002423 0.172341
vt 0.002273 0.187548
vt 0.009016 0.204203
vt 0.019989 0.215244
vt 0.033722 0.221036
vt 0.200609 0.195013
vt 0.202807 0.180813
vt 0.190954 0.180785
vt 0.191671 0.194937
vt 0.346270 0.195039
vt 0.347024 0.180839
vt 0.719294 0.138457
vt 0.726281 0.138457
vt 0.719294 0.149598
vt 0.726281 0.149598
vt 0.719294 0.166051
vt 0.726281 0.166051
vt 0.719294 0.172960
vt 0.726281 0.172960
vt 0.719281 0.180358
vt 0.726268 0.180358
vt 0.719281 0.190154
vt 0.726268 0.190154
vt 0.719281 0.195573
vt 0.726267 0.195573
vt 0.719294 0.201181
vt 0.726280 0.201181
vt 0.719281 0.211482
vt 0.726268 0.211482
vt 0.000264 0.058368
vt 0.000270 0.046390
vt 0.000270 0.046390
vt 0.000264 0.058368
vt 0.059473 0.046390
vt 0.059467 0.058368
vt 0.996736 0.068126
vt 0.996736 0.080146
vt 0.986325 0.068126
vt 0.986325 0.080146
vt 0.413069 0.137096
vt 0.422322 0.146325
vt 0.436768 0.150213
vt 0.445807 0.156347
vt 0.452073 0.166454
vt 0.451618 0.177625
vt 0.510765 0.177226
vt 0.511539 0.129542
vt 0.452004 0.115841
vt 0.436663 0.115438
vt 0.436606 0.128529
vt 0.426064 0.137923
vt 0.071785 0.056768
vt 0.071785 0.046390
vt 0.080958 0.046390
vt 0.080958 0.056768
vt 0.433499 0.127126
vt 0.433373 0.115162
vt 0.425160 0.134822
vt 0.238803 0.993835
vt 0.004101 0.993835
vt 0.004101 0.528328
vt 0.010598 0.528328
vt 0.404973 0.528328
vt 0.017008 0.537593
vt 0.109727 0.537593
vt 0.202446 0.537593
vt 0.209686 0.537593
vt 0.303493 0.537593
vt 0.402264 0.993835
vt 0.932195 0.132458
vt 0.924620 0.131151
vt 0.886736 0.160760
vt 0.886736 0.129443
vt 0.890303 0.128167
vt 0.899321 0.106819
vt 0.888992 0.117032
vt 0.882945 0.114237
vt 0.823579 0.106819
vt 0.865720 0.113734
vt 0.857179 0.113734
vt 0.839954 0.114237
vt 0.833908 0.117033
vt 0.798280 0.131151
vt 0.832596 0.128167
vt 0.778789 0.151435
vt 0.790705 0.132458
vt 0.786730 0.128532
vt 0.778789 0.123262
vt 0.786730 0.123256
vt 0.936170 0.123256
vt 0.936170 0.128532
vt 0.944112 0.123262
vt 0.944111 0.151435
vt 0.972206 0.129622
vt 0.971587 0.151206
vt 0.974058 0.129521
vt 0.982980 0.148764
vt 0.982980 0.155770
vt 0.979789 0.163532
vt 0.974636 0.168607
vt 0.968292 0.171223
vt 0.754609 0.171223
vt 0.836164 0.160760
vt 0.836164 0.129443
vt 0.748263 0.168607
vt 0.751313 0.151207
vt 0.743110 0.163532
vt 0.739920 0.155770
vt 0.739920 0.148764
vt 0.748842 0.129521
vt 0.750694 0.129622
vt 0.308257 0.993835
vt 0.108355 0.983918
vt 0.080450 0.993835
vt 0.013685 0.993835
vt 0.017008 0.983918
vt 0.400476 0.993835
vt 0.455830 0.256520
vt 0.455830 0.253145
vt 0.471925 0.251631
vt 0.471925 0.248256
vt 0.479510 0.245097
vt 0.478470 0.244721
vt 0.478307 0.235905
vt 0.477264 0.235905
vt 0.397300 0.528328
vt 0.304010 0.537725
vt 0.210720 0.537725
vt 0.203481 0.537725
vt 0.110244 0.537725
vt 0.017008 0.528328
vt 0.017008 0.537725
vt 0.436235 0.245452
vt 0.438754 0.235722
vt 0.441458 0.230082
vt 0.445681 0.225906
vt 0.452876 0.225342
vt 0.480917 0.225342
vt 0.489416 0.225341
vt 0.489415 0.238754
vt 0.497299 0.227903
vt 0.502172 0.234609
vt 0.502172 0.242899
vt 0.497299 0.249605
vt 0.489415 0.252168
vt 0.484320 0.252184
vt 0.480699 0.252555
vt 0.475498 0.256641
vt 0.435820 0.294320
vt 0.437923 0.300008
vt 0.432247 0.294297
vt 0.440814 0.298315
vt 0.452940 0.307133
vt 0.459436 0.302522
vt 0.464200 0.312409
vt 0.456814 0.316487
vt 0.468539 0.318458
vt 0.446618 0.310609
vt 0.436050 0.300512
vt 0.429047 0.294134
vt 0.441424 0.291269
vt 0.446322 0.294059
vt 0.462142 0.300666
vt 0.469195 0.308647
vt 0.473701 0.316065
vt 0.491397 0.318747
vt 0.471516 0.307126
vt 0.476427 0.313459
vt 0.491720 0.318503
vt 0.493029 0.316039
vt 0.492736 0.317296
vt 0.478926 0.311808
vt 0.438130 0.288548
vt 0.436812 0.285955
vt 0.449043 0.287385
vt 0.456591 0.290222
vt 0.461628 0.294548
vt 0.465026 0.299067
vt 0.473421 0.306327
vt 0.480615 0.311032
vt 0.493013 0.314830
vt 0.239390 0.993835
vt 0.398361 0.993835
vt 0.406871 0.537003
vt 0.406871 0.528328
vt 0.303381 0.537003
vt 0.209463 0.537003
vt 0.202223 0.537003
vt 0.109615 0.537003
vt 0.017008 0.537003
vt 0.010677 0.528328
vt 0.018742 0.528328
vt 0.018742 0.525442
vt 0.406871 0.528328
vt 0.407322 0.511409
vt 0.018742 0.511449
vt 0.006103 0.511312
vt 0.006418 0.528328
vt 0.407322 0.511347
vt 0.969455 0.495726
vt 0.960090 0.773702
vt 0.960091 0.495726
vt 0.974376 0.773869
vt 0.974377 0.495559
vt 0.483539 0.309046
vt 0.493023 0.312648
vt 0.476026 0.304511
vt 0.468436 0.296883
vt 0.467450 0.293507
vt 0.466840 0.291293
vt 0.466502 0.290134
vt 0.475232 0.256698
vt 0.480433 0.252612
vt 0.484093 0.252244
vt 0.489149 0.238812
vt 0.489150 0.252225
vt 0.497034 0.249663
vt 0.501944 0.242960
vt 0.501944 0.234670
vt 0.497034 0.227960
vt 0.489150 0.225399
vt 0.480689 0.225402
vt 0.403047 0.244764
vt 0.422549 0.292472
vt 0.403047 0.292475
vt 0.422528 0.244761
vt 0.426494 0.243867
vt 0.430620 0.240578
vt 0.433443 0.234417
vt 0.435331 0.225386
vt 0.442337 0.221895
vt 0.866452 0.500676
vt 0.871866 0.477191
vt 0.844135 0.500676
vt 0.838722 0.477191
vt 0.871865 0.469615
vt 0.838722 0.469615
vt 0.838723 0.461744
vt 0.871865 0.461744
vt 0.871865 0.453118
vt 0.838722 0.453118
vt 0.838722 0.446034
vt 0.871866 0.446034
vt 0.838722 0.436677
vt 0.871866 0.436677
vt 0.838723 0.428378
vt 0.871865 0.428378
vt 0.493046 0.317317
vt 0.799903 0.457396
vt 0.827097 0.457396
vt 0.799903 0.451108
vt 0.827097 0.451108
vt 0.799903 0.447979
vt 0.827097 0.447979
vt 0.799903 0.443060
vt 0.827097 0.443060
vt 0.799903 0.441279
vt 0.827097 0.441279
vt 0.799903 0.438137
vt 0.827097 0.438137
vt 0.799903 0.433597
vt 0.827097 0.433597
vt 0.799903 0.428356
vt 0.827097 0.428356
vt 0.799903 0.422109
vt 0.827097 0.422109
vt 0.799903 0.409485
vt 0.827097 0.409485
vt 0.799903 0.502492
vt 0.827097 0.502492
vt 0.799903 0.494708
vt 0.827097 0.494708
vt 0.799903 0.464704
vt 0.827097 0.464704
vt 0.937389 0.447359
vt 0.939592 0.451639
vt 0.937389 0.461645
vt 0.000870 0.995657
vt 0.000870 0.768284
vt 0.000870 0.527519
vt 0.704110 0.001331
vt 0.704110 0.021111
vt 0.685732 0.001331
vt 0.685732 0.021111
vt 0.667354 0.001331
vt 0.667354 0.021111
vt 0.648977 0.001331
vt 0.648977 0.021111
vt 0.630599 0.001331
vt 0.630599 0.021111
vt 0.612221 0.001331
vt 0.612221 0.021111
vt 0.593844 0.001331
vt 0.593844 0.021111
vt 0.575467 0.001331
vt 0.575467 0.021111
vt 0.557090 0.001331
vt 0.557090 0.021111
vt 0.538712 0.001331
vt 0.538712 0.021111
vt 0.869506 0.001331
vt 0.869506 0.021111
vt 0.851130 0.001331
vt 0.851130 0.021111
vt 0.832751 0.001331
vt 0.832751 0.021111
vt 0.814374 0.001331
vt 0.814374 0.021111
vt 0.795997 0.001331
vt 0.795997 0.021111
vt 0.777619 0.001331
vt 0.777619 0.021111
vt 0.759242 0.001331
vt 0.759242 0.021111
vt 0.740865 0.001331
vt 0.740865 0.021111
vt 0.722487 0.001331
vt 0.722487 0.021111
vt 0.998147 0.001331
vt 0.998147 0.021111
vt 0.979771 0.001331
vt 0.979771 0.021111
vt 0.961393 0.001331
vt 0.961393 0.021111
vt 0.943017 0.001331
vt 0.943017 0.021111
vt 0.924639 0.001331
vt 0.924639 0.021111
vt 0.906260 0.001331
vt 0.906262 0.021111
vt 0.887884 0.001331
vt 0.887884 0.021111
vt 0.108355 0.537725
vt 0.902302 0.395145
vt 0.915530 0.399990
vt 0.906582 0.391587
vt 0.912262 0.404509
vt 0.926286 0.405904
vt 0.924240 0.411094
vt 0.938179 0.408948
vt 0.937479 0.414493
vt 0.950454 0.408948
vt 0.951150 0.414485
vt 0.964386 0.411094
vt 0.962338 0.405904
vt 0.976364 0.404509
vt 0.973096 0.399990
vt 0.986331 0.395145
vt 0.982044 0.391587
vt 0.993651 0.383612
vt 0.988620 0.381223
vt 0.997873 0.370613
vt 0.992414 0.369550
vt 0.998732 0.356972
vt 0.993185 0.357299
vt 0.996171 0.343546
vt 0.990885 0.345242
vt 0.990352 0.331179
vt 0.985659 0.334135
vt 0.981639 0.320647
vt 0.977834 0.324678
vt 0.970581 0.312613
vt 0.967903 0.317463
vt 0.957873 0.307582
vt 0.956490 0.312944
vt 0.944313 0.311406
vt 0.944313 0.305869
vt 0.932135 0.312944
vt 0.930752 0.307582
vt 0.920722 0.317463
vt 0.918045 0.312614
vt 0.910791 0.324678
vt 0.906986 0.320647
vt 0.902967 0.334135
vt 0.898273 0.331179
vt 0.897741 0.345242
vt 0.892455 0.343546
vt 0.895441 0.357299
vt 0.889893 0.356972
vt 0.896211 0.369550
vt 0.890751 0.370613
vt 0.900005 0.381224
vt 0.894974 0.383612
vt 0.733940 0.044258
vt 0.733941 0.064037
vt 0.717436 0.044258
vt 0.717436 0.064037
vt 0.700933 0.044258
vt 0.700933 0.064037
vt 0.684427 0.044258
vt 0.684427 0.064037
vt 0.667923 0.044258
vt 0.667923 0.064038
vt 0.651420 0.044258
vt 0.651420 0.064037
vt 0.634916 0.044258
vt 0.634916 0.064037
vt 0.618412 0.044258
vt 0.618412 0.064037
vt 0.601908 0.044258
vt 0.601908 0.064038
vt 0.585405 0.044258
vt 0.585405 0.064037
vt 0.882475 0.044258
vt 0.882475 0.064038
vt 0.865970 0.044258
vt 0.865970 0.064037
vt 0.849467 0.044258
vt 0.849467 0.064038
vt 0.832963 0.044258
vt 0.832963 0.064038
vt 0.816460 0.044258
vt 0.816460 0.064037
vt 0.799956 0.044258
vt 0.799956 0.064037
vt 0.783449 0.044258
vt 0.783449 0.064038
vt 0.766948 0.044258
vt 0.766948 0.064038
vt 0.750444 0.044258
vt 0.750444 0.064037
vt 0.998002 0.044258
vt 0.998002 0.064038
vt 0.981498 0.044258
vt 0.981498 0.064038
vt 0.964995 0.044258
vt 0.964995 0.064038
vt 0.948491 0.044258
vt 0.948491 0.064038
vt 0.931987 0.044258
vt 0.931987 0.064038
vt 0.915484 0.044258
vt 0.915484 0.064038
vt 0.898980 0.044258
vt 0.898979 0.064037
vt 0.408815 0.989979
vt 0.408815 0.997360
vt 0.408814 0.972681
vt 0.408751 0.990070
vt 0.408846 0.997508
vt 0.408846 0.972800
vt 0.408751 0.990070
vt 0.408846 0.997508
vt 0.408846 0.972800
vt 0.869338 0.997436
vt 0.869348 0.990126
vt 0.869338 0.972734
vt 0.869489 0.997452
vt 0.869475 0.990070
vt 0.869518 0.973025
vt 0.869348 0.997508
vt 0.869348 0.990126
vt 0.869284 0.973032
vt 0.869396 0.997360
vt 0.869396 0.989979
vt 0.869399 0.972925
vt 0.302121 0.537725
vt 0.106715 0.543378
vt 0.017008 0.543402
vt 0.016957 0.756685
vt 0.107738 0.537084
vt 0.198819 0.537109
vt 0.018742 0.528328
vt 0.008029 0.528328
vt 0.400556 0.993835
vt 0.407322 0.511347
vt 0.407322 0.511347
vt 0.407322 0.511347
vt 0.407322 0.511347
vt 0.407322 0.511347
vt 0.407322 0.511347
vt 0.407322 0.511347
vt 0.407322 0.511347
vt 0.407322 0.511347
# num_vertices: 7212


g Object_train_box.jpg

usemtl mat_0-train_box.jpg

f 1/1 2/2 3/3
f 4/4 3/3 5/5
f 2/2 5/5 3/3
f 6/6 5/5 2/2
f 7/7 5/5 6/6
f 8/8 5/5 7/7
f 9/9 10/10 8/8
f 11/11 9/9 8/8
f 12/12 11/11 8/8
f 13/13 12/12 8/8
f 7/7 13/13 8/8
f 14/14 13/13 7/7
f 15/15 16/16 17/17
f 18/18 16/16 15/15
f 17/17 19/19 15/15
f 20/20 19/19 17/17
f 21/21 22/22 23/23
f 24/24 22/22 21/21
f 25/25 26/26 27/27
f 28/28 26/26 25/25
f 29/29 30/30 31/31
f 32/32 30/30 29/29
f 33/33 34/34 35/35
f 36/36 34/34 33/33
f 37/37 38/38 39/39
f 40/40 38/38 37/37
f 41/41 42/42 43/43
f 44/44 42/42 41/41
f 45/45 46/46 47/47
f 48/48 46/46 45/45
f 49/49 50/50 51/51
f 52/52 50/50 49/49
f 53/53 54/54 55/55
f 56/56 54/54 53/53
f 57/57 58/58 59/59
f 60/60 58/58 57/57
f 61/61 31/31 62/62
f 29/29 31/31 61/61
f 63/63 64/64 65/65
f 66/66 64/64 63/63
f 67/67 68/68 69/69
f 70/70 68/68 67/67
f 71/71 72/72 73/73
f 74/74 72/72 71/71
f 75/75 71/71 73/73
f 76/76 71/71 75/75
f 32/32 77/77 30/30
f 78/78 77/77 32/32
f 79/79 80/80 81/81
f 82/82 80/80 79/79
f 83/83 84/84 85/85
f 86/86 84/84 83/83
f 87/87 88/88 89/89
f 90/90 88/88 87/87
f 91/91 92/92 93/93
f 94/94 92/92 91/91
f 95/95 96/96 97/97
f 98/98 96/96 95/95
f 40/40 43/43 38/38
f 41/41 43/43 40/40
f 48/48 99/99 46/46
f 100/100 99/99 48/48
f 56/56 59/59 54/54
f 57/57 59/59 56/56
f 101/101 102/102 103/103
f 104/104 102/102 101/101
f 105/105 93/93 92/92
f 88/88 93/93 105/105
f 89/89 88/88 105/105
f 102/102 89/89 105/105
f 103/103 102/102 105/105
f 106/106 103/103 105/105
f 107/107 51/51 108/108
f 49/49 51/51 107/107
f 109/109 35/35 110/110
f 33/33 35/35 109/109
f 46/46 99/99 111/111
f 112/112 111/111 99/99
f 110/110 35/35 111/111
f 113/113 110/110 111/111
f 46/46 42/42 47/47
f 43/43 42/42 46/46
f 43/43 46/46 111/111
f 38/38 43/43 111/111
f 35/35 38/38 111/111
f 35/35 34/34 38/38
f 38/38 34/34 39/39
f 68/68 64/64 69/69
f 65/65 64/64 68/68
f 41/41 37/37 44/44
f 40/40 37/37 41/41
f 100/100 45/45 114/114
f 48/48 45/45 100/100
f 57/57 53/53 60/60
f 56/56 53/53 57/57
f 49/49 115/115 52/52
f 107/107 115/115 49/49
f 33/33 116/116 36/36
f 109/109 116/116 33/33
f 61/61 32/32 29/29
f 78/78 32/32 61/61
f 117/117 118/118 119/119
f 120/120 118/118 117/117
f 121/121 122/122 123/123
f 124/124 122/122 121/121
f 125/125 126/126 127/127
f 128/128 126/126 125/125
f 129/129 130/130 131/131
f 132/132 130/130 129/129
f 133/133 134/134 135/135
f 136/136 134/134 133/133
f 137/137 138/138 139/139
f 140/140 138/138 137/137
f 141/141 142/142 143/143
f 144/144 142/142 141/141
f 145/145 146/146 147/147
f 148/148 146/146 145/145
f 149/149 150/150 151/151
f 152/152 150/150 149/149
f 153/153 154/154 155/155
f 156/156 154/154 153/153
f 119/119 157/157 158/158
f 118/118 157/157 119/119
f 159/159 124/124 121/121
f 160/160 124/124 159/159
f 161/161 162/162 163/163
f 164/164 162/162 161/161
f 165/165 166/166 167/167
f 168/168 166/166 165/165
f 169/169 170/170 171/171
f 172/172 170/170 169/169
f 173/173 118/118 120/120
f 157/157 118/118 173/173
f 174/174 135/135 175/175
f 133/133 135/135 174/174
f 176/176 177/177 143/143
f 141/141 143/143 177/177
f 139/139 141/141 177/177
f 137/137 139/139 177/177
f 154/154 137/137 177/177
f 155/155 154/154 177/177
f 178/178 155/155 177/177
f 179/179 180/180 181/181
f 182/182 180/180 179/179
f 183/183 184/184 185/185
f 186/186 184/184 183/183
f 187/187 188/188 189/189
f 190/190 188/188 187/187
f 191/191 192/192 193/193
f 194/194 192/192 191/191
f 195/195 196/196 197/197
f 198/198 196/196 195/195
f 199/199 200/200 201/201
f 202/202 200/200 199/199
f 203/203 204/204 205/205
f 206/206 204/204 203/203
f 207/207 149/149 151/151
f 145/145 207/207 151/151
f 147/147 207/207 145/145
f 161/161 207/207 147/147
f 163/163 207/207 161/161
f 208/208 207/207 163/163
f 209/209 210/210 211/211
f 212/212 210/210 209/209
f 186/186 213/213 184/184
f 214/214 85/85 215/215
f 215/215 85/85 84/84
f 81/81 215/215 84/84
f 80/80 215/215 81/81
f 96/96 215/215 80/80
f 98/98 215/215 96/96
f 216/216 215/215 98/98
f 217/217 218/218 219/219
f 220/220 218/218 217/217
f 221/221 183/183 185/185
f 184/184 221/221 185/185
f 213/213 221/221 184/184
f 30/30 222/222 223/223
f 77/77 222/222 30/30
f 31/31 58/58 62/62
f 59/59 58/58 31/31
f 31/31 224/224 59/59
f 59/59 224/224 54/54
f 54/54 224/224 51/51
f 51/51 50/50 54/54
f 54/54 50/50 55/55
f 30/30 224/224 31/31
f 225/225 224/224 30/30
f 224/224 108/108 51/51
f 226/226 227/227 228/228
f 229/229 227/227 226/226
f 230/230 231/231 232/232
f 233/233 230/230 232/232
f 234/234 233/233 232/232
f 194/194 235/235 192/192
f 236/236 237/237 238/238
f 239/239 236/236 238/238
f 240/240 236/236 239/239
f 241/241 236/236 240/240
f 242/242 236/236 241/241
f 243/243 236/236 242/242
f 244/244 245/245 246/246
f 246/246 245/245 247/247
f 248/248 246/246 247/247
f 247/247 245/245 249/249
f 250/250 251/251 252/252
f 253/253 251/251 250/250
f 254/254 253/253 250/250
f 255/255 253/253 254/254
f 256/256 191/191 193/193
f 192/192 256/256 193/193
f 235/235 256/256 192/192
f 257/257 258/258 259/259
f 260/260 257/257 259/259
f 261/261 257/257 260/260
f 262/262 257/257 261/261
f 263/263 257/257 262/262
f 264/264 257/257 263/263
f 265/265 266/266 267/267
f 268/268 266/266 265/265
f 202/202 269/269 200/200
f 270/270 271/271 272/272
f 272/272 271/271 273/273
f 274/274 272/272 273/273
f 275/275 272/272 274/274
f 276/276 277/277 278/278
f 279/279 277/277 276/276
f 276/276 280/280 279/279
f 281/281 280/280 276/276
f 282/282 283/283 284/284
f 285/285 283/283 282/282
f 286/286 287/287 284/284
f 288/288 286/286 284/284
f 283/283 288/288 284/284
f 289/289 290/290 291/291
f 292/292 290/290 289/289
f 293/293 294/294 295/295
f 296/296 294/294 293/293
f 297/297 298/298 299/299
f 300/300 298/298 297/297
f 298/298 301/301 299/299
f 302/302 301/301 298/298
f 297/297 290/290 300/300
f 291/291 290/290 297/297
f 303/303 304/304 305/305
f 305/305 304/304 306/306
f 307/307 306/306 304/304
f 308/308 306/306 307/307
f 309/309 199/199 201/201
f 200/200 309/309 201/201
f 269/269 309/309 200/200
f 180/180 310/310 311/311
f 182/182 310/310 180/180
f 312/312 181/181 313/313
f 179/179 181/181 312/312
f 188/188 314/314 315/315
f 190/190 314/314 188/188
f 316/316 189/189 317/317
f 187/187 189/189 316/316
f 196/196 318/318 319/319
f 198/198 318/318 196/196
f 320/320 197/197 321/321
f 195/195 197/197 320/320
f 204/204 322/322 323/323
f 206/206 322/322 204/204
f 324/324 205/205 325/325
f 203/203 205/205 324/324
f 326/326 312/312 313/313
f 327/327 312/312 326/326
f 328/328 316/316 317/317
f 329/329 316/316 328/328
f 330/330 320/320 321/321
f 331/331 320/320 330/330
f 332/332 324/324 325/325
f 333/333 324/324 332/332
f 334/334 335/335 336/336
f 337/337 335/335 334/334
f 338/338 339/339 340/340
f 341/341 339/339 338/338
f 342/342 343/343 344/344
f 345/345 343/343 342/342
f 346/346 347/347 348/348
f 349/349 347/347 346/346
f 350/350 351/351 352/352
f 353/353 351/351 350/350
f 354/354 355/355 356/356
f 357/357 355/355 354/354
f 358/358 359/359 360/360
f 361/361 359/359 358/358
f 362/362 304/304 363/363
f 341/341 338/338 364/364
f 365/365 306/306 366/366
f 367/367 368/368 369/369
f 370/370 368/368 367/367
f 369/369 371/371 372/372
f 373/373 371/371 369/369
f 372/372 374/374 375/375
f 376/376 374/374 372/372
f 375/375 369/369 372/372
f 367/367 369/369 375/375
f 377/377 378/378 379/379
f 380/380 378/378 377/377
f 380/380 377/377 381/381
f 381/381 377/377 382/382
f 382/382 383/383 381/381
f 381/381 383/383 384/384
f 385/385 340/340 339/339
f 385/385 338/338 340/340
f 364/364 338/338 385/385
f 386/386 387/387 388/388
f 388/388 387/387 389/389
f 389/389 390/390 388/388
f 391/391 390/390 389/389
f 390/390 391/391 392/392
f 392/392 391/391 393/393
f 391/391 394/394 393/393
f 395/395 394/394 391/391
f 389/389 395/395 391/391
f 396/396 395/395 389/389
f 387/387 396/396 389/389
f 397/397 396/396 387/387
f 349/349 346/346 398/398
f 399/399 400/400 401/401
f 401/401 400/400 402/402
f 402/402 403/403 401/401
f 404/404 403/403 402/402
f 403/403 404/404 405/405
f 405/405 404/404 406/406
f 404/404 384/384 406/406
f 381/381 384/384 404/404
f 402/402 381/381 404/404
f 380/380 381/381 402/402
f 400/400 380/380 402/402
f 378/378 380/380 400/400
f 407/407 408/408 399/399
f 409/409 408/408 407/407
f 410/410 409/409 407/407
f 411/411 409/409 410/410
f 378/378 412/412 379/379
f 413/413 412/412 378/378
f 414/414 348/348 347/347
f 414/414 346/346 348/348
f 398/398 346/346 414/414
f 415/415 387/387 386/386
f 416/416 387/387 415/415
f 417/417 387/387 416/416
f 397/397 387/387 417/417
f 357/357 354/354 418/418
f 408/408 400/400 399/399
f 419/419 400/400 408/408
f 413/413 400/400 419/419
f 378/378 400/400 413/413
f 420/420 421/421 422/422
f 423/423 420/420 422/422
f 424/424 423/423 422/422
f 425/425 426/426 427/427
f 428/428 426/426 425/425
f 429/429 430/430 431/431
f 432/432 430/430 429/429
f 433/433 434/434 435/435
f 436/436 434/434 433/433
f 437/437 425/425 438/438
f 428/428 425/425 437/437
f 439/439 426/426 440/440
f 427/427 426/426 439/439
f 441/441 436/436 433/433
f 442/442 436/436 441/441
f 438/438 427/427 439/439
f 425/425 427/427 438/438
f 443/443 356/356 355/355
f 444/444 445/445 446/446
f 447/447 445/445 444/444
f 447/447 448/448 445/445
f 449/449 448/448 447/447
f 450/450 451/451 452/452
f 453/453 452/452 451/451
f 454/454 453/453 451/451
f 455/455 454/454 451/451
f 456/456 455/455 451/451
f 457/457 456/456 451/451
f 458/458 457/457 451/451
f 459/459 310/310 385/385
f 339/339 459/459 385/385
f 337/337 459/459 339/339
f 460/460 461/461 213/213
f 213/213 186/186 460/460
f 460/460 186/186 462/462
f 183/183 310/310 182/182
f 221/221 310/310 183/183
f 310/310 221/221 385/385
f 221/221 213/213 385/385
f 213/213 364/364 385/385
f 461/461 364/364 213/213
f 461/461 341/341 364/364
f 463/463 341/341 461/461
f 464/464 465/465 466/466
f 467/467 465/465 464/464
f 468/468 469/469 470/470
f 465/465 469/469 468/468
f 471/471 468/468 472/472
f 473/473 468/468 471/471
f 473/473 465/465 468/468
f 466/466 465/465 473/473
f 474/474 475/475 476/476
f 477/477 475/475 474/474
f 478/478 479/479 480/480
f 481/481 479/479 478/478
f 482/482 483/483 484/484
f 485/485 483/483 482/482
f 486/486 487/487 488/488
f 489/489 487/487 486/486
f 490/490 491/491 492/492
f 493/493 491/491 490/490
f 494/494 495/495 496/496
f 497/497 495/495 494/494
f 498/498 499/499 500/500
f 501/501 499/499 498/498
f 502/502 503/503 504/504
f 505/505 503/503 502/502
f 506/506 507/507 508/508
f 509/509 507/507 506/506
f 510/510 511/511 512/512
f 513/513 511/511 510/510
f 514/514 515/515 516/516
f 517/517 515/515 514/514
f 518/518 519/519 520/520
f 521/521 519/519 518/518
f 522/522 523/523 524/524
f 525/525 523/523 522/522
f 526/526 527/527 528/528
f 529/529 527/527 526/526
f 530/530 531/531 532/532
f 533/533 531/531 530/530
f 533/533 534/534 531/531
f 535/535 534/534 533/533
f 536/536 537/537 538/538
f 539/539 537/537 536/536
f 534/534 540/540 541/541
f 535/535 540/540 534/534
f 542/542 543/543 544/544
f 545/545 543/543 542/542
f 546/546 547/547 444/444
f 444/444 547/547 447/447
f 547/547 449/449 447/447
f 548/548 449/449 547/547
f 525/525 522/522 549/549
f 446/446 550/550 551/551
f 445/445 550/550 446/446
f 448/448 550/550 445/445
f 552/552 550/550 448/448
f 444/444 551/551 546/546
f 446/446 551/551 444/444
f 448/448 548/548 552/552
f 449/449 548/548 448/448
f 530/530 553/553 554/554
f 532/532 553/553 530/530
f 555/555 524/524 523/523
f 555/555 522/522 524/524
f 549/549 522/522 555/555
f 556/556 526/526 557/557
f 529/529 526/526 556/556
f 558/558 528/528 527/527
f 559/559 528/528 558/558
f 560/560 561/561 562/562
f 563/563 561/561 560/560
f 564/564 563/563 565/565
f 561/561 563/563 564/564
f 566/566 567/567 568/568
f 569/569 567/567 566/566
f 570/570 569/569 571/571
f 572/572 569/569 570/570
f 532/532 573/573 553/553
f 531/531 573/573 532/532
f 534/534 573/573 531/531
f 541/541 573/573 534/534
f 574/574 538/538 537/537
f 451/451 538/538 574/574
f 554/554 575/575 530/530
f 530/530 575/575 533/533
f 575/575 535/535 533/533
f 540/540 535/535 575/575
f 576/576 577/577 578/578
f 579/579 577/577 576/576
f 580/580 581/581 582/582
f 579/579 581/581 580/580
f 583/583 584/584 585/585
f 586/586 584/584 583/583
f 587/587 583/583 585/585
f 588/588 583/583 587/587
f 585/585 589/589 590/590
f 584/584 589/589 585/585
f 586/586 591/591 584/584
f 592/592 591/591 586/586
f 593/593 583/583 594/594
f 586/586 583/583 593/593
f 485/485 482/482 595/595
f 596/596 597/597 598/598
f 597/597 599/599 598/598
f 600/600 599/599 597/597
f 601/601 599/599 600/600
f 602/602 603/603 604/604
f 605/605 604/604 603/603
f 606/606 605/605 603/603
f 607/607 606/606 603/603
f 608/608 606/606 607/607
f 609/609 608/608 607/607
f 610/610 608/608 609/609
f 599/599 610/610 609/609
f 598/598 599/599 609/609
f 611/611 605/605 606/606
f 612/612 484/484 483/483
f 612/612 482/482 484/484
f 595/595 482/482 612/612
f 613/613 614/614 615/615
f 616/616 614/614 613/613
f 617/617 614/614 616/616
f 618/618 614/614 617/617
f 617/617 619/619 618/618
f 618/618 619/619 620/620
f 621/621 616/616 622/622
f 617/617 616/616 621/621
f 623/623 620/620 624/624
f 618/618 620/620 623/623
f 621/621 619/619 617/617
f 625/625 619/619 621/621
f 626/626 627/627 628/628
f 629/629 627/627 626/626
f 493/493 490/490 630/630
f 631/631 632/632 633/633
f 634/634 632/632 631/631
f 635/635 632/632 634/634
f 636/636 632/632 635/635
f 635/635 637/637 636/636
f 636/636 637/637 638/638
f 639/639 634/634 640/640
f 635/635 634/634 639/639
f 641/641 638/638 642/642
f 636/636 638/638 641/641
f 639/639 637/637 635/635
f 643/643 637/637 639/639
f 644/644 492/492 491/491
f 644/644 490/490 492/492
f 630/630 490/490 644/644
f 645/645 646/646 647/647
f 648/648 646/646 645/645
f 649/649 646/646 648/648
f 650/650 646/646 649/649
f 649/649 651/651 650/650
f 650/650 651/651 652/652
f 653/653 648/648 654/654
f 649/649 648/648 653/653
f 655/655 652/652 656/656
f 650/650 652/652 655/655
f 653/653 651/651 649/649
f 657/657 651/651 653/653
f 658/658 659/659 660/660
f 661/661 659/659 658/658
f 501/501 498/498 662/662
f 658/658 660/660 663/663
f 664/664 500/500 499/499
f 664/664 498/498 500/500
f 662/662 498/498 664/664
f 665/665 659/659 661/661
f 666/666 667/667 668/668
f 669/669 667/667 666/666
f 513/513 510/510 670/670
f 666/666 668/668 671/671
f 672/672 512/512 511/511
f 672/672 510/510 512/512
f 670/670 510/510 672/672
f 673/673 667/667 669/669
f 674/674 628/628 675/675
f 626/626 628/628 674/674
f 676/676 628/628 627/627
f 675/675 628/628 676/676
f 477/477 474/474 677/677
f 678/678 679/679 680/680
f 681/681 476/476 475/475
f 681/681 474/474 476/476
f 677/677 474/474 681/681
f 682/682 478/478 683/683
f 481/481 478/478 682/682
f 684/684 480/480 479/479
f 685/685 480/480 684/684
f 686/686 486/486 687/687
f 489/489 486/486 686/686
f 688/688 488/488 487/487
f 689/689 488/488 688/688
f 690/690 494/494 691/691
f 497/497 494/494 690/690
f 692/692 496/496 495/495
f 693/693 496/496 692/692
f 694/694 502/502 695/695
f 505/505 502/502 694/694
f 696/696 504/504 503/503
f 697/697 504/504 696/696
f 698/698 506/506 699/699
f 509/509 506/506 698/698
f 700/700 508/508 507/507
f 701/701 508/508 700/700
f 702/702 514/514 703/703
f 517/517 514/514 702/702
f 704/704 516/516 515/515
f 705/705 516/516 704/704
f 706/706 561/561 564/564
f 562/562 561/561 706/706
f 707/707 518/518 708/708
f 521/521 518/518 707/707
f 709/709 520/520 519/519
f 710/710 520/520 709/709
f 711/711 712/712 713/713
f 714/714 712/712 711/711
f 715/715 716/716 711/711
f 717/717 716/716 715/715
f 471/471 715/715 718/718
f 719/719 715/715 471/471
f 718/718 711/711 713/713
f 715/715 711/711 718/718
f 558/558 720/720 559/559
f 721/721 720/720 558/558
f 684/684 722/722 685/685
f 723/723 722/722 684/684
f 688/688 724/724 689/689
f 725/725 724/724 688/688
f 692/692 726/726 693/693
f 727/727 726/726 692/692
f 696/696 728/728 697/697
f 729/729 728/728 696/696
f 700/700 730/730 701/701
f 731/731 730/730 700/700
f 704/704 732/732 705/705
f 733/733 732/732 704/704
f 709/709 734/734 710/710
f 735/735 734/734 709/709
f 736/736 737/737 738/738
f 739/739 737/737 736/736
f 740/740 741/741 742/742
f 743/743 741/741 740/740
f 744/744 745/745 746/746
f 747/747 745/745 744/744
f 748/748 749/749 750/750
f 751/751 749/749 748/748
f 752/752 753/753 754/754
f 755/755 753/753 752/752
f 756/756 757/757 758/758
f 759/759 757/757 756/756
f 760/760 761/761 762/762
f 763/763 761/761 760/760
f 764/764 765/765 766/766
f 767/767 765/765 764/764
f 768/768 769/769 770/770
f 771/771 769/769 768/768
f 772/772 773/773 774/774
f 775/775 773/773 772/772
f 776/776 777/777 778/778
f 779/779 777/777 776/776
f 780/780 781/781 782/782
f 783/783 781/781 780/780
f 784/784 785/785 786/786
f 787/787 785/785 784/784
f 788/788 789/789 790/790
f 791/791 789/789 788/788
f 792/792 793/793 794/794
f 795/795 796/796 797/797
f 798/798 796/796 795/795
f 793/793 680/680 679/679
f 792/792 680/680 793/793
f 619/619 624/624 620/620
f 625/625 624/624 619/619
f 637/637 642/642 638/638
f 643/643 642/642 637/637
f 667/667 671/671 668/668
f 673/673 671/671 667/667
f 651/651 656/656 652/652
f 657/657 656/656 651/651
f 659/659 663/663 660/660
f 665/665 663/663 659/659
f 618/618 799/799 614/614
f 623/623 799/799 618/618
f 636/636 800/800 632/632
f 641/641 800/800 636/636
f 650/650 801/801 646/646
f 655/655 801/801 650/650
f 802/802 803/803 804/804
f 805/805 803/803 802/802
f 806/806 807/807 808/808
f 809/809 807/807 806/806
f 810/810 808/808 811/811
f 806/806 808/808 810/810
f 808/808 812/812 813/813
f 807/807 812/812 808/808
f 814/814 807/807 809/809
f 815/815 807/807 814/814
f 799/799 615/615 614/614
f 816/816 615/615 799/799
f 613/613 622/622 616/616
f 817/817 622/622 613/613
f 800/800 633/633 632/632
f 818/818 633/633 800/800
f 631/631 640/640 634/634
f 819/819 640/640 631/631
f 801/801 647/647 646/646
f 820/820 647/647 801/801
f 645/645 654/654 648/648
f 821/821 654/654 645/645
f 822/822 823/823 824/824
f 825/825 823/823 822/822
f 787/787 826/826 785/785
f 823/823 827/827 824/824
f 828/828 784/784 786/786
f 785/785 828/828 786/786
f 826/826 828/828 785/785
f 789/789 829/829 830/830
f 791/791 829/829 789/789
f 721/721 790/790 720/720
f 788/788 790/790 721/721
f 557/557 829/829 556/556
f 830/830 829/829 557/557
f 831/831 825/825 822/822
f 832/832 833/833 834/834
f 835/835 833/833 832/832
f 789/789 720/720 790/790
f 830/830 720/720 789/789
f 720/720 830/830 559/559
f 559/559 830/830 557/557
f 557/557 526/526 559/559
f 559/559 526/526 528/528
f 560/560 706/706 836/836
f 562/562 706/706 560/560
f 564/564 836/836 706/706
f 565/565 836/836 564/564
f 837/837 838/838 839/839
f 571/571 838/838 837/837
f 566/566 840/840 838/838
f 841/841 840/840 566/566
f 833/833 842/842 834/834
f 747/747 843/843 745/745
f 844/844 835/835 832/832
f 626/626 845/845 629/629
f 674/674 845/845 626/626
f 627/627 845/845 676/676
f 629/629 845/845 627/627
f 803/803 846/846 804/804
f 847/847 846/846 803/803
f 848/848 849/849 850/850
f 851/851 849/849 848/848
f 852/852 853/853 854/854
f 855/855 853/853 852/852
f 856/856 744/744 746/746
f 745/745 856/856 746/746
f 843/843 856/856 745/745
f 853/853 857/857 854/854
f 755/755 858/858 753/753
f 859/859 855/855 852/852
f 847/847 848/848 846/846
f 851/851 848/848 847/847
f 857/857 852/852 854/854
f 859/859 852/852 857/857
f 816/816 613/613 615/615
f 817/817 613/613 816/816
f 818/818 631/631 633/633
f 819/819 631/631 818/818
f 842/842 832/832 834/834
f 844/844 832/832 842/842
f 820/820 645/645 647/647
f 821/821 645/645 820/820
f 827/827 822/822 824/824
f 831/831 822/822 827/827
f 860/860 861/861 862/862
f 863/863 861/861 860/860
f 810/810 863/863 860/860
f 864/864 863/863 810/810
f 863/863 865/865 861/861
f 866/866 865/865 863/863
f 861/861 867/867 862/862
f 868/868 867/867 861/861
f 869/869 870/870 871/871
f 872/872 870/870 869/869
f 873/873 872/872 869/869
f 874/874 872/872 873/873
f 875/875 876/876 877/877
f 878/878 876/876 875/875
f 879/879 878/878 875/875
f 880/880 878/878 879/879
f 881/881 880/880 879/879
f 882/882 880/880 881/881
f 883/883 882/882 881/881
f 884/884 882/882 883/883
f 885/885 884/884 883/883
f 886/886 884/884 885/885
f 887/887 886/886 885/885
f 888/888 886/886 887/887
f 889/889 888/888 887/887
f 890/890 888/888 889/889
f 891/891 890/890 889/889
f 892/892 890/890 891/891
f 877/877 892/892 891/891
f 876/876 892/892 877/877
f 875/875 877/877 893/893
f 879/879 875/875 893/893
f 881/881 879/879 893/893
f 883/883 881/881 893/893
f 885/885 883/883 893/893
f 887/887 885/885 893/893
f 889/889 887/887 893/893
f 891/891 889/889 893/893
f 877/877 891/891 893/893
f 894/894 895/895 896/896
f 897/897 895/895 894/894
f 897/897 894/894 898/898
f 898/898 894/894 899/899
f 898/898 899/899 900/900
f 900/900 899/899 901/901
f 900/900 901/901 902/902
f 902/902 901/901 903/903
f 902/902 903/903 904/904
f 904/904 903/903 905/905
f 906/906 904/904 905/905
f 907/907 904/904 906/906
f 908/908 752/752 754/754
f 753/753 908/908 754/754
f 858/858 908/908 753/753
f 909/909 907/907 906/906
f 895/895 910/910 896/896
f 911/911 910/910 895/895
f 912/912 910/910 913/913
f 896/896 910/910 912/912
f 896/896 912/912 914/914
f 914/914 912/912 915/915
f 914/914 915/915 916/916
f 916/916 915/915 917/917
f 918/918 916/916 917/917
f 919/919 916/916 918/918
f 920/920 919/919 918/918
f 921/921 919/919 920/920
f 922/922 921/921 920/920
f 923/923 921/921 922/922
f 924/924 925/925 911/911
f 910/910 911/911 925/925
f 913/913 910/910 925/925
f 763/763 926/926 761/761
f 927/927 928/928 929/929
f 930/930 928/928 927/927
f 931/931 928/928 930/930
f 931/931 932/932 928/928
f 928/928 932/932 933/933
f 933/933 929/929 928/928
f 934/934 929/929 933/933
f 929/929 934/934 935/935
f 935/935 934/934 936/936
f 934/934 937/937 936/936
f 936/936 937/937 938/938
f 937/937 939/939 938/938
f 938/938 939/939 940/940
f 939/939 941/941 940/940
f 940/940 941/941 942/942
f 943/943 942/942 941/941
f 944/944 942/942 943/943
f 943/943 945/945 944/944
f 944/944 945/945 946/946
f 932/932 947/947 933/933
f 947/947 934/934 933/933
f 937/937 934/934 947/947
f 947/947 948/948 937/937
f 937/937 948/948 939/939
f 948/948 949/949 939/939
f 939/939 949/949 941/941
f 950/950 941/941 949/949
f 943/943 941/941 950/950
f 950/950 951/951 943/943
f 943/943 951/951 945/945
f 952/952 953/953 954/954
f 955/955 953/953 952/952
f 956/956 760/760 762/762
f 761/761 956/956 762/762
f 926/926 956/956 761/761
f 957/957 958/958 959/959
f 775/775 960/960 773/773
f 930/930 961/961 931/931
f 962/962 931/931 961/961
f 963/963 931/931 962/962
f 950/950 964/964 951/951
f 965/965 964/964 950/950
f 950/950 949/949 965/965
f 965/965 949/949 966/966
f 948/948 966/966 949/949
f 967/967 966/966 948/948
f 947/947 967/967 948/948
f 968/968 967/967 947/947
f 932/932 968/968 947/947
f 969/969 968/968 932/932
f 931/931 969/969 932/932
f 931/931 970/970 969/969
f 931/931 971/971 970/970
f 971/971 972/972 970/970
f 970/970 972/972 973/973
f 963/963 971/971 931/931
f 974/974 971/971 963/963
f 975/975 974/974 963/963
f 976/976 974/974 975/975
f 975/975 977/977 976/976
f 978/978 976/976 977/977
f 979/979 976/976 978/978
f 980/980 979/979 978/978
f 981/981 979/979 980/980
f 980/980 982/982 981/981
f 983/983 982/982 980/980
f 984/984 982/982 983/983
f 985/985 986/986 987/987
f 986/986 988/988 987/987
f 989/989 988/988 986/986
f 990/990 991/991 992/992
f 993/993 991/991 990/990
f 990/990 994/994 993/993
f 993/993 994/994 995/995
f 996/996 995/995 994/994
f 997/997 995/995 996/996
f 996/996 998/998 997/997
f 999/999 998/998 996/996
f 1000/1000 998/998 999/999
f 1001/1001 998/998 1000/1000
f 1002/1002 1001/1001 1000/1000
f 1003/1003 1001/1001 1002/1002
f 1004/1004 1003/1003 1002/1002
f 1005/1005 1003/1003 1004/1004
f 1006/1006 1005/1005 1004/1004
f 1007/1007 1005/1005 1006/1006
f 1008/1008 1007/1007 1006/1006
f 1009/1009 1007/1007 1008/1008
f 1010/1010 1011/1011 1012/1012
f 1013/1013 1011/1011 1010/1010
f 1014/1014 1013/1013 1010/1010
f 1015/1015 1013/1013 1014/1014
f 1015/1015 1014/1014 1016/1016
f 1016/1016 1014/1014 1017/1017
f 1018/1018 1016/1016 1017/1017
f 1019/1019 1016/1016 1018/1018
f 1020/1020 1019/1019 1018/1018
f 1021/1021 1019/1019 1020/1020
f 1022/1022 1021/1021 1020/1020
f 1023/1023 1021/1021 1022/1022
f 1024/1024 1023/1023 1022/1022
f 1025/1025 1023/1023 1024/1024
f 1026/1026 772/772 774/774
f 773/773 1026/1026 774/774
f 960/960 1026/1026 773/773
f 1008/1008 1027/1027 1028/1028
f 1029/1029 1008/1008 1028/1028
f 1030/1030 1008/1008 1029/1029
f 1031/1031 1008/1008 1030/1030
f 1009/1009 1008/1008 1031/1031
f 1032/1032 1033/1033 1034/1034
f 1035/1035 1033/1033 1032/1032
f 1036/1036 1035/1035 1032/1032
f 1037/1037 1035/1035 1036/1036
f 1038/1038 1037/1037 1036/1036
f 1039/1039 1037/1037 1038/1038
f 1040/1040 1039/1039 1038/1038
f 1041/1041 1039/1039 1040/1040
f 1042/1042 1041/1041 1040/1040
f 1043/1043 1041/1041 1042/1042
f 1043/1043 1042/1042 1044/1044
f 1044/1044 1042/1042 1045/1045
f 1046/1046 1044/1044 1045/1045
f 1047/1047 1044/1044 1046/1046
f 1048/1048 1049/1049 1050/1050
f 1051/1051 1048/1048 1050/1050
f 1052/1052 1048/1048 1051/1051
f 1051/1051 1053/1053 1052/1052
f 1054/1054 1052/1052 1053/1053
f 1055/1055 1054/1054 1053/1053
f 1056/1056 1055/1055 1053/1053
f 1057/1057 1055/1055 1056/1056
f 1058/1058 1057/1057 1056/1056
f 1059/1059 1057/1057 1058/1058
f 1060/1060 1059/1059 1058/1058
f 1061/1061 1059/1059 1060/1060
f 1049/1049 1061/1061 1060/1060
f 1050/1050 1049/1049 1060/1060
f 1060/1060 1062/1062 1050/1050
f 1050/1050 1062/1062 1063/1063
f 1062/1062 1064/1064 1063/1063
f 1063/1063 1064/1064 1065/1065
f 1066/1066 1067/1067 1068/1068
f 1068/1068 1067/1067 1069/1069
f 1070/1070 1068/1068 1069/1069
f 1069/1069 1056/1056 1070/1070
f 1071/1071 1070/1070 1056/1056
f 1053/1053 1071/1071 1056/1056
f 1072/1072 1071/1071 1053/1053
f 1073/1073 1074/1074 1075/1075
f 1076/1076 1074/1074 1073/1073
f 1077/1077 1076/1076 1073/1073
f 1076/1076 1077/1077 1078/1078
f 1079/1079 1078/1078 1077/1077
f 1080/1080 1078/1078 1079/1079
f 1081/1081 1078/1078 1080/1080
f 1082/1082 1081/1081 1080/1080
f 1083/1083 1081/1081 1082/1082
f 1083/1083 1082/1082 1084/1084
f 1085/1085 1083/1083 1084/1084
f 1086/1086 1085/1085 1084/1084
f 1075/1075 1085/1085 1086/1086
f 1074/1074 1085/1085 1075/1075
f 1074/1074 1087/1087 1085/1085
f 1088/1088 1087/1087 1074/1074
f 1088/1088 1089/1089 1087/1087
f 1090/1090 1089/1089 1088/1088
f 1091/1091 1092/1092 1093/1093
f 1094/1094 1092/1092 1091/1091
f 1095/1095 1094/1094 1091/1091
f 1094/1094 1095/1095 1081/1081
f 1096/1096 1081/1081 1095/1095
f 1096/1096 1078/1078 1081/1081
f 1097/1097 1078/1078 1096/1096
f 739/739 1098/1098 737/737
f 1099/1099 1100/1100 1101/1101
f 1102/1102 1100/1100 1099/1099
f 1102/1102 1103/1103 1100/1100
f 1104/1104 1103/1103 1102/1102
f 1104/1104 1105/1105 1103/1103
f 1103/1103 1105/1105 1106/1106
f 1105/1105 1107/1107 1106/1106
f 1108/1108 1107/1107 1105/1105
f 1108/1108 1109/1109 1107/1107
f 1110/1110 1109/1109 1108/1108
f 1110/1110 1111/1111 1109/1109
f 1112/1112 1111/1111 1110/1110
f 1112/1112 1113/1113 1111/1111
f 1114/1114 1113/1113 1112/1112
f 1114/1114 1101/1101 1113/1113
f 1099/1099 1101/1101 1114/1114
f 1115/1115 736/736 738/738
f 737/737 1115/1115 738/738
f 1098/1098 1115/1115 737/737
f 741/741 1116/1116 1117/1117
f 743/743 1116/1116 741/741
f 723/723 742/742 722/722
f 740/740 742/742 723/723
f 683/683 1116/1116 682/682
f 1117/1117 1116/1116 683/683
f 1118/1118 1119/1119 1120/1120
f 1121/1121 1119/1119 1118/1118
f 1121/1121 1122/1122 1119/1119
f 1123/1123 1122/1122 1121/1121
f 1123/1123 1124/1124 1122/1122
f 1125/1125 1124/1124 1123/1123
f 1125/1125 1126/1126 1124/1124
f 1127/1127 1126/1126 1125/1125
f 1128/1128 1129/1129 1130/1130
f 1131/1131 1129/1129 1128/1128
f 1132/1132 1131/1131 1128/1128
f 1133/1133 1131/1131 1132/1132
f 1134/1134 1133/1133 1132/1132
f 1135/1135 1133/1133 1134/1134
f 1136/1136 1137/1137 1138/1138
f 1139/1139 1137/1137 1136/1136
f 1140/1140 1141/1141 1142/1142
f 1143/1143 1141/1141 1140/1140
f 1138/1138 1135/1135 1134/1134
f 1137/1137 1135/1135 1138/1138
f 741/741 722/722 742/742
f 1117/1117 722/722 741/741
f 722/722 1117/1117 685/685
f 685/685 1117/1117 683/683
f 683/683 478/478 685/685
f 685/685 478/478 480/480
f 749/749 1144/1144 1145/1145
f 751/751 1144/1144 749/749
f 725/725 750/750 724/724
f 748/748 750/750 725/725
f 687/687 1144/1144 686/686
f 1145/1145 1144/1144 687/687
f 1146/1146 1147/1147 1148/1148
f 1149/1149 1147/1147 1146/1146
f 1149/1149 1146/1146 1150/1150
f 1151/1151 1149/1149 1150/1150
f 1152/1152 1151/1151 1150/1150
f 1153/1153 1150/1150 1146/1146
f 1154/1154 1142/1142 1141/1141
f 1155/1155 1142/1142 1154/1154
f 1143/1143 1130/1130 1129/1129
f 1140/1140 1130/1130 1143/1143
f 1156/1156 1157/1157 1158/1158
f 1159/1159 1157/1157 1156/1156
f 1156/1156 1160/1160 1159/1159
f 1161/1161 1160/1160 1156/1156
f 1161/1161 1162/1162 1160/1160
f 1163/1163 1162/1162 1161/1161
f 1163/1163 1164/1164 1162/1162
f 1165/1165 1164/1164 1163/1163
f 1165/1165 1166/1166 1164/1164
f 1167/1167 1166/1166 1165/1165
f 1168/1168 1169/1169 1170/1170
f 1171/1171 1169/1169 1168/1168
f 1171/1171 1157/1157 1169/1169
f 1158/1158 1157/1157 1171/1171
f 1172/1172 1173/1173 1174/1174
f 1175/1175 1173/1173 1172/1172
f 1176/1176 1170/1170 1177/1177
f 1168/1168 1170/1170 1176/1176
f 749/749 724/724 750/750
f 1145/1145 724/724 749/749
f 724/724 1145/1145 689/689
f 689/689 1145/1145 687/687
f 687/687 486/486 689/689
f 689/689 486/486 488/488
f 757/757 1178/1178 1179/1179
f 759/759 1178/1178 757/757
f 727/727 758/758 726/726
f 756/756 758/758 727/727
f 691/691 1178/1178 690/690
f 1179/1179 1178/1178 691/691
f 1180/1180 1181/1181 1182/1182
f 1183/1183 1181/1181 1180/1180
f 1184/1184 1181/1181 1183/1183
f 757/757 726/726 758/758
f 1179/1179 726/726 757/757
f 726/726 1179/1179 693/693
f 693/693 1179/1179 691/691
f 691/691 494/494 693/693
f 693/693 494/494 496/496
f 765/765 1185/1185 1186/1186
f 767/767 1185/1185 765/765
f 729/729 766/766 728/728
f 764/764 766/766 729/729
f 695/695 1185/1185 694/694
f 1186/1186 1185/1185 695/695
f 1181/1181 1184/1184 1187/1187
f 1176/1176 1181/1181 1187/1187
f 1177/1177 1181/1181 1176/1176
f 765/765 728/728 766/766
f 1186/1186 728/728 765/765
f 728/728 1186/1186 697/697
f 697/697 1186/1186 695/695
f 695/695 502/502 697/697
f 697/697 502/502 504/504
f 769/769 1188/1188 1189/1189
f 771/771 1188/1188 769/769
f 731/731 770/770 730/730
f 768/768 770/770 731/731
f 699/699 1188/1188 698/698
f 1189/1189 1188/1188 699/699
f 1190/1190 1191/1191 1192/1192
f 1193/1193 1190/1190 1192/1192
f 1193/1193 1194/1194 1190/1190
f 1194/1194 1195/1195 1190/1190
f 1190/1190 1195/1195 1196/1196
f 1190/1190 1196/1196 1197/1197
f 769/769 730/730 770/770
f 1189/1189 730/730 769/769
f 730/730 1189/1189 701/701
f 701/701 1189/1189 699/699
f 699/699 506/506 701/701
f 701/701 506/506 508/508
f 777/777 1198/1198 1199/1199
f 779/779 1198/1198 777/777
f 733/733 778/778 732/732
f 776/776 778/778 733/733
f 703/703 1198/1198 702/702
f 1199/1199 1198/1198 703/703
f 1200/1200 1201/1201 1202/1202
f 1203/1203 1201/1201 1200/1200
f 1204/1204 1201/1201 1203/1203
f 1205/1205 1201/1201 1204/1204
f 1206/1206 1205/1205 1204/1204
f 1207/1207 1205/1205 1206/1206
f 1208/1208 1207/1207 1206/1206
f 1209/1209 1207/1207 1208/1208
f 1210/1210 1209/1209 1208/1208
f 1211/1211 1209/1209 1210/1210
f 1212/1212 1213/1213 1214/1214
f 1214/1214 1213/1213 1215/1215
f 1213/1213 1216/1216 1215/1215
f 1215/1215 1216/1216 1217/1217
f 1216/1216 1218/1218 1217/1217
f 1219/1219 1218/1218 1216/1216
f 1220/1220 1221/1221 1222/1222
f 1223/1223 1220/1220 1222/1222
f 1224/1224 1223/1223 1222/1222
f 777/777 732/732 778/778
f 1199/1199 732/732 777/777
f 732/732 1199/1199 705/705
f 705/705 1199/1199 703/703
f 703/703 514/514 705/705
f 705/705 514/514 516/516
f 571/571 566/566 838/838
f 569/569 566/566 571/571
f 781/781 1225/1225 1226/1226
f 783/783 1225/1225 781/781
f 735/735 782/782 734/734
f 780/780 782/782 735/735
f 708/708 1225/1225 707/707
f 1226/1226 1225/1225 708/708
f 1227/1227 1228/1228 1229/1229
f 1230/1230 1228/1228 1227/1227
f 1230/1230 1231/1231 1228/1228
f 1232/1232 1231/1231 1230/1230
f 1233/1233 1231/1231 1232/1232
f 1234/1234 1231/1231 1233/1233
f 781/781 734/734 782/782
f 1226/1226 734/734 781/781
f 734/734 1226/1226 710/710
f 710/710 1226/1226 708/708
f 708/708 518/518 710/710
f 710/710 518/518 520/520
f 1222/1222 1221/1221 1235/1235
f 1212/1212 1222/1222 1235/1235
f 1214/1214 1222/1222 1212/1212
f 1236/1236 1237/1237 1238/1238
f 1239/1239 1237/1237 1236/1236
f 1240/1240 1241/1241 1242/1242
f 1243/1243 1241/1241 1240/1240
f 1244/1244 1245/1245 1246/1246
f 1247/1247 1248/1248 1249/1249
f 1248/1248 1250/1250 1249/1249
f 1251/1251 1250/1250 1248/1248
f 1252/1252 1253/1253 1254/1254
f 1255/1255 1252/1252 1254/1254
f 1256/1256 1252/1252 1255/1255
f 1257/1257 1258/1258 1259/1259
f 1260/1260 1258/1258 1257/1257
f 1261/1261 1262/1262 1263/1263
f 1264/1264 1262/1262 1261/1261
f 1265/1265 1264/1264 1261/1261
f 1266/1266 1267/1267 1268/1268
f 1269/1269 1267/1267 1266/1266
f 1251/1251 1270/1270 1250/1250
f 1250/1250 1271/1271 1249/1249
f 1272/1272 1271/1271 1250/1250
f 1273/1273 1274/1274 1275/1275
f 1276/1276 1274/1274 1273/1273
f 1277/1277 1278/1278 1279/1279
f 1280/1280 1278/1278 1277/1277
f 1281/1281 1282/1282 1283/1283
f 1284/1284 1282/1282 1281/1281
f 1285/1285 1284/1284 1281/1281
f 1286/1286 1284/1284 1285/1285
f 1287/1287 1286/1286 1285/1285
f 1288/1288 1286/1286 1287/1287
f 1289/1289 1288/1288 1287/1287
f 1290/1290 1288/1288 1289/1289
f 1291/1291 1292/1292 1293/1293
f 1294/1294 1292/1292 1291/1291
f 1295/1295 1296/1296 1297/1297
f 1298/1298 1296/1296 1295/1295
f 1299/1299 1300/1300 1301/1301
f 1302/1302 1299/1299 1301/1301
f 1303/1303 1299/1299 1302/1302
f 1304/1304 1305/1305 1306/1306
f 1307/1307 1305/1305 1304/1304
f 1308/1308 1309/1309 1310/1310
f 1310/1310 1309/1309 1311/1311
f 1310/1310 1311/1311 1312/1312
f 1312/1312 1311/1311 1313/1313
f 1312/1312 1313/1313 1314/1314
f 1314/1314 1313/1313 1315/1315
f 1315/1315 1316/1316 1314/1314
f 1317/1317 1316/1316 1315/1315
f 1317/1317 1318/1318 1316/1316
f 1319/1319 1318/1318 1317/1317
f 1319/1319 1320/1320 1318/1318
f 1321/1321 1320/1320 1319/1319
f 1321/1321 1322/1322 1320/1320
f 1320/1320 1322/1322 1323/1323
f 1322/1322 1324/1324 1323/1323
f 1323/1323 1324/1324 1325/1325
f 1324/1324 1326/1326 1325/1325
f 1327/1327 1326/1326 1324/1324
f 1309/1309 1326/1326 1327/1327
f 1308/1308 1326/1326 1309/1309
f 1328/1328 1329/1329 1330/1330
f 1331/1331 1332/1332 1333/1333
f 1334/1334 1333/1333 1332/1332
f 1335/1335 1333/1333 1334/1334
f 1336/1336 1335/1335 1334/1334
f 1337/1337 1335/1335 1336/1336
f 1338/1338 1337/1337 1336/1336
f 1339/1339 1337/1337 1338/1338
f 1340/1340 1339/1339 1338/1338
f 1341/1341 1339/1339 1340/1340
f 1341/1341 1340/1340 1342/1342
f 1342/1342 1340/1340 1191/1191
f 1191/1191 1343/1343 1342/1342
f 1190/1190 1343/1343 1191/1191
f 1190/1190 1197/1197 1343/1343
f 1343/1343 1197/1197 1344/1344
f 1345/1345 1346/1346 1347/1347
f 1348/1348 1346/1346 1345/1345
f 1346/1346 1349/1349 1350/1350
f 1348/1348 1349/1349 1346/1346
f 1291/1291 1351/1351 1352/1352
f 1293/1293 1351/1351 1291/1291
f 1353/1353 1354/1354 1355/1355
f 1356/1356 1357/1357 1358/1358
f 1359/1359 1356/1356 1358/1358
f 1360/1360 1359/1359 1358/1358
f 1361/1361 1362/1362 1363/1363
f 1364/1364 1362/1362 1361/1361
f 1365/1365 1366/1366 1367/1367
f 1368/1368 1366/1366 1369/1369
f 1369/1369 1366/1366 1365/1365
f 1370/1370 1369/1369 1365/1365
f 1371/1371 1370/1370 1365/1365
f 1372/1372 1373/1373 1374/1374
f 1375/1375 1373/1373 1372/1372
f 1376/1376 1377/1377 10/10
f 1378/1378 1377/1377 1376/1376
f 1379/1379 1380/1380 1381/1381
f 1382/1382 1380/1380 1379/1379
f 1383/1383 1382/1382 1379/1379
f 1384/1384 1383/1383 1379/1379
f 1385/1385 1384/1384 1379/1379
f 1386/1386 1385/1385 1379/1379
f 1387/1387 1388/1388 1389/1389
f 1390/1390 1388/1388 1387/1387
f 1391/1391 1390/1390 1387/1387
f 1392/1392 1393/1393 1394/1394
f 1395/1395 1393/1393 1392/1392
f 1396/1396 1397/1397 1398/1398
f 1398/1398 1399/1399 1400/1400
f 1397/1397 1399/1399 1398/1398
f 1401/1401 1402/1402 1403/1403
f 1404/1404 1405/1405 1406/1406
f 1407/1407 1406/1406 1405/1405
f 1408/1408 1407/1407 1405/1405
f 1409/1409 1407/1407 1408/1408
f 1410/1410 1411/1411 1412/1412
f 1413/1413 1411/1411 1410/1410
f 1414/1414 1415/1415 1416/1416
f 1417/1417 1415/1415 1414/1414
f 1416/1416 1418/1418 1414/1414
f 1414/1414 1418/1418 1419/1419
f 1418/1418 1420/1420 1419/1419
f 1421/1421 1420/1420 1418/1418
f 1422/1422 1423/1423 1424/1424
f 1425/1425 1423/1423 1422/1422
f 1426/1426 1421/1421 1427/1427
f 1420/1420 1421/1421 1426/1426
f 1428/1428 1429/1429 1430/1430
f 1431/1431 1429/1429 1428/1428
f 1432/1432 1433/1433 1434/1434
f 1435/1435 1433/1433 1432/1432
f 1436/1436 1401/1401 1437/1437
f 1438/1438 1401/1401 1436/1436
f 1439/1439 1440/1440 1403/1403
f 1441/1441 1440/1440 1439/1439
f 1442/1442 1443/1443 1444/1444
f 1445/1445 1443/1443 1442/1442
f 1446/1446 1447/1447 1448/1448
f 1449/1449 1447/1447 1446/1446
f 1450/1450 14/14 1451/1451
f 1452/1452 14/14 1450/1450
f 1400/1400 1399/1399 1453/1453
f 1454/1454 1399/1399 1397/1397
f 1455/1455 1399/1399 1454/1454
f 1240/1240 1352/1352 1351/1351
f 1242/1242 1352/1352 1240/1240
f 1236/1236 1350/1350 1349/1349
f 1238/1238 1350/1350 1236/1236
f 1456/1456 1457/1457 1458/1458
f 1459/1459 1457/1457 1456/1456
f 1460/1460 1461/1461 1462/1462
f 1463/1463 1460/1460 1462/1462
f 1464/1464 1463/1463 1462/1462
f 1465/1465 1466/1466 1467/1467
f 1468/1468 1465/1465 1467/1467
f 1469/1469 1468/1468 1467/1467
f 1470/1470 1471/1471 1472/1472
f 1473/1473 1471/1471 1470/1470
f 1417/1417 1474/1474 1415/1415
f 1475/1475 1474/1474 1417/1417
f 1426/1426 1474/1474 1475/1475
f 1427/1427 1474/1474 1426/1426
f 1476/1476 1477/1477 1478/1478
f 1478/1478 1477/1477 1479/1479
f 1480/1480 1478/1478 1479/1479
f 1481/1481 1482/1482 1483/1483
f 1484/1484 1482/1482 1481/1481
f 1485/1485 1486/1486 1487/1487
f 1488/1488 1486/1486 1485/1485
f 1489/1489 1490/1490 1491/1491
f 1492/1492 1490/1490 1489/1489
f 1493/1493 1494/1494 1495/1495
f 1496/1496 1494/1494 1493/1493
f 1497/1497 1498/1498 1499/1499
f 1500/1500 1499/1499 1498/1498
f 1501/1501 1500/1500 1498/1498
f 1502/1502 1503/1503 1504/1504
f 1505/1505 1503/1503 1502/1502
f 1506/1506 1507/1507 1508/1508
f 1509/1509 1507/1507 1506/1506
f 1510/1510 1505/1505 1502/1502
f 1511/1511 1505/1505 1510/1510
f 1512/1512 1502/1502 1504/1504
f 1510/1510 1502/1502 1512/1512
f 1503/1503 1512/1512 1504/1504
f 1513/1513 1512/1512 1503/1503
f 1514/1514 1515/1515 1516/1516
f 1517/1517 1515/1515 1514/1514
f 1518/1518 1519/1519 1520/1520
f 1521/1521 1519/1519 1518/1518
f 1518/1518 1522/1522 1521/1521
f 1523/1523 1522/1522 1518/1518
f 1521/1521 1524/1524 1519/1519
f 1522/1522 1524/1524 1521/1521
f 1524/1524 1520/1520 1519/1519
f 1525/1525 1520/1520 1524/1524
f 1526/1526 1527/1527 1528/1528
f 1529/1529 1527/1527 1526/1526
f 1530/1530 1531/1531 1532/1532
f 1533/1533 1531/1531 1530/1530
f 1526/1526 1534/1534 1535/1535
f 1536/1536 1534/1534 1526/1526
f 1537/1537 1538/1538 1539/1539
f 1532/1532 1538/1538 1537/1537
f 1540/1540 1541/1541 1542/1542
f 1531/1531 1541/1541 1540/1540
f 1542/1542 1543/1543 1544/1544
f 1541/1541 1543/1543 1542/1542
f 1545/1545 1546/1546 1547/1547
f 1547/1547 1546/1546 1548/1548
f 1549/1549 1548/1548 1546/1546
f 1550/1550 1548/1548 1549/1549
f 1551/1551 1552/1552 1553/1553
f 1554/1554 1551/1551 1553/1553
f 1555/1555 1551/1551 1554/1554
f 1556/1556 1546/1546 1557/1557
f 1558/1558 1559/1559 1560/1560
f 1561/1561 1559/1559 1558/1558
f 1432/1432 1559/1559 1561/1561
f 1434/1434 1559/1559 1432/1432
f 1562/1562 1563/1563 1564/1564
f 1564/1564 1563/1563 1565/1565
f 1563/1563 1435/1435 1565/1565
f 1433/1433 1435/1435 1563/1563
f 1566/1566 1548/1548 1567/1567
f 1568/1568 1569/1569 1570/1570
f 1570/1570 1569/1569 1571/1571
f 1572/1572 1571/1571 1569/1569
f 1573/1573 1571/1571 1572/1572
f 1425/1425 1574/1574 1423/1423
f 1575/1575 1574/1574 1425/1425
f 1439/1439 1574/1574 1575/1575
f 1403/1403 1574/1574 1439/1439
f 1424/1424 1576/1576 1422/1422
f 1422/1422 1576/1576 1577/1577
f 1576/1576 1441/1441 1577/1577
f 1440/1440 1441/1441 1576/1576
f 1578/1578 1569/1569 1579/1579
f 1580/1580 1378/1378 1581/1581
f 1581/1581 1378/1378 1582/1582
f 1446/1446 1581/1581 1582/1582
f 1448/1448 1581/1581 1446/1446
f 10/10 1583/1583 1376/1376
f 1376/1376 1583/1583 1584/1584
f 1583/1583 1449/1449 1584/1584
f 1447/1447 1449/1449 1583/1583
f 1585/1585 1571/1571 1586/1586
f 1587/1587 1588/1588 1589/1589
f 1590/1590 1588/1588 1587/1587
f 1591/1591 1592/1592 1593/1593
f 1594/1594 1592/1592 1591/1591
f 1595/1595 1596/1596 1597/1597
f 1598/1598 1596/1596 1595/1595
f 1445/1445 1599/1599 1443/1443
f 1600/1600 1599/1599 1445/1445
f 1450/1450 1599/1599 1600/1600
f 1451/1451 1599/1599 1450/1450
f 1444/1444 1601/1601 1442/1442
f 1442/1442 1601/1601 1602/1602
f 1601/1601 1452/1452 1602/1602
f 14/14 1452/1452 1601/1601
f 1603/1603 1604/1604 1605/1605
f 1606/1606 1604/1604 1603/1603
f 1607/1607 1606/1606 1603/1603
f 1608/1608 1606/1606 1607/1607
f 1609/1609 1610/1610 1611/1611
f 1611/1611 1610/1610 1612/1612
f 1613/1613 1611/1611 1612/1612
f 1614/1614 1611/1611 1613/1613
f 1615/1615 1614/1614 1613/1613
f 1616/1616 1614/1614 1615/1615
f 1616/1616 1615/1615 1617/1617
f 1617/1617 1615/1615 1618/1618
f 1618/1618 1619/1619 1617/1617
f 1617/1617 1619/1619 1620/1620
f 1621/1621 1622/1622 1623/1623
f 1624/1624 1622/1622 1621/1621
f 1597/1597 1624/1624 1621/1621
f 1596/1596 1624/1624 1597/1597
f 1625/1625 1595/1595 1626/1626
f 1598/1598 1595/1595 1625/1625
f 1627/1627 1626/1626 1628/1628
f 1625/1625 1626/1626 1627/1627
f 1629/1629 1630/1630 1631/1631
f 1632/1632 1630/1630 1629/1629
f 1632/1632 1628/1628 1630/1630
f 1627/1627 1628/1628 1632/1632
f 1633/1633 1634/1634 1635/1635
f 1636/1636 1634/1634 1633/1633
f 1635/1635 1637/1637 1633/1633
f 1638/1638 1637/1637 1635/1635
f 1638/1638 1639/1639 1637/1637
f 1640/1640 1639/1639 1638/1638
f 1641/1641 1642/1642 1643/1643
f 1644/1644 1642/1642 1641/1641
f 1645/1645 1646/1646 1647/1647
f 1648/1648 1646/1646 1645/1645
f 1649/1649 1650/1650 1651/1651
f 1428/1428 1649/1649 1651/1651
f 1652/1652 1649/1649 1428/1428
f 1653/1653 1654/1654 1655/1655
f 1655/1655 1654/1654 1656/1656
f 1657/1657 1655/1655 1656/1656
f 1658/1658 1655/1655 1657/1657
f 1659/1659 1658/1658 1657/1657
f 1660/1660 1658/1658 1659/1659
f 1660/1660 1659/1659 1661/1661
f 1661/1661 1659/1659 1662/1662
f 1662/1662 1663/1663 1661/1661
f 1661/1661 1663/1663 1664/1664
f 1665/1665 1666/1666 1667/1667
f 1668/1668 1666/1666 1665/1665
f 1647/1647 1668/1668 1665/1665
f 1646/1646 1668/1668 1647/1647
f 1669/1669 1645/1645 1670/1670
f 1648/1648 1645/1645 1669/1669
f 1671/1671 1672/1672 1673/1673
f 1674/1674 1672/1672 1671/1671
f 1675/1675 1670/1670 1676/1676
f 1669/1669 1670/1670 1675/1675
f 1677/1677 1678/1678 1679/1679
f 1680/1680 1678/1678 1677/1677
f 1680/1680 1676/1676 1678/1678
f 1675/1675 1676/1676 1680/1680
f 1681/1681 1682/1682 1683/1683
f 1684/1684 1682/1682 1681/1681
f 1685/1685 1686/1686 1687/1687
f 1688/1688 1689/1689 1690/1690
f 1683/1683 1689/1689 1688/1688
f 1682/1682 1689/1689 1683/1683
f 1691/1691 1689/1689 1682/1682
f 1682/1682 1692/1692 1691/1691
f 1691/1691 1692/1692 1693/1693
f 1692/1692 1694/1694 1693/1693
f 1695/1695 1694/1694 1692/1692
f 1695/1695 1696/1696 1694/1694
f 1694/1694 1696/1696 1697/1697
f 1698/1698 1699/1699 1700/1700
f 1701/1701 1699/1699 1698/1698
f 1702/1702 1703/1703 1704/1704
f 1705/1705 1704/1704 1703/1703
f 1706/1706 1704/1704 1705/1705
f 1707/1707 1562/1562 1606/1606
f 1708/1708 1707/1707 1606/1606
f 1709/1709 1708/1708 1606/1606
f 1649/1649 1709/1709 1606/1606
f 1710/1710 1649/1649 1606/1606
f 1433/1433 1429/1429 1434/1434
f 1430/1430 1429/1429 1433/1433
f 1711/1711 1712/1712 1713/1713
f 1713/1713 1712/1712 1714/1714
f 1715/1715 1713/1713 1714/1714
f 1716/1716 1713/1713 1715/1715
f 1716/1716 1715/1715 1717/1717
f 1717/1717 1715/1715 1718/1718
f 1717/1717 1718/1718 1719/1719
f 1719/1719 1718/1718 1720/1720
f 1720/1720 1721/1721 1719/1719
f 1719/1719 1721/1721 1722/1722
f 1723/1723 1724/1724 1725/1725
f 1726/1726 1724/1724 1723/1723
f 1726/1726 1700/1700 1724/1724
f 1698/1698 1700/1700 1726/1726
f 1699/1699 1727/1727 1728/1728
f 1701/1701 1727/1727 1699/1699
f 1692/1692 1729/1729 1695/1695
f 1730/1730 1729/1729 1692/1692
f 1728/1728 1731/1731 1732/1732
f 1727/1727 1731/1731 1728/1728
f 1733/1733 1734/1734 1735/1735
f 1736/1736 1734/1734 1733/1733
f 1732/1732 1736/1736 1733/1733
f 1731/1731 1736/1736 1732/1732
f 1737/1737 1738/1738 1739/1739
f 1740/1740 1738/1738 1737/1737
f 1599/1599 1741/1741 1443/1443
f 1742/1742 1741/1741 1599/1599
f 1743/1743 1742/1742 1599/1599
f 1451/1451 1743/1743 1599/1599
f 1744/1744 1581/1581 1741/1741
f 1448/1448 1741/1741 1581/1581
f 1443/1443 1741/1741 1448/1448
f 1447/1447 1443/1443 1448/1448
f 1444/1444 1443/1443 1447/1447
f 1440/1440 1401/1401 1403/1403
f 1437/1437 1401/1401 1440/1440
f 1437/1437 1440/1440 1745/1745
f 1745/1745 1440/1440 1746/1746
f 1747/1747 1745/1745 1746/1746
f 1748/1748 1745/1745 1747/1747
f 1749/1749 1745/1745 1748/1748
f 1750/1750 1745/1745 1749/1749
f 1751/1751 1745/1745 1750/1750
f 1574/1574 1403/1403 1752/1752
f 1753/1753 1574/1574 1752/1752
f 1423/1423 1574/1574 1753/1753
f 1754/1754 1755/1755 1416/1416
f 1415/1415 1754/1754 1416/1416
f 1756/1756 1754/1754 1415/1415
f 1756/1756 1415/1415 1753/1753
f 1415/1415 1474/1474 1753/1753
f 1474/1474 1427/1427 1753/1753
f 1427/1427 1423/1423 1753/1753
f 1421/1421 1423/1423 1427/1427
f 1424/1424 1423/1423 1421/1421
f 1757/1757 1758/1758 1759/1759
f 1739/1739 1758/1758 1757/1757
f 1738/1738 1758/1758 1739/1739
f 1760/1760 1758/1758 1738/1738
f 1738/1738 1761/1761 1760/1760
f 1760/1760 1761/1761 1762/1762
f 1761/1761 1763/1763 1762/1762
f 1764/1764 1763/1763 1761/1761
f 1764/1764 1765/1765 1763/1763
f 1763/1763 1765/1765 1766/1766
f 1767/1767 1768/1768 1769/1769
f 1770/1770 1768/1768 1767/1767
f 1414/1414 1475/1475 1417/1417
f 1419/1419 1475/1475 1414/1414
f 1419/1419 1426/1426 1475/1475
f 1420/1420 1426/1426 1419/1419
f 1771/1771 1772/1772 1773/1773
f 1773/1773 1772/1772 1774/1774
f 1775/1775 1773/1773 1774/1774
f 1776/1776 1773/1773 1775/1775
f 1776/1776 1775/1775 1777/1777
f 1777/1777 1775/1775 1778/1778
f 1777/1777 1778/1778 1779/1779
f 1779/1779 1778/1778 1780/1780
f 1780/1780 1781/1781 1779/1779
f 1779/1779 1781/1781 1782/1782
f 1783/1783 1784/1784 1785/1785
f 1786/1786 1784/1784 1783/1783
f 1786/1786 1769/1769 1784/1784
f 1767/1767 1769/1769 1786/1786
f 1768/1768 1787/1787 1788/1788
f 1770/1770 1787/1787 1768/1768
f 1761/1761 1789/1789 1764/1764
f 1790/1790 1789/1789 1761/1761
f 1788/1788 1791/1791 1792/1792
f 1787/1787 1791/1791 1788/1788
f 1793/1793 1794/1794 1795/1795
f 1796/1796 1794/1794 1793/1793
f 1792/1792 1796/1796 1793/1793
f 1791/1791 1796/1796 1792/1792
f 1797/1797 1798/1798 1799/1799
f 1800/1800 1798/1798 1797/1797
f 1801/1801 1802/1802 1803/1803
f 1804/1804 1802/1802 1801/1801
f 1805/1805 1806/1806 1807/1807
f 1808/1808 1806/1806 1805/1805
f 1809/1809 1799/1799 1810/1810
f 1797/1797 1799/1799 1809/1809
f 1811/1811 1798/1798 1800/1800
f 1812/1812 1798/1798 1811/1811
f 1813/1813 1814/1814 1815/1815
f 1816/1816 1814/1814 1813/1813
f 1817/1817 1818/1818 1819/1819
f 1820/1820 1818/1818 1817/1817
f 1813/1813 1820/1820 1817/1817
f 1815/1815 1820/1820 1813/1813
f 1821/1821 1822/1822 1823/1823
f 1824/1824 1822/1822 1821/1821
f 1825/1825 1826/1826 1827/1827
f 1828/1828 1826/1826 1825/1825
f 1564/1564 1561/1561 1558/1558
f 1565/1565 1561/1561 1564/1564
f 1565/1565 1432/1432 1561/1561
f 1435/1435 1432/1432 1565/1565
f 1829/1829 1830/1830 1831/1831
f 1831/1831 1830/1830 1832/1832
f 1832/1832 1833/1833 1831/1831
f 1834/1834 1833/1833 1832/1832
f 1422/1422 1575/1575 1425/1425
f 1577/1577 1575/1575 1422/1422
f 1577/1577 1439/1439 1575/1575
f 1441/1441 1439/1439 1577/1577
f 1835/1835 1836/1836 1831/1831
f 1376/1376 1582/1582 1378/1378
f 1584/1584 1582/1582 1376/1376
f 1584/1584 1446/1446 1582/1582
f 1449/1449 1446/1446 1584/1584
f 1837/1837 1838/1838 1832/1832
f 1442/1442 1600/1600 1445/1445
f 1602/1602 1600/1600 1442/1442
f 1602/1602 1450/1450 1600/1600
f 1452/1452 1450/1450 1602/1602
f 1839/1839 1840/1840 1841/1841
f 1842/1842 1840/1840 1839/1839
f 1843/1843 1844/1844 1845/1845
f 1845/1845 1844/1844 1846/1846
f 1846/1846 1847/1847 1845/1845
f 1848/1848 1847/1847 1846/1846
f 1849/1849 1850/1850 1851/1851
f 1852/1852 1853/1853 1854/1854
f 1855/1855 1853/1853 1852/1852
f 1856/1856 1857/1857 1858/1858
f 1859/1859 1857/1857 1856/1856
f 1860/1860 1861/1861 1862/1862
f 1863/1863 1861/1861 1860/1860
f 1864/1864 1865/1865 1866/1866
f 1867/1867 1865/1865 1864/1864
f 1868/1868 1869/1869 1870/1870
f 1871/1871 1869/1869 1868/1868
f 1872/1872 1873/1873 1874/1874
f 1870/1870 1873/1873 1872/1872
f 1875/1875 1876/1876 1845/1845
f 1877/1877 1878/1878 1879/1879
f 1880/1880 1881/1881 1846/1846
f 1882/1882 1883/1883 1884/1884
f 1885/1885 1883/1883 1882/1882
f 1886/1886 1885/1885 1882/1882
f 1887/1887 1885/1885 1886/1886
f 1888/1888 1887/1887 1886/1886
f 1889/1889 1887/1887 1888/1888
f 1890/1890 1889/1889 1888/1888
f 1891/1891 1889/1889 1890/1890
f 1892/1892 1891/1891 1890/1890
f 1893/1893 1891/1891 1892/1892
f 1894/1894 1893/1893 1892/1892
f 1895/1895 1893/1893 1894/1894
f 1896/1896 1895/1895 1894/1894
f 1897/1897 1895/1895 1896/1896
f 1898/1898 1897/1897 1896/1896
f 1899/1899 1897/1897 1898/1898
f 1900/1900 1899/1899 1898/1898
f 1901/1901 1899/1899 1900/1900
f 1902/1902 1903/1903 1904/1904
f 1905/1905 1903/1903 1902/1902
f 1906/1906 1905/1905 1902/1902
f 1907/1907 1905/1905 1906/1906
f 1908/1908 1907/1907 1906/1906
f 1909/1909 1907/1907 1908/1908
f 1910/1910 1909/1909 1908/1908
f 1911/1911 1909/1909 1910/1910
f 1912/1912 1911/1911 1910/1910
f 1913/1913 1911/1911 1912/1912
f 1914/1914 1913/1913 1912/1912
f 1915/1915 1913/1913 1914/1914
f 1916/1916 1915/1915 1914/1914
f 1917/1917 1915/1915 1916/1916
f 1918/1918 1917/1917 1916/1916
f 1919/1919 1917/1917 1918/1918
f 1884/1884 1919/1919 1918/1918
f 1883/1883 1919/1919 1884/1884
f 1920/1920 1921/1921 1922/1922
f 1923/1923 1921/1921 1920/1920
f 1924/1924 1923/1923 1920/1920
f 1925/1925 1923/1923 1924/1924
f 1926/1926 1925/1925 1924/1924
f 1927/1927 1925/1925 1926/1926
f 1928/1928 1927/1927 1926/1926
f 1929/1929 1927/1927 1928/1928
f 1930/1930 1929/1929 1928/1928
f 1931/1931 1929/1929 1930/1930
f 1932/1932 1931/1931 1930/1930
f 1933/1933 1931/1931 1932/1932
f 1904/1904 1933/1933 1932/1932
f 1903/1903 1933/1933 1904/1904
f 1934/1934 1935/1935 1936/1936
f 1937/1937 1938/1938 1939/1939
f 1940/1940 1937/1937 1939/1939
f 1941/1941 1940/1940 1939/1939
f 1942/1942 1941/1941 1939/1939
f 1943/1943 1942/1942 1939/1939
f 1944/1944 1943/1943 1939/1939
f 1945/1945 1944/1944 1939/1939
f 1946/1946 1945/1945 1939/1939
f 1947/1947 1946/1946 1939/1939
f 1948/1948 1947/1947 1939/1939
f 1949/1949 1948/1948 1939/1939
f 1950/1950 1949/1949 1939/1939
f 1951/1951 1950/1950 1939/1939
f 1952/1952 1951/1951 1939/1939
f 1953/1953 1952/1952 1939/1939
f 1954/1954 1953/1953 1939/1939
f 1955/1955 1954/1954 1939/1939
f 1956/1956 1955/1955 1939/1939
f 1957/1957 1958/1958 1939/1939
f 1959/1959 1957/1957 1939/1939
f 1960/1960 1959/1959 1939/1939
f 1961/1961 1960/1960 1939/1939
f 1938/1938 1961/1961 1939/1939
f 1962/1962 1963/1963 1964/1964
f 1965/1965 1963/1963 1962/1962
f 1966/1966 1963/1963 1965/1965
f 1967/1967 1968/1968 1969/1969
f 1970/1970 1967/1967 1969/1969
f 1971/1971 1970/1970 1969/1969
f 1972/1972 1971/1971 1969/1969
f 1973/1973 1972/1972 1969/1969
f 1974/1974 1973/1973 1969/1969
f 1975/1975 1974/1974 1969/1969
f 1976/1976 1975/1975 1969/1969
f 1977/1977 1976/1976 1969/1969
f 1978/1978 1977/1977 1969/1969
f 1979/1979 1978/1978 1969/1969
f 1980/1980 1979/1979 1969/1969
f 1981/1981 1980/1980 1969/1969
f 1982/1982 1981/1981 1969/1969
f 1983/1983 1982/1982 1969/1969
f 1984/1984 1983/1983 1969/1969
f 1985/1985 1984/1984 1969/1969
f 1986/1986 1985/1985 1969/1969
f 1987/1987 1988/1988 1969/1969
f 1989/1989 1987/1987 1969/1969
f 1990/1990 1989/1989 1969/1969
f 1991/1991 1990/1990 1969/1969
f 1968/1968 1991/1991 1969/1969
f 1992/1992 1993/1993 1994/1994
f 1995/1995 1993/1993 1992/1992
f 1996/1996 1995/1995 1992/1992
f 1997/1997 1995/1995 1996/1996
f 1998/1998 1997/1997 1996/1996
f 1999/1999 1997/1997 1998/1998
f 2000/2000 1999/1999 1998/1998
f 2001/2001 1999/1999 2000/2000
f 2002/2002 2001/2001 2000/2000
f 2003/2003 2001/2001 2002/2002
f 2004/2004 2003/2003 2002/2002
f 2005/2005 2003/2003 2004/2004
f 2006/2006 2005/2005 2004/2004
f 2007/2007 2005/2005 2006/2006
f 2008/2008 2007/2007 2006/2006
f 2009/2009 2007/2007 2008/2008
f 2010/2010 2009/2009 2008/2008
f 2011/2011 2009/2009 2010/2010
f 2012/2012 2013/2013 2014/2014
f 2015/2015 2013/2013 2012/2012
f 2016/2016 2015/2015 2012/2012
f 2017/2017 2015/2015 2016/2016
f 2018/2018 2017/2017 2016/2016
f 2019/2019 2017/2017 2018/2018
f 2020/2020 2019/2019 2018/2018
f 2021/2021 2019/2019 2020/2020
f 2022/2022 2021/2021 2020/2020
f 2023/2023 2021/2021 2022/2022
f 2024/2024 2023/2023 2022/2022
f 2025/2025 2023/2023 2024/2024
f 2026/2026 2025/2025 2024/2024
f 2027/2027 2025/2025 2026/2026
f 2028/2028 2027/2027 2026/2026
f 2029/2029 2027/2027 2028/2028
f 1994/1994 2029/2029 2028/2028
f 1993/1993 2029/2029 1994/1994
f 2030/2030 2031/2031 2032/2032
f 2033/2033 2031/2031 2030/2030
f 2034/2034 2033/2033 2030/2030
f 2035/2035 2033/2033 2034/2034
f 2036/2036 2035/2035 2034/2034
f 2037/2037 2035/2035 2036/2036
f 2038/2038 2037/2037 2036/2036
f 2039/2039 2037/2037 2038/2038
f 2040/2040 2039/2039 2038/2038
f 2041/2041 2039/2039 2040/2040
f 2042/2042 2041/2041 2040/2040
f 2043/2043 2041/2041 2042/2042
f 2014/2014 2043/2043 2042/2042
f 2013/2013 2043/2043 2014/2014
f 2044/2044 2045/2045 2046/2046
f 2047/2047 2045/2045 2044/2044
f 2048/2048 2047/2047 2044/2044
f 2049/2049 2047/2047 2048/2048
f 2050/2050 2049/2049 2048/2048
f 2051/2051 2049/2049 2050/2050
f 2052/2052 2051/2051 2050/2050
f 2053/2053 2051/2051 2052/2052
f 2054/2054 2053/2053 2052/2052
f 2055/2055 2053/2053 2054/2054
f 2056/2056 2055/2055 2054/2054
f 2057/2057 2055/2055 2056/2056
f 2058/2058 2057/2057 2056/2056
f 2059/2059 2057/2057 2058/2058
f 2060/2060 2059/2059 2058/2058
f 2061/2061 2059/2059 2060/2060
f 2062/2062 2061/2061 2060/2060
f 2063/2063 2061/2061 2062/2062
f 2064/2064 2065/2065 2066/2066
f 2067/2067 2065/2065 2064/2064
f 2068/2068 2067/2067 2064/2064
f 2069/2069 2067/2067 2068/2068
f 2070/2070 2069/2069 2068/2068
f 2071/2071 2069/2069 2070/2070
f 2072/2072 2071/2071 2070/2070
f 2073/2073 2071/2071 2072/2072
f 2074/2074 2073/2073 2072/2072
f 2075/2075 2073/2073 2074/2074
f 2076/2076 2075/2075 2074/2074
f 2077/2077 2075/2075 2076/2076
f 2078/2078 2077/2077 2076/2076
f 2079/2079 2077/2077 2078/2078
f 2080/2080 2079/2079 2078/2078
f 2081/2081 2079/2079 2080/2080
f 2046/2046 2081/2081 2080/2080
f 2045/2045 2081/2081 2046/2046
f 2082/2082 2083/2083 2084/2084
f 2085/2085 2083/2083 2082/2082
f 2086/2086 2085/2085 2082/2082
f 2087/2087 2085/2085 2086/2086
f 2088/2088 2087/2087 2086/2086
f 2089/2089 2087/2087 2088/2088
f 2090/2090 2089/2089 2088/2088
f 2091/2091 2089/2089 2090/2090
f 2092/2092 2091/2091 2090/2090
f 2093/2093 2091/2091 2092/2092
f 2094/2094 2093/2093 2092/2092
f 2095/2095 2093/2093 2094/2094
f 2066/2066 2095/2095 2094/2094
f 2065/2065 2095/2095 2066/2066
f 2096/2096 2097/2097 2098/2098
f 2099/2099 2100/2100 2101/2101
f 2102/2102 2100/2100 2099/2099
f 2103/2103 2104/2104 2105/2105
f 2106/2106 2104/2104 2103/2103
f 2107/2107 873/873 2097/2097
f 874/874 873/873 2107/2107
f 2108/2108 2109/2109 2110/2110
f 2111/2111 2110/2110 2109/2109
f 2112/2112 2111/2111 2109/2109
f 2113/2113 2112/2112 2109/2109
f 2114/2114 2115/2115 2116/2116
f 2117/2117 2115/2115 2114/2114
f 2118/2118 2115/2115 2117/2117
f 2119/2119 2115/2115 2118/2118
f 2120/2120 2121/2121 2122/2122
f 2123/2123 2121/2121 2120/2120
f 2124/2124 2125/2125 2126/2126
f 2127/2127 2125/2125 2124/2124
f 2128/2128 2129/2129 2130/2130
f 2131/2131 2129/2129 2128/2128
f 2132/2132 2133/2133 2134/2134
f 2135/2135 2133/2133 2132/2132
f 2136/2136 2134/2134 2137/2137
f 2132/2132 2134/2134 2136/2136
f 2138/2138 2137/2137 2139/2139
f 2136/2136 2137/2137 2138/2138
f 2140/2140 2141/2141 2142/2142
f 2143/2143 2141/2141 2140/2140
f 2144/2144 2145/2145 2146/2146
f 2147/2147 2145/2145 2144/2144
f 2148/2148 2145/2145 2149/2149
f 2146/2146 2145/2145 2148/2148
f 2150/2150 2141/2141 2151/2151
f 2142/2142 2141/2141 2150/2150
f 2152/2152 2153/2153 2154/2154
f 2155/2155 2153/2153 2152/2152
f 2156/2156 2157/2157 2158/2158
f 2159/2159 2157/2157 2156/2156
f 2160/2160 2161/2161 2162/2162
f 2163/2163 2161/2161 2160/2160
f 2164/2164 2161/2161 2165/2165
f 2162/2162 2161/2161 2164/2164
f 2166/2166 2167/2167 2168/2168
f 2169/2169 2167/2167 2166/2166
f 2170/2170 2167/2167 2171/2171
f 2168/2168 2167/2167 2170/2170
f 2172/2172 2157/2157 2173/2173
f 2158/2158 2157/2157 2172/2172
f 2174/2174 2175/2175 2176/2176
f 2177/2177 2175/2175 2174/2174
f 2178/2178 2179/2179 2180/2180
f 2181/2181 2179/2179 2178/2178
f 2182/2182 2183/2183 2184/2184
f 2185/2185 2183/2183 2182/2182
f 2186/2186 2187/2187 2188/2188
f 2189/2189 2187/2187 2186/2186
f 2190/2190 2187/2187 2191/2191
f 2188/2188 2187/2187 2190/2190
f 2192/2192 2193/2193 2194/2194
f 2195/2195 2193/2193 2192/2192
f 2196/2196 2197/2197 2198/2198
f 2199/2199 2197/2197 2196/2196
f 2200/2200 2183/2183 2201/2201
f 2184/2184 2183/2183 2200/2200
f 2202/2202 2203/2203 2204/2204
f 2205/2205 2203/2203 2202/2202
f 2206/2206 2203/2203 2207/2207
f 2204/2204 2203/2203 2206/2206
f 2208/2208 2209/2209 2210/2210
f 2211/2211 2209/2209 2208/2208
f 2212/2212 2213/2213 2214/2214
f 2215/2215 2213/2213 2212/2212
f 2216/2216 2179/2179 2181/2181
f 2217/2217 2179/2179 2216/2216
f 2218/2218 2219/2219 2220/2220
f 2221/2221 2219/2219 2218/2218
f 2222/2222 2223/2223 2224/2224
f 2225/2225 2223/2223 2222/2222
f 2226/2226 2223/2223 2227/2227
f 2224/2224 2223/2223 2226/2226
f 2228/2228 2219/2219 2229/2229
f 2220/2220 2219/2219 2228/2228
f 2230/2230 2231/2231 2232/2232
f 2233/2233 2231/2231 2230/2230
f 2234/2234 2235/2235 2236/2236
f 2237/2237 2235/2235 2234/2234
f 2238/2238 2239/2239 2240/2240
f 2241/2241 2239/2239 2238/2238
f 2242/2242 2239/2239 2243/2243
f 2240/2240 2239/2239 2242/2242
f 2244/2244 2245/2245 2246/2246
f 2247/2247 2245/2245 2244/2244
f 2248/2248 2245/2245 2249/2249
f 2246/2246 2245/2245 2248/2248
f 2250/2250 2235/2235 2251/2251
f 2236/2236 2235/2235 2250/2250
f 2252/2252 2253/2253 2254/2254
f 2255/2255 2253/2253 2252/2252
f 2256/2256 2257/2257 2258/2258
f 2259/2259 2257/2257 2256/2256
f 2260/2260 2261/2261 2262/2262
f 2262/2262 2261/2261 2263/2263
f 2261/2261 2264/2264 2263/2263
f 2263/2263 2264/2264 2265/2265
f 2264/2264 2266/2266 2265/2265
f 2267/2267 2266/2266 2264/2264
f 2268/2268 2267/2267 2264/2264
f 2269/2269 2267/2267 2268/2268
f 2268/2268 2270/2270 2269/2269
f 2271/2271 2270/2270 2268/2268
f 2271/2271 2272/2272 2270/2270
f 2273/2273 2272/2272 2271/2271
f 2272/2272 2274/2274 2275/2275
f 2273/2273 2274/2274 2272/2272
f 2276/2276 2277/2277 2278/2278
f 2279/2279 2277/2277 2276/2276
f 2279/2279 2276/2276 2280/2280
f 2280/2280 2276/2276 2281/2281
f 2281/2281 2282/2282 2280/2280
f 2283/2283 2282/2282 2281/2281
f 2284/2284 2285/2285 2286/2286
f 2287/2287 2285/2285 2284/2284
f 2288/2288 2289/2289 2290/2290
f 2291/2291 2289/2289 2288/2288
f 2292/2292 2293/2293 2294/2294
f 2295/2295 2293/2293 2292/2292
f 2296/2296 2295/2295 2292/2292
f 2297/2297 2295/2295 2296/2296
f 2298/2298 2299/2299 2300/2300
f 2301/2301 2299/2299 2298/2298
f 2294/2294 2302/2302 2303/2303
f 2293/2293 2302/2302 2294/2294
f 2304/2304 2305/2305 2306/2306
f 2307/2307 2305/2305 2304/2304
f 2308/2308 2309/2309 2310/2310
f 2311/2311 2309/2309 2308/2308
f 2312/2312 2313/2313 2314/2314
f 2315/2315 2313/2313 2312/2312
f 2316/2316 2317/2317 2318/2318
f 2319/2319 2317/2317 2316/2316
f 2320/2320 2321/2321 2322/2322
f 2323/2323 2321/2321 2320/2320
f 2324/2324 2325/2325 2326/2326
f 2327/2327 2325/2325 2324/2324
f 2326/2326 2328/2328 2329/2329
f 2325/2325 2328/2328 2326/2326
f 2329/2329 2330/2330 2331/2331
f 2328/2328 2330/2330 2329/2329
f 2332/2332 2333/2333 2334/2334
f 2335/2335 2332/2332 2334/2334
f 2336/2336 2335/2335 2334/2334
f 2337/2337 2336/2336 2334/2334
f 2338/2338 2337/2337 2334/2334
f 2339/2339 2338/2338 2334/2334
f 2340/2340 2339/2339 2334/2334
f 2341/2341 2340/2340 2334/2334
f 2342/2342 2341/2341 2334/2334
f 2343/2343 2342/2342 2334/2334
f 2344/2344 2343/2343 2334/2334
f 2345/2345 2343/2343 2344/2344
f 2346/2346 2347/2347 2348/2348
f 2349/2349 2346/2346 2348/2348
f 2350/2350 2349/2349 2348/2348
f 2351/2351 2350/2350 2348/2348
f 2352/2352 2351/2351 2348/2348
f 2353/2353 2352/2352 2348/2348
f 2354/2354 2353/2353 2348/2348
f 2355/2355 2354/2354 2348/2348
f 2356/2356 2355/2355 2348/2348
f 2357/2357 2356/2356 2348/2348
f 2358/2358 2357/2357 2348/2348
f 2359/2359 2358/2358 2348/2348
f 2360/2360 2361/2361 2362/2362
f 2363/2363 2360/2360 2362/2362
f 2364/2364 2363/2363 2362/2362
f 2365/2365 2364/2364 2362/2362
f 2366/2366 2365/2365 2362/2362
f 2367/2367 2366/2366 2362/2362
f 2368/2368 2367/2367 2362/2362
f 2369/2369 2368/2368 2362/2362
f 2370/2370 2369/2369 2362/2362
f 2371/2371 2370/2370 2362/2362
f 2372/2372 2371/2371 2362/2362
f 2373/2373 2371/2371 2372/2372
f 2374/2374 2375/2375 2376/2376
f 2377/2377 2374/2374 2376/2376
f 2378/2378 2377/2377 2376/2376
f 2379/2379 2378/2378 2376/2376
f 2380/2380 2379/2379 2376/2376
f 2381/2381 2380/2380 2376/2376
f 2382/2382 2381/2381 2376/2376
f 2383/2383 2382/2382 2376/2376
f 2384/2384 2383/2383 2376/2376
f 2385/2385 2384/2384 2376/2376
f 2386/2386 2385/2385 2376/2376
f 2387/2387 2386/2386 2376/2376
f 2388/2388 2389/2389 2390/2390
f 2391/2391 2388/2388 2390/2390
f 2392/2392 2391/2391 2390/2390
f 2393/2393 2392/2392 2390/2390
f 2394/2394 2393/2393 2390/2390
f 2395/2395 2394/2394 2390/2390
f 2396/2396 2395/2395 2390/2390
f 2397/2397 2396/2396 2390/2390
f 2398/2398 2397/2397 2390/2390
f 2399/2399 2398/2398 2390/2390
f 2400/2400 2399/2399 2390/2390
f 2401/2401 2399/2399 2400/2400
f 2402/2402 2403/2403 2404/2404
f 2405/2405 2402/2402 2404/2404
f 2406/2406 2405/2405 2404/2404
f 2407/2407 2406/2406 2404/2404
f 2408/2408 2407/2407 2404/2404
f 2409/2409 2408/2408 2404/2404
f 2410/2410 2409/2409 2404/2404
f 2411/2411 2410/2410 2404/2404
f 2412/2412 2411/2411 2404/2404
f 2413/2413 2412/2412 2404/2404
f 2414/2414 2413/2413 2404/2404
f 2415/2415 2414/2414 2404/2404
f 2416/2416 2417/2417 2418/2418
f 2419/2419 2417/2417 2416/2416
f 2420/2420 2421/2421 2422/2422
f 2423/2423 2421/2421 2420/2420
f 2423/2423 2420/2420 2424/2424
f 2425/2425 2423/2423 2424/2424
f 2426/2426 2425/2425 2424/2424
f 2427/2427 2424/2424 2420/2420
f 2322/2322 2327/2327 2324/2324
f 2321/2321 2327/2327 2322/2322
f 2428/2428 2318/2318 2317/2317
f 2429/2429 2318/2318 2428/2428
f 2319/2319 2331/2331 2330/2330
f 2316/2316 2331/2331 2319/2319
f 2430/2430 2431/2431 2432/2432
f 2433/2433 2431/2431 2430/2430
f 2434/2434 2433/2433 2430/2430
f 2435/2435 2433/2433 2434/2434
f 2434/2434 2436/2436 2435/2435
f 2437/2437 2436/2436 2434/2434
f 2436/2436 2437/2437 2438/2438
f 2438/2438 2437/2437 2432/2432
f 2439/2439 2438/2438 2432/2432
f 2431/2431 2439/2439 2432/2432
f 2439/2439 2431/2431 2440/2440
f 2440/2440 2431/2431 2441/2441
f 2440/2440 2441/2441 2442/2442
f 2442/2442 2441/2441 2443/2443
f 2436/2436 2442/2442 2443/2443
f 2438/2438 2442/2442 2436/2436
f 2444/2444 2445/2445 2446/2446
f 2447/2447 2445/2445 2444/2444
f 2448/2448 2449/2449 2450/2450
f 2451/2451 2449/2449 2448/2448
f 2452/2452 2453/2453 2454/2454
f 2455/2455 2453/2453 2452/2452
f 2456/2456 2457/2457 2458/2458
f 2459/2459 2457/2457 2456/2456
f 2459/2459 2460/2460 2457/2457
f 2461/2461 2460/2460 2459/2459
f 2461/2461 2462/2462 2460/2460
f 2463/2463 2462/2462 2461/2461
f 2464/2464 2465/2465 2466/2466
f 2467/2467 2465/2465 2464/2464
f 2468/2468 2469/2469 2470/2470
f 2471/2471 2469/2469 2468/2468
f 2463/2463 2466/2466 2462/2462
f 2464/2464 2466/2466 2463/2463
f 2472/2472 2473/2473 2474/2474
f 2475/2475 2473/2473 2472/2472
f 2476/2476 2473/2473 2475/2475
f 2477/2477 2476/2476 2475/2475
f 2478/2478 2476/2476 2477/2477
f 2479/2479 2473/2473 2476/2476
f 2470/2470 2480/2480 2468/2468
f 2481/2481 2480/2480 2470/2470
f 2458/2458 2471/2471 2456/2456
f 2469/2469 2471/2471 2458/2458
f 2482/2482 2483/2483 2484/2484
f 2485/2485 2483/2483 2482/2482
f 2485/2485 2486/2486 2483/2483
f 2487/2487 2486/2486 2485/2485
f 2487/2487 2488/2488 2486/2486
f 2489/2489 2488/2488 2487/2487
f 2490/2490 2491/2491 2492/2492
f 2493/2493 2491/2491 2490/2490
f 2494/2494 2495/2495 2496/2496
f 2497/2497 2495/2495 2494/2494
f 2498/2498 2499/2499 2500/2500
f 2501/2501 2499/2499 2498/2498
f 2502/2502 2499/2499 2501/2501
f 2503/2503 2502/2502 2501/2501
f 2504/2504 2502/2502 2503/2503
f 2505/2505 2499/2499 2502/2502
f 2489/2489 2492/2492 2488/2488
f 2490/2490 2492/2492 2489/2489
f 2496/2496 2506/2506 2494/2494
f 2507/2507 2506/2506 2496/2496
f 2484/2484 2497/2497 2482/2482
f 2495/2495 2497/2497 2484/2484
f 2508/2508 2509/2509 2510/2510
f 2511/2511 2509/2509 2508/2508
f 2511/2511 2512/2512 2509/2509
f 2513/2513 2512/2512 2511/2511
f 2513/2513 2514/2514 2512/2512
f 2515/2515 2514/2514 2513/2513
f 2516/2516 2514/2514 2515/2515
f 2517/2517 2514/2514 2516/2516
f 2518/2518 2519/2519 2520/2520
f 2521/2521 2519/2519 2518/2518
f 2522/2522 2523/2523 2524/2524
f 2524/2524 2523/2523 2525/2525
f 2525/2525 2526/2526 2524/2524
f 2524/2524 2526/2526 2527/2527
f 2526/2526 2528/2528 2527/2527
f 2529/2529 2527/2527 2528/2528
f 2530/2530 2527/2527 2529/2529
f 2531/2531 2530/2530 2529/2529
f 2532/2532 2530/2530 2531/2531
f 2523/2523 2532/2532 2531/2531
f 2533/2533 2534/2534 2535/2535
f 2536/2536 2534/2534 2533/2533
f 2536/2536 2537/2537 2534/2534
f 2538/2538 2537/2537 2536/2536
f 2538/2538 2539/2539 2537/2537
f 2540/2540 2539/2539 2538/2538
f 2541/2541 2539/2539 2540/2540
f 2542/2542 2539/2539 2541/2541
f 2543/2543 2544/2544 2545/2545
f 2546/2546 2544/2544 2543/2543
f 2547/2547 2548/2548 2549/2549
f 2550/2550 2548/2548 2547/2547
f 2547/2547 2551/2551 2550/2550
f 2550/2550 2551/2551 2552/2552
f 2551/2551 2553/2553 2552/2552
f 2552/2552 2553/2553 2554/2554
f 2553/2553 2555/2555 2554/2554
f 2554/2554 2555/2555 2556/2556
f 2557/2557 2558/2558 2559/2559
f 2560/2560 2558/2558 2557/2557
f 2561/2561 2562/2562 2563/2563
f 2564/2564 2562/2562 2561/2561
f 2561/2561 2565/2565 2564/2564
f 2564/2564 2565/2565 2566/2566
f 2565/2565 2567/2567 2566/2566
f 2566/2566 2567/2567 2568/2568
f 2567/2567 2569/2569 2568/2568
f 2568/2568 2569/2569 2570/2570
f 2571/2571 2572/2572 2573/2573
f 2574/2574 2572/2572 2571/2571
f 2575/2575 2576/2576 2577/2577
f 2577/2577 2576/2576 2578/2578
f 2577/2577 2578/2578 2579/2579
f 2579/2579 2578/2578 2580/2580
f 2581/2581 2579/2579 2580/2580
f 2582/2582 2579/2579 2581/2581
f 2581/2581 2583/2583 2582/2582
f 2582/2582 2583/2583 2584/2584
f 2575/2575 2582/2582 2584/2584
f 2576/2576 2575/2575 2584/2584
f 2585/2585 2576/2576 2584/2584
f 2586/2586 2576/2576 2585/2585
f 2587/2587 2586/2586 2585/2585
f 2588/2588 2586/2586 2587/2587
f 2587/2587 2581/2581 2588/2588
f 2583/2583 2581/2581 2587/2587
f 2589/2589 2590/2590 2591/2591
f 2592/2592 2590/2590 2589/2589
f 2593/2593 2594/2594 2595/2595
f 2596/2596 2594/2594 2593/2593
f 2530/2530 2597/2597 2598/2598
f 2532/2532 2597/2597 2530/2530
f 2599/2599 2600/2600 2601/2601
f 2602/2602 2600/2600 2599/2599
f 2603/2603 2602/2602 2599/2599
f 2604/2604 2602/2602 2603/2603
f 2605/2605 2604/2604 2603/2603
f 2606/2606 2604/2604 2605/2605
f 2607/2607 2608/2608 2609/2609
f 2610/2610 2608/2608 2607/2607
f 2611/2611 2612/2612 2613/2613
f 2614/2614 2612/2612 2611/2611
f 2609/2609 2606/2606 2605/2605
f 2608/2608 2606/2606 2609/2609
f 2615/2615 2616/2616 2617/2617
f 2618/2618 2616/2616 2615/2615
f 2618/2618 2619/2619 2616/2616
f 2620/2620 2619/2619 2618/2618
f 2620/2620 2621/2621 2619/2619
f 2622/2622 2621/2621 2620/2620
f 2623/2623 2621/2621 2622/2622
f 2624/2624 2621/2621 2623/2623
f 2625/2625 2626/2626 2627/2627
f 2628/2628 2626/2626 2625/2625
f 2629/2629 2630/2630 2631/2631
f 2632/2632 2630/2630 2629/2629
f 2632/2632 2629/2629 2633/2633
f 2634/2634 2632/2632 2633/2633
f 2635/2635 2634/2634 2633/2633
f 2636/2636 2633/2633 2629/2629
f 2637/2637 2613/2613 2612/2612
f 2638/2638 2613/2613 2637/2637
f 2614/2614 2601/2601 2600/2600
f 2611/2611 2601/2601 2614/2614
f 2639/2639 2640/2640 2641/2641
f 2642/2642 2640/2640 2639/2639
f 2642/2642 2643/2643 2640/2640
f 2644/2644 2643/2643 2642/2642
f 2644/2644 2645/2645 2643/2643
f 2646/2646 2645/2645 2644/2644
f 2647/2647 2645/2645 2646/2646
f 2648/2648 2645/2645 2647/2647
f 2649/2649 2650/2650 2651/2651
f 2652/2652 2650/2650 2649/2649
f 2653/2653 1230/1230 1227/1227
f 2654/2654 1233/1233 1232/1232
f 2655/2655 2654/2654 1232/1232
f 1230/1230 2655/2655 1232/1232
f 2656/2656 2655/2655 1230/1230
f 2656/2656 1230/1230 2653/2653
f 2657/2657 2656/2656 2653/2653
f 1347/1347 2658/2658 1345/1345
f 1345/1345 2658/2658 2659/2659
f 2658/2658 2660/2660 2659/2659
f 2659/2659 2660/2660 2661/2661
f 1273/1273 2661/2661 2660/2660
f 1276/1276 1273/1273 2660/2660
f 2662/2662 1276/1276 2660/2660
f 2663/2663 1276/1276 2662/2662
f 2662/2662 2664/2664 2663/2663
f 2665/2665 2664/2664 2662/2662
f 2665/2665 2666/2666 2664/2664
f 2667/2667 2666/2666 2665/2665
f 2666/2666 1237/1237 1239/1239
f 2667/2667 1237/1237 2666/2666
f 2668/2668 1332/1332 1331/1331
f 2669/2669 1332/1332 2668/2668
f 2670/2670 2669/2669 2668/2668
f 2671/2671 2669/2669 2670/2670
f 2670/2670 2672/2672 2671/2671
f 1234/1234 2672/2672 2670/2670
f 1234/1234 1233/1233 2672/2672
f 1233/1233 2673/2673 2672/2672
f 2654/2654 2673/2673 1233/1233
f 2654/2654 2674/2674 2673/2673
f 2655/2655 2674/2674 2654/2654
f 2655/2655 2675/2675 2674/2674
f 2656/2656 2675/2675 2655/2655
f 2656/2656 2676/2676 2675/2675
f 2657/2657 2676/2676 2656/2656
f 2677/2677 2676/2676 2657/2657
f 2678/2678 2676/2676 2677/2677
f 2679/2679 2680/2680 2681/2681
f 2682/2682 2680/2680 2679/2679
f 2683/2683 2684/2684 2685/2685
f 2686/2686 2684/2684 2683/2683
f 2687/2687 2686/2686 2683/2683
f 2688/2688 2686/2686 2687/2687
f 2689/2689 1218/1218 1219/1219
f 2690/2690 1218/1218 2689/2689
f 2689/2689 2691/2691 2690/2690
f 2690/2690 2691/2691 2692/2692
f 2693/2693 2694/2694 2695/2695
f 2696/2696 2694/2694 2693/2693
f 2685/2685 1241/1241 1243/1243
f 2684/2684 1241/1241 2685/2685
f 2697/2697 2695/2695 2698/2698
f 2693/2693 2695/2695 2697/2697
f 2699/2699 2700/2700 2701/2701
f 2702/2702 2700/2700 2699/2699
f 2703/2703 2702/2702 2699/2699
f 2704/2704 2702/2702 2703/2703
f 2705/2705 2704/2704 2703/2703
f 2706/2706 2704/2704 2705/2705
f 2707/2707 2706/2706 2705/2705
f 2708/2708 2706/2706 2707/2707
f 2709/2709 2708/2708 2707/2707
f 2710/2710 2708/2708 2709/2709
f 2711/2711 2710/2710 2709/2709
f 2712/2712 2710/2710 2711/2711
f 2713/2713 2712/2712 2711/2711
f 2714/2714 2712/2712 2713/2713
f 2715/2715 2714/2714 2713/2713
f 2716/2716 2714/2714 2715/2715
f 2681/2681 2716/2716 2715/2715
f 2680/2680 2716/2716 2681/2681
f 2717/2717 2718/2718 2719/2719
f 2720/2720 2717/2717 2719/2719
f 2720/2720 2721/2721 2717/2717
f 2721/2721 2722/2722 2717/2717
f 2717/2717 2722/2722 2723/2723
f 2717/2717 2723/2723 2724/2724
f 2725/2725 2726/2726 2727/2727
f 2728/2728 2726/2726 2725/2725
f 2728/2728 2698/2698 2726/2726
f 2697/2697 2698/2698 2728/2728
f 1200/1200 2729/2729 2730/2730
f 1202/1202 2729/2729 1200/1200
f 678/678 793/793 679/679
f 794/794 793/793 678/678
f 2731/2731 795/795 2732/2732
f 798/798 795/795 2731/2731
f 805/805 797/797 796/796
f 802/802 797/797 805/805
f 2731/2731 850/850 849/849
f 2732/2732 850/850 2731/2731
f 443/443 354/354 356/356
f 418/418 354/354 443/443
f 459/459 334/334 2733/2733
f 337/337 334/334 459/459
f 327/327 336/336 335/335
f 326/326 336/336 327/327
f 459/459 311/311 310/310
f 2733/2733 311/311 459/459
f 2734/2734 2735/2735 2736/2736
f 2737/2737 2735/2735 2734/2734
f 2738/2738 2735/2735 2737/2737
f 2739/2739 2735/2735 2738/2738
f 2740/2740 2739/2739 2738/2738
f 2741/2741 2739/2739 2740/2740
f 2742/2742 2741/2741 2740/2740
f 2743/2743 2741/2741 2742/2742
f 2744/2744 2743/2743 2742/2742
f 2745/2745 2743/2743 2744/2744
f 2746/2746 2747/2747 2748/2748
f 2749/2749 2747/2747 2746/2746
f 2750/2750 2749/2749 2746/2746
f 2751/2751 2749/2749 2750/2750
f 2752/2752 2751/2751 2750/2750
f 2753/2753 2751/2751 2752/2752
f 2754/2754 2753/2753 2752/2752
f 2755/2755 2753/2753 2754/2754
f 2756/2756 2755/2755 2754/2754
f 2757/2757 2755/2755 2756/2756
f 2758/2758 2757/2757 2756/2756
f 2759/2759 2757/2757 2758/2758
f 2760/2760 2759/2759 2758/2758
f 2761/2761 2759/2759 2760/2760
f 2762/2762 2761/2761 2760/2760
f 2763/2763 2761/2761 2762/2762
f 2764/2764 2763/2763 2762/2762
f 2765/2765 2763/2763 2764/2764
f 2766/2766 2767/2767 2768/2768
f 2769/2769 2767/2767 2766/2766
f 2770/2770 2769/2769 2766/2766
f 2771/2771 2769/2769 2770/2770
f 2734/2734 2771/2771 2770/2770
f 2736/2736 2771/2771 2734/2734
f 180/180 313/313 181/181
f 311/311 313/313 180/180
f 2733/2733 313/313 311/311
f 326/326 313/313 2733/2733
f 2733/2733 334/334 326/326
f 326/326 334/334 336/336
f 2772/2772 342/342 2773/2773
f 345/345 342/342 2772/2772
f 329/329 344/344 343/343
f 328/328 344/344 329/329
f 2772/2772 315/315 314/314
f 2773/2773 315/315 2772/2772
f 2774/2774 2775/2775 2776/2776
f 2777/2777 2775/2775 2774/2774
f 2777/2777 2778/2778 2775/2775
f 2779/2779 2778/2778 2777/2777
f 2779/2779 2780/2780 2778/2778
f 2781/2781 2780/2780 2779/2779
f 2782/2782 2783/2783 2784/2784
f 2785/2785 2783/2783 2782/2782
f 2781/2781 2786/2786 2780/2780
f 2787/2787 2786/2786 2781/2781
f 2788/2788 2789/2789 2790/2790
f 2791/2791 2789/2789 2788/2788
f 2788/2788 2792/2792 2791/2791
f 2791/2791 2792/2792 2793/2793
f 2794/2794 2785/2785 2782/2782
f 2795/2795 2785/2785 2794/2794
f 2796/2796 2795/2795 2794/2794
f 2797/2797 2795/2795 2796/2796
f 2798/2798 2765/2765 2764/2764
f 2799/2799 2765/2765 2798/2798
f 2800/2800 2801/2801 2802/2802
f 2801/2801 2803/2803 2802/2802
f 2804/2804 2803/2803 2801/2801
f 2804/2804 2805/2805 2803/2803
f 2806/2806 2805/2805 2804/2804
f 2806/2806 2807/2807 2805/2805
f 2808/2808 2807/2807 2806/2806
f 2808/2808 2809/2809 2807/2807
f 2810/2810 2809/2809 2808/2808
f 2811/2811 2809/2809 2810/2810
f 2812/2812 2809/2809 2811/2811
f 2813/2813 2814/2814 2815/2815
f 2816/2816 2814/2814 2813/2813
f 2817/2817 2816/2816 2813/2813
f 2818/2818 2816/2816 2817/2817
f 2817/2817 2802/2802 2818/2818
f 2800/2800 2802/2802 2817/2817
f 2819/2819 2820/2820 2821/2821
f 2822/2822 2820/2820 2819/2819
f 2823/2823 2824/2824 2825/2825
f 2825/2825 2824/2824 2826/2826
f 2824/2824 2827/2827 2826/2826
f 2826/2826 2827/2827 2828/2828
f 2829/2829 2828/2828 2827/2827
f 2830/2830 2829/2829 2827/2827
f 2831/2831 2830/2830 2827/2827
f 2832/2832 2830/2830 2831/2831
f 2831/2831 2833/2833 2832/2832
f 2834/2834 2833/2833 2831/2831
f 2834/2834 2819/2819 2833/2833
f 2822/2822 2819/2819 2834/2834
f 2804/2804 2801/2801 2835/2835
f 2806/2806 2804/2804 2835/2835
f 2836/2836 2806/2806 2835/2835
f 2808/2808 2806/2806 2836/2836
f 2808/2808 2836/2836 2837/2837
f 2810/2810 2808/2808 2837/2837
f 2837/2837 2836/2836 2838/2838
f 2839/2839 2840/2840 2841/2841
f 2841/2841 2840/2840 2842/2842
f 2840/2840 2843/2843 2842/2842
f 2842/2842 2843/2843 2844/2844
f 2843/2843 2789/2789 2844/2844
f 2790/2790 2789/2789 2843/2843
f 2845/2845 2846/2846 2847/2847
f 2767/2767 2845/2845 2847/2847
f 2768/2768 2767/2767 2847/2847
f 188/188 317/317 189/189
f 315/315 317/317 188/188
f 2773/2773 317/317 315/315
f 328/328 317/317 2773/2773
f 2773/2773 342/342 328/328
f 328/328 342/342 344/344
f 2848/2848 350/350 2849/2849
f 353/353 350/350 2848/2848
f 331/331 352/352 351/351
f 330/330 352/352 331/331
f 2848/2848 319/319 318/318
f 2849/2849 319/319 2848/2848
f 2838/2838 2850/2850 2851/2851
f 2836/2836 2850/2850 2838/2838
f 2836/2836 2852/2852 2850/2850
f 2835/2835 2852/2852 2836/2836
f 2801/2801 2852/2852 2835/2835
f 2800/2800 2852/2852 2801/2801
f 196/196 321/321 197/197
f 319/319 321/321 196/196
f 2849/2849 321/321 319/319
f 330/330 321/321 2849/2849
f 2849/2849 350/350 330/330
f 330/330 350/350 352/352
f 2853/2853 358/358 2854/2854
f 361/361 358/358 2853/2853
f 333/333 360/360 359/359
f 332/332 360/360 333/333
f 2853/2853 323/323 322/322
f 2854/2854 323/323 2853/2853
f 2847/2847 2846/2846 2855/2855
f 2839/2839 2847/2847 2855/2855
f 2841/2841 2847/2847 2839/2839
f 2856/2856 2820/2820 2857/2857
f 2821/2821 2820/2820 2856/2856
f 2858/2858 2783/2783 2859/2859
f 2784/2784 2783/2783 2858/2858
f 204/204 325/325 205/205
f 323/323 325/325 204/204
f 2854/2854 325/325 323/323
f 332/332 325/325 2854/2854
f 2854/2854 358/358 332/332
f 332/332 358/358 360/360
f 2860/2860 2861/2861 2862/2862
f 2861/2861 2863/2863 2862/2862
f 2864/2864 2863/2863 2861/2861
f 2865/2865 2866/2866 2867/2867
f 2868/2868 2865/2865 2867/2867
f 2869/2869 2865/2865 2868/2868
f 2870/2870 2871/2871 2872/2872
f 2873/2873 2871/2871 2870/2870
f 2864/2864 2874/2874 2863/2863
f 2863/2863 2875/2875 2862/2862
f 2876/2876 2875/2875 2863/2863
f 2829/2829 2877/2877 2878/2878
f 2830/2830 2877/2877 2829/2829
f 2879/2879 2880/2880 2881/2881
f 2882/2882 2880/2880 2879/2879
f 2883/2883 2884/2884 2885/2885
f 2886/2886 2884/2884 2883/2883
f 2883/2883 2887/2887 2886/2886
f 2888/2888 2887/2887 2883/2883
f 2888/2888 2889/2889 2887/2887
f 2890/2890 2889/2889 2888/2888
f 2890/2890 2891/2891 2889/2889
f 2892/2892 2891/2891 2890/2890
f 2892/2892 2893/2893 2891/2891
f 2894/2894 2893/2893 2892/2892
f 2895/2895 2896/2896 2897/2897
f 2898/2898 2896/2896 2895/2895
f 2898/2898 2884/2884 2896/2896
f 2885/2885 2884/2884 2898/2898
f 2899/2899 2900/2900 2901/2901
f 2902/2902 2900/2900 2899/2899
f 2903/2903 2902/2902 2899/2899
f 2904/2904 2902/2902 2903/2903
f 2905/2905 2904/2904 2903/2903
f 2906/2906 2904/2904 2905/2905
f 2907/2907 2906/2906 2905/2905
f 2908/2908 2906/2906 2907/2907
f 2308/2308 2909/2909 2311/2311
f 2910/2910 2909/2909 2308/2308
f 2911/2911 2912/2912 2913/2913
f 2914/2914 2912/2912 2911/2911
f 2915/2915 2897/2897 2916/2916
f 2895/2895 2897/2897 2915/2915
f 2917/2917 2918/2918 2919/2919
f 2920/2920 2918/2918 2917/2917
f 2921/2921 2922/2922 2923/2923
f 2924/2924 2922/2922 2921/2921
f 2925/2925 2922/2922 2924/2924
f 2926/2926 2922/2922 2925/2925
f 2927/2927 2928/2928 2929/2929
f 2930/2930 2928/2928 2927/2927
f 2931/2931 2932/2932 2933/2933
f 2933/2933 2932/2932 2934/2934
f 2933/2933 2934/2934 2935/2935
f 2935/2935 2934/2934 2936/2936
f 2935/2935 2936/2936 2937/2937
f 2937/2937 2936/2936 2938/2938
f 2938/2938 2939/2939 2937/2937
f 2940/2940 2939/2939 2938/2938
f 2940/2940 2941/2941 2939/2939
f 2942/2942 2941/2941 2940/2940
f 2942/2942 2943/2943 2941/2941
f 2944/2944 2943/2943 2942/2942
f 2944/2944 2945/2945 2943/2943
f 2943/2943 2945/2945 2946/2946
f 2945/2945 2947/2947 2946/2946
f 2946/2946 2947/2947 2948/2948
f 2947/2947 2949/2949 2948/2948
f 2950/2950 2949/2949 2947/2947
f 2932/2932 2949/2949 2950/2950
f 2931/2931 2949/2949 2932/2932
f 2928/2928 2951/2951 2929/2929
f 2952/2952 2951/2951 2928/2928
f 2953/2953 2951/2951 2952/2952
f 2954/2954 2951/2951 2953/2953
f 2815/2815 2814/2814 2955/2955
f 2956/2956 2955/2955 2814/2814
f 2957/2957 2955/2955 2956/2956
f 2958/2958 2957/2957 2956/2956
f 2959/2959 2957/2957 2958/2958
f 2960/2960 2959/2959 2958/2958
f 2961/2961 2959/2959 2960/2960
f 2962/2962 2961/2961 2960/2960
f 2963/2963 2961/2961 2962/2962
f 2963/2963 2962/2962 2964/2964
f 2964/2964 2962/2962 2718/2718
f 2718/2718 2965/2965 2964/2964
f 2717/2717 2965/2965 2718/2718
f 2717/2717 2724/2724 2965/2965
f 2965/2965 2724/2724 2966/2966
f 2825/2825 2312/2312 2823/2823
f 2315/2315 2312/2312 2825/2825
f 2967/2967 2968/2968 2969/2969
f 2970/2970 2968/2968 2967/2967
f 2971/2971 2968/2968 2970/2970
f 2972/2972 2968/2968 2971/2971
f 245/245 2973/2973 249/249
f 2098/2098 2973/2973 245/245
f 2974/2974 2975/2975 2976/2976
f 2976/2976 2975/2975 2977/2977
f 2975/2975 2978/2978 2977/2977
f 2979/2979 2978/2978 2975/2975
f 2980/2980 2981/2981 2982/2982
f 2983/2983 2981/2981 2980/2980
f 2954/2954 2984/2984 2985/2985
f 2953/2953 2984/2984 2954/2954
f 2986/2986 2987/2987 2988/2988
f 254/254 2987/2987 2986/2986
f 2989/2989 2990/2990 2991/2991
f 2992/2992 2990/2990 2989/2989
f 2993/2993 2994/2994 2995/2995
f 2996/2996 2994/2994 2993/2993
f 2997/2997 2998/2998 2999/2999
f 3000/3000 2998/2998 2997/2997
f 2974/2974 2967/2967 2969/2969
f 2976/2976 2967/2967 2974/2974
f 3001/3001 3002/3002 3003/3003
f 3004/3004 3002/3002 3001/3001
f 3005/3005 3006/3006 3007/3007
f 3008/3008 3006/3006 3005/3005
f 3009/3009 870/870 3010/3010
f 871/871 870/870 3009/3009
f 3011/3011 3012/3012 3013/3013
f 3014/3014 3012/3012 3011/3011
f 3015/3015 3016/3016 3017/3017
f 3018/3018 3016/3016 3015/3015
f 3019/3019 3020/3020 3021/3021
f 3020/3020 3022/3022 3021/3021
f 3023/3023 3022/3022 3020/3020
f 2927/2927 3024/3024 2930/2930
f 2930/2930 3024/3024 3025/3025
f 3024/3024 2984/2984 3025/3025
f 2985/2985 2984/2984 3024/3024
f 3026/3026 3027/3027 3028/3028
f 3029/3029 3026/3026 3028/3028
f 3030/3030 3029/3029 3028/3028
f 3031/3031 3032/3032 3033/3033
f 3033/3033 3032/3032 3034/3034
f 3032/3032 2990/2990 3034/3034
f 2991/2991 2990/2990 3032/3032
f 3035/3035 3036/3036 3037/3037
f 3038/3038 3036/3036 3035/3035
f 3039/3039 3036/3036 3038/3038
f 3040/3040 3041/3041 237/237
f 3042/3042 3041/3041 3040/3040
f 2992/2992 3041/3041 3042/3042
f 2989/2989 3041/3041 2992/2992
f 2980/2980 3043/3043 2983/2983
f 2983/2983 3043/3043 3044/3044
f 3043/3043 2998/2998 3044/3044
f 2999/2999 2998/2998 3043/3043
f 3045/3045 3046/3046 3047/3047
f 3047/3047 3048/3048 3049/3049
f 3046/3046 3048/3048 3047/3047
f 2981/2981 3050/3050 2982/2982
f 3051/3051 3050/3050 2981/2981
f 3000/3000 3050/3050 3051/3051
f 2997/2997 3050/3050 3000/3000
f 3011/3011 3052/3052 3014/3014
f 3014/3014 3052/3052 3053/3053
f 3052/3052 3002/3002 3053/3053
f 3003/3003 3002/3002 3052/3052
f 3049/3049 3048/3048 3054/3054
f 3055/3055 3048/3048 3046/3046
f 3056/3056 3048/3048 3055/3055
f 3012/3012 3057/3057 3013/3013
f 3058/3058 3057/3057 3012/3012
f 3004/3004 3057/3057 3058/3058
f 3001/3001 3057/3057 3004/3004
f 3059/3059 3060/3060 3061/3061
f 3062/3062 3060/3060 3059/3059
f 3063/3063 3062/3062 3059/3059
f 3064/3064 3062/3062 3063/3063
f 3065/3065 3064/3064 3063/3063
f 3066/3066 3064/3064 3065/3065
f 3067/3067 3066/3066 3065/3065
f 3068/3068 3066/3066 3067/3067
f 3069/3069 3068/3068 3067/3067
f 3070/3070 3068/3068 3069/3069
f 3071/3071 3070/3070 3069/3069
f 3072/3072 3070/3070 3071/3071
f 3073/3073 3072/3072 3071/3071
f 3074/3074 3072/3072 3073/3073
f 3075/3075 3074/3074 3073/3073
f 3076/3076 3074/3074 3075/3075
f 2286/2286 3076/3076 3075/3075
f 2285/2285 3076/3076 2286/2286
f 3036/3036 3039/3039 3077/3077
f 2915/2915 3036/3036 3077/3077
f 2916/2916 3036/3036 2915/2915
f 2858/2858 2310/2310 2309/2309
f 2859/2859 2310/2310 2858/2858
f 2856/2856 2314/2314 2313/2313
f 2857/2857 2314/2314 2856/2856
f 3078/3078 3079/3079 3080/3080
f 3081/3081 3079/3079 3078/3078
f 3082/3082 3081/3081 3078/3078
f 3083/3083 3081/3081 3082/3082
f 3084/3084 3083/3083 3082/3082
f 3085/3085 3083/3083 3084/3084
f 3086/3086 3087/3087 3088/3088
f 3089/3089 3087/3087 3086/3086
f 3090/3090 3091/3091 3092/3092
f 3093/3093 3091/3091 3090/3090
f 848/848 804/804 846/846
f 850/850 804/804 848/848
f 2732/2732 804/804 850/850
f 802/802 804/804 2732/2732
f 2732/2732 795/795 802/802
f 802/802 795/795 797/797
f 3094/3094 3095/3095 3096/3096
f 3097/3097 3095/3095 3094/3094
f 3094/3094 3098/3098 3097/3097
f 3097/3097 3098/3098 3099/3099
f 3098/3098 3100/3100 3099/3099
f 3099/3099 3100/3100 3101/3101
f 3100/3100 3102/3102 3101/3101
f 3101/3101 3102/3102 3103/3103
f 3104/3104 3105/3105 3106/3106
f 3107/3107 3105/3105 3104/3104
f 3108/3108 3107/3107 3104/3104
f 3109/3109 3107/3107 3108/3108
f 3110/3110 3109/3109 3108/3108
f 3111/3111 3109/3109 3110/3110
f 3112/3112 3111/3111 3110/3110
f 3113/3113 3111/3111 3112/3112
f 3114/3114 3113/3113 3112/3112
f 3115/3115 3113/3113 3114/3114
f 3116/3116 3115/3115 3114/3114
f 3117/3117 3115/3115 3116/3116
f 3118/3118 3117/3117 3116/3116
f 3119/3119 3117/3117 3118/3118
f 3120/3120 3119/3119 3118/3118
f 3121/3121 3119/3119 3120/3120
f 3122/3122 3121/3121 3120/3120
f 3123/3123 3121/3121 3122/3122
f 3124/3124 3123/3123 3122/3122
f 3125/3125 3123/3123 3124/3124
f 3126/3126 3125/3125 3124/3124
f 3127/3127 3125/3125 3126/3126
f 3128/3128 3127/3127 3126/3126
f 3129/3129 3127/3127 3128/3128
f 3130/3130 3129/3129 3128/3128
f 3131/3131 3129/3129 3130/3130
f 3132/3132 3131/3131 3130/3130
f 3133/3133 3131/3131 3132/3132
f 3134/3134 3133/3133 3132/3132
f 3135/3135 3133/3133 3134/3134
f 3136/3136 3135/3135 3134/3134
f 3137/3137 3135/3135 3136/3136
f 3138/3138 3137/3137 3136/3136
f 3139/3139 3137/3137 3138/3138
f 3140/3140 3139/3139 3138/3138
f 3141/3141 3139/3139 3140/3140
f 3142/3142 3141/3141 3140/3140
f 3143/3143 3141/3141 3142/3142
f 3144/3144 3143/3143 3142/3142
f 3145/3145 3143/3143 3144/3144
f 3146/3146 3145/3145 3144/3144
f 3147/3147 3145/3145 3146/3146
f 3148/3148 3147/3147 3146/3146
f 3149/3149 3147/3147 3148/3148
f 3150/3150 3149/3149 3148/3148
f 3151/3151 3149/3149 3150/3150
f 3152/3152 3151/3151 3150/3150
f 3153/3153 3151/3151 3152/3152
f 3154/3154 3153/3153 3152/3152
f 3155/3155 3153/3153 3154/3154
f 3156/3156 3157/3157 3158/3158
f 3159/3159 3157/3157 3156/3156
f 3159/3159 3156/3156 3160/3160
f 3161/3161 3159/3159 3160/3160
f 3162/3162 3161/3161 3160/3160
f 3163/3163 3160/3160 3156/3156
f 3088/3088 3085/3085 3084/3084
f 3087/3087 3085/3085 3088/3088
f 3164/3164 3092/3092 3091/3091
f 3165/3165 3092/3092 3164/3164
f 3093/3093 3080/3080 3079/3079
f 3090/3090 3080/3080 3093/3093
f 3166/3166 3167/3167 3168/3168
f 3169/3169 3167/3167 3166/3166
f 3170/3170 3169/3169 3166/3166
f 3171/3171 3169/3169 3170/3170
f 3170/3170 3172/3172 3171/3171
f 3173/3173 3172/3172 3170/3170
f 3172/3172 3173/3173 3174/3174
f 3174/3174 3173/3173 3168/3168
f 3175/3175 3174/3174 3168/3168
f 3167/3167 3175/3175 3168/3168
f 3175/3175 3167/3167 3176/3176
f 3176/3176 3167/3167 3177/3177
f 3176/3176 3177/3177 3178/3178
f 3178/3178 3177/3177 3179/3179
f 3172/3172 3178/3178 3179/3179
f 3174/3174 3178/3178 3172/3172
f 3180/3180 3181/3181 3182/3182
f 3183/3183 3181/3181 3180/3180
f 3184/3184 3185/3185 3186/3186
f 3187/3187 3185/3185 3184/3184
f 3188/3188 3189/3189 3190/3190
f 3191/3191 3189/3189 3188/3188
f 3192/3192 3193/3193 3194/3194
f 3195/3195 3193/3193 3192/3192
f 3195/3195 3196/3196 3193/3193
f 3197/3197 3196/3196 3195/3195
f 3197/3197 3198/3198 3196/3196
f 3199/3199 3198/3198 3197/3197
f 3200/3200 3201/3201 3202/3202
f 3203/3203 3201/3201 3200/3200
f 3204/3204 3205/3205 3206/3206
f 3207/3207 3205/3205 3204/3204
f 3199/3199 3202/3202 3198/3198
f 3200/3200 3202/3202 3199/3199
f 3208/3208 3209/3209 3210/3210
f 3211/3211 3209/3209 3208/3208
f 3212/3212 3209/3209 3211/3211
f 3213/3213 3212/3212 3211/3211
f 3214/3214 3212/3212 3213/3213
f 3215/3215 3209/3209 3212/3212
f 3206/3206 3216/3216 3204/3204
f 3217/3217 3216/3216 3206/3206
f 3194/3194 3207/3207 3192/3192
f 3205/3205 3207/3207 3194/3194
f 3218/3218 3219/3219 3220/3220
f 3221/3221 3218/3218 3220/3220
f 3222/3222 3221/3221 3220/3220
f 3223/3223 3222/3222 3220/3220
f 3224/3224 3223/3223 3220/3220
f 3225/3225 3224/3224 3220/3220
f 3226/3226 3225/3225 3220/3220
f 3227/3227 3226/3226 3220/3220
f 3228/3228 3227/3227 3220/3220
f 3229/3229 3228/3228 3220/3220
f 3230/3230 3229/3229 3220/3220
f 3231/3231 3230/3230 3220/3220
f 3232/3232 3231/3231 3220/3220
f 3233/3233 3232/3232 3220/3220
f 3234/3234 3233/3233 3220/3220
f 3235/3235 3234/3234 3220/3220
f 3236/3236 3235/3235 3220/3220
f 3237/3237 3236/3236 3220/3220
f 3238/3238 3237/3237 3220/3220
f 3239/3239 3238/3238 3220/3220
f 3240/3240 3239/3239 3220/3220
f 3241/3241 3240/3240 3220/3220
f 3242/3242 3241/3241 3220/3220
f 3243/3243 3244/3244 3245/3245
f 3246/3246 3243/3243 3245/3245
f 3246/3246 3247/3247 3243/3243
f 3247/3247 3248/3248 3243/3243
f 3243/3243 3248/3248 3249/3249
f 3243/3243 3249/3249 3250/3250
f 3251/3251 3252/3252 3253/3253
f 3254/3254 3252/3252 3251/3251
f 3251/3251 3255/3255 3254/3254
f 3256/3256 3255/3255 3251/3251
f 3256/3256 3257/3257 3255/3255
f 3258/3258 3257/3257 3256/3256
f 3258/3258 3259/3259 3257/3257
f 3260/3260 3259/3259 3258/3258
f 3260/3260 3261/3261 3259/3259
f 3262/3262 3261/3261 3260/3260
f 3263/3263 3264/3264 3265/3265
f 3266/3266 3263/3263 3265/3265
f 3267/3267 3266/3266 3265/3265
f 3268/3268 3267/3267 3265/3265
f 3269/3269 3268/3268 3265/3265
f 3270/3270 3269/3269 3265/3265
f 3271/3271 3270/3270 3265/3265
f 3272/3272 3271/3271 3265/3265
f 3273/3273 3272/3272 3265/3265
f 3274/3274 3273/3273 3265/3265
f 3275/3275 3274/3274 3265/3265
f 3276/3276 3275/3275 3265/3265
f 3277/3277 3276/3276 3265/3265
f 3278/3278 3277/3277 3265/3265
f 3279/3279 3278/3278 3265/3265
f 3280/3280 3279/3279 3265/3265
f 3281/3281 3280/3280 3265/3265
f 3282/3282 3281/3281 3265/3265
f 3283/3283 3282/3282 3265/3265
f 3284/3284 3283/3283 3265/3265
f 3285/3285 3284/3284 3265/3265
f 3286/3286 3285/3285 3265/3265
f 3287/3287 3286/3286 3265/3265
f 3288/3288 3289/3289 3290/3290
f 3291/3291 3289/3289 3288/3288
f 3292/3292 3291/3291 3288/3288
f 3293/3293 3291/3291 3292/3292
f 3294/3294 3293/3293 3292/3292
f 3295/3295 3293/3293 3294/3294
f 3296/3296 3295/3295 3294/3294
f 3297/3297 3295/3295 3296/3296
f 3298/3298 3297/3297 3296/3296
f 3299/3299 3297/3297 3298/3298
f 3300/3300 3299/3299 3298/3298
f 3301/3301 3299/3299 3300/3300
f 3302/3302 3301/3301 3300/3300
f 3303/3303 3301/3301 3302/3302
f 3304/3304 3303/3303 3302/3302
f 3305/3305 3303/3303 3304/3304
f 3306/3306 3305/3305 3304/3304
f 3307/3307 3305/3305 3306/3306
f 3308/3308 3307/3307 3306/3306
f 3309/3309 3307/3307 3308/3308
f 3310/3310 3309/3309 3308/3308
f 3311/3311 3309/3309 3310/3310
f 3312/3312 3311/3311 3310/3310
f 3313/3313 3311/3311 3312/3312
f 3314/3314 3313/3313 3312/3312
f 3315/3315 3313/3313 3314/3314
f 3316/3316 3315/3315 3314/3314
f 3317/3317 3315/3315 3316/3316
f 3318/3318 3317/3317 3316/3316
f 3319/3319 3317/3317 3318/3318
f 3320/3320 3319/3319 3318/3318
f 3321/3321 3319/3319 3320/3320
f 3322/3322 3321/3321 3320/3320
f 3323/3323 3321/3321 3322/3322
f 3324/3324 3323/3323 3322/3322
f 3325/3325 3323/3323 3324/3324
f 3326/3326 3325/3325 3324/3324
f 3327/3327 3325/3325 3326/3326
f 3328/3328 3327/3327 3326/3326
f 3329/3329 3327/3327 3328/3328
f 3330/3330 3329/3329 3328/3328
f 3331/3331 3329/3329 3330/3330
f 3332/3332 3331/3331 3330/3330
f 3333/3333 3331/3331 3332/3332
f 3334/3334 3333/3333 3332/3332
f 3335/3335 3333/3333 3334/3334
f 3336/3336 3335/3335 3334/3334
f 3337/3337 3335/3335 3336/3336
f 3338/3338 3337/3337 3336/3336
f 3339/3339 3337/3337 3338/3338
f 3340/3340 3341/3341 3342/3342
f 3343/3343 3341/3341 3340/3340
f 3344/3344 3343/3343 3340/3340
f 3345/3345 3343/3343 3344/3344
f 3346/3346 3345/3345 3344/3344
f 3347/3347 3345/3345 3346/3346
f 3348/3348 3347/3347 3346/3346
f 3349/3349 3347/3347 3348/3348
f 3350/3350 3349/3349 3348/3348
f 3351/3351 3349/3349 3350/3350
f 3352/3352 3351/3351 3350/3350
f 3353/3353 3351/3351 3352/3352
f 3354/3354 3353/3353 3352/3352
f 3355/3355 3353/3353 3354/3354
f 3356/3356 3355/3355 3354/3354
f 3357/3357 3355/3355 3356/3356
f 3358/3358 3357/3357 3356/3356
f 3359/3359 3357/3357 3358/3358
f 3360/3360 3359/3359 3358/3358
f 3361/3361 3359/3359 3360/3360
f 3362/3362 3361/3361 3360/3360
f 3363/3363 3361/3361 3362/3362
f 3364/3364 3363/3363 3362/3362
f 3365/3365 3363/3363 3364/3364
f 3366/3366 3365/3365 3364/3364
f 3367/3367 3365/3365 3366/3366
f 3368/3368 3367/3367 3366/3366
f 3369/3369 3367/3367 3368/3368
f 3370/3370 3369/3369 3368/3368
f 3371/3371 3369/3369 3370/3370
f 3372/3372 3371/3371 3370/3370
f 3373/3373 3371/3371 3372/3372
f 3374/3374 3373/3373 3372/3372
f 3375/3375 3373/3373 3374/3374
f 3376/3376 3375/3375 3374/3374
f 3377/3377 3375/3375 3376/3376
f 3378/3378 3377/3377 3376/3376
f 3379/3379 3377/3377 3378/3378
f 3380/3380 3379/3379 3378/3378
f 3381/3381 3379/3379 3380/3380
f 3382/3382 3381/3381 3380/3380
f 3383/3383 3381/3381 3382/3382
f 3384/3384 3383/3383 3382/3382
f 3385/3385 3383/3383 3384/3384
f 3386/3386 3385/3385 3384/3384
f 3387/3387 3385/3385 3386/3386
f 3388/3388 3387/3387 3386/3386
f 3389/3389 3387/3387 3388/3388
f 3390/3390 3389/3389 3388/3388
f 3391/3391 3389/3389 3390/3390
f 3392/3392 3393/3393 3394/3394
f 3395/3395 3393/3393 3392/3392
f 3396/3396 3395/3395 3392/3392
f 3397/3397 3395/3395 3396/3396
f 3398/3398 3397/3397 3396/3396
f 3399/3399 3397/3397 3398/3398
f 3400/3400 3399/3399 3398/3398
f 3401/3401 3399/3399 3400/3400
f 3402/3402 3401/3401 3400/3400
f 3403/3403 3401/3401 3402/3402
f 3404/3404 3403/3403 3402/3402
f 3405/3405 3403/3403 3404/3404
f 3406/3406 3405/3405 3404/3404
f 3407/3407 3405/3405 3406/3406
f 3408/3408 3407/3407 3406/3406
f 3409/3409 3407/3407 3408/3408
f 3410/3410 3409/3409 3408/3408
f 3411/3411 3409/3409 3410/3410
f 3412/3412 3411/3411 3410/3410
f 3413/3413 3411/3411 3412/3412
f 3414/3414 3413/3413 3412/3412
f 3415/3415 3413/3413 3414/3414
f 3416/3416 3415/3415 3414/3414
f 3417/3417 3415/3415 3416/3416
f 3418/3418 3417/3417 3416/3416
f 3419/3419 3417/3417 3418/3418
f 3420/3420 3419/3419 3418/3418
f 3421/3421 3419/3419 3420/3420
f 3422/3422 3421/3421 3420/3420
f 3423/3423 3421/3421 3422/3422
f 3424/3424 3423/3423 3422/3422
f 3425/3425 3423/3423 3424/3424
f 3426/3426 3425/3425 3424/3424
f 3427/3427 3425/3425 3426/3426
f 3428/3428 3427/3427 3426/3426
f 3429/3429 3427/3427 3428/3428
f 3430/3430 3429/3429 3428/3428
f 3431/3431 3429/3429 3430/3430
f 3432/3432 3431/3431 3430/3430
f 3433/3433 3431/3431 3432/3432
f 3434/3434 3433/3433 3432/3432
f 3435/3435 3433/3433 3434/3434
f 3436/3436 3435/3435 3434/3434
f 3437/3437 3435/3435 3436/3436
f 3438/3438 3437/3437 3436/3436
f 3439/3439 3437/3437 3438/3438
f 3440/3440 3439/3439 3438/3438
f 3441/3441 3439/3439 3440/3440
f 3442/3442 3441/3441 3440/3440
f 3443/3443 3441/3441 3442/3442
f 3444/3444 3445/3445 3446/3446
f 3447/3447 3445/3445 3444/3444
f 3447/3447 3448/3448 3445/3445
f 3449/3449 3448/3448 3447/3447
f 3449/3449 3252/3252 3448/3448
f 3253/3253 3252/3252 3449/3449
f 3450/3450 3451/3451 3452/3452
f 3453/3453 3451/3451 3450/3450
f 3454/3454 3453/3453 3450/3450
f 3455/3455 3453/3453 3454/3454
f 3456/3456 3455/3455 3454/3454
f 3457/3457 3455/3455 3456/3456
f 3458/3458 3459/3459 3460/3460
f 3461/3461 3459/3459 3458/3458
f 3462/3462 3457/3457 3456/3456
f 3463/3463 3457/3457 3462/3462
f 3464/3464 3465/3465 3466/3466
f 3467/3467 3465/3465 3464/3464
f 3468/3468 3469/3469 3470/3470
f 3471/3471 3468/3468 3470/3470
f 3472/3472 3471/3471 3470/3470
f 3473/3473 3472/3472 3470/3470
f 3474/3474 3473/3473 3470/3470
f 3475/3475 3474/3474 3470/3470
f 3476/3476 3475/3475 3470/3470
f 3477/3477 3476/3476 3470/3470
f 3478/3478 3477/3477 3470/3470
f 3479/3479 3478/3478 3470/3470
f 3480/3480 3479/3479 3470/3470
f 3481/3481 3480/3480 3470/3470
f 3482/3482 3481/3481 3470/3470
f 3483/3483 3482/3482 3470/3470
f 3484/3484 3483/3483 3470/3470
f 3485/3485 3484/3484 3470/3470
f 3486/3486 3485/3485 3470/3470
f 3487/3487 3486/3486 3470/3470
f 3488/3488 3487/3487 3470/3470
f 3489/3489 3488/3488 3470/3470
f 3490/3490 3489/3489 3470/3470
f 3491/3491 3490/3490 3470/3470
f 3492/3492 3491/3491 3470/3470
f 3493/3493 3494/3494 3495/3495
f 3495/3495 3494/3494 3496/3496
f 3495/3495 3496/3496 3497/3497
f 3497/3497 3496/3496 3498/3498
f 3497/3497 3498/3498 3499/3499
f 3499/3499 3498/3498 3500/3500
f 3500/3500 3501/3501 3499/3499
f 3502/3502 3501/3501 3500/3500
f 3502/3502 3503/3503 3501/3501
f 3504/3504 3503/3503 3502/3502
f 3504/3504 3505/3505 3503/3503
f 3506/3506 3505/3505 3504/3504
f 3506/3506 3507/3507 3505/3505
f 3505/3505 3507/3507 3508/3508
f 3507/3507 3509/3509 3508/3508
f 3508/3508 3509/3509 3510/3510
f 3509/3509 3511/3511 3510/3510
f 3512/3512 3511/3511 3509/3509
f 3494/3494 3511/3511 3512/3512
f 3493/3493 3511/3511 3494/3494
f 3513/3513 3514/3514 3515/3515
f 3516/3516 3514/3514 3513/3513
f 3517/3517 3518/3518 3519/3519
f 3520/3520 3517/3517 3519/3519
f 3521/3521 3520/3520 3519/3519
f 3522/3522 3521/3521 3519/3519
f 3523/3523 3522/3522 3519/3519
f 3524/3524 3523/3523 3519/3519
f 3525/3525 3524/3524 3519/3519
f 3526/3526 3525/3525 3519/3519
f 3527/3527 3526/3526 3519/3519
f 3528/3528 3527/3527 3519/3519
f 3529/3529 3528/3528 3519/3519
f 3530/3530 3529/3529 3519/3519
f 3531/3531 3530/3530 3519/3519
f 3532/3532 3531/3531 3519/3519
f 3533/3533 3532/3532 3519/3519
f 3534/3534 3533/3533 3519/3519
f 3535/3535 3534/3534 3519/3519
f 3536/3536 3535/3535 3519/3519
f 3537/3537 3536/3536 3519/3519
f 3538/3538 3537/3537 3519/3519
f 3539/3539 3538/3538 3519/3519
f 3540/3540 3539/3539 3519/3519
f 3541/3541 3540/3540 3519/3519
f 3542/3542 3543/3543 3544/3544
f 3544/3544 3543/3543 3545/3545
f 3544/3544 3545/3545 3546/3546
f 3546/3546 3545/3545 3547/3547
f 3547/3547 3548/3548 3546/3546
f 3546/3546 3548/3548 3549/3549
f 3548/3548 3550/3550 3549/3549
f 3549/3549 3550/3550 3551/3551
f 3552/3552 3549/3549 3551/3551
f 3553/3553 3549/3549 3552/3552
f 3513/3513 3553/3553 3552/3552
f 3515/3515 3553/3553 3513/3513
f 3554/3554 3555/3555 3556/3556
f 3557/3557 3554/3554 3556/3556
f 3558/3558 3557/3557 3556/3556
f 3559/3559 3558/3558 3556/3556
f 3560/3560 3559/3559 3556/3556
f 3561/3561 3560/3560 3556/3556
f 3562/3562 3561/3561 3556/3556
f 3563/3563 3562/3562 3556/3556
f 3564/3564 3563/3563 3556/3556
f 3565/3565 3564/3564 3556/3556
f 3566/3566 3565/3565 3556/3556
f 3567/3567 3566/3566 3556/3556
f 3568/3568 3567/3567 3556/3556
f 3569/3569 3568/3568 3556/3556
f 3570/3570 3569/3569 3556/3556
f 3571/3571 3570/3570 3556/3556
f 3572/3572 3571/3571 3556/3556
f 3573/3573 3572/3572 3556/3556
f 3574/3574 3573/3573 3556/3556
f 3575/3575 3574/3574 3556/3556
f 3576/3576 3575/3575 3556/3556
f 3577/3577 3576/3576 3556/3556
f 3578/3578 3577/3577 3556/3556
f 3579/3579 3580/3580 3581/3581
f 3444/3444 3579/3579 3581/3581
f 3446/3446 3579/3579 3444/3444
f 3582/3582 3583/3583 3584/3584
f 3585/3585 3582/3582 3584/3584
f 3586/3586 3585/3585 3584/3584
f 3587/3587 3586/3586 3584/3584
f 3588/3588 3587/3587 3584/3584
f 3589/3589 3588/3588 3584/3584
f 3590/3590 3589/3589 3584/3584
f 3591/3591 3590/3590 3584/3584
f 3592/3592 3591/3591 3584/3584
f 3593/3593 3592/3592 3584/3584
f 3594/3594 3593/3593 3584/3584
f 3595/3595 3594/3594 3584/3584
f 3596/3596 3595/3595 3584/3584
f 3597/3597 3596/3596 3584/3584
f 3598/3598 3597/3597 3584/3584
f 3599/3599 3598/3598 3584/3584
f 3600/3600 3599/3599 3584/3584
f 3601/3601 3600/3600 3584/3584
f 3602/3602 3601/3601 3584/3584
f 3603/3603 3602/3602 3584/3584
f 3604/3604 3603/3603 3584/3584
f 3605/3605 3604/3604 3584/3584
f 3606/3606 3605/3605 3584/3584
f 3607/3607 3608/3608 3609/3609
f 3610/3610 3607/3607 3609/3609
f 3611/3611 3610/3610 3609/3609
f 3612/3612 3611/3611 3609/3609
f 3613/3613 3612/3612 3609/3609
f 3614/3614 3613/3613 3609/3609
f 3615/3615 3614/3614 3609/3609
f 3616/3616 3615/3615 3609/3609
f 3617/3617 3616/3616 3609/3609
f 3618/3618 3617/3617 3609/3609
f 3619/3619 3618/3618 3609/3609
f 3620/3620 3619/3619 3609/3609
f 3621/3621 3622/3622 3623/3623
f 3624/3624 3621/3621 3623/3623
f 3625/3625 3624/3624 3623/3623
f 3626/3626 3625/3625 3623/3623
f 3627/3627 3626/3626 3623/3623
f 3628/3628 3627/3627 3623/3623
f 3629/3629 3628/3628 3623/3623
f 3630/3630 3629/3629 3623/3623
f 3631/3631 3630/3630 3623/3623
f 3632/3632 3631/3631 3623/3623
f 3633/3633 3632/3632 3623/3623
f 3634/3634 3632/3632 3633/3633
f 3635/3635 3636/3636 3637/3637
f 3638/3638 3636/3636 3635/3635
f 3639/3639 3638/3638 3635/3635
f 3640/3640 3638/3638 3639/3639
f 3641/3641 3640/3640 3639/3639
f 3642/3642 3640/3640 3641/3641
f 3643/3643 3642/3642 3641/3641
f 3644/3644 3642/3642 3643/3643
f 3645/3645 3644/3644 3643/3643
f 3646/3646 3644/3644 3645/3645
f 3647/3647 3646/3646 3645/3645
f 3648/3648 3646/3646 3647/3647
f 3649/3649 3648/3648 3647/3647
f 3650/3650 3648/3648 3649/3649
f 3651/3651 3650/3650 3649/3649
f 3652/3652 3650/3650 3651/3651
f 3653/3653 3652/3652 3651/3651
f 3654/3654 3652/3652 3653/3653
f 3655/3655 3654/3654 3653/3653
f 3656/3656 3654/3654 3655/3655
f 3657/3657 3656/3656 3655/3655
f 3658/3658 3656/3656 3657/3657
f 3659/3659 3658/3658 3657/3657
f 3660/3660 3658/3658 3659/3659
f 3661/3661 3660/3660 3659/3659
f 3662/3662 3660/3660 3661/3661
f 3663/3663 3662/3662 3661/3661
f 3664/3664 3662/3662 3663/3663
f 3665/3665 3664/3664 3663/3663
f 3666/3666 3664/3664 3665/3665
f 3667/3667 3666/3666 3665/3665
f 3668/3668 3666/3666 3667/3667
f 3669/3669 3668/3668 3667/3667
f 3670/3670 3668/3668 3669/3669
f 3671/3671 3670/3670 3669/3669
f 3672/3672 3670/3670 3671/3671
f 3673/3673 3672/3672 3671/3671
f 3674/3674 3672/3672 3673/3673
f 3675/3675 3674/3674 3673/3673
f 3676/3676 3674/3674 3675/3675
f 3677/3677 3676/3676 3675/3675
f 3678/3678 3676/3676 3677/3677
f 3679/3679 3678/3678 3677/3677
f 3680/3680 3678/3678 3679/3679
f 3681/3681 3680/3680 3679/3679
f 3682/3682 3680/3680 3681/3681
f 3683/3683 3682/3682 3681/3681
f 3684/3684 3682/3682 3683/3683
f 3685/3685 3684/3684 3683/3683
f 3686/3686 3684/3684 3685/3685
f 3687/3687 3579/3579 3688/3688
f 3689/3689 3579/3579 3687/3687
f 3580/3580 3579/3579 3689/3689
f 3514/3514 3690/3690 3691/3691
f 3516/3516 3690/3690 3514/3514
f 3458/3458 3692/3692 3693/3693
f 3460/3460 3692/3692 3458/3458
f 3694/3694 3695/3695 3696/3696
f 3697/3697 3694/3694 3696/3696
f 3698/3698 3697/3697 3696/3696
f 3699/3699 3698/3698 3696/3696
f 3700/3700 3699/3699 3696/3696
f 3701/3701 3700/3700 3696/3696
f 3702/3702 3701/3701 3696/3696
f 3703/3703 3702/3702 3696/3696
f 3704/3704 3703/3703 3696/3696
f 3705/3705 3704/3704 3696/3696
f 3706/3706 3705/3705 3696/3696
f 3707/3707 3706/3706 3696/3696
f 3708/3708 3707/3707 3696/3696
f 3709/3709 3708/3708 3696/3696
f 3710/3710 3709/3709 3696/3696
f 3711/3711 3710/3710 3696/3696
f 3712/3712 3711/3711 3696/3696
f 3713/3713 3712/3712 3696/3696
f 3714/3714 3713/3713 3696/3696
f 3715/3715 3714/3714 3696/3696
f 3716/3716 3715/3715 3696/3696
f 3717/3717 3716/3716 3696/3696
f 3718/3718 3717/3717 3696/3696
f 3719/3719 3720/3720 3721/3721
f 3721/3721 3722/3722 3723/3723
f 3720/3720 3722/3722 3721/3721
f 3724/3724 3725/3725 3726/3726
f 3727/3727 3724/3724 3726/3726
f 3728/3728 3727/3727 3726/3726
f 3729/3729 3728/3728 3726/3726
f 3730/3730 3729/3729 3726/3726
f 3731/3731 3730/3730 3726/3726
f 3732/3732 3731/3731 3726/3726
f 3733/3733 3732/3732 3726/3726
f 3734/3734 3733/3733 3726/3726
f 3735/3735 3734/3734 3726/3726
f 3736/3736 3735/3735 3726/3726
f 3737/3737 3736/3736 3726/3726
f 3738/3738 3737/3737 3726/3726
f 3739/3739 3738/3738 3726/3726
f 3740/3740 3739/3739 3726/3726
f 3741/3741 3740/3740 3726/3726
f 3742/3742 3741/3741 3726/3726
f 3743/3743 3742/3742 3726/3726
f 3744/3744 3743/3743 3726/3726
f 3745/3745 3744/3744 3726/3726
f 3746/3746 3745/3745 3726/3726
f 3747/3747 3746/3746 3726/3726
f 3748/3748 3747/3747 3726/3726
f 3749/3749 3750/3750 3751/3751
f 3752/3752 3750/3750 3749/3749
f 3753/3753 3752/3752 3749/3749
f 3754/3754 3752/3752 3753/3753
f 3755/3755 3754/3754 3753/3753
f 3756/3756 3754/3754 3755/3755
f 3757/3757 3756/3756 3755/3755
f 3758/3758 3756/3756 3757/3757
f 3759/3759 3758/3758 3757/3757
f 3760/3760 3758/3758 3759/3759
f 3761/3761 3760/3760 3759/3759
f 3762/3762 3760/3760 3761/3761
f 3763/3763 3762/3762 3761/3761
f 3764/3764 3762/3762 3763/3763
f 3765/3765 3764/3764 3763/3763
f 3766/3766 3764/3764 3765/3765
f 3767/3767 3766/3766 3765/3765
f 3768/3768 3766/3766 3767/3767
f 3769/3769 3768/3768 3767/3767
f 3770/3770 3768/3768 3769/3769
f 3771/3771 3770/3770 3769/3769
f 3772/3772 3770/3770 3771/3771
f 3773/3773 3772/3772 3771/3771
f 3774/3774 3772/3772 3773/3773
f 3775/3775 3774/3774 3773/3773
f 3776/3776 3774/3774 3775/3775
f 3777/3777 3776/3776 3775/3775
f 3778/3778 3776/3776 3777/3777
f 3779/3779 3778/3778 3777/3777
f 3780/3780 3778/3778 3779/3779
f 3781/3781 3780/3780 3779/3779
f 3782/3782 3780/3780 3781/3781
f 3783/3783 3782/3782 3781/3781
f 3784/3784 3782/3782 3783/3783
f 3785/3785 3784/3784 3783/3783
f 3786/3786 3784/3784 3785/3785
f 3787/3787 3786/3786 3785/3785
f 3788/3788 3786/3786 3787/3787
f 3789/3789 3788/3788 3787/3787
f 3790/3790 3788/3788 3789/3789
f 3791/3791 3790/3790 3789/3789
f 3792/3792 3790/3790 3791/3791
f 3793/3793 3792/3792 3791/3791
f 3794/3794 3792/3792 3793/3793
f 3795/3795 3794/3794 3793/3793
f 3796/3796 3794/3794 3795/3795
f 3797/3797 3796/3796 3795/3795
f 3798/3798 3796/3796 3797/3797
f 3799/3799 3798/3798 3797/3797
f 3800/3800 3798/3798 3799/3799
f 3723/3723 3722/3722 3801/3801
f 3802/3802 3722/3722 3720/3720
f 3803/3803 3722/3722 3802/3802
f 3804/3804 3548/3548 3805/3805
f 3550/3550 3548/3548 3804/3804
f 3806/3806 3807/3807 3808/3808
f 3809/3809 3807/3807 3806/3806
f 3810/3810 3811/3811 3812/3812
f 3813/3813 3810/3810 3812/3812
f 3814/3814 3813/3813 3812/3812
f 3815/3815 3814/3814 3812/3812
f 3816/3816 3815/3815 3812/3812
f 3817/3817 3816/3816 3812/3812
f 3818/3818 3817/3817 3812/3812
f 3819/3819 3818/3818 3812/3812
f 3820/3820 3819/3819 3812/3812
f 3821/3821 3820/3820 3812/3812
f 3822/3822 3821/3821 3812/3812
f 3823/3823 3822/3822 3812/3812
f 3824/3824 3823/3823 3812/3812
f 3825/3825 3824/3824 3812/3812
f 3826/3826 3825/3825 3812/3812
f 3827/3827 3826/3826 3812/3812
f 3828/3828 3827/3827 3812/3812
f 3829/3829 3828/3828 3812/3812
f 3830/3830 3829/3829 3812/3812
f 3831/3831 3830/3830 3812/3812
f 3832/3832 3831/3831 3812/3812
f 3833/3833 3832/3832 3812/3812
f 3834/3834 3833/3833 3812/3812
f 3835/3835 3836/3836 3837/3837
f 3838/3838 3836/3836 3835/3835
f 3839/3839 3836/3836 3838/3838
f 3840/3840 3836/3836 3839/3839
f 3841/3841 3840/3840 3839/3839
f 3842/3842 3840/3840 3841/3841
f 3843/3843 3842/3842 3841/3841
f 3844/3844 3842/3842 3843/3843
f 3845/3845 3844/3844 3843/3843
f 3846/3846 3844/3844 3845/3845
f 3847/3847 3848/3848 3849/3849
f 3850/3850 3848/3848 3847/3847
f 3851/3851 3850/3850 3847/3847
f 3852/3852 3850/3850 3851/3851
f 3853/3853 3852/3852 3851/3851
f 3854/3854 3852/3852 3853/3853
f 3855/3855 3854/3854 3853/3853
f 3856/3856 3854/3854 3855/3855
f 3857/3857 3856/3856 3855/3855
f 3858/3858 3856/3856 3857/3857
f 3859/3859 3858/3858 3857/3857
f 3860/3860 3858/3858 3859/3859
f 3861/3861 3860/3860 3859/3859
f 3862/3862 3860/3860 3861/3861
f 3863/3863 3862/3862 3861/3861
f 3864/3864 3862/3862 3863/3863
f 3865/3865 3864/3864 3863/3863
f 3866/3866 3864/3864 3865/3865
f 3867/3867 3868/3868 3869/3869
f 3870/3870 3868/3868 3867/3867
f 3835/3835 3870/3870 3867/3867
f 3837/3837 3870/3870 3835/3835
f 3871/3871 3872/3872 3873/3873
f 3874/3874 3871/3871 3873/3873
f 3875/3875 3874/3874 3873/3873
f 3876/3876 3875/3875 3873/3873
f 3877/3877 3876/3876 3873/3873
f 3878/3878 3877/3877 3873/3873
f 3879/3879 3878/3878 3873/3873
f 3880/3880 3879/3879 3873/3873
f 3881/3881 3880/3880 3873/3873
f 3882/3882 3881/3881 3873/3873
f 3883/3883 3882/3882 3873/3873
f 3884/3884 3883/3883 3873/3873
f 3885/3885 3884/3884 3873/3873
f 3886/3886 3885/3885 3873/3873
f 3887/3887 3886/3886 3873/3873
f 3888/3888 3887/3887 3873/3873
f 3889/3889 3888/3888 3873/3873
f 3890/3890 3889/3889 3873/3873
f 3891/3891 3890/3890 3873/3873
f 3892/3892 3891/3891 3873/3873
f 3893/3893 3892/3892 3873/3873
f 3894/3894 3893/3893 3873/3873
f 3895/3895 3894/3894 3873/3873
f 3896/3896 3897/3897 3898/3898
f 3899/3899 3897/3897 3896/3896
f 3899/3899 3900/3900 3897/3897
f 3901/3901 3900/3900 3899/3899
f 3901/3901 3902/3902 3900/3900
f 3903/3903 3902/3902 3901/3901
f 3903/3903 3904/3904 3902/3902
f 3905/3905 3904/3904 3903/3903
f 3906/3906 3907/3907 3908/3908
f 3909/3909 3907/3907 3906/3906
f 3910/3910 3911/3911 3912/3912
f 3913/3913 3911/3911 3910/3910
f 3914/3914 3909/3909 3906/3906
f 3915/3915 3909/3909 3914/3914
f 3916/3916 3915/3915 3914/3914
f 3917/3917 3915/3915 3916/3916
f 3869/3869 3918/3918 3919/3919
f 3868/3868 3918/3918 3869/3869
f 3920/3920 3866/3866 3865/3865
f 3921/3921 3866/3866 3920/3920
f 3543/3543 3922/3922 3923/3923
f 3542/3542 3922/3922 3543/3543
f 3924/3924 3925/3925 3926/3926
f 3927/3927 3924/3924 3926/3926
f 3928/3928 3927/3927 3926/3926
f 3929/3929 3927/3927 3928/3928
f 3929/3929 3928/3928 3930/3930
f 3931/3931 3929/3929 3930/3930
f 3930/3930 3928/3928 3932/3932
f 3933/3933 3934/3934 3935/3935
f 3935/3935 3934/3934 3936/3936
f 3934/3934 3937/3937 3936/3936
f 3936/3936 3937/3937 3938/3938
f 3937/3937 3911/3911 3938/3938
f 3912/3912 3911/3911 3937/3937
f 3939/3939 3940/3940 3941/3941
f 3942/3942 3939/3939 3941/3941
f 3943/3943 3942/3942 3941/3941
f 3944/3944 3943/3943 3941/3941
f 3945/3945 3944/3944 3941/3941
f 3946/3946 3945/3945 3941/3941
f 3947/3947 3946/3946 3941/3941
f 3948/3948 3947/3947 3941/3941
f 3949/3949 3948/3948 3941/3941
f 3950/3950 3949/3949 3941/3941
f 3951/3951 3950/3950 3941/3941
f 3952/3952 3951/3951 3941/3941
f 3953/3953 3952/3952 3941/3941
f 3954/3954 3953/3953 3941/3941
f 3955/3955 3954/3954 3941/3941
f 3956/3956 3955/3955 3941/3941
f 3957/3957 3956/3956 3941/3941
f 3958/3958 3957/3957 3941/3941
f 3959/3959 3958/3958 3941/3941
f 3960/3960 3959/3959 3941/3941
f 3961/3961 3960/3960 3941/3941
f 3962/3962 3961/3961 3941/3941
f 3963/3963 3962/3962 3941/3941
f 3932/3932 3964/3964 3965/3965
f 3928/3928 3964/3964 3932/3932
f 3928/3928 3966/3966 3964/3964
f 3926/3926 3966/3966 3928/3928
f 3925/3925 3966/3966 3926/3926
f 3967/3967 3966/3966 3925/3925
f 3968/3968 3969/3969 3970/3970
f 3971/3971 3968/3968 3970/3970
f 3972/3972 3971/3971 3970/3970
f 3973/3973 3972/3972 3970/3970
f 3974/3974 3973/3973 3970/3970
f 3975/3975 3974/3974 3970/3970
f 3976/3976 3975/3975 3970/3970
f 3977/3977 3976/3976 3970/3970
f 3978/3978 3977/3977 3970/3970
f 3979/3979 3978/3978 3970/3970
f 3980/3980 3979/3979 3970/3970
f 3981/3981 3980/3980 3970/3970
f 3982/3982 3981/3981 3970/3970
f 3983/3983 3982/3982 3970/3970
f 3984/3984 3983/3983 3970/3970
f 3985/3985 3984/3984 3970/3970
f 3986/3986 3985/3985 3970/3970
f 3987/3987 3986/3986 3970/3970
f 3988/3988 3987/3987 3970/3970
f 3989/3989 3988/3988 3970/3970
f 3990/3990 3989/3989 3970/3970
f 3991/3991 3990/3990 3970/3970
f 3992/3992 3991/3991 3970/3970
f 3993/3993 3994/3994 3995/3995
f 3933/3933 3993/3993 3995/3995
f 3935/3935 3993/3993 3933/3933
f 3996/3996 3922/3922 3997/3997
f 3923/3923 3922/3922 3996/3996
f 3998/3998 3907/3907 3999/3999
f 3908/3908 3907/3907 3998/3998
f 4000/4000 4001/4001 4002/4002
f 4003/4003 4000/4000 4002/4002
f 4004/4004 4003/4003 4002/4002
f 4005/4005 4004/4004 4002/4002
f 4006/4006 4005/4005 4002/4002
f 4007/4007 4006/4006 4002/4002
f 4008/4008 4007/4007 4002/4002
f 4009/4009 4008/4008 4002/4002
f 4010/4010 4009/4009 4002/4002
f 4011/4011 4010/4010 4002/4002
f 4012/4012 4011/4011 4002/4002
f 4013/4013 4012/4012 4002/4002
f 4014/4014 4013/4013 4002/4002
f 4015/4015 4014/4014 4002/4002
f 4016/4016 4015/4015 4002/4002
f 4017/4017 4016/4016 4002/4002
f 4018/4018 4017/4017 4002/4002
f 4019/4019 4018/4018 4002/4002
f 4020/4020 4019/4019 4002/4002
f 4021/4021 4020/4020 4002/4002
f 4022/4022 4021/4021 4002/4002
f 4023/4023 4022/4022 4002/4002
f 4024/4024 4023/4023 4002/4002
f 4025/4025 4026/4026 4027/4027
f 4026/4026 4028/4028 4027/4027
f 4029/4029 4028/4028 4026/4026
f 4030/4030 4031/4031 4032/4032
f 4033/4033 4030/4030 4032/4032
f 4034/4034 4033/4033 4032/4032
f 4035/4035 4034/4034 4032/4032
f 4036/4036 4035/4035 4032/4032
f 4037/4037 4036/4036 4032/4032
f 4038/4038 4037/4037 4032/4032
f 4039/4039 4038/4038 4032/4032
f 4040/4040 4039/4039 4032/4032
f 4041/4041 4040/4040 4032/4032
f 4042/4042 4041/4041 4032/4032
f 4043/4043 4042/4042 4032/4032
f 4044/4044 4043/4043 4032/4032
f 4045/4045 4044/4044 4032/4032
f 4046/4046 4045/4045 4032/4032
f 4047/4047 4046/4046 4032/4032
f 4048/4048 4047/4047 4032/4032
f 4049/4049 4048/4048 4032/4032
f 4050/4050 4049/4049 4032/4032
f 4051/4051 4050/4050 4032/4032
f 4052/4052 4051/4051 4032/4032
f 4053/4053 4052/4052 4032/4032
f 4054/4054 4053/4053 4032/4032
f 4055/4055 4056/4056 4057/4057
f 4058/4058 4056/4056 4055/4055
f 4059/4059 4058/4058 4055/4055
f 4060/4060 4058/4058 4059/4059
f 4061/4061 4060/4060 4059/4059
f 4062/4062 4060/4060 4061/4061
f 4063/4063 4062/4062 4061/4061
f 4064/4064 4062/4062 4063/4063
f 4065/4065 4064/4064 4063/4063
f 4066/4066 4064/4064 4065/4065
f 4067/4067 4066/4066 4065/4065
f 4068/4068 4066/4066 4067/4067
f 4069/4069 4068/4068 4067/4067
f 4070/4070 4068/4068 4069/4069
f 4071/4071 4070/4070 4069/4069
f 4072/4072 4070/4070 4071/4071
f 4073/4073 4072/4072 4071/4071
f 4074/4074 4072/4072 4073/4073
f 4075/4075 4074/4074 4073/4073
f 4076/4076 4074/4074 4075/4075
f 4077/4077 4076/4076 4075/4075
f 4078/4078 4076/4076 4077/4077
f 4079/4079 4078/4078 4077/4077
f 4080/4080 4078/4078 4079/4079
f 4081/4081 4080/4080 4079/4079
f 4082/4082 4080/4080 4081/4081
f 4083/4083 4082/4082 4081/4081
f 4084/4084 4082/4082 4083/4083
f 4085/4085 4084/4084 4083/4083
f 4086/4086 4084/4084 4085/4085
f 4087/4087 4086/4086 4085/4085
f 4088/4088 4086/4086 4087/4087
f 4089/4089 4088/4088 4087/4087
f 4090/4090 4088/4088 4089/4089
f 4091/4091 4090/4090 4089/4089
f 4092/4092 4090/4090 4091/4091
f 4093/4093 4092/4092 4091/4091
f 4094/4094 4092/4092 4093/4093
f 4095/4095 4094/4094 4093/4093
f 4096/4096 4094/4094 4095/4095
f 4097/4097 4096/4096 4095/4095
f 4098/4098 4096/4096 4097/4097
f 4099/4099 4098/4098 4097/4097
f 4100/4100 4098/4098 4099/4099
f 4101/4101 4100/4100 4099/4099
f 4102/4102 4100/4100 4101/4101
f 4103/4103 4102/4102 4101/4101
f 4104/4104 4102/4102 4103/4103
f 4105/4105 4104/4104 4103/4103
f 4106/4106 4104/4104 4105/4105
f 4107/4107 4108/4108 4109/4109
f 4110/4110 4108/4108 4107/4107
f 4111/4111 4110/4110 4107/4107
f 4112/4112 4110/4110 4111/4111
f 4113/4113 4112/4112 4111/4111
f 4114/4114 4112/4112 4113/4113
f 4115/4115 4114/4114 4113/4113
f 4116/4116 4114/4114 4115/4115
f 4117/4117 4116/4116 4115/4115
f 4118/4118 4116/4116 4117/4117
f 4119/4119 4118/4118 4117/4117
f 4120/4120 4118/4118 4119/4119
f 4121/4121 4120/4120 4119/4119
f 4122/4122 4120/4120 4121/4121
f 4123/4123 4122/4122 4121/4121
f 4124/4124 4122/4122 4123/4123
f 4125/4125 4124/4124 4123/4123
f 4126/4126 4124/4124 4125/4125
f 4127/4127 4126/4126 4125/4125
f 4128/4128 4126/4126 4127/4127
f 4129/4129 4128/4128 4127/4127
f 4130/4130 4128/4128 4129/4129
f 4131/4131 4130/4130 4129/4129
f 4132/4132 4130/4130 4131/4131
f 4133/4133 4132/4132 4131/4131
f 4134/4134 4132/4132 4133/4133
f 4135/4135 4134/4134 4133/4133
f 4136/4136 4134/4134 4135/4135
f 4137/4137 4136/4136 4135/4135
f 4138/4138 4136/4136 4137/4137
f 4139/4139 4138/4138 4137/4137
f 4140/4140 4138/4138 4139/4139
f 4141/4141 4140/4140 4139/4139
f 4142/4142 4140/4140 4141/4141
f 4143/4143 4142/4142 4141/4141
f 4144/4144 4142/4142 4143/4143
f 4145/4145 4144/4144 4143/4143
f 4146/4146 4144/4144 4145/4145
f 4147/4147 4146/4146 4145/4145
f 4148/4148 4146/4146 4147/4147
f 4149/4149 4148/4148 4147/4147
f 4150/4150 4148/4148 4149/4149
f 4151/4151 4150/4150 4149/4149
f 4152/4152 4150/4150 4151/4151
f 4153/4153 4152/4152 4151/4151
f 4154/4154 4152/4152 4153/4153
f 4155/4155 4154/4154 4153/4153
f 4156/4156 4154/4154 4155/4155
f 4157/4157 4156/4156 4155/4155
f 4158/4158 4156/4156 4157/4157
f 4159/4159 4160/4160 4161/4161
f 4161/4161 4160/4160 4162/4162
f 4160/4160 4163/4163 4162/4162
f 4162/4162 4163/4163 4164/4164
f 4163/4163 4165/4165 4164/4164
f 4164/4164 4165/4165 4166/4166
f 4165/4165 4167/4167 4166/4166
f 4166/4166 4167/4167 4168/4168
f 4167/4167 4169/4169 4168/4168
f 4168/4168 4169/4169 4170/4170
f 4169/4169 4171/4171 4170/4170
f 4170/4170 4171/4171 4172/4172
f 4171/4171 4173/4173 4172/4172
f 4172/4172 4173/4173 4174/4174
f 4173/4173 4175/4175 4174/4174
f 4174/4174 4175/4175 4176/4176
f 4175/4175 4177/4177 4176/4176
f 4176/4176 4177/4177 4178/4178
f 4177/4177 4179/4179 4178/4178
f 4178/4178 4179/4179 4180/4180
f 4179/4179 4181/4181 4180/4180
f 4180/4180 4181/4181 4182/4182
f 4181/4181 4183/4183 4182/4182
f 4182/4182 4183/4183 4184/4184
f 4183/4183 4185/4185 4184/4184
f 4184/4184 4185/4185 4186/4186
f 4185/4185 4187/4187 4186/4186
f 4186/4186 4187/4187 4188/4188
f 4187/4187 4189/4189 4188/4188
f 4188/4188 4189/4189 4190/4190
f 4189/4189 4191/4191 4190/4190
f 4190/4190 4191/4191 4192/4192
f 4191/4191 4193/4193 4192/4192
f 4192/4192 4193/4193 4194/4194
f 4193/4193 4195/4195 4194/4194
f 4194/4194 4195/4195 4196/4196
f 4195/4195 4197/4197 4196/4196
f 4196/4196 4197/4197 4198/4198
f 4197/4197 4199/4199 4198/4198
f 4198/4198 4199/4199 4200/4200
f 4199/4199 4201/4201 4200/4200
f 4200/4200 4201/4201 4202/4202
f 4201/4201 4203/4203 4202/4202
f 4202/4202 4203/4203 4204/4204
f 4203/4203 4205/4205 4204/4204
f 4204/4204 4205/4205 4206/4206
f 4205/4205 4207/4207 4206/4206
f 4206/4206 4207/4207 4208/4208
f 4207/4207 4209/4209 4208/4208
f 4208/4208 4209/4209 4210/4210
f 4211/4211 4212/4212 4213/4213
f 4213/4213 4212/4212 4214/4214
f 4213/4213 4214/4214 4215/4215
f 4215/4215 4214/4214 4216/4216
f 4215/4215 4216/4216 4217/4217
f 4217/4217 4216/4216 4218/4218
f 4217/4217 4218/4218 4219/4219
f 4219/4219 4218/4218 4220/4220
f 4219/4219 4220/4220 4221/4221
f 4221/4221 4220/4220 4222/4222
f 4221/4221 4222/4222 4223/4223
f 4223/4223 4222/4222 4224/4224
f 4223/4223 4224/4224 4225/4225
f 4225/4225 4224/4224 4226/4226
f 4225/4225 4226/4226 4227/4227
f 4227/4227 4226/4226 4228/4228
f 4227/4227 4228/4228 4229/4229
f 4229/4229 4228/4228 4230/4230
f 4231/4231 4232/4232 4233/4233
f 4233/4233 4232/4232 4234/4234
f 4233/4233 4234/4234 4235/4235
f 4235/4235 4234/4234 4236/4236
f 4235/4235 4236/4236 4237/4237
f 4237/4237 4236/4236 4238/4238
f 4237/4237 4238/4238 4239/4239
f 4239/4239 4238/4238 4240/4240
f 4239/4239 4240/4240 4241/4241
f 4241/4241 4240/4240 4242/4242
f 4241/4241 4242/4242 4243/4243
f 4243/4243 4242/4242 4244/4244
f 4243/4243 4244/4244 4245/4245
f 4245/4245 4244/4244 4246/4246
f 4245/4245 4246/4246 4247/4247
f 4247/4247 4246/4246 4248/4248
f 4247/4247 4248/4248 4211/4211
f 4211/4211 4248/4248 4212/4212
f 4249/4249 4250/4250 4251/4251
f 4251/4251 4250/4250 4252/4252
f 4251/4251 4252/4252 4253/4253
f 4253/4253 4252/4252 4254/4254
f 4253/4253 4254/4254 4255/4255
f 4255/4255 4254/4254 4256/4256
f 4255/4255 4256/4256 4257/4257
f 4257/4257 4256/4256 4258/4258
f 4257/4257 4258/4258 4259/4259
f 4259/4259 4258/4258 4260/4260
f 4259/4259 4260/4260 4261/4261
f 4261/4261 4260/4260 4262/4262
f 4261/4261 4262/4262 4231/4231
f 4231/4231 4262/4262 4232/4232
f 4263/4263 4264/4264 4265/4265
f 4265/4265 4264/4264 4266/4266
f 4264/4264 4267/4267 4266/4266
f 4266/4266 4267/4267 4268/4268
f 4267/4267 4269/4269 4268/4268
f 4268/4268 4269/4269 4270/4270
f 4269/4269 4271/4271 4270/4270
f 4270/4270 4271/4271 4272/4272
f 4271/4271 4273/4273 4272/4272
f 4272/4272 4273/4273 4274/4274
f 4273/4273 4275/4275 4274/4274
f 4274/4274 4275/4275 4276/4276
f 4275/4275 4277/4277 4276/4276
f 4276/4276 4277/4277 4278/4278
f 4277/4277 4279/4279 4278/4278
f 4278/4278 4279/4279 4280/4280
f 4279/4279 4281/4281 4280/4280
f 4280/4280 4281/4281 4282/4282
f 4281/4281 4283/4283 4282/4282
f 4282/4282 4283/4283 4284/4284
f 4283/4283 4285/4285 4284/4284
f 4284/4284 4285/4285 4286/4286
f 4285/4285 4287/4287 4286/4286
f 4286/4286 4287/4287 4288/4288
f 4287/4287 4289/4289 4288/4288
f 4288/4288 4289/4289 4290/4290
f 4289/4289 4291/4291 4290/4290
f 4290/4290 4291/4291 4292/4292
f 4291/4291 4293/4293 4292/4292
f 4294/4294 4293/4293 4291/4291
f 4294/4294 4295/4295 4293/4293
f 4296/4296 4295/4295 4294/4294
f 4296/4296 4297/4297 4295/4295
f 4298/4298 4297/4297 4296/4296
f 4298/4298 4299/4299 4297/4297
f 4300/4300 4299/4299 4298/4298
f 4300/4300 4301/4301 4299/4299
f 4302/4302 4301/4301 4300/4300
f 4302/4302 4303/4303 4301/4301
f 4304/4304 4303/4303 4302/4302
f 4304/4304 4305/4305 4303/4303
f 4306/4306 4305/4305 4304/4304
f 4306/4306 4307/4307 4305/4305
f 4308/4308 4307/4307 4306/4306
f 4308/4308 4309/4309 4307/4307
f 4310/4310 4309/4309 4308/4308
f 4310/4310 4311/4311 4309/4309
f 4312/4312 4311/4311 4310/4310
f 4312/4312 4265/4265 4311/4311
f 4263/4263 4265/4265 4312/4312
f 4313/4313 4314/4314 4315/4315
f 4315/4315 4314/4314 4316/4316
f 4315/4315 4316/4316 4317/4317
f 4317/4317 4316/4316 4318/4318
f 4317/4317 4318/4318 4319/4319
f 4319/4319 4318/4318 4320/4320
f 4319/4319 4320/4320 4321/4321
f 4321/4321 4320/4320 4322/4322
f 4321/4321 4322/4322 4323/4323
f 4323/4323 4322/4322 4324/4324
f 4323/4323 4324/4324 4325/4325
f 4325/4325 4324/4324 4326/4326
f 4325/4325 4326/4326 4327/4327
f 4327/4327 4326/4326 4328/4328
f 4327/4327 4328/4328 4329/4329
f 4329/4329 4328/4328 4330/4330
f 4329/4329 4330/4330 4331/4331
f 4331/4331 4330/4330 4332/4332
f 4333/4333 4334/4334 4335/4335
f 4335/4335 4334/4334 4336/4336
f 4335/4335 4336/4336 4337/4337
f 4337/4337 4336/4336 4338/4338
f 4337/4337 4338/4338 4339/4339
f 4339/4339 4338/4338 4340/4340
f 4339/4339 4340/4340 4341/4341
f 4341/4341 4340/4340 4342/4342
f 4341/4341 4342/4342 4343/4343
f 4343/4343 4342/4342 4344/4344
f 4343/4343 4344/4344 4345/4345
f 4345/4345 4344/4344 4346/4346
f 4345/4345 4346/4346 4347/4347
f 4347/4347 4346/4346 4348/4348
f 4347/4347 4348/4348 4349/4349
f 4349/4349 4348/4348 4350/4350
f 4349/4349 4350/4350 4313/4313
f 4313/4313 4350/4350 4314/4314
f 4351/4351 4352/4352 4353/4353
f 4353/4353 4352/4352 4354/4354
f 4353/4353 4354/4354 4355/4355
f 4355/4355 4354/4354 4356/4356
f 4355/4355 4356/4356 4357/4357
f 4357/4357 4356/4356 4358/4358
f 4357/4357 4358/4358 4359/4359
f 4359/4359 4358/4358 4360/4360
f 4359/4359 4360/4360 4361/4361
f 4361/4361 4360/4360 4362/4362
f 4361/4361 4362/4362 4363/4363
f 4363/4363 4362/4362 4364/4364
f 4363/4363 4364/4364 4333/4333
f 4333/4333 4364/4364 4334/4334
f 4365/4365 4366/4366 4367/4367
f 4367/4367 4366/4366 4368/4368
f 4367/4367 4368/4368 4369/4369
f 4369/4369 4368/4368 4370/4370
f 4369/4369 4370/4370 4371/4371
f 4371/4371 4370/4370 4372/4372
f 4371/4371 4372/4372 4373/4373
f 4373/4373 4372/4372 4374/4374
f 4373/4373 4374/4374 4375/4375
f 4375/4375 4374/4374 4376/4376
f 4375/4375 4376/4376 4377/4377
f 4377/4377 4376/4376 4378/4378
f 4377/4377 4378/4378 4379/4379
f 4379/4379 4378/4378 4380/4380
f 4381/4381 4379/4379 4380/4380
f 4382/4382 4379/4379 4381/4381
f 4383/4383 4382/4382 4381/4381
f 4384/4384 4382/4382 4383/4383
f 4385/4385 4384/4384 4383/4383
f 4386/4386 4384/4384 4385/4385
f 4387/4387 4386/4386 4385/4385
f 4388/4388 4386/4386 4387/4387
f 4389/4389 4388/4388 4387/4387
f 4390/4390 4388/4388 4389/4389
f 4391/4391 4390/4390 4389/4389
f 4392/4392 4390/4390 4391/4391
f 4393/4393 4392/4392 4391/4391
f 4394/4394 4392/4392 4393/4393
f 4395/4395 4394/4394 4393/4393
f 4396/4396 4394/4394 4395/4395
f 4397/4397 4396/4396 4395/4395
f 4398/4398 4396/4396 4397/4397
f 4399/4399 4398/4398 4397/4397
f 4400/4400 4398/4398 4399/4399
f 4401/4401 4400/4400 4399/4399
f 4402/4402 4400/4400 4401/4401
f 4403/4403 4402/4402 4401/4401
f 4404/4404 4402/4402 4403/4403
f 4405/4405 4404/4404 4403/4403
f 4406/4406 4404/4404 4405/4405
f 4407/4407 4406/4406 4405/4405
f 4408/4408 4406/4406 4407/4407
f 4408/4408 4407/4407 4409/4409
f 4409/4409 4407/4407 4410/4410
f 4409/4409 4410/4410 4411/4411
f 4411/4411 4410/4410 4412/4412
f 4411/4411 4412/4412 4413/4413
f 4413/4413 4412/4412 4414/4414
f 4413/4413 4414/4414 4365/4365
f 4365/4365 4414/4414 4366/4366
f 4415/4415 4416/4416 4417/4417
f 4417/4417 4416/4416 4418/4418
f 4417/4417 4418/4418 4419/4419
f 4419/4419 4418/4418 4420/4420
f 4419/4419 4420/4420 4421/4421
f 4421/4421 4420/4420 4422/4422
f 4421/4421 4422/4422 4423/4423
f 4423/4423 4422/4422 4424/4424
f 4423/4423 4424/4424 4425/4425
f 4425/4425 4424/4424 4426/4426
f 4425/4425 4426/4426 4427/4427
f 4427/4427 4426/4426 4428/4428
f 4427/4427 4428/4428 4429/4429
f 4429/4429 4428/4428 4430/4430
f 4429/4429 4430/4430 4431/4431
f 4431/4431 4430/4430 4432/4432
f 4431/4431 4432/4432 4433/4433
f 4433/4433 4432/4432 4434/4434
f 4435/4435 4436/4436 4437/4437
f 4437/4437 4436/4436 4438/4438
f 4437/4437 4438/4438 4439/4439
f 4439/4439 4438/4438 4440/4440
f 4439/4439 4440/4440 4441/4441
f 4441/4441 4440/4440 4442/4442
f 4441/4441 4442/4442 4443/4443
f 4443/4443 4442/4442 4444/4444
f 4443/4443 4444/4444 4445/4445
f 4445/4445 4444/4444 4446/4446
f 4445/4445 4446/4446 4447/4447
f 4447/4447 4446/4446 4448/4448
f 4447/4447 4448/4448 4449/4449
f 4449/4449 4448/4448 4450/4450
f 4449/4449 4450/4450 4451/4451
f 4451/4451 4450/4450 4452/4452
f 4451/4451 4452/4452 4415/4415
f 4415/4415 4452/4452 4416/4416
f 4453/4453 4454/4454 4455/4455
f 4455/4455 4454/4454 4456/4456
f 4455/4455 4456/4456 4457/4457
f 4457/4457 4456/4456 4458/4458
f 4457/4457 4458/4458 4459/4459
f 4459/4459 4458/4458 4460/4460
f 4459/4459 4460/4460 4461/4461
f 4461/4461 4460/4460 4462/4462
f 4461/4461 4462/4462 4463/4463
f 4463/4463 4462/4462 4464/4464
f 4463/4463 4464/4464 4465/4465
f 4465/4465 4464/4464 4466/4466
f 4465/4465 4466/4466 4435/4435
f 4435/4435 4466/4466 4436/4436
f 4029/4029 4467/4467 4028/4028
f 4028/4028 4468/4468 4027/4027
f 4469/4469 4468/4468 4028/4028
f 4470/4470 3994/3994 3993/3993
f 3918/3918 4470/4470 3993/3993
f 3919/3919 3918/3918 3993/3993
f 3999/3999 3692/3692 3998/3998
f 3693/3693 3692/3692 3999/3999
f 3997/3997 3690/3690 3996/3996
f 3691/3691 3690/3690 3997/3997
f 4471/4471 4472/4472 4473/4473
f 4474/4474 4472/4472 4471/4471
f 4474/4474 4475/4475 4472/4472
f 4476/4476 4475/4475 4474/4474
f 4476/4476 4477/4477 4475/4475
f 4478/4478 4477/4477 4476/4476
f 4478/4478 4479/4479 4477/4477
f 4480/4480 4479/4479 4478/4478
f 4481/4481 4479/4479 4480/4480
f 4482/4482 4479/4479 4481/4481
f 4483/4483 4482/4482 4481/4481
f 4484/4484 4482/4482 4483/4483
f 4485/4485 4484/4484 4483/4483
f 4486/4486 4484/4484 4485/4485
f 4487/4487 4486/4486 4485/4485
f 4488/4488 4486/4486 4487/4487
f 4489/4489 4488/4488 4487/4487
f 4490/4490 4488/4488 4489/4489
f 4491/4491 4490/4490 4489/4489
f 4492/4492 4490/4490 4491/4491
f 4493/4493 4492/4492 4491/4491
f 4494/4494 4492/4492 4493/4493
f 4495/4495 4494/4494 4493/4493
f 4496/4496 4494/4494 4495/4495
f 4497/4497 4496/4496 4495/4495
f 4498/4498 4496/4496 4497/4497
f 4499/4499 4498/4498 4497/4497
f 4500/4500 4498/4498 4499/4499
f 4501/4501 4500/4500 4499/4499
f 4502/4502 4500/4500 4501/4501
f 4501/4501 4503/4503 4502/4502
f 4504/4504 4503/4503 4501/4501
f 4504/4504 4505/4505 4503/4503
f 4506/4506 4505/4505 4504/4504
f 4506/4506 4507/4507 4505/4505
f 4508/4508 4507/4507 4506/4506
f 4508/4508 4509/4509 4507/4507
f 4510/4510 4509/4509 4508/4508
f 4510/4510 4511/4511 4509/4509
f 4512/4512 4511/4511 4510/4510
f 4512/4512 4513/4513 4511/4511
f 4514/4514 4513/4513 4512/4512
f 4514/4514 4515/4515 4513/4513
f 4516/4516 4515/4515 4514/4514
f 4516/4516 4517/4517 4515/4515
f 4518/4518 4517/4517 4516/4516
f 4518/4518 4519/4519 4517/4517
f 4520/4520 4519/4519 4518/4518
f 4520/4520 4473/4473 4519/4519
f 4471/4471 4473/4473 4520/4520
f 4521/4521 4522/4522 4523/4523
f 4523/4523 4522/4522 4524/4524
f 4523/4523 4524/4524 4525/4525
f 4525/4525 4524/4524 4526/4526
f 4525/4525 4526/4526 4527/4527
f 4527/4527 4526/4526 4528/4528
f 4527/4527 4528/4528 4529/4529
f 4529/4529 4528/4528 4530/4530
f 4529/4529 4530/4530 4531/4531
f 4531/4531 4530/4530 4532/4532
f 4531/4531 4532/4532 4533/4533
f 4533/4533 4532/4532 4534/4534
f 4533/4533 4534/4534 4535/4535
f 4535/4535 4534/4534 4536/4536
f 4535/4535 4536/4536 4537/4537
f 4537/4537 4536/4536 4538/4538
f 4537/4537 4538/4538 4539/4539
f 4539/4539 4538/4538 4540/4540
f 4541/4541 4542/4542 4543/4543
f 4543/4543 4542/4542 4544/4544
f 4543/4543 4544/4544 4545/4545
f 4545/4545 4544/4544 4546/4546
f 4545/4545 4546/4546 4547/4547
f 4547/4547 4546/4546 4548/4548
f 4547/4547 4548/4548 4549/4549
f 4549/4549 4548/4548 4550/4550
f 4549/4549 4550/4550 4551/4551
f 4551/4551 4550/4550 4552/4552
f 4551/4551 4552/4552 4553/4553
f 4553/4553 4552/4552 4554/4554
f 4553/4553 4554/4554 4555/4555
f 4555/4555 4554/4554 4556/4556
f 4555/4555 4556/4556 4557/4557
f 4557/4557 4556/4556 4558/4558
f 4557/4557 4558/4558 4521/4521
f 4521/4521 4558/4558 4522/4522
f 4559/4559 4560/4560 4561/4561
f 4561/4561 4560/4560 4562/4562
f 4561/4561 4562/4562 4563/4563
f 4563/4563 4562/4562 4564/4564
f 4563/4563 4564/4564 4565/4565
f 4565/4565 4564/4564 4566/4566
f 4565/4565 4566/4566 4567/4567
f 4567/4567 4566/4566 4568/4568
f 4567/4567 4568/4568 4569/4569
f 4569/4569 4568/4568 4570/4570
f 4569/4569 4570/4570 4571/4571
f 4571/4571 4570/4570 4572/4572
f 4571/4571 4572/4572 4541/4541
f 4541/4541 4572/4572 4542/4542
f 4573/4573 4574/4574 4575/4575
f 4575/4575 4574/4574 4576/4576
f 4575/4575 4576/4576 4577/4577
f 4577/4577 4576/4576 4578/4578
f 4577/4577 4578/4578 4579/4579
f 4579/4579 4578/4578 4580/4580
f 4579/4579 4580/4580 4581/4581
f 4581/4581 4580/4580 4582/4582
f 4581/4581 4582/4582 4583/4583
f 4583/4583 4582/4582 4584/4584
f 4583/4583 4584/4584 4585/4585
f 4585/4585 4584/4584 4586/4586
f 4585/4585 4586/4586 4587/4587
f 4587/4587 4586/4586 4588/4588
f 4587/4587 4588/4588 4589/4589
f 4589/4589 4588/4588 4590/4590
f 4589/4589 4590/4590 4591/4591
f 4591/4591 4590/4590 4592/4592
f 4593/4593 4594/4594 4595/4595
f 4595/4595 4594/4594 4596/4596
f 4595/4595 4596/4596 4597/4597
f 4597/4597 4596/4596 4598/4598
f 4597/4597 4598/4598 4599/4599
f 4599/4599 4598/4598 4600/4600
f 4599/4599 4600/4600 4601/4601
f 4601/4601 4600/4600 4602/4602
f 4601/4601 4602/4602 4603/4603
f 4603/4603 4602/4602 4604/4604
f 4603/4603 4604/4604 4605/4605
f 4605/4605 4604/4604 4606/4606
f 4605/4605 4606/4606 4607/4607
f 4607/4607 4606/4606 4608/4608
f 4607/4607 4608/4608 4609/4609
f 4609/4609 4608/4608 4610/4610
f 4609/4609 4610/4610 4573/4573
f 4573/4573 4610/4610 4574/4574
f 4611/4611 4612/4612 4613/4613
f 4613/4613 4612/4612 4614/4614
f 4613/4613 4614/4614 4615/4615
f 4615/4615 4614/4614 4616/4616
f 4615/4615 4616/4616 4617/4617
f 4617/4617 4616/4616 4618/4618
f 4617/4617 4618/4618 4619/4619
f 4619/4619 4618/4618 4620/4620
f 4619/4619 4620/4620 4621/4621
f 4621/4621 4620/4620 4622/4622
f 4621/4621 4622/4622 4623/4623
f 4623/4623 4622/4622 4624/4624
f 4623/4623 4624/4624 4593/4593
f 4593/4593 4624/4624 4594/4594
f 4625/4625 4626/4626 4627/4627
f 4627/4627 4626/4626 4628/4628
f 4627/4627 4628/4628 4629/4629
f 4629/4629 4628/4628 4630/4630
f 4629/4629 4630/4630 4631/4631
f 4631/4631 4630/4630 4632/4632
f 4631/4631 4632/4632 4633/4633
f 4633/4633 4632/4632 4634/4634
f 4633/4633 4634/4634 4635/4635
f 4635/4635 4634/4634 4636/4636
f 4635/4635 4636/4636 4637/4637
f 4637/4637 4636/4636 4638/4638
f 4637/4637 4638/4638 4639/4639
f 4639/4639 4638/4638 4640/4640
f 4639/4639 4640/4640 4641/4641
f 4641/4641 4640/4640 4642/4642
f 4641/4641 4642/4642 4643/4643
f 4643/4643 4642/4642 4644/4644
f 4645/4645 4646/4646 4647/4647
f 4647/4647 4646/4646 4648/4648
f 4647/4647 4648/4648 4649/4649
f 4649/4649 4648/4648 4650/4650
f 4649/4649 4650/4650 4651/4651
f 4651/4651 4650/4650 4652/4652
f 4651/4651 4652/4652 4653/4653
f 4653/4653 4652/4652 4654/4654
f 4653/4653 4654/4654 4655/4655
f 4655/4655 4654/4654 4656/4656
f 4655/4655 4656/4656 4657/4657
f 4657/4657 4656/4656 4658/4658
f 4657/4657 4658/4658 4659/4659
f 4659/4659 4658/4658 4660/4660
f 4659/4659 4660/4660 4661/4661
f 4661/4661 4660/4660 4662/4662
f 4661/4661 4662/4662 4625/4625
f 4625/4625 4662/4662 4626/4626
f 4663/4663 4664/4664 4665/4665
f 4665/4665 4664/4664 4666/4666
f 4665/4665 4666/4666 4667/4667
f 4667/4667 4666/4666 4668/4668
f 4667/4667 4668/4668 4669/4669
f 4669/4669 4668/4668 4670/4670
f 4669/4669 4670/4670 4671/4671
f 4671/4671 4670/4670 4672/4672
f 4671/4671 4672/4672 4673/4673
f 4673/4673 4672/4672 4674/4674
f 4673/4673 4674/4674 4675/4675
f 4675/4675 4674/4674 4676/4676
f 4675/4675 4676/4676 4645/4645
f 4645/4645 4676/4676 4646/4646
f 4677/4677 4678/4678 4679/4679
f 4680/4680 4677/4677 4679/4679
f 4680/4680 4681/4681 4677/4677
f 4681/4681 4682/4682 4677/4677
f 4677/4677 4682/4682 4683/4683
f 4677/4677 4683/4683 4684/4684
f 4685/4685 4686/4686 4687/4687
f 4688/4688 4686/4686 4685/4685
f 4685/4685 4689/4689 4688/4688
f 4690/4690 4689/4689 4685/4685
f 4690/4690 4691/4691 4689/4689
f 4692/4692 4691/4691 4690/4690
f 4692/4692 4693/4693 4691/4691
f 4694/4694 4693/4693 4692/4692
f 4694/4694 4695/4695 4693/4693
f 4696/4696 4695/4695 4694/4694
f 4697/4697 4698/4698 4699/4699
f 4700/4700 4698/4698 4697/4697
f 4700/4700 4701/4701 4698/4698
f 4702/4702 4701/4701 4700/4700
f 4702/4702 4703/4703 4701/4701
f 4704/4704 4703/4703 4702/4702
f 4704/4704 4705/4705 4703/4703
f 4706/4706 4705/4705 4704/4704
f 4707/4707 4705/4705 4706/4706
f 4708/4708 4705/4705 4707/4707
f 4709/4709 4708/4708 4707/4707
f 4710/4710 4708/4708 4709/4709
f 4711/4711 4710/4710 4709/4709
f 4712/4712 4710/4710 4711/4711
f 4713/4713 4712/4712 4711/4711
f 4714/4714 4712/4712 4713/4713
f 4715/4715 4714/4714 4713/4713
f 4716/4716 4714/4714 4715/4715
f 4717/4717 4716/4716 4715/4715
f 4718/4718 4716/4716 4717/4717
f 4719/4719 4718/4718 4717/4717
f 4720/4720 4718/4718 4719/4719
f 4721/4721 4720/4720 4719/4719
f 4722/4722 4720/4720 4721/4721
f 4723/4723 4722/4722 4721/4721
f 4724/4724 4722/4722 4723/4723
f 4725/4725 4724/4724 4723/4723
f 4726/4726 4724/4724 4725/4725
f 4727/4727 4726/4726 4725/4725
f 4728/4728 4726/4726 4727/4727
f 4727/4727 4729/4729 4728/4728
f 4730/4730 4729/4729 4727/4727
f 4730/4730 4731/4731 4729/4729
f 4732/4732 4731/4731 4730/4730
f 4732/4732 4733/4733 4731/4731
f 4734/4734 4733/4733 4732/4732
f 4734/4734 4735/4735 4733/4733
f 4736/4736 4735/4735 4734/4734
f 4736/4736 4737/4737 4735/4735
f 4738/4738 4737/4737 4736/4736
f 4738/4738 4739/4739 4737/4737
f 4740/4740 4739/4739 4738/4738
f 4740/4740 4741/4741 4739/4739
f 4742/4742 4741/4741 4740/4740
f 4742/4742 4743/4743 4741/4741
f 4744/4744 4743/4743 4742/4742
f 4744/4744 4745/4745 4743/4743
f 4746/4746 4745/4745 4744/4744
f 4746/4746 4699/4699 4745/4745
f 4697/4697 4699/4699 4746/4746
f 4747/4747 4748/4748 4749/4749
f 4749/4749 4748/4748 4750/4750
f 4749/4749 4750/4750 4751/4751
f 4751/4751 4750/4750 4752/4752
f 4751/4751 4752/4752 4753/4753
f 4753/4753 4752/4752 4754/4754
f 4753/4753 4754/4754 4755/4755
f 4755/4755 4754/4754 4756/4756
f 4755/4755 4756/4756 4757/4757
f 4757/4757 4756/4756 4758/4758
f 4757/4757 4758/4758 4759/4759
f 4759/4759 4758/4758 4760/4760
f 4759/4759 4760/4760 4761/4761
f 4761/4761 4760/4760 4762/4762
f 4761/4761 4762/4762 4763/4763
f 4763/4763 4762/4762 4764/4764
f 4763/4763 4764/4764 4765/4765
f 4765/4765 4764/4764 4766/4766
f 4767/4767 4768/4768 4769/4769
f 4769/4769 4768/4768 4770/4770
f 4769/4769 4770/4770 4771/4771
f 4771/4771 4770/4770 4772/4772
f 4771/4771 4772/4772 4773/4773
f 4773/4773 4772/4772 4774/4774
f 4773/4773 4774/4774 4775/4775
f 4775/4775 4774/4774 4776/4776
f 4775/4775 4776/4776 4777/4777
f 4777/4777 4776/4776 4778/4778
f 4777/4777 4778/4778 4779/4779
f 4779/4779 4778/4778 4780/4780
f 4779/4779 4780/4780 4781/4781
f 4781/4781 4780/4780 4782/4782
f 4781/4781 4782/4782 4783/4783
f 4783/4783 4782/4782 4784/4784
f 4783/4783 4784/4784 4747/4747
f 4747/4747 4784/4784 4748/4748
f 4785/4785 4786/4786 4787/4787
f 4787/4787 4786/4786 4788/4788
f 4787/4787 4788/4788 4789/4789
f 4789/4789 4788/4788 4790/4790
f 4789/4789 4790/4790 4791/4791
f 4791/4791 4790/4790 4792/4792
f 4791/4791 4792/4792 4793/4793
f 4793/4793 4792/4792 4794/4794
f 4793/4793 4794/4794 4795/4795
f 4795/4795 4794/4794 4796/4796
f 4795/4795 4796/4796 4797/4797
f 4797/4797 4796/4796 4798/4798
f 4797/4797 4798/4798 4767/4767
f 4767/4767 4798/4798 4768/4768
f 4799/4799 4800/4800 4801/4801
f 4801/4801 4800/4800 4802/4802
f 4801/4801 4802/4802 4803/4803
f 4803/4803 4802/4802 4804/4804
f 4803/4803 4804/4804 4805/4805
f 4805/4805 4804/4804 4806/4806
f 4805/4805 4806/4806 4807/4807
f 4807/4807 4806/4806 4808/4808
f 4807/4807 4808/4808 4809/4809
f 4809/4809 4808/4808 4810/4810
f 4811/4811 4809/4809 4810/4810
f 4812/4812 4809/4809 4811/4811
f 4812/4812 4811/4811 4813/4813
f 4813/4813 4811/4811 4814/4814
f 4813/4813 4814/4814 4815/4815
f 4815/4815 4814/4814 4816/4816
f 4815/4815 4816/4816 4817/4817
f 4817/4817 4816/4816 4818/4818
f 4819/4819 4820/4820 4821/4821
f 4821/4821 4820/4820 4822/4822
f 4821/4821 4822/4822 4823/4823
f 4823/4823 4822/4822 4824/4824
f 4823/4823 4824/4824 4825/4825
f 4825/4825 4824/4824 4826/4826
f 4827/4827 4825/4825 4826/4826
f 4828/4828 4825/4825 4827/4827
f 4828/4828 4827/4827 4799/4799
f 4799/4799 4827/4827 4800/4800
f 4829/4829 4830/4830 4831/4831
f 4831/4831 4830/4830 4832/4832
f 4831/4831 4832/4832 4833/4833
f 4833/4833 4832/4832 4834/4834
f 4833/4833 4834/4834 4835/4835
f 4835/4835 4834/4834 4836/4836
f 4835/4835 4836/4836 4837/4837
f 4837/4837 4836/4836 4838/4838
f 4837/4837 4838/4838 4839/4839
f 4839/4839 4838/4838 4840/4840
f 4839/4839 4840/4840 4841/4841
f 4841/4841 4840/4840 4842/4842
f 4841/4841 4842/4842 4843/4843
f 4843/4843 4842/4842 4844/4844
f 4843/4843 4844/4844 4845/4845
f 4845/4845 4844/4844 4846/4846
f 4845/4845 4846/4846 4847/4847
f 4847/4847 4846/4846 4848/4848
f 4849/4849 4850/4850 4851/4851
f 4851/4851 4850/4850 4852/4852
f 4851/4851 4852/4852 4853/4853
f 4853/4853 4852/4852 4854/4854
f 4853/4853 4854/4854 4855/4855
f 4855/4855 4854/4854 4856/4856
f 4855/4855 4856/4856 4857/4857
f 4857/4857 4856/4856 4858/4858
f 4857/4857 4858/4858 4859/4859
f 4859/4859 4858/4858 4860/4860
f 4859/4859 4860/4860 4861/4861
f 4861/4861 4860/4860 4862/4862
f 4861/4861 4862/4862 4863/4863
f 4863/4863 4862/4862 4864/4864
f 4863/4863 4864/4864 4865/4865
f 4865/4865 4864/4864 4866/4866
f 4865/4865 4866/4866 4829/4829
f 4829/4829 4866/4866 4830/4830
f 4867/4867 4868/4868 4869/4869
f 4869/4869 4868/4868 4870/4870
f 4869/4869 4870/4870 4871/4871
f 4871/4871 4870/4870 4872/4872
f 4871/4871 4872/4872 4873/4873
f 4873/4873 4872/4872 4874/4874
f 4873/4873 4874/4874 4875/4875
f 4875/4875 4874/4874 4876/4876
f 4875/4875 4876/4876 4877/4877
f 4877/4877 4876/4876 4878/4878
f 4877/4877 4878/4878 4879/4879
f 4879/4879 4878/4878 4880/4880
f 4879/4879 4880/4880 4849/4849
f 4849/4849 4880/4880 4850/4850
f 4881/4881 4882/4882 4883/4883
f 4883/4883 4882/4882 4884/4884
f 4883/4883 4884/4884 4885/4885
f 4885/4885 4884/4884 4886/4886
f 4885/4885 4886/4886 4887/4887
f 4887/4887 4886/4886 4888/4888
f 4887/4887 4888/4888 4889/4889
f 4889/4889 4888/4888 4890/4890
f 4889/4889 4890/4890 4891/4891
f 4891/4891 4890/4890 4892/4892
f 4891/4891 4892/4892 4893/4893
f 4893/4893 4892/4892 4894/4894
f 4893/4893 4894/4894 4895/4895
f 4895/4895 4894/4894 4896/4896
f 4895/4895 4896/4896 4897/4897
f 4897/4897 4896/4896 4898/4898
f 4897/4897 4898/4898 4899/4899
f 4899/4899 4898/4898 4900/4900
f 4901/4901 4902/4902 4903/4903
f 4903/4903 4902/4902 4904/4904
f 4903/4903 4904/4904 4905/4905
f 4905/4905 4904/4904 4906/4906
f 4905/4905 4906/4906 4907/4907
f 4907/4907 4906/4906 4908/4908
f 4907/4907 4908/4908 4909/4909
f 4909/4909 4908/4908 4910/4910
f 4909/4909 4910/4910 4911/4911
f 4911/4911 4910/4910 4912/4912
f 4911/4911 4912/4912 4913/4913
f 4913/4913 4912/4912 4914/4914
f 4913/4913 4914/4914 4915/4915
f 4915/4915 4914/4914 4916/4916
f 4915/4915 4916/4916 4917/4917
f 4917/4917 4916/4916 4918/4918
f 4917/4917 4918/4918 4881/4881
f 4881/4881 4918/4918 4882/4882
f 4919/4919 4920/4920 4921/4921
f 4921/4921 4920/4920 4922/4922
f 4921/4921 4922/4922 4923/4923
f 4923/4923 4922/4922 4924/4924
f 4923/4923 4924/4924 4925/4925
f 4925/4925 4924/4924 4926/4926
f 4925/4925 4926/4926 4927/4927
f 4927/4927 4926/4926 4928/4928
f 4927/4927 4928/4928 4929/4929
f 4929/4929 4928/4928 4930/4930
f 4929/4929 4930/4930 4931/4931
f 4931/4931 4930/4930 4932/4932
f 4931/4931 4932/4932 4901/4901
f 4901/4901 4932/4932 4902/4902
f 4933/4933 4934/4934 4935/4935
f 4936/4936 4934/4934 4933/4933
f 4936/4936 4937/4937 4934/4934
f 4938/4938 4937/4937 4936/4936
f 4938/4938 4686/4686 4937/4937
f 4687/4687 4686/4686 4938/4938
f 4939/4939 4940/4940 4941/4941
f 4942/4942 4940/4940 4939/4939
f 4943/4943 4942/4942 4939/4939
f 4944/4944 4942/4942 4943/4943
f 4945/4945 4944/4944 4943/4943
f 4946/4946 4944/4944 4945/4945
f 4947/4947 4948/4948 4949/4949
f 4950/4950 4948/4948 4947/4947
f 4951/4951 4946/4946 4945/4945
f 4952/4952 4946/4946 4951/4951
f 4953/4953 4954/4954 4955/4955
f 4956/4956 4954/4954 4953/4953
f 4957/4957 4958/4958 4959/4959
f 4960/4960 4958/4958 4957/4957
f 4960/4960 4961/4961 4958/4958
f 4962/4962 4961/4961 4960/4960
f 4962/4962 4963/4963 4961/4961
f 4964/4964 4963/4963 4962/4962
f 4964/4964 4965/4965 4963/4963
f 4966/4966 4965/4965 4964/4964
f 4967/4967 4965/4965 4966/4966
f 4968/4968 4965/4965 4967/4967
f 4969/4969 4968/4968 4967/4967
f 4970/4970 4968/4968 4969/4969
f 4971/4971 4970/4970 4969/4969
f 4972/4972 4970/4970 4971/4971
f 4973/4973 4972/4972 4971/4971
f 4974/4974 4972/4972 4973/4973
f 4975/4975 4974/4974 4973/4973
f 4976/4976 4974/4974 4975/4975
f 4977/4977 4976/4976 4975/4975
f 4978/4978 4976/4976 4977/4977
f 4979/4979 4978/4978 4977/4977
f 4980/4980 4978/4978 4979/4979
f 4981/4981 4980/4980 4979/4979
f 4982/4982 4980/4980 4981/4981
f 4983/4983 4982/4982 4981/4981
f 4984/4984 4982/4982 4983/4983
f 4985/4985 4984/4984 4983/4983
f 4986/4986 4984/4984 4985/4985
f 4987/4987 4986/4986 4985/4985
f 4988/4988 4986/4986 4987/4987
f 4987/4987 4989/4989 4988/4988
f 4990/4990 4989/4989 4987/4987
f 4990/4990 4991/4991 4989/4989
f 4992/4992 4991/4991 4990/4990
f 4992/4992 4993/4993 4991/4991
f 4994/4994 4993/4993 4992/4992
f 4994/4994 4995/4995 4993/4993
f 4996/4996 4995/4995 4994/4994
f 4996/4996 4997/4997 4995/4995
f 4998/4998 4997/4997 4996/4996
f 4998/4998 4999/4999 4997/4997
f 5000/5000 4999/4999 4998/4998
f 5000/5000 5001/5001 4999/4999
f 5002/5002 5001/5001 5000/5000
f 5002/5002 5003/5003 5001/5001
f 5004/5004 5003/5003 5002/5002
f 5004/5004 5005/5005 5003/5003
f 5006/5006 5005/5005 5004/5004
f 5006/5006 4959/4959 5005/5005
f 4957/4957 4959/4959 5006/5006
f 5007/5007 5008/5008 5009/5009
f 5009/5009 5008/5008 5010/5010
f 5009/5009 5010/5010 5011/5011
f 5011/5011 5010/5010 5012/5012
f 5011/5011 5012/5012 5013/5013
f 5013/5013 5012/5012 5014/5014
f 5013/5013 5014/5014 5015/5015
f 5015/5015 5014/5014 5016/5016
f 5015/5015 5016/5016 5017/5017
f 5017/5017 5016/5016 5018/5018
f 5017/5017 5018/5018 5019/5019
f 5019/5019 5018/5018 5020/5020
f 5019/5019 5020/5020 5021/5021
f 5021/5021 5020/5020 5022/5022
f 5021/5021 5022/5022 5023/5023
f 5023/5023 5022/5022 5024/5024
f 5023/5023 5024/5024 5025/5025
f 5025/5025 5024/5024 5026/5026
f 5027/5027 5028/5028 5029/5029
f 5029/5029 5028/5028 5030/5030
f 5029/5029 5030/5030 5031/5031
f 5031/5031 5030/5030 5032/5032
f 5031/5031 5032/5032 5033/5033
f 5033/5033 5032/5032 5034/5034
f 5033/5033 5034/5034 5035/5035
f 5035/5035 5034/5034 5036/5036
f 5035/5035 5036/5036 5037/5037
f 5037/5037 5036/5036 5038/5038
f 5037/5037 5038/5038 5039/5039
f 5039/5039 5038/5038 5040/5040
f 5039/5039 5040/5040 5041/5041
f 5041/5041 5040/5040 5042/5042
f 5041/5041 5042/5042 5043/5043
f 5043/5043 5042/5042 5044/5044
f 5043/5043 5044/5044 5007/5007
f 5007/5007 5044/5044 5008/5008
f 5045/5045 5046/5046 5047/5047
f 5047/5047 5046/5046 5048/5048
f 5047/5047 5048/5048 5049/5049
f 5049/5049 5048/5048 5050/5050
f 5049/5049 5050/5050 5051/5051
f 5051/5051 5050/5050 5052/5052
f 5051/5051 5052/5052 5053/5053
f 5053/5053 5052/5052 5054/5054
f 5053/5053 5054/5054 5055/5055
f 5055/5055 5054/5054 5056/5056
f 5055/5055 5056/5056 5057/5057
f 5057/5057 5056/5056 5058/5058
f 5057/5057 5058/5058 5027/5027
f 5027/5027 5058/5058 5028/5028
f 5059/5059 5060/5060 5061/5061
f 5061/5061 5060/5060 5062/5062
f 5061/5061 5062/5062 5063/5063
f 5063/5063 5062/5062 5064/5064
f 5063/5063 5064/5064 5065/5065
f 5065/5065 5064/5064 5066/5066
f 5065/5065 5066/5066 5067/5067
f 5067/5067 5066/5066 5068/5068
f 5067/5067 5068/5068 5069/5069
f 5069/5069 5068/5068 5070/5070
f 5069/5069 5070/5070 5071/5071
f 5071/5071 5070/5070 5072/5072
f 5073/5073 5071/5071 5072/5072
f 5074/5074 5071/5071 5073/5073
f 5075/5075 5074/5074 5073/5073
f 5076/5076 5074/5074 5075/5075
f 5077/5077 5076/5076 5075/5075
f 5078/5078 5076/5076 5077/5077
f 5079/5079 5078/5078 5077/5077
f 5080/5080 5078/5078 5079/5079
f 5081/5081 5080/5080 5079/5079
f 5082/5082 5080/5080 5081/5081
f 5083/5083 5082/5082 5081/5081
f 5084/5084 5082/5082 5083/5083
f 5085/5085 5084/5084 5083/5083
f 5086/5086 5084/5084 5085/5085
f 5087/5087 5086/5086 5085/5085
f 5088/5088 5086/5086 5087/5087
f 5089/5089 5088/5088 5087/5087
f 5090/5090 5088/5088 5089/5089
f 5091/5091 5090/5090 5089/5089
f 5092/5092 5090/5090 5091/5091
f 5093/5093 5092/5092 5091/5091
f 5094/5094 5092/5092 5093/5093
f 5095/5095 5094/5094 5093/5093
f 5096/5096 5094/5094 5095/5095
f 5097/5097 5096/5096 5095/5095
f 5098/5098 5096/5096 5097/5097
f 5099/5099 5098/5098 5097/5097
f 5100/5100 5098/5098 5099/5099
f 5100/5100 5099/5099 5101/5101
f 5101/5101 5099/5099 5102/5102
f 5101/5101 5102/5102 5103/5103
f 5103/5103 5102/5102 5104/5104
f 5103/5103 5104/5104 5105/5105
f 5105/5105 5104/5104 5106/5106
f 5105/5105 5106/5106 5107/5107
f 5107/5107 5106/5106 5108/5108
f 5107/5107 5108/5108 5059/5059
f 5059/5059 5108/5108 5060/5060
f 2304/2304 2306/2306 5109/5109
f 5109/5109 2306/2306 5110/5110
f 5109/5109 5110/5110 5111/5111
f 5111/5111 5110/5110 5112/5112
f 5111/5111 5112/5112 5113/5113
f 5113/5113 5112/5112 5114/5114
f 5115/5115 5116/5116 5117/5117
f 5117/5117 5116/5116 5118/5118
f 5117/5117 5118/5118 5119/5119
f 5119/5119 5118/5118 5120/5120
f 5119/5119 5120/5120 5121/5121
f 5121/5121 5120/5120 5122/5122
f 5122/5122 5123/5123 5121/5121
f 5124/5124 5123/5123 5122/5122
f 5124/5124 5125/5125 5123/5123
f 5126/5126 5125/5125 5124/5124
f 5126/5126 5127/5127 5125/5125
f 5128/5128 5127/5127 5126/5126
f 5128/5128 5129/5129 5127/5127
f 5127/5127 5129/5129 5130/5130
f 5129/5129 5131/5131 5130/5130
f 5130/5130 5131/5131 5132/5132
f 5131/5131 5133/5133 5132/5132
f 5134/5134 5133/5133 5131/5131
f 5116/5116 5133/5133 5134/5134
f 5115/5115 5133/5133 5116/5116
f 2262/2262 5135/5135 2260/2260
f 5136/5136 5135/5135 2262/2262
f 5137/5137 5138/5138 874/874
f 872/872 874/874 5138/5138
f 870/870 872/872 5138/5138
f 3010/3010 870/870 5138/5138
f 5139/5139 5140/5140 5141/5141
f 4933/4933 5139/5139 5141/5141
f 4935/4935 5139/5139 4933/4933
f 2729/2729 5142/5142 2730/2730
f 2730/2730 5142/5142 5143/5143
f 5142/5142 1223/1223 5143/5143
f 5143/5143 1223/1223 1224/1224
f 5144/5144 5139/5139 5145/5145
f 5146/5146 5139/5139 5144/5144
f 5140/5140 5139/5139 5146/5146
f 5135/5135 5147/5147 5148/5148
f 5136/5136 5147/5147 5135/5135
f 4947/4947 5149/5149 5150/5150
f 4949/4949 5149/5149 4947/4947
f 320/320 194/194 195/195
f 235/235 194/194 320/320
f 320/320 331/331 235/235
f 361/361 5151/5151 5152/5152
f 359/359 361/361 5152/5152
f 357/357 359/359 5152/5152
f 359/359 357/357 333/333
f 333/333 357/357 418/418
f 333/333 418/418 269/269
f 324/324 333/333 269/269
f 269/269 202/202 324/324
f 324/324 202/202 203/203
f 202/202 5153/5153 203/203
f 199/199 5153/5153 202/202
f 198/198 5153/5153 199/199
f 195/195 5153/5153 198/198
f 194/194 5153/5153 195/195
f 191/191 5153/5153 194/194
f 5153/5153 5154/5154 206/206
f 203/203 5153/5153 206/206
f 5155/5155 5153/5153 5156/5156
f 5156/5156 5153/5153 5157/5157
f 5157/5157 5153/5153 5158/5158
f 5158/5158 5153/5153 5159/5159
f 5159/5159 5153/5153 187/187
f 187/187 5153/5153 190/190
f 269/269 418/418 443/443
f 309/309 269/269 443/443
f 190/190 5153/5153 191/191
f 191/191 314/314 190/190
f 256/256 314/314 191/191
f 314/314 256/256 414/414
f 256/256 235/235 414/414
f 235/235 398/398 414/414
f 331/331 398/398 235/235
f 331/331 349/349 398/398
f 351/351 349/349 331/331
f 349/349 351/351 5152/5152
f 351/351 353/353 5152/5152
f 353/353 355/355 5152/5152
f 353/353 2848/2848 355/355
f 355/355 2848/2848 443/443
f 2848/2848 318/318 443/443
f 318/318 309/309 443/443
f 309/309 318/318 199/199
f 199/199 318/318 198/198
f 355/355 357/357 5152/5152
f 347/347 349/349 5152/5152
f 5160/5160 5161/5161 5152/5152
f 5161/5161 5162/5162 5152/5152
f 5162/5162 5163/5163 5152/5152
f 5163/5163 5164/5164 5152/5152
f 5164/5164 343/343 5152/5152
f 343/343 345/345 5152/5152
f 345/345 347/347 5152/5152
f 345/345 2772/2772 347/347
f 347/347 2772/2772 414/414
f 2772/2772 314/314 414/414
f 5165/5165 5166/5166 5167/5167
f 5167/5167 5168/5168 5169/5169
f 5166/5166 5168/5168 5167/5167
f 5170/5170 5171/5171 5172/5172
f 5173/5173 5171/5171 5170/5170
f 5174/5174 5173/5173 5170/5170
f 5175/5175 5173/5173 5174/5174
f 5176/5176 5175/5175 5174/5174
f 5177/5177 5175/5175 5176/5176
f 5176/5176 5178/5178 5177/5177
f 5177/5177 5178/5178 5179/5179
f 5178/5178 5180/5180 5179/5179
f 5179/5179 5180/5180 5181/5181
f 5180/5180 5182/5182 5181/5181
f 5181/5181 5182/5182 5183/5183
f 5183/5183 5182/5182 5184/5184
f 5184/5184 5182/5182 5185/5185
f 5184/5184 5185/5185 5186/5186
f 5186/5186 5185/5185 5187/5187
f 5187/5187 5188/5188 5186/5186
f 5186/5186 5188/5188 5189/5189
f 5188/5188 5171/5171 5189/5189
f 5172/5172 5171/5171 5188/5188
f 5169/5169 5168/5168 5190/5190
f 5191/5191 5168/5168 5166/5166
f 5192/5192 5168/5168 5191/5191
f 5193/5193 2267/2267 5194/5194
f 2266/2266 2267/2267 5193/5193
f 5195/5195 5196/5196 5197/5197
f 5198/5198 5196/5196 5195/5195
f 2677/2677 5199/5199 2678/2678
f 2678/2678 5199/5199 5200/5200
f 5200/5200 5199/5199 5201/5201
f 5201/5201 5199/5199 5202/5202
f 5203/5203 5204/5204 5205/5205
f 5205/5205 5204/5204 5206/5206
f 5205/5205 5206/5206 5207/5207
f 5207/5207 5206/5206 5208/5208
f 5207/5207 5208/5208 5209/5209
f 5209/5209 5208/5208 5210/5210
f 5209/5209 5210/5210 5211/5211
f 5211/5211 5210/5210 5212/5212
f 5211/5211 5212/5212 5213/5213
f 5213/5213 5212/5212 5214/5214
f 5215/5215 5213/5213 5214/5214
f 5216/5216 5213/5213 5215/5215
f 5216/5216 5215/5215 5217/5217
f 5217/5217 5215/5215 5218/5218
f 5217/5217 5218/5218 5219/5219
f 5219/5219 5218/5218 5220/5220
f 5219/5219 5220/5220 5221/5221
f 5221/5221 5220/5220 5222/5222
f 5223/5223 5224/5224 5225/5225
f 5225/5225 5224/5224 5226/5226
f 5225/5225 5226/5226 5227/5227
f 5227/5227 5226/5226 5228/5228
f 5227/5227 5228/5228 5229/5229
f 5229/5229 5228/5228 5230/5230
f 5231/5231 5229/5229 5230/5230
f 5232/5232 5229/5229 5231/5231
f 5232/5232 5231/5231 5203/5203
f 5203/5203 5231/5231 5204/5204
f 5233/5233 5234/5234 5235/5235
f 5235/5235 5234/5234 5236/5236
f 5235/5235 5236/5236 5237/5237
f 5237/5237 5236/5236 5238/5238
f 5237/5237 5238/5238 5239/5239
f 5239/5239 5238/5238 5240/5240
f 5239/5239 5240/5240 5241/5241
f 5241/5241 5240/5240 5242/5242
f 5241/5241 5242/5242 5243/5243
f 5243/5243 5242/5242 5244/5244
f 5245/5245 5243/5243 5244/5244
f 5246/5246 5243/5243 5245/5245
f 5246/5246 5245/5245 5247/5247
f 5247/5247 5245/5245 5248/5248
f 5247/5247 5248/5248 5249/5249
f 5249/5249 5248/5248 5250/5250
f 5249/5249 5250/5250 5251/5251
f 5251/5251 5250/5250 5252/5252
f 5253/5253 5254/5254 5255/5255
f 5255/5255 5254/5254 5256/5256
f 5255/5255 5256/5256 5257/5257
f 5257/5257 5256/5256 5258/5258
f 5257/5257 5258/5258 5259/5259
f 5259/5259 5258/5258 5260/5260
f 5261/5261 5259/5259 5260/5260
f 5262/5262 5259/5259 5261/5261
f 5262/5262 5261/5261 5233/5233
f 5233/5233 5261/5261 5234/5234
f 5263/5263 5264/5264 5265/5265
f 5265/5265 5264/5264 5266/5266
f 5265/5265 5266/5266 5267/5267
f 5267/5267 5266/5266 5268/5268
f 5267/5267 5268/5268 5269/5269
f 5269/5269 5268/5268 5270/5270
f 5269/5269 5270/5270 5271/5271
f 5271/5271 5270/5270 5272/5272
f 5271/5271 5272/5272 5273/5273
f 5273/5273 5272/5272 5274/5274
f 5275/5275 5273/5273 5274/5274
f 5276/5276 5273/5273 5275/5275
f 5276/5276 5275/5275 5277/5277
f 5277/5277 5275/5275 5278/5278
f 5277/5277 5278/5278 5279/5279
f 5279/5279 5278/5278 5280/5280
f 5279/5279 5280/5280 5281/5281
f 5281/5281 5280/5280 5282/5282
f 5283/5283 5284/5284 5285/5285
f 5285/5285 5284/5284 5286/5286
f 5285/5285 5286/5286 5287/5287
f 5287/5287 5286/5286 5288/5288
f 5287/5287 5288/5288 5289/5289
f 5289/5289 5288/5288 5290/5290
f 5291/5291 5289/5289 5290/5290
f 5292/5292 5289/5289 5291/5291
f 5292/5292 5291/5291 5263/5263
f 5263/5263 5291/5291 5264/5264
f 5293/5293 5294/5294 5295/5295
f 5296/5296 5294/5294 5293/5293
f 5297/5297 5294/5294 5296/5296
f 5298/5298 5294/5294 5297/5297
f 5299/5299 5298/5298 5297/5297
f 5300/5300 5298/5298 5299/5299
f 5301/5301 5300/5300 5299/5299
f 5302/5302 5300/5300 5301/5301
f 5303/5303 5302/5302 5301/5301
f 5304/5304 5302/5302 5303/5303
f 5305/5305 2291/2291 2288/2288
f 5306/5306 2291/2291 5305/5305
f 5293/5293 5306/5306 5305/5305
f 5295/5295 5306/5306 5293/5293
f 5307/5307 5308/5308 5309/5309
f 5310/5310 5307/5307 5309/5309
f 5311/5311 5310/5310 5309/5309
f 5312/5312 5310/5310 5311/5311
f 5312/5312 5311/5311 5313/5313
f 5314/5314 5312/5312 5313/5313
f 5313/5313 5311/5311 5315/5315
f 5316/5316 5317/5317 5318/5318
f 5318/5318 5317/5317 5319/5319
f 5317/5317 5320/5320 5319/5319
f 5319/5319 5320/5320 5321/5321
f 5320/5320 2299/2299 5321/5321
f 2300/2300 2299/2299 5320/5320
f 5322/5322 5323/5323 5324/5324
f 5325/5325 5323/5323 5322/5322
f 5326/5326 5325/5325 5322/5322
f 5327/5327 5325/5325 5326/5326
f 5328/5328 5327/5327 5326/5326
f 5329/5329 5327/5327 5328/5328
f 5328/5328 5330/5330 5329/5329
f 5329/5329 5330/5330 5331/5331
f 5330/5330 5332/5332 5331/5331
f 5331/5331 5332/5332 5333/5333
f 5332/5332 5334/5334 5333/5333
f 5333/5333 5334/5334 5335/5335
f 5335/5335 5334/5334 5336/5336
f 5336/5336 5334/5334 5337/5337
f 5336/5336 5337/5337 5338/5338
f 5338/5338 5337/5337 5339/5339
f 5339/5339 5340/5340 5338/5338
f 5338/5338 5340/5340 5341/5341
f 5340/5340 5323/5323 5341/5341
f 5324/5324 5323/5323 5340/5340
f 5315/5315 5342/5342 5343/5343
f 5311/5311 5342/5342 5315/5315
f 5311/5311 5344/5344 5342/5342
f 5309/5309 5344/5344 5311/5311
f 5308/5308 5344/5344 5309/5309
f 2283/2283 5344/5344 5308/5308
f 2283/2283 5308/5308 2282/2282
f 5308/5308 5345/5345 2282/2282
f 5307/5307 5345/5345 5308/5308
f 5307/5307 5346/5346 5345/5345
f 5310/5310 5346/5346 5307/5307
f 5310/5310 5347/5347 5346/5346
f 5312/5312 5347/5347 5310/5310
f 5312/5312 5348/5348 5347/5347
f 5314/5314 5348/5348 5312/5312
f 5349/5349 5348/5348 5314/5314
f 5350/5350 5348/5348 5349/5349
f 5349/5349 5351/5351 5350/5350
f 5350/5350 5351/5351 5352/5352
f 5352/5352 5351/5351 5353/5353
f 5353/5353 5351/5351 5354/5354
f 5355/5355 5356/5356 5357/5357
f 5357/5357 5356/5356 5358/5358
f 5357/5357 5358/5358 5359/5359
f 5360/5360 5361/5361 5362/5362
f 5316/5316 5360/5360 5362/5362
f 5318/5318 5360/5360 5316/5316
f 5363/5363 2274/2274 5364/5364
f 2275/2275 2274/2274 5363/5363
f 5365/5365 2302/2302 5366/5366
f 2303/2303 2302/2302 5365/5365
f 5367/5367 5368/5368 5369/5369
f 1650/1650 5367/5367 1651/1651
f 1651/1651 5367/5367 5369/5369
f 1651/1651 5369/5369 1428/1428
f 1428/1428 5369/5369 1431/1431
f 5370/5370 5371/5371 5372/5372
f 5371/5371 5373/5373 5372/5372
f 5374/5374 5373/5373 5371/5371
f 5375/5375 1756/1756 5376/5376
f 1754/1754 1756/1756 5375/5375
f 5375/5375 1755/1755 1754/1754
f 5377/5377 1755/1755 5375/5375
f 5378/5378 1431/1431 5379/5379
f 5379/5379 1431/1431 5369/5369
f 5379/5379 5369/5369 5380/5380
f 5380/5380 5369/5369 5368/5368
f 721/721 558/558 826/826
f 826/826 787/787 721/721
f 721/721 787/787 788/788
f 788/788 787/787 5381/5381
f 791/791 788/788 5381/5381
f 5382/5382 791/791 5381/5381
f 791/791 5382/5382 829/829
f 5382/5382 719/719 829/829
f 719/719 471/471 829/829
f 829/829 471/471 556/556
f 471/471 472/472 556/556
f 5383/5383 556/556 472/472
f 529/529 556/556 5383/5383
f 5383/5383 5384/5384 529/529
f 529/529 5384/5384 527/527
f 527/527 5384/5384 525/525
f 527/527 525/525 558/558
f 558/558 525/525 549/549
f 558/558 549/549 826/826
f 826/826 549/549 555/555
f 828/828 826/826 555/555
f 707/707 828/828 555/555
f 555/555 523/523 707/707
f 707/707 523/523 521/521
f 523/523 5384/5384 521/521
f 521/521 5384/5384 519/519
f 519/519 5384/5384 477/477
f 519/519 477/477 709/709
f 709/709 477/477 677/677
f 709/709 677/677 1098/1098
f 735/735 709/709 1098/1098
f 1098/1098 739/739 735/735
f 735/735 739/739 780/780
f 780/780 739/739 5381/5381
f 783/783 780/780 5381/5381
f 784/784 783/783 5381/5381
f 784/784 1225/1225 783/783
f 828/828 1225/1225 784/784
f 1225/1225 828/828 707/707
f 525/525 5384/5384 523/523
f 477/477 5384/5384 475/475
f 513/513 5384/5384 511/511
f 515/515 5384/5384 513/513
f 517/517 5384/5384 515/515
f 475/475 5384/5384 517/517
f 517/517 702/702 475/475
f 475/475 702/702 681/681
f 702/702 1115/1115 681/681
f 1115/1115 1098/1098 681/681
f 1098/1098 677/677 681/681
f 5384/5384 563/563 560/560
f 5381/5381 836/836 565/565
f 768/768 836/836 5381/5381
f 731/731 836/836 768/768
f 731/731 560/560 836/836
f 700/700 560/560 731/731
f 700/700 507/507 560/560
f 507/507 5384/5384 560/560
f 509/509 5384/5384 507/507
f 511/511 5384/5384 509/509
f 509/509 698/698 511/511
f 511/511 698/698 672/672
f 698/698 1026/1026 672/672
f 1026/1026 960/960 672/672
f 960/960 670/670 672/672
f 704/704 670/670 960/960
f 704/704 513/513 670/670
f 515/515 513/513 704/704
f 787/787 784/784 5381/5381
f 1188/1188 1026/1026 698/698
f 1026/1026 1188/1188 772/772
f 772/772 1188/1188 771/771
f 772/772 771/771 5381/5381
f 771/771 768/768 5381/5381
f 775/775 772/772 5381/5381
f 739/739 736/736 5381/5381
f 736/736 779/779 5381/5381
f 779/779 776/776 5381/5381
f 776/776 775/775 5381/5381
f 733/733 775/775 776/776
f 960/960 775/775 733/733
f 733/733 704/704 960/960
f 1198/1198 1115/1115 702/702
f 1115/1115 1198/1198 736/736
f 736/736 1198/1198 779/779
f 5374/5374 5385/5385 5373/5373
f 5373/5373 5386/5386 5372/5372
f 5387/5387 5386/5386 5373/5373
f 5388/5388 5361/5361 5360/5360
f 2289/2289 5388/5388 5360/5360
f 2290/2290 2289/2289 5360/5360
f 5366/5366 5149/5149 5365/5365
f 5150/5150 5149/5149 5366/5366
f 5364/5364 5147/5147 5363/5363
f 5148/5148 5147/5147 5364/5364
f 5389/5389 479/479 5390/5390
f 479/479 481/481 5390/5390
f 481/481 483/483 5390/5390
f 481/481 682/682 483/483
f 483/483 682/682 612/612
f 682/682 856/856 612/612
f 1116/1116 856/856 682/682
f 856/856 1116/1116 744/744
f 744/744 1116/1116 743/743
f 743/743 5391/5391 744/744
f 740/740 5391/5391 743/743
f 5392/5392 5391/5391 740/740
f 843/843 595/595 612/612
f 856/856 843/843 612/612
f 1144/1144 908/908 686/686
f 908/908 1144/1144 752/752
f 858/858 630/630 644/644
f 908/908 858/858 644/644
f 686/686 908/908 644/644
f 491/491 686/686 644/644
f 489/489 686/686 491/491
f 489/489 491/491 5390/5390
f 487/487 489/489 5390/5390
f 485/485 487/487 5390/5390
f 487/487 485/485 688/688
f 688/688 485/485 595/595
f 688/688 595/595 843/843
f 725/725 688/688 843/843
f 843/843 747/747 725/725
f 725/725 747/747 748/748
f 747/747 5391/5391 748/748
f 748/748 5391/5391 751/751
f 751/751 5391/5391 752/752
f 752/752 1144/1144 751/751
f 483/483 485/485 5390/5390
f 491/491 493/493 5390/5390
f 499/499 501/501 5390/5390
f 5390/5390 505/505 5393/5393
f 503/503 505/505 5390/5390
f 501/501 503/503 5390/5390
f 503/503 501/501 696/696
f 696/696 501/501 662/662
f 696/696 662/662 926/926
f 926/926 662/662 664/664
f 956/956 926/926 664/664
f 690/690 956/956 664/664
f 499/499 690/690 664/664
f 497/497 690/690 499/499
f 497/497 499/499 5390/5390
f 495/495 497/497 5390/5390
f 493/493 495/495 5390/5390
f 495/495 493/493 692/692
f 692/692 493/493 630/630
f 692/692 630/630 858/858
f 744/744 5391/5391 747/747
f 727/727 755/755 756/756
f 858/858 755/755 727/727
f 727/727 692/692 858/858
f 1178/1178 956/956 690/690
f 956/956 1178/1178 760/760
f 760/760 1178/1178 759/759
f 759/759 5391/5391 760/760
f 756/756 5391/5391 759/759
f 755/755 5391/5391 756/756
f 752/752 5391/5391 755/755
f 5391/5391 5394/5394 767/767
f 764/764 5391/5391 767/767
f 760/760 5391/5391 763/763
f 763/763 5391/5391 764/764
f 729/729 763/763 764/764
f 926/926 763/763 729/729
f 729/729 696/696 926/926
f 5395/5395 5396/5396 5397/5397
f 5398/5398 5396/5396 5395/5395
f 5399/5399 5396/5396 5398/5398
f 5399/5399 5400/5400 5396/5396
f 5396/5396 5400/5400 5401/5401
f 5401/5401 5397/5397 5396/5396
f 5402/5402 5397/5397 5401/5401
f 5397/5397 5402/5402 5403/5403
f 5403/5403 5402/5402 5404/5404
f 5402/5402 5405/5405 5404/5404
f 5404/5404 5405/5405 5406/5406
f 5405/5405 5407/5407 5406/5406
f 5406/5406 5407/5407 5408/5408
f 5407/5407 5409/5409 5408/5408
f 5408/5408 5409/5409 5410/5410
f 5411/5411 5410/5410 5409/5409
f 5412/5412 5410/5410 5411/5411
f 5411/5411 5413/5413 5412/5412
f 5412/5412 5413/5413 5414/5414
f 5400/5400 5415/5415 5401/5401
f 5415/5415 5402/5402 5401/5401
f 5405/5405 5402/5402 5415/5415
f 5415/5415 5416/5416 5405/5405
f 5405/5405 5416/5416 5407/5407
f 5416/5416 5417/5417 5407/5407
f 5407/5407 5417/5417 5409/5409
f 5418/5418 5409/5409 5417/5417
f 5411/5411 5409/5409 5418/5418
f 5418/5418 5419/5419 5411/5411
f 5411/5411 5419/5419 5413/5413
f 5420/5420 5421/5421 5422/5422
f 5423/5423 5421/5421 5420/5420
f 5424/5424 5425/5425 5426/5426
f 5424/5424 5427/5427 5425/5425
f 5428/5428 5427/5427 5424/5424
f 5427/5427 5428/5428 5429/5429
f 5430/5430 5431/5431 5432/5432
f 5433/5433 5434/5434 837/837
f 5435/5435 5433/5433 837/837
f 5436/5436 5435/5435 837/837
f 5436/5436 837/837 5437/5437
f 837/837 839/839 5437/5437
f 5437/5437 839/839 5438/5438
f 5439/5439 5438/5438 839/839
f 5439/5439 839/839 5440/5440
f 5440/5440 839/839 5441/5441
f 5441/5441 839/839 5442/5442
f 5443/5443 5444/5444 5445/5445
f 5445/5445 5444/5444 5446/5446
f 5447/5447 5445/5445 5446/5446
f 5447/5447 5446/5446 5448/5448
f 5398/5398 5449/5449 5399/5399
f 5450/5450 5399/5399 5449/5449
f 5451/5451 5399/5399 5450/5450
f 5418/5418 5452/5452 5419/5419
f 5453/5453 5452/5452 5418/5418
f 5418/5418 5417/5417 5453/5453
f 5453/5453 5417/5417 5454/5454
f 5416/5416 5454/5454 5417/5417
f 5455/5455 5454/5454 5416/5416
f 5415/5415 5455/5455 5416/5416
f 5456/5456 5455/5455 5415/5415
f 5400/5400 5456/5456 5415/5415
f 5457/5457 5456/5456 5400/5400
f 5399/5399 5457/5457 5400/5400
f 5399/5399 5458/5458 5457/5457
f 5399/5399 5459/5459 5458/5458
f 5459/5459 5460/5460 5458/5458
f 5458/5458 5460/5460 5461/5461
f 5451/5451 5459/5459 5399/5399
f 5462/5462 5459/5459 5451/5451
f 5463/5463 5462/5462 5451/5451
f 5464/5464 5462/5462 5463/5463
f 5463/5463 5465/5465 5464/5464
f 5466/5466 5464/5464 5465/5465
f 5467/5467 5464/5464 5466/5466
f 5468/5468 5467/5467 5466/5466
f 5469/5469 5467/5467 5468/5468
f 5468/5468 5470/5470 5469/5469
f 5471/5471 5470/5470 5468/5468
f 5472/5472 5470/5470 5471/5471
f 5473/5473 5474/5474 5475/5475
f 5476/5476 5474/5474 5473/5473
f 5476/5476 5473/5473 5477/5477
f 5477/5477 5473/5473 5478/5478
f 5477/5477 5478/5478 5479/5479
f 5479/5479 5478/5478 5480/5480
f 5479/5479 5480/5480 5481/5481
f 5481/5481 5480/5480 5482/5482
f 5481/5481 5482/5482 5483/5483
f 5483/5483 5482/5482 5484/5484
f 5485/5485 5483/5483 5484/5484
f 5486/5486 5483/5483 5485/5485
f 5487/5487 5488/5488 167/167
f 167/167 5488/5488 165/165
f 165/165 5488/5488 158/158
f 158/158 5488/5488 119/119
f 119/119 5488/5488 121/121
f 119/119 121/121 117/117
f 117/117 121/121 123/123
f 5489/5489 159/159 5488/5488
f 5488/5488 159/159 121/121
f 5490/5490 5486/5486 5485/5485
f 5474/5474 5491/5491 5475/5475
f 5492/5492 5491/5491 5474/5474
f 5493/5493 5491/5491 5494/5494
f 5475/5475 5491/5491 5493/5493
f 5475/5475 5493/5493 5495/5495
f 5495/5495 5493/5493 5496/5496
f 5495/5495 5496/5496 5497/5497
f 5497/5497 5496/5496 5498/5498
f 5499/5499 5497/5497 5498/5498
f 5500/5500 5497/5497 5499/5499
f 5501/5501 5500/5500 5499/5499
f 5502/5502 5500/5500 5501/5501
f 5503/5503 5502/5502 5501/5501
f 5504/5504 5502/5502 5503/5503
f 5505/5505 5506/5506 5492/5492
f 5491/5491 5492/5492 5506/5506
f 5494/5494 5491/5491 5506/5506
f 5507/5507 5508/5508 5509/5509
f 5510/5510 5508/5508 5507/5507
f 5507/5507 5511/5511 5510/5510
f 5510/5510 5511/5511 5512/5512
f 5513/5513 5512/5512 5511/5511
f 5514/5514 5512/5512 5513/5513
f 5513/5513 5515/5515 5514/5514
f 5516/5516 5515/5515 5513/5513
f 5517/5517 5515/5515 5516/5516
f 5518/5518 5515/5515 5517/5517
f 5519/5519 5518/5518 5517/5517
f 5520/5520 5518/5518 5519/5519
f 5521/5521 5520/5520 5519/5519
f 5522/5522 5520/5520 5521/5521
f 5523/5523 5522/5522 5521/5521
f 5524/5524 5522/5522 5523/5523
f 5525/5525 5524/5524 5523/5523
f 5526/5526 5524/5524 5525/5525
f 5527/5527 5528/5528 5529/5529
f 5530/5530 5528/5528 5527/5527
f 5531/5531 5530/5530 5527/5527
f 5532/5532 5530/5530 5531/5531
f 5533/5533 5532/5532 5531/5531
f 5534/5534 5532/5532 5533/5533
f 5535/5535 5534/5534 5533/5533
f 5536/5536 5534/5534 5535/5535
f 5537/5537 5536/5536 5535/5535
f 5538/5538 5536/5536 5537/5537
f 5538/5538 5537/5537 5539/5539
f 5539/5539 5537/5537 5540/5540
f 5541/5541 5539/5539 5540/5540
f 5542/5542 5539/5539 5541/5541
f 5543/5543 5544/5544 5545/5545
f 5546/5546 5544/5544 5543/5543
f 5547/5547 5546/5546 5543/5543
f 5548/5548 5546/5546 5547/5547
f 5548/5548 5547/5547 5549/5549
f 5549/5549 5547/5547 5550/5550
f 5551/5551 5549/5549 5550/5550
f 5552/5552 5549/5549 5551/5551
f 5553/5553 5552/5552 5551/5551
f 5554/5554 5552/5552 5553/5553
f 5555/5555 5554/5554 5553/5553
f 5556/5556 5554/5554 5555/5555
f 5557/5557 5556/5556 5555/5555
f 5558/5558 5556/5556 5557/5557
f 5559/5559 5560/5560 5561/5561
f 5561/5561 5562/5562 5563/5563
f 5560/5560 5562/5562 5561/5561
f 5562/5562 5560/5560 5564/5564
f 5564/5564 5560/5560 5565/5565
f 5565/5565 5560/5560 5566/5566
f 5566/5566 5560/5560 5567/5567
f 5567/5567 5560/5560 5559/5559
f 5568/5568 5569/5569 5570/5570
f 5571/5571 5568/5568 5570/5570
f 5572/5572 5568/5568 5571/5571
f 5525/5525 5572/5572 5571/5571
f 5526/5526 5525/5525 5571/5571
f 1607/1607 1603/1603 5573/5573
f 5573/5573 1603/1603 5574/5574
f 5575/5575 5573/5573 5574/5574
f 5576/5576 1603/1603 5577/5577
f 5577/5577 1603/1603 1605/1605
f 5578/5578 5579/5579 5580/5580
f 5581/5581 5578/5578 5580/5580
f 5582/5582 5578/5578 5581/5581
f 5583/5583 5584/5584 5585/5585
f 5586/5586 5584/5584 5583/5583
f 5587/5587 5586/5586 5583/5583
f 5586/5586 5587/5587 5588/5588
f 5589/5589 5588/5588 5587/5587
f 5590/5590 5588/5588 5589/5589
f 5591/5591 5588/5588 5590/5590
f 5592/5592 5591/5591 5590/5590
f 5593/5593 5591/5591 5592/5592
f 5593/5593 5592/5592 5594/5594
f 5595/5595 5593/5593 5594/5594
f 5596/5596 5595/5595 5594/5594
f 5585/5585 5595/5595 5596/5596
f 5584/5584 5595/5595 5585/5585
f 5584/5584 5597/5597 5595/5595
f 5598/5598 5597/5597 5584/5584
f 5598/5598 5599/5599 5597/5597
f 5600/5600 5599/5599 5598/5598
f 5601/5601 5602/5602 5603/5603
f 5604/5604 5602/5602 5601/5601
f 5605/5605 5604/5604 5601/5601
f 5604/5604 5605/5605 5591/5591
f 5606/5606 5591/5591 5605/5605
f 5606/5606 5588/5588 5591/5591
f 5607/5607 5588/5588 5606/5606
f 5608/5608 5609/5609 5610/5610
f 5611/5611 401/401 5612/5612
f 5612/5612 401/401 403/403
f 403/403 405/405 5612/5612
f 5612/5612 405/405 5609/5609
f 5612/5612 5609/5609 5608/5608
f 5608/5608 5611/5611 5612/5612
f 5613/5613 5611/5611 5608/5608
f 5613/5613 410/410 5611/5611
f 5611/5611 410/410 407/407
f 5611/5611 407/407 401/401
f 401/401 407/407 399/399
f 5614/5614 5615/5615 5616/5616
f 5617/5617 5615/5615 5614/5614
f 5617/5617 5618/5618 5615/5615
f 5619/5619 5618/5618 5617/5617
f 5619/5619 5620/5620 5618/5618
f 5618/5618 5620/5620 5621/5621
f 5620/5620 5622/5622 5621/5621
f 5623/5623 5622/5622 5620/5620
f 5623/5623 5624/5624 5622/5622
f 5625/5625 5624/5624 5623/5623
f 5625/5625 5626/5626 5624/5624
f 5627/5627 5626/5626 5625/5625
f 5627/5627 5628/5628 5626/5626
f 5629/5629 5628/5628 5627/5627
f 5629/5629 5616/5616 5628/5628
f 5614/5614 5616/5616 5629/5629
f 5630/5630 437/437 438/438
f 5631/5631 437/437 5630/5630
f 438/438 439/439 5632/5632
f 5633/5633 438/438 5632/5632
f 431/431 5632/5632 429/429
f 435/435 429/429 5632/5632
f 433/433 435/435 5632/5632
f 439/439 433/433 5632/5632
f 433/433 439/439 441/441
f 441/441 439/439 440/440
f 5634/5634 5635/5635 5636/5636
f 5637/5637 5635/5635 5634/5634
f 5637/5637 5638/5638 5635/5635
f 5639/5639 5638/5638 5637/5637
f 5639/5639 5640/5640 5638/5638
f 5641/5641 5640/5640 5639/5639
f 5641/5641 5642/5642 5640/5640
f 5643/5643 5642/5642 5641/5641
f 5644/5644 5645/5645 5646/5646
f 5647/5647 5644/5644 5646/5646
f 5648/5648 5644/5644 5647/5647
f 5647/5647 5649/5649 5648/5648
f 5650/5650 5648/5648 5649/5649
f 5651/5651 5650/5650 5649/5649
f 5652/5652 5651/5651 5649/5649
f 5653/5653 5651/5651 5652/5652
f 5654/5654 5653/5653 5652/5652
f 5655/5655 5653/5653 5654/5654
f 5656/5656 5655/5655 5654/5654
f 5657/5657 5655/5655 5656/5656
f 5645/5645 5657/5657 5656/5656
f 5646/5646 5645/5645 5656/5656
f 5656/5656 5658/5658 5646/5646
f 5646/5646 5658/5658 5659/5659
f 5658/5658 5660/5660 5659/5659
f 5659/5659 5660/5660 5661/5661
f 5662/5662 5663/5663 5664/5664
f 5664/5664 5663/5663 5665/5665
f 5666/5666 5664/5664 5665/5665
f 5665/5665 5652/5652 5666/5666
f 5667/5667 5666/5666 5652/5652
f 5649/5649 5667/5667 5652/5652
f 5668/5668 5667/5667 5649/5649
f 5669/5669 5670/5670 5671/5671
f 2145/2145 5670/5670 5669/5669
f 5672/5672 5673/5673 2245/2245
f 5674/5674 5673/5673 5672/5672
f 5672/5672 5671/5671 5674/5674
f 5669/5669 5671/5671 5672/5672
f 2239/2239 5673/5673 5675/5675
f 2245/2245 5673/5673 2239/2239
f 2223/2223 5675/5675 5676/5676
f 2239/2239 5675/5675 2223/2223
f 2203/2203 5676/5676 5677/5677
f 2223/2223 5676/5676 2203/2203
f 2187/2187 5678/5678 2167/2167
f 5679/5679 5678/5678 2187/2187
f 2187/2187 5677/5677 5679/5679
f 2203/2203 5677/5677 2187/2187
f 2161/2161 5678/5678 5680/5680
f 2167/2167 5678/5678 2161/2161
f 2145/2145 5680/5680 5670/5670
f 2161/2161 5680/5680 2145/2145
f 5679/5679 5677/5677 5676/5676
f 5678/5678 5679/5679 5676/5676
f 5680/5680 5678/5678 5676/5676
f 5670/5670 5680/5680 5676/5676
f 5675/5675 5670/5670 5676/5676
f 5671/5671 5670/5670 5675/5675
f 5674/5674 5671/5671 5675/5675
f 5673/5673 5674/5674 5675/5675
f 5681/5681 5682/5682 5683/5683
f 5684/5684 5682/5682 5681/5681
f 5685/5685 5686/5686 5687/5687
f 5688/5688 5685/5685 5687/5687
f 5689/5689 5688/5688 5687/5687
f 5690/5690 5689/5689 5687/5687
f 5691/5691 5690/5690 5687/5687
f 5692/5692 5690/5690 5691/5691
f 5693/5693 5692/5692 5691/5691
f 5694/5694 5693/5693 5691/5691
f 5695/5695 5696/5696 5697/5697
f 5698/5698 5696/5696 5695/5695
f 5699/5699 2209/2209 5700/5700
f 2210/2210 2209/2209 5699/5699
f 5701/5701 2257/2257 2259/2259
f 5702/5702 2257/2257 5701/5701
f 5684/5684 5703/5703 5704/5704
f 5705/5705 5703/5703 5684/5684
f 5682/5682 5696/5696 5698/5698
f 5706/5706 5696/5696 5682/5682
f 5707/5707 5669/5669 5708/5708
f 5709/5709 5669/5669 5707/5707
f 5710/5710 5669/5669 5711/5711
f 5708/5708 5669/5669 5710/5710
f 5683/5683 5712/5712 5713/5713
f 5714/5714 5712/5712 5683/5683
f 5715/5715 5716/5716 5717/5717
f 5718/5718 5716/5716 5715/5715
f 5719/5719 5720/5720 5721/5721
f 5681/5681 5720/5720 5719/5719
f 5722/5722 5672/5672 5723/5723
f 5724/5724 5672/5672 5722/5722
f 5725/5725 5672/5672 5726/5726
f 5723/5723 5672/5672 5725/5725
f 5727/5727 5728/5728 5729/5729
f 5730/5730 5728/5728 5727/5727
f 5727/5727 5731/5731 5732/5732
f 5733/5733 5731/5731 5727/5727
f 5734/5734 5735/5735 5736/5736
f 5732/5732 5735/5735 5734/5734
f 5737/5737 5738/5738 5739/5739
f 5734/5734 5738/5738 5737/5737
f 5737/5737 5740/5740 5741/5741
f 5742/5742 5740/5740 5737/5737
f 5743/5743 5744/5744 5745/5745
f 5741/5741 5744/5744 5743/5743
f 5743/5743 5746/5746 5747/5747
f 5748/5748 5746/5746 5743/5743
f 5749/5749 5750/5750 5751/5751
f 5747/5747 5750/5750 5749/5749
f 5752/5752 5753/5753 5754/5754
f 5749/5749 5753/5753 5752/5752
f 5752/5752 5755/5755 5756/5756
f 5757/5757 5755/5755 5752/5752
f 5758/5758 5759/5759 5760/5760
f 5756/5756 5759/5759 5758/5758
f 5758/5758 5761/5761 5762/5762
f 5763/5763 5761/5761 5758/5758
f 5764/5764 5765/5765 5766/5766
f 5762/5762 5765/5765 5764/5764
f 5767/5767 5768/5768 5769/5769
f 5764/5764 5768/5768 5767/5767
f 5767/5767 5770/5770 5771/5771
f 5772/5772 5770/5770 5767/5767
f 5773/5773 5774/5774 5730/5730
f 5775/5775 5774/5774 5773/5773
f 5773/5773 5776/5776 5777/5777
f 5778/5778 5776/5776 5773/5773
f 5779/5779 5780/5780 5781/5781
f 5771/5771 5780/5780 5779/5779
f 5779/5779 5782/5782 5783/5783
f 5784/5784 5782/5782 5779/5779
f 5778/5778 5785/5785 5786/5786
f 5783/5783 5785/5785 5778/5778
f 5787/5787 5712/5712 5714/5714
f 5788/5788 5712/5712 5787/5787
f 5789/5789 5790/5790 5791/5791
f 5792/5792 5790/5790 5789/5789
f 5793/5793 5790/5790 5792/5792
f 5794/5794 5793/5793 5792/5792
f 5795/5795 5793/5793 5794/5794
f 5796/5796 5790/5790 5793/5793
f 2135/2135 2130/2130 2133/2133
f 2128/2128 2130/2130 2135/2135
f 2126/2126 5797/5797 2124/2124
f 5798/5798 5797/5797 2126/2126
f 2139/2139 2127/2127 2138/2138
f 2125/2125 2127/2127 2139/2139
f 554/554 553/553 548/548
f 548/548 553/553 552/552
f 553/553 5799/5799 552/552
f 573/573 5799/5799 553/553
f 541/541 5799/5799 573/573
f 545/545 5799/5799 541/541
f 545/545 541/541 543/543
f 543/543 541/541 540/540
f 546/546 551/551 5800/5800
f 5800/5800 551/551 5801/5801
f 5802/5802 551/551 5803/5803
f 5803/5803 551/551 550/550
f 5799/5799 5803/5803 550/550
f 552/552 5799/5799 550/550
f 5804/5804 5805/5805 5806/5806
f 5806/5806 5805/5805 5807/5807
f 5807/5807 5808/5808 5806/5806
f 5806/5806 5808/5808 5809/5809
f 5808/5808 5810/5810 5809/5809
f 5811/5811 5809/5809 5810/5810
f 5812/5812 5809/5809 5811/5811
f 5813/5813 5812/5812 5811/5811
f 5814/5814 5812/5812 5813/5813
f 5805/5805 5814/5814 5813/5813
f 5815/5815 5816/5816 590/590
f 5817/5817 5815/5815 590/590
f 5818/5818 5817/5817 590/590
f 5818/5818 590/590 5819/5819
f 590/590 589/589 5819/5819
f 5820/5820 5819/5819 589/589
f 5821/5821 5820/5820 589/589
f 5821/5821 589/589 5822/5822
f 5822/5822 589/589 5823/5823
f 589/589 5824/5824 5823/5823
f 796/796 792/792 805/805
f 805/805 792/792 794/794
f 805/805 794/794 855/855
f 803/803 805/805 855/855
f 855/855 859/859 803/803
f 803/803 859/859 847/847
f 847/847 859/859 5825/5825
f 851/851 847/847 5825/5825
f 5826/5826 851/851 5825/5825
f 851/851 5826/5826 849/849
f 5826/5826 864/864 849/849
f 864/864 810/810 849/849
f 849/849 810/810 2731/2731
f 2731/2731 810/810 811/811
f 5827/5827 2731/2731 811/811
f 798/798 2731/2731 5827/5827
f 5827/5827 5828/5828 798/798
f 798/798 5828/5828 796/796
f 796/796 5828/5828 792/792
f 792/792 5828/5828 680/680
f 855/855 794/794 678/678
f 853/853 855/855 678/678
f 799/799 623/623 825/825
f 825/825 831/831 799/799
f 799/799 831/831 816/816
f 816/816 831/831 5825/5825
f 817/817 816/816 5825/5825
f 857/857 817/817 5825/5825
f 859/859 857/857 5825/5825
f 831/831 827/827 5825/5825
f 827/827 819/819 5825/5825
f 827/827 640/640 819/819
f 823/823 640/640 827/827
f 640/640 823/823 658/658
f 823/823 825/825 658/658
f 825/825 661/661 658/658
f 623/623 661/661 825/825
f 623/623 665/665 661/661
f 624/624 665/665 623/623
f 624/624 5828/5828 665/665
f 625/625 5828/5828 624/624
f 680/680 5828/5828 625/625
f 621/621 680/680 625/625
f 678/678 680/680 621/621
f 621/621 622/622 678/678
f 622/622 853/853 678/678
f 853/853 622/622 857/857
f 857/857 622/622 817/817
f 665/665 5828/5828 663/663
f 639/639 640/640 658/658
f 663/663 639/639 658/658
f 643/643 639/639 663/663
f 663/663 5828/5828 643/643
f 643/643 5828/5828 642/642
f 642/642 5828/5828 673/673
f 642/642 673/673 641/641
f 641/641 673/673 669/669
f 641/641 669/669 835/835
f 800/800 641/641 835/835
f 835/835 844/844 800/800
f 800/800 844/844 818/818
f 818/818 844/844 5825/5825
f 819/819 818/818 5825/5825
f 835/835 669/669 666/666
f 833/833 835/835 666/666
f 5828/5828 675/675 676/676
f 673/673 5828/5828 671/671
f 821/821 820/820 5825/5825
f 842/842 821/821 5825/5825
f 844/844 842/842 5825/5825
f 845/845 674/674 5825/5825
f 820/820 845/845 5825/5825
f 801/801 845/845 820/820
f 801/801 655/655 845/845
f 845/845 655/655 676/676
f 655/655 656/656 676/676
f 656/656 5828/5828 676/676
f 657/657 5828/5828 656/656
f 671/671 5828/5828 657/657
f 657/657 653/653 671/671
f 671/671 653/653 666/666
f 653/653 654/654 666/666
f 654/654 833/833 666/666
f 833/833 654/654 842/842
f 842/842 654/654 821/821
f 5829/5829 5830/5830 5831/5831
f 5832/5832 5830/5830 5829/5829
f 5832/5832 5833/5833 5830/5830
f 5834/5834 5833/5833 5832/5832
f 5833/5833 5834/5834 5835/5835
f 5836/5836 5835/5835 5837/5837
f 5836/5836 5833/5833 5835/5835
f 5838/5838 5833/5833 5836/5836
f 5838/5838 5830/5830 5833/5833
f 5839/5839 5830/5830 5838/5838
f 5839/5839 5831/5831 5830/5830
f 5840/5840 5831/5831 5839/5839
f 925/925 5831/5831 5840/5840
f 925/925 5829/5829 5831/5831
f 925/925 5841/5841 5829/5829
f 5841/5841 5832/5832 5829/5829
f 5842/5842 5832/5832 5841/5841
f 5842/5842 5834/5834 5832/5832
f 5843/5843 5834/5834 5842/5842
f 5834/5834 5843/5843 5844/5844
f 5835/5835 5834/5834 5844/5844
f 5844/5844 5845/5845 5835/5835
f 5837/5837 5835/5835 5845/5845
f 5837/5837 5845/5845 5846/5846
f 5844/5844 5843/5843 5847/5847
f 5847/5847 5848/5848 5844/5844
f 5848/5848 5845/5845 5844/5844
f 5848/5848 5849/5849 5845/5845
f 5846/5846 5845/5845 5849/5849
f 5850/5850 5851/5851 5852/5852
f 5851/5851 5849/5849 5848/5848
f 5852/5852 5851/5851 5848/5848
f 5852/5852 5848/5848 5847/5847
f 925/925 5853/5853 5841/5841
f 924/924 5853/5853 925/925
f 5854/5854 5853/5853 924/924
f 5854/5854 5855/5855 5853/5853
f 5853/5853 5855/5855 5841/5841
f 5841/5841 5855/5855 5856/5856
f 5841/5841 5856/5856 5842/5842
f 5842/5842 5856/5856 5857/5857
f 5842/5842 5857/5857 5843/5843
f 5843/5843 5857/5857 5858/5858
f 5843/5843 5858/5858 5847/5847
f 5847/5847 5858/5858 5859/5859
f 5847/5847 5859/5859 5852/5852
f 5852/5852 5859/5859 5860/5860
f 5852/5852 5860/5860 5850/5850
f 5850/5850 5860/5860 5861/5861
f 5862/5862 5863/5863 5864/5864
f 5864/5864 5863/5863 5865/5865
f 5864/5864 5865/5865 5866/5866
f 5866/5866 5865/5865 5867/5867
f 5868/5868 5866/5866 5867/5867
f 5869/5869 5866/5866 5868/5868
f 5868/5868 5870/5870 5869/5869
f 5869/5869 5870/5870 5871/5871
f 5862/5862 5869/5869 5871/5871
f 5863/5863 5862/5862 5871/5871
f 5872/5872 5863/5863 5871/5871
f 5873/5873 5863/5863 5872/5872
f 5874/5874 5873/5873 5872/5872
f 5875/5875 5873/5873 5874/5874
f 5874/5874 5868/5868 5875/5875
f 5870/5870 5868/5868 5874/5874
f 5876/5876 5877/5877 5878/5878
f 5879/5879 5877/5877 5876/5876
f 5880/5880 5881/5881 5882/5882
f 5883/5883 5881/5881 5880/5880
f 5812/5812 5884/5884 5885/5885
f 5814/5814 5884/5884 5812/5812
f 5861/5861 5886/5886 5887/5887
f 5860/5860 5886/5886 5861/5861
f 5860/5860 5888/5888 5886/5886
f 5859/5859 5888/5888 5860/5860
f 5859/5859 5889/5889 5888/5888
f 5858/5858 5889/5889 5859/5859
f 5858/5858 5890/5890 5889/5889
f 5857/5857 5890/5890 5858/5858
f 5857/5857 5891/5891 5890/5890
f 5856/5856 5891/5891 5857/5857
f 5856/5856 5892/5892 5891/5891
f 5855/5855 5892/5892 5856/5856
f 897/897 911/911 895/895
f 911/911 897/897 924/924
f 924/924 897/897 5854/5854
f 897/897 5855/5855 5854/5854
f 898/898 5855/5855 897/897
f 5892/5892 5855/5855 898/898
f 5893/5893 5892/5892 898/898
f 898/898 900/900 5893/5893
f 5893/5893 900/900 5894/5894
f 900/900 902/902 5894/5894
f 5894/5894 902/902 5895/5895
f 904/904 907/907 5896/5896
f 902/902 904/904 5896/5896
f 5895/5895 902/902 5896/5896
f 5897/5897 5895/5895 5896/5896
f 5898/5898 5897/5897 5896/5896
f 5899/5899 5898/5898 5896/5896
f 5900/5900 5899/5899 5896/5896
f 5901/5901 5900/5900 5896/5896
f 5902/5902 5901/5901 5896/5896
f 907/907 5902/5902 5896/5896
f 5902/5902 907/907 5903/5903
f 5903/5903 907/907 923/923
f 923/923 907/907 909/909
f 909/909 921/921 923/923
f 919/919 921/921 909/909
f 899/899 919/919 909/909
f 894/894 919/919 899/899
f 919/919 894/894 916/916
f 916/916 894/894 914/914
f 894/894 896/896 914/914
f 906/906 905/905 909/909
f 909/909 905/905 899/899
f 899/899 905/905 901/901
f 901/901 905/905 903/903
f 5904/5904 5905/5905 5906/5906
f 5907/5907 5905/5905 5904/5904
f 925/925 5840/5840 5905/5905
f 5907/5907 925/925 5905/5905
f 913/913 925/925 5907/5907
f 5908/5908 913/913 5907/5907
f 913/913 5908/5908 912/912
f 912/912 5908/5908 5909/5909
f 912/912 5909/5909 915/915
f 915/915 5909/5909 917/917
f 917/917 5909/5909 5910/5910
f 917/917 5910/5910 918/918
f 918/918 5910/5910 5911/5911
f 5912/5912 918/918 5911/5911
f 920/920 918/918 5912/5912
f 922/922 920/920 5912/5912
f 5913/5913 5914/5914 5915/5915
f 5916/5916 5914/5914 5913/5913
f 5916/5916 5917/5917 5914/5914
f 5914/5914 5917/5917 5918/5918
f 5913/5913 5918/5918 5917/5917
f 5915/5915 5918/5918 5913/5913
f 5919/5919 953/953 955/955
f 5920/5920 953/953 5919/5919
f 5921/5921 5920/5920 5919/5919
f 5922/5922 5920/5920 5921/5921
f 5923/5923 5922/5922 5921/5921
f 5924/5924 5922/5922 5923/5923
f 5925/5925 5924/5924 5923/5923
f 5926/5926 5924/5924 5925/5925
f 5925/5925 958/958 5926/5926
f 959/959 958/958 5925/5925
f 5917/5917 5927/5927 5928/5928
f 5916/5916 5927/5927 5917/5917
f 5916/5916 5913/5913 5927/5927
f 5927/5927 5913/5913 5929/5929
f 5917/5917 5929/5929 5913/5913
f 5928/5928 5929/5929 5917/5917
f 5930/5930 5931/5931 5932/5932
f 5932/5932 5931/5931 5933/5933
f 5934/5934 5933/5933 5931/5931
f 5935/5935 5933/5933 5934/5934
f 5930/5930 5935/5935 5934/5934
f 5932/5932 5935/5935 5930/5930
f 5936/5936 5937/5937 5938/5938
f 5939/5939 5937/5937 5936/5936
f 5940/5940 5938/5938 5937/5937
f 5941/5941 5938/5938 5940/5940
f 5942/5942 5941/5941 5940/5940
f 5943/5943 5941/5941 5942/5942
f 5944/5944 5945/5945 5946/5946
f 5947/5947 5945/5945 5944/5944
f 5948/5948 5949/5949 5950/5950
f 5951/5951 5949/5949 5948/5948
f 5952/5952 5953/5953 5954/5954
f 5955/5955 5953/5953 5952/5952
f 5956/5956 5957/5957 5958/5958
f 5959/5959 5957/5957 5956/5956
f 5948/5948 5946/5946 5945/5945
f 5950/5950 5946/5946 5948/5948
f 5960/5960 5961/5961 5962/5962
f 5963/5963 5961/5961 5960/5960
f 5964/5964 5965/5965 5966/5966
f 5967/5967 5965/5965 5964/5964
f 5968/5968 5969/5969 5970/5970
f 5971/5971 5969/5969 5968/5968
f 5972/5972 5973/5973 5974/5974
f 5975/5975 5973/5973 5972/5972
f 5969/5969 5962/5962 5961/5961
f 5971/5971 5962/5962 5969/5969
f 5976/5976 5977/5977 5978/5978
f 5979/5979 5977/5977 5976/5976
f 5976/5976 5980/5980 5979/5979
f 5979/5979 5980/5980 5981/5981
f 5980/5980 5982/5982 5981/5981
f 5981/5981 5982/5982 5983/5983
f 5982/5982 5984/5984 5983/5983
f 5983/5983 5984/5984 5985/5985
f 5986/5986 5987/5987 5988/5988
f 5989/5989 5987/5987 5986/5986
f 5990/5990 5991/5991 5992/5992
f 5993/5993 5991/5991 5990/5990
f 5994/5994 5993/5993 5990/5990
f 5995/5995 5993/5993 5994/5994
f 5996/5996 5995/5995 5994/5994
f 5997/5997 5995/5995 5996/5996
f 5998/5998 5997/5997 5996/5996
f 5999/5999 5997/5997 5998/5998
f 6000/6000 5999/5999 5998/5998
f 6001/6001 5999/5999 6000/6000
f 6002/6002 6001/6001 6000/6000
f 6003/6003 6001/6001 6002/6002
f 6004/6004 6003/6003 6002/6002
f 6005/6005 6003/6003 6004/6004
f 6006/6006 6005/6005 6004/6004
f 6007/6007 6005/6005 6006/6006
f 5992/5992 6007/6007 6006/6006
f 5991/5991 6007/6007 5992/5992
f 5990/5990 5992/5992 6008/6008
f 5994/5994 5990/5990 6008/6008
f 5996/5996 5994/5994 6008/6008
f 5998/5998 5996/5996 6008/6008
f 6000/6000 5998/5998 6008/6008
f 6002/6002 6000/6000 6008/6008
f 6004/6004 6002/6002 6008/6008
f 6006/6006 6004/6004 6008/6008
f 5992/5992 6006/6006 6008/6008
f 6009/6009 1703/1703 1702/1702
f 6010/6010 1703/1703 6009/6009
f 6011/6011 6012/6012 6013/6013
f 6014/6014 6012/6012 6011/6011
f 6015/6015 6016/6016 6017/6017
f 6018/6018 6016/6016 6015/6015
f 6019/6019 6020/6020 6021/6021
f 6022/6022 6020/6020 6019/6019
f 6023/6023 6024/6024 6025/6025
f 6026/6026 6024/6024 6023/6023
f 6024/6024 6019/6019 6025/6025
f 6022/6022 6019/6019 6024/6024
f 6023/6023 6016/6016 6026/6026
f 6017/6017 6016/6016 6023/6023
f 6027/6027 6028/6028 6029/6029
f 6030/6030 6028/6028 6027/6027
f 6031/6031 6029/6029 6032/6032
f 6033/6033 6029/6029 6031/6031
f 6034/6034 6032/6032 6035/6035
f 6036/6036 6032/6032 6034/6034
f 6037/6037 6038/6038 6039/6039
f 6040/6040 6038/6038 6037/6037
f 6029/6029 6035/6035 6032/6032
f 6028/6028 6035/6035 6029/6029
f 6041/6041 6042/6042 6043/6043
f 6043/6043 6042/6042 6044/6044
f 6045/6045 6044/6044 6042/6042
f 6046/6046 6044/6044 6045/6045
f 5922/5922 5924/5924 5926/5926
f 5920/5920 5922/5922 5926/5926
f 957/957 5920/5920 5926/5926
f 958/958 957/957 5926/5926
f 953/953 6047/6047 954/954
f 6048/6048 6047/6047 953/953
f 6049/6049 6048/6048 953/953
f 5920/5920 6049/6049 953/953
f 957/957 6049/6049 5920/5920
f 957/957 6050/6050 6049/6049
f 6051/6051 6050/6050 957/957
f 959/959 6051/6051 957/957
f 6052/6052 6051/6051 959/959
f 6053/6053 6052/6052 959/959
f 959/959 6054/6054 6053/6053
f 6053/6053 6054/6054 6055/6055
f 6055/6055 6054/6054 6056/6056
f 6056/6056 6054/6054 6057/6057
f 6057/6057 6054/6054 6058/6058
f 6058/6058 6054/6054 6059/6059
f 6059/6059 6054/6054 6060/6060
f 6060/6060 6054/6054 5923/5923
f 6060/6060 5923/5923 6061/6061
f 6061/6061 5923/5923 5921/5921
f 6061/6061 5921/5921 6062/6062
f 6062/6062 5921/5921 5919/5919
f 6062/6062 5919/5919 935/935
f 935/935 5919/5919 929/929
f 5919/5919 955/955 929/929
f 927/927 929/929 955/955
f 930/930 927/927 955/955
f 961/961 930/930 955/955
f 955/955 952/952 961/961
f 5923/5923 6054/6054 5925/5925
f 5925/5925 6054/6054 959/959
f 6063/6063 6042/6042 6064/6064
f 962/962 975/975 963/963
f 6051/6051 984/984 6050/6050
f 6050/6050 984/984 983/983
f 6050/6050 983/983 6049/6049
f 6049/6049 983/983 980/980
f 6049/6049 980/980 6048/6048
f 6048/6048 980/980 978/978
f 978/978 977/977 6048/6048
f 6048/6048 977/977 6047/6047
f 977/977 975/975 6047/6047
f 6047/6047 975/975 954/954
f 954/954 975/975 962/962
f 954/954 962/962 952/952
f 952/952 962/962 961/961
f 6065/6065 5849/5849 5851/5851
f 6065/6065 5851/5851 5850/5850
f 6066/6066 1025/1025 6067/6067
f 1024/1024 6067/6067 1025/1025
f 6068/6068 6067/6067 1024/1024
f 6069/6069 6067/6067 6068/6068
f 6067/6067 6069/6069 6070/6070
f 6070/6070 6069/6069 6071/6071
f 6072/6072 6070/6070 6071/6071
f 6073/6073 6070/6070 6072/6072
f 6072/6072 6074/6074 6073/6073
f 6075/6075 6074/6074 6072/6072
f 6076/6076 6074/6074 6075/6075
f 6077/6077 6074/6074 6076/6076
f 6078/6078 6077/6077 6076/6076
f 6079/6079 6077/6077 6078/6078
f 6080/6080 6079/6079 6078/6078
f 6081/6081 6079/6079 6080/6080
f 6081/6081 6080/6080 991/991
f 991/991 6080/6080 992/992
f 6082/6082 6083/6083 6084/6084
f 6084/6084 6083/6083 6085/6085
f 6084/6084 6085/6085 6086/6086
f 6086/6086 6085/6085 6087/6087
f 6086/6086 6087/6087 6088/6088
f 6088/6088 6087/6087 6089/6089
f 6088/6088 6089/6089 6090/6090
f 6090/6090 6089/6089 6091/6091
f 6090/6090 6091/6091 6092/6092
f 6092/6092 6091/6091 6093/6093
f 6092/6092 6093/6093 6094/6094
f 6094/6094 6093/6093 6095/6095
f 6094/6094 6095/6095 6096/6096
f 6096/6096 6095/6095 6097/6097
f 6096/6096 6097/6097 6098/6098
f 6098/6098 6097/6097 6099/6099
f 6098/6098 6099/6099 6100/6100
f 6100/6100 6099/6099 6101/6101
f 1118/1118 1120/1120 6102/6102
f 6102/6102 1120/1120 6103/6103
f 6102/6102 6103/6103 6104/6104
f 6104/6104 6103/6103 6105/6105
f 6104/6104 6105/6105 6106/6106
f 6106/6106 6105/6105 6107/6107
f 6106/6106 6107/6107 6082/6082
f 6082/6082 6107/6107 6083/6083
f 6108/6108 6044/6044 6109/6109
f 6110/6110 1172/1172 1174/1174
f 6111/6111 1172/1172 6110/6110
f 6110/6110 6112/6112 6111/6111
f 6113/6113 6112/6112 6110/6110
f 6113/6113 1182/1182 6112/6112
f 1180/1180 1182/1182 6113/6113
f 6114/6114 6115/6115 6116/6116
f 6116/6116 6115/6115 6117/6117
f 6117/6117 6118/6118 6116/6116
f 6119/6119 6118/6118 6117/6117
f 6120/6120 6121/6121 6122/6122
f 6122/6122 6121/6121 6123/6123
f 6123/6123 6121/6121 6124/6124
f 6124/6124 6121/6121 6125/6125
f 6125/6125 6121/6121 6126/6126
f 6121/6121 6127/6127 6126/6126
f 6126/6126 6127/6127 6128/6128
f 6128/6128 6127/6127 6129/6129
f 6130/6130 6131/6131 6127/6127
f 6132/6132 6130/6130 6127/6127
f 6133/6133 6132/6132 6127/6127
f 6134/6134 6132/6132 6133/6133
f 6129/6129 6127/6127 6131/6131
f 6135/6135 6129/6129 6131/6131
f 6136/6136 6135/6135 6131/6131
f 6137/6137 6135/6135 6136/6136
f 6138/6138 6137/6137 6136/6136
f 6139/6139 6138/6138 6136/6136
f 6140/6140 6139/6139 6136/6136
f 6141/6141 6140/6140 6136/6136
f 6142/6142 6140/6140 6141/6141
f 6143/6143 6142/6142 6141/6141
f 6144/6144 6143/6143 6141/6141
f 6145/6145 6143/6143 6144/6144
f 6146/6146 6145/6145 6144/6144
f 6147/6147 6146/6146 6144/6144
f 6148/6148 6146/6146 6147/6147
f 6149/6149 6148/6148 6147/6147
f 6150/6150 6148/6148 6149/6149
f 6151/6151 6150/6150 6149/6149
f 6152/6152 6128/6128 6129/6129
f 6153/6153 6128/6128 6152/6152
f 6146/6146 6128/6128 6153/6153
f 6154/6154 6128/6128 6146/6146
f 6154/6154 6146/6146 6148/6148
f 6155/6155 6154/6154 6148/6148
f 6156/6156 6155/6155 6148/6148
f 6157/6157 6155/6155 6156/6156
f 6158/6158 6157/6157 6156/6156
f 6159/6159 6158/6158 6156/6156
f 6160/6160 6159/6159 6156/6156
f 6161/6161 6160/6160 6156/6156
f 6162/6162 6163/6163 6116/6116
f 5200/5200 5201/5201 6164/6164
f 5200/5200 6164/6164 6165/6165
f 6166/6166 5200/5200 6165/6165
f 6167/6167 5200/5200 6166/6166
f 6167/6167 6168/6168 5200/5200
f 5200/5200 6168/6168 2678/2678
f 1237/1237 2667/2667 6169/6169
f 6170/6170 1237/1237 6169/6169
f 1238/1238 1237/1237 6170/6170
f 2667/2667 6171/6171 6169/6169
f 5188/5188 6171/6171 2667/2667
f 6171/6171 5188/5188 6172/6172
f 6172/6172 5188/5188 5187/5187
f 5187/5187 5185/5185 6172/6172
f 6172/6172 5185/5185 1238/1238
f 5185/5185 5182/5182 1238/1238
f 1238/1238 5182/5182 6168/6168
f 5182/5182 5180/5180 6168/6168
f 5178/5178 6168/6168 5180/5180
f 2678/2678 6168/6168 5178/5178
f 5176/5176 2678/2678 5178/5178
f 5174/5174 2678/2678 5176/5176
f 6170/6170 6172/6172 1238/1238
f 1350/1350 1238/1238 6168/6168
f 6173/6173 1350/1350 6174/6174
f 6174/6174 1350/1350 1323/1323
f 1323/1323 1350/1350 6168/6168
f 1320/1320 1323/1323 6168/6168
f 1318/1318 1320/1320 6168/6168
f 1192/1192 1318/1318 6168/6168
f 1316/1316 1318/1318 1192/1192
f 1191/1191 1316/1316 1192/1192
f 1314/1314 1316/1316 1191/1191
f 1312/1312 1314/1314 1191/1191
f 1350/1350 6173/6173 1346/1346
f 6173/6173 6175/6175 1346/1346
f 6175/6175 1347/1347 1346/1346
f 1347/1347 6175/6175 6176/6176
f 1326/1326 1347/1347 6176/6176
f 6174/6174 1326/1326 6176/6176
f 1325/1325 1326/1326 6174/6174
f 1325/1325 6174/6174 1323/1323
f 5172/5172 5188/5188 2667/2667
f 2665/2665 5172/5172 2667/2667
f 1308/1308 1347/1347 1326/1326
f 2658/2658 1347/1347 1308/1308
f 2669/2669 2658/2658 1308/1308
f 2660/2660 2658/2658 2669/2669
f 2671/2671 2660/2660 2669/2669
f 2662/2662 2660/2660 2671/2671
f 2662/2662 2671/2671 2665/2665
f 2671/2671 5172/5172 2665/2665
f 2672/2672 5172/5172 2671/2671
f 5170/5170 5172/5172 2672/2672
f 2673/2673 5170/5170 2672/2672
f 5174/5174 5170/5170 2673/2673
f 5174/5174 2673/2673 2674/2674
f 5174/5174 2674/2674 2675/2675
f 5174/5174 2675/2675 2676/2676
f 5174/5174 2676/2676 2678/2678
f 1332/1332 2669/2669 1308/1308
f 1310/1310 1332/1332 1308/1308
f 1310/1310 1334/1334 1332/1332
f 1312/1312 1334/1334 1310/1310
f 1312/1312 1336/1336 1334/1334
f 1312/1312 1338/1338 1336/1336
f 1312/1312 1340/1340 1338/1338
f 1312/1312 1191/1191 1340/1340
f 1295/1295 1297/1297 6177/6177
f 6177/6177 1297/1297 6178/6178
f 6177/6177 6178/6178 6179/6179
f 6179/6179 6178/6178 6180/6180
f 6179/6179 6180/6180 6181/6181
f 6181/6181 6180/6180 6182/6182
f 6181/6181 6182/6182 6183/6183
f 6183/6183 6182/6182 6184/6184
f 6183/6183 6184/6184 6185/6185
f 6185/6185 6184/6184 6186/6186
f 6185/6185 6186/6186 6187/6187
f 6187/6187 6186/6186 6188/6188
f 6187/6187 6188/6188 6189/6189
f 6189/6189 6188/6188 6190/6190
f 6189/6189 6190/6190 6191/6191
f 6191/6191 6190/6190 6192/6192
f 6191/6191 6192/6192 6193/6193
f 6193/6193 6192/6192 6194/6194
f 6195/6195 6196/6196 6197/6197
f 6197/6197 6196/6196 6198/6198
f 6197/6197 6198/6198 1294/1294
f 1294/1294 6198/6198 1292/1292
f 6199/6199 6200/6200 6117/6117
f 6201/6201 6202/6202 6203/6203
f 6204/6204 6202/6202 6201/6201
f 6205/6205 6206/6206 6207/6207
f 1341/1341 6205/6205 1339/1339
f 1339/1339 6205/6205 6207/6207
f 1339/1339 6207/6207 1337/1337
f 1337/1337 6207/6207 6208/6208
f 1337/1337 6208/6208 1335/1335
f 1335/1335 6208/6208 1333/1333
f 6209/6209 6210/6210 6211/6211
f 6211/6211 6210/6210 6212/6212
f 6212/6212 6213/6213 6211/6211
f 6214/6214 6213/6213 6212/6212
f 6215/6215 6206/6206 6216/6216
f 6207/6207 6206/6206 6215/6215
f 6217/6217 6207/6207 6215/6215
f 6208/6208 6207/6207 6217/6217
f 6208/6208 6217/6217 1333/1333
f 1333/1333 6217/6217 1331/1331
f 6218/6218 6219/6219 6211/6211
f 1529/1529 1540/1540 6220/6220
f 1531/1531 1540/1540 1529/1529
f 1531/1531 1529/1529 1532/1532
f 1532/1532 1529/1529 1526/1526
f 1532/1532 1526/1526 1538/1538
f 1538/1538 1526/1526 1535/1535
f 6221/6221 6222/6222 6212/6212
f 6223/6223 6224/6224 6225/6225
f 6226/6226 6224/6224 6223/6223
f 6223/6223 6227/6227 6226/6226
f 6228/6228 6227/6227 6223/6223
f 6228/6228 6229/6229 6227/6227
f 6230/6230 6229/6229 6228/6228
f 6231/6231 6232/6232 6233/6233
f 6234/6234 6232/6232 6231/6231
f 6234/6234 6231/6231 6235/6235
f 6235/6235 6231/6231 6236/6236
f 6236/6236 6237/6237 6235/6235
f 6235/6235 6237/6237 6238/6238
f 6239/6239 6240/6240 6241/6241
f 6242/6242 6240/6240 6239/6239
f 6242/6242 6239/6239 6243/6243
f 6243/6243 6239/6239 6244/6244
f 6244/6244 6245/6245 6243/6243
f 6243/6243 6245/6245 6246/6246
f 6247/6247 6248/6248 6249/6249
f 6250/6250 6248/6248 6247/6247
f 6250/6250 6247/6247 6251/6251
f 6251/6251 6247/6247 6252/6252
f 6252/6252 6253/6253 6251/6251
f 6251/6251 6253/6253 6254/6254
f 6255/6255 6256/6256 6257/6257
f 6258/6258 6256/6256 6255/6255
f 6258/6258 6255/6255 6259/6259
f 6259/6259 6255/6255 6260/6260
f 6260/6260 6261/6261 6259/6259
f 6259/6259 6261/6261 6262/6262
f 6263/6263 6264/6264 6265/6265
f 6266/6266 6264/6264 6263/6263
f 6266/6266 6263/6263 6267/6267
f 6267/6267 6263/6263 6268/6268
f 6268/6268 6269/6269 6267/6267
f 6267/6267 6269/6269 6270/6270
f 6271/6271 6272/6272 6273/6273
f 1589/1589 6272/6272 6271/6271
f 1589/1589 6271/6271 1587/1587
f 1587/1587 6271/6271 6274/6274
f 1587/1587 6274/6274 1592/1592
f 1592/1592 6274/6274 6275/6275
f 6275/6275 6276/6276 1592/1592
f 1592/1592 6276/6276 1593/1593
f 1593/1593 6276/6276 6277/6277
f 6277/6277 6276/6276 6278/6278
f 6279/6279 6280/6280 6281/6281
f 6281/6281 6280/6280 6282/6282
f 6282/6282 6283/6283 6281/6281
f 6284/6284 6283/6283 6282/6282
f 6283/6283 6284/6284 6285/6285
f 6285/6285 6284/6284 6286/6286
f 6284/6284 6287/6287 6286/6286
f 6288/6288 6287/6287 6284/6284
f 6282/6282 6288/6288 6284/6284
f 6289/6289 6288/6288 6282/6282
f 6280/6280 6289/6289 6282/6282
f 6290/6290 6289/6289 6280/6280
f 6291/6291 6292/6292 6293/6293
f 1643/1643 6292/6292 6291/6291
f 1643/1643 6291/6291 1641/1641
f 1641/1641 6291/6291 6294/6294
f 1641/1641 6294/6294 1672/1672
f 1672/1672 6294/6294 6295/6295
f 6295/6295 6296/6296 1672/1672
f 1672/1672 6296/6296 1673/1673
f 1673/1673 6296/6296 6297/6297
f 6297/6297 6296/6296 6298/6298
f 6299/6299 6300/6300 6301/6301
f 6301/6301 6300/6300 6302/6302
f 6301/6301 6302/6302 6303/6303
f 6303/6303 6302/6302 6304/6304
f 6303/6303 6304/6304 6305/6305
f 6305/6305 6304/6304 6306/6306
f 6305/6305 6306/6306 6307/6307
f 6307/6307 6306/6306 6308/6308
f 6307/6307 6308/6308 6309/6309
f 6309/6309 6308/6308 6310/6310
f 6309/6309 6310/6310 6311/6311
f 6311/6311 6310/6310 6312/6312
f 6313/6313 6311/6311 6312/6312
f 6314/6314 6311/6311 6313/6313
f 6315/6315 6314/6314 6313/6313
f 6316/6316 6314/6314 6315/6315
f 6317/6317 6316/6316 6315/6315
f 6318/6318 6316/6316 6317/6317
f 6319/6319 6318/6318 6317/6317
f 6320/6320 6318/6318 6319/6319
f 6321/6321 6320/6320 6319/6319
f 6322/6322 6320/6320 6321/6321
f 6323/6323 6322/6322 6321/6321
f 6324/6324 6322/6322 6323/6323
f 6325/6325 6324/6324 6323/6323
f 6326/6326 6324/6324 6325/6325
f 6327/6327 6326/6326 6325/6325
f 6328/6328 6326/6326 6327/6327
f 6329/6329 6328/6328 6327/6327
f 6330/6330 6328/6328 6329/6329
f 6331/6331 6330/6330 6329/6329
f 6332/6332 6330/6330 6331/6331
f 6333/6333 6332/6332 6331/6331
f 6334/6334 6332/6332 6333/6333
f 6335/6335 6334/6334 6333/6333
f 6336/6336 6334/6334 6335/6335
f 6337/6337 6336/6336 6335/6335
f 6338/6338 6336/6336 6337/6337
f 6339/6339 6338/6338 6337/6337
f 6340/6340 6338/6338 6339/6339
f 6340/6340 6339/6339 6341/6341
f 6341/6341 6339/6339 6342/6342
f 6341/6341 6342/6342 6343/6343
f 6343/6343 6342/6342 6344/6344
f 6343/6343 6344/6344 6345/6345
f 6345/6345 6344/6344 6346/6346
f 6345/6345 6346/6346 6347/6347
f 6347/6347 6346/6346 6348/6348
f 6347/6347 6348/6348 6299/6299
f 6299/6299 6348/6348 6300/6300
f 6349/6349 2455/2455 6350/6350
f 6351/6351 6352/6352 6350/6350
f 6350/6350 6352/6352 6353/6353
f 6352/6352 6354/6354 6353/6353
f 6355/6355 6354/6354 6352/6352
f 6356/6356 6354/6354 6355/6355
f 6355/6355 6357/6357 6356/6356
f 2453/2453 6357/6357 6355/6355
f 6357/6357 2453/2453 6349/6349
f 2453/2453 2455/2455 6349/6349
f 6358/6358 6359/6359 6360/6360
f 6360/6360 6359/6359 6361/6361
f 6361/6361 6362/6362 6360/6360
f 6363/6363 6362/6362 6361/6361
f 6362/6362 6363/6363 6364/6364
f 6364/6364 6363/6363 6365/6365
f 6363/6363 6366/6366 6365/6365
f 6367/6367 6366/6366 6363/6363
f 6361/6361 6367/6367 6363/6363
f 6368/6368 6367/6367 6361/6361
f 6359/6359 6368/6368 6361/6361
f 6369/6369 6368/6368 6359/6359
f 6370/6370 6371/6371 6372/6372
f 6370/6370 6372/6372 6373/6373
f 6374/6374 6370/6370 6373/6373
f 6375/6375 6370/6370 6374/6374
f 6375/6375 6376/6376 6370/6370
f 6370/6370 6376/6376 2812/2812
f 2820/2820 2822/2822 6377/6377
f 6378/6378 2820/2820 6377/6377
f 2857/2857 2820/2820 6378/6378
f 2822/2822 6379/6379 6377/6377
f 6380/6380 6379/6379 2822/2822
f 6379/6379 6380/6380 6381/6381
f 6381/6381 6380/6380 6382/6382
f 6382/6382 6383/6383 6381/6381
f 6381/6381 6383/6383 2857/2857
f 6383/6383 6384/6384 2857/2857
f 2857/2857 6384/6384 6376/6376
f 6384/6384 6385/6385 6376/6376
f 6386/6386 6376/6376 6385/6385
f 2812/2812 6376/6376 6386/6386
f 6387/6387 2812/2812 6386/6386
f 6388/6388 2812/2812 6387/6387
f 6378/6378 6381/6381 2857/2857
f 2314/2314 2857/2857 6376/6376
f 6389/6389 2314/2314 6390/6390
f 6390/6390 2314/2314 2946/2946
f 2946/2946 2314/2314 6376/6376
f 2943/2943 2946/2946 6376/6376
f 2941/2941 2943/2943 6376/6376
f 2719/2719 2941/2941 6376/6376
f 2939/2939 2941/2941 2719/2719
f 2718/2718 2939/2939 2719/2719
f 2937/2937 2939/2939 2718/2718
f 2935/2935 2937/2937 2718/2718
f 2314/2314 6389/6389 2312/2312
f 6389/6389 6391/6391 2312/2312
f 6391/6391 2823/2823 2312/2312
f 2823/2823 6391/6391 6392/6392
f 2949/2949 2823/2823 6392/6392
f 6390/6390 2949/2949 6392/6392
f 2948/2948 2949/2949 6390/6390
f 2948/2948 6390/6390 2946/2946
f 6393/6393 6380/6380 2822/2822
f 2834/2834 6393/6393 2822/2822
f 2931/2931 2823/2823 2949/2949
f 2824/2824 2823/2823 2931/2931
f 2816/2816 2824/2824 2931/2931
f 2827/2827 2824/2824 2816/2816
f 2818/2818 2827/2827 2816/2816
f 2831/2831 2827/2827 2818/2818
f 2831/2831 2818/2818 2834/2834
f 2818/2818 6393/6393 2834/2834
f 2802/2802 6393/6393 2818/2818
f 6394/6394 6393/6393 2802/2802
f 2803/2803 6394/6394 2802/2802
f 6388/6388 6394/6394 2803/2803
f 6388/6388 2803/2803 2805/2805
f 6388/6388 2805/2805 2807/2807
f 6388/6388 2807/2807 2809/2809
f 6388/6388 2809/2809 2812/2812
f 2814/2814 2816/2816 2931/2931
f 2933/2933 2814/2814 2931/2931
f 2933/2933 2956/2956 2814/2814
f 2935/2935 2956/2956 2933/2933
f 2935/2935 2958/2958 2956/2956
f 2935/2935 2960/2960 2958/2958
f 2935/2935 2962/2962 2960/2960
f 2935/2935 2718/2718 2962/2962
f 6233/6233 6395/6395 6231/6231
f 6231/6231 6395/6395 6396/6396
f 6396/6396 6236/6236 6231/6231
f 6397/6397 6236/6236 6396/6396
f 6236/6236 6397/6397 6237/6237
f 6237/6237 6397/6397 6398/6398
f 6397/6397 6254/6254 6398/6398
f 6251/6251 6254/6254 6397/6397
f 6396/6396 6251/6251 6397/6397
f 6250/6250 6251/6251 6396/6396
f 6395/6395 6250/6250 6396/6396
f 6248/6248 6250/6250 6395/6395
f 6394/6394 6399/6399 6393/6393
f 6400/6400 6399/6399 6394/6394
f 6388/6388 6400/6400 6394/6394
f 6401/6401 6400/6400 6388/6388
f 6387/6387 6401/6401 6388/6388
f 6402/6402 6401/6401 6387/6387
f 6387/6387 6386/6386 6402/6402
f 6402/6402 6386/6386 6403/6403
f 6386/6386 6385/6385 6403/6403
f 6403/6403 6385/6385 6404/6404
f 6385/6385 6384/6384 6404/6404
f 6404/6404 6384/6384 6405/6405
f 6405/6405 6384/6384 6406/6406
f 6406/6406 6384/6384 6383/6383
f 6406/6406 6383/6383 6407/6407
f 6407/6407 6383/6383 6382/6382
f 6382/6382 6380/6380 6407/6407
f 6407/6407 6380/6380 6408/6408
f 6380/6380 6399/6399 6408/6408
f 6393/6393 6399/6399 6380/6380
f 6241/6241 6409/6409 6239/6239
f 6239/6239 6409/6409 6410/6410
f 6410/6410 6244/6244 6239/6239
f 6411/6411 6244/6244 6410/6410
f 6244/6244 6411/6411 6245/6245
f 6245/6245 6411/6411 6412/6412
f 6411/6411 6262/6262 6412/6412
f 6259/6259 6262/6262 6411/6411
f 6410/6410 6259/6259 6411/6411
f 6258/6258 6259/6259 6410/6410
f 6409/6409 6258/6258 6410/6410
f 6256/6256 6258/6258 6409/6409
f 2811/2811 6413/6413 2812/2812
f 2812/2812 6413/6413 6370/6370
f 6370/6370 6413/6413 6371/6371
f 6371/6371 6413/6413 6414/6414
f 2917/2917 2919/2919 6415/6415
f 6415/6415 2919/2919 6416/6416
f 6415/6415 6416/6416 6417/6417
f 6417/6417 6416/6416 6418/6418
f 6417/6417 6418/6418 6419/6419
f 6419/6419 6418/6418 6420/6420
f 6419/6419 6420/6420 6421/6421
f 6421/6421 6420/6420 6422/6422
f 6421/6421 6422/6422 6423/6423
f 6423/6423 6422/6422 6424/6424
f 6423/6423 6424/6424 6425/6425
f 6425/6425 6424/6424 6426/6426
f 6425/6425 6426/6426 6427/6427
f 6427/6427 6426/6426 6428/6428
f 6427/6427 6428/6428 6429/6429
f 6429/6429 6428/6428 6430/6430
f 6429/6429 6430/6430 6431/6431
f 6431/6431 6430/6430 6432/6432
f 6433/6433 6434/6434 6435/6435
f 6435/6435 6434/6434 6436/6436
f 6435/6435 6436/6436 2910/2910
f 2910/2910 6436/6436 2909/2909
f 6229/6229 6437/6437 6227/6227
f 6227/6227 6437/6437 6438/6438
f 6438/6438 6226/6226 6227/6227
f 6439/6439 6226/6226 6438/6438
f 6226/6226 6439/6439 6224/6224
f 6224/6224 6439/6439 6440/6440
f 6439/6439 6270/6270 6440/6440
f 6267/6267 6270/6270 6439/6439
f 6438/6438 6267/6267 6439/6439
f 6266/6266 6267/6267 6438/6438
f 6437/6437 6266/6266 6438/6438
f 6264/6264 6266/6266 6437/6437
f 6229/6229 6441/6441 6442/6442
f 6230/6230 6441/6441 6229/6229
f 6232/6232 6443/6443 6233/6233
f 6444/6444 6443/6443 6232/6232
f 6240/6240 6445/6445 6241/6241
f 6446/6446 6445/6445 6240/6240
f 6248/6248 6447/6447 6249/6249
f 6448/6448 6447/6447 6248/6248
f 6256/6256 6449/6449 6257/6257
f 6450/6450 6449/6449 6256/6256
f 6264/6264 6451/6451 6265/6265
f 6452/6452 6451/6451 6264/6264
f 6453/6453 6454/6454 6455/6455
f 2963/2963 6453/6453 2961/2961
f 2961/2961 6453/6453 6455/6455
f 2961/2961 6455/6455 2959/2959
f 2959/2959 6455/6455 6456/6456
f 2959/2959 6456/6456 2957/2957
f 2957/2957 6456/6456 2955/2955
f 6457/6457 6280/6280 6279/6279
f 6458/6458 6280/6280 6457/6457
f 6459/6459 6280/6280 6458/6458
f 6290/6290 6280/6280 6459/6459
f 6460/6460 2911/2911 2913/2913
f 6461/6461 2911/2911 6460/6460
f 6460/6460 6462/6462 6461/6461
f 6463/6463 6462/6462 6460/6460
f 6463/6463 3037/3037 6462/6462
f 3035/3035 3037/3037 6463/6463
f 6464/6464 6465/6465 6466/6466
f 6467/6467 6465/6465 6464/6464
f 6465/6465 6467/6467 6468/6468
f 6468/6468 6467/6467 6469/6469
f 6469/6469 6467/6467 6470/6470
f 6470/6470 6467/6467 6471/6471
f 6464/6464 6471/6471 6467/6467
f 6472/6472 6471/6471 6464/6464
f 6473/6473 6454/6454 6474/6474
f 6455/6455 6454/6454 6473/6473
f 6475/6475 6455/6455 6473/6473
f 6456/6456 6455/6455 6475/6475
f 6456/6456 6475/6475 2955/2955
f 2955/2955 6475/6475 2815/2815
f 6476/6476 6359/6359 6358/6358
f 6477/6477 6359/6359 6476/6476
f 6478/6478 6359/6359 6477/6477
f 6369/6369 6359/6359 6478/6478
f 6479/6479 6480/6480 6481/6481
f 6481/6481 6480/6480 6482/6482
f 6482/6482 6480/6480 6483/6483
f 6483/6483 6480/6480 6484/6484
f 6484/6484 6480/6480 6485/6485
f 6480/6480 6486/6486 6485/6485
f 6485/6485 6486/6486 6487/6487
f 6487/6487 6486/6486 6488/6488
f 6489/6489 6490/6490 6486/6486
f 6491/6491 6489/6489 6486/6486
f 6492/6492 6491/6491 6486/6486
f 6493/6493 6491/6491 6492/6492
f 6488/6488 6486/6486 6490/6490
f 6494/6494 6488/6488 6490/6490
f 6495/6495 6494/6494 6490/6490
f 6496/6496 6494/6494 6495/6495
f 6497/6497 6496/6496 6495/6495
f 6498/6498 6497/6497 6495/6495
f 6499/6499 6498/6498 6495/6495
f 6500/6500 6499/6499 6495/6495
f 6501/6501 6499/6499 6500/6500
f 6502/6502 6501/6501 6500/6500
f 6503/6503 6502/6502 6500/6500
f 6504/6504 6502/6502 6503/6503
f 6505/6505 6504/6504 6503/6503
f 6506/6506 6505/6505 6503/6503
f 6507/6507 6505/6505 6506/6506
f 6508/6508 6507/6507 6506/6506
f 6509/6509 6507/6507 6508/6508
f 6510/6510 6509/6509 6508/6508
f 6511/6511 6487/6487 6488/6488
f 6512/6512 6487/6487 6511/6511
f 6505/6505 6487/6487 6512/6512
f 6513/6513 6487/6487 6505/6505
f 6513/6513 6505/6505 6507/6507
f 6514/6514 6513/6513 6507/6507
f 6515/6515 6514/6514 6507/6507
f 6516/6516 6514/6514 6515/6515
f 6517/6517 6516/6516 6515/6515
f 6518/6518 6517/6517 6515/6515
f 6519/6519 6518/6518 6515/6515
f 6520/6520 6519/6519 6515/6515
f 6521/6521 3191/3191 6522/6522
f 6523/6523 6524/6524 6522/6522
f 6522/6522 6524/6524 6525/6525
f 6524/6524 6526/6526 6525/6525
f 6527/6527 6526/6526 6524/6524
f 6528/6528 6526/6526 6527/6527
f 6527/6527 6529/6529 6528/6528
f 3189/3189 6529/6529 6527/6527
f 6529/6529 3189/3189 6521/6521
f 3189/3189 3191/3191 6521/6521
f 6530/6530 3515/3515 3514/3514
f 6531/6531 6530/6530 3514/3514
f 3691/3691 6531/6531 3514/3514
f 3497/3497 3244/3244 6532/6532
f 3497/3497 6532/6532 6533/6533
f 3497/3497 6533/6533 6534/6534
f 3497/3497 6534/6534 6535/6535
f 3497/3497 6535/6535 3495/3495
f 3495/3495 6535/6535 6536/6536
f 3495/3495 6536/6536 3493/3493
f 6536/6536 6537/6537 3493/3493
f 6538/6538 6539/6539 6540/6540
f 6541/6541 6539/6539 6538/6538
f 6539/6539 6541/6541 6542/6542
f 6542/6542 6541/6541 6543/6543
f 6543/6543 6541/6541 6544/6544
f 6544/6544 6541/6541 6545/6545
f 6538/6538 6545/6545 6541/6541
f 6546/6546 6545/6545 6538/6538
f 6547/6547 6548/6548 6549/6549
f 6547/6547 6549/6549 6550/6550
f 6551/6551 6547/6547 6550/6550
f 6552/6552 6547/6547 6551/6551
f 6552/6552 6553/6553 6547/6547
f 6547/6547 6553/6553 6554/6554
f 3997/3997 3922/3922 6555/6555
f 6555/6555 3922/3922 6556/6556
f 3922/3922 3542/3542 6556/6556
f 3542/3542 6557/6557 6556/6556
f 6558/6558 6557/6557 3542/3542
f 6557/6557 6558/6558 6559/6559
f 6559/6559 6558/6558 6560/6560
f 6560/6560 6561/6561 6559/6559
f 6559/6559 6561/6561 3997/3997
f 6561/6561 6562/6562 3997/3997
f 3997/3997 6562/6562 6553/6553
f 6553/6553 6562/6562 6563/6563
f 6564/6564 6553/6553 6563/6563
f 6554/6554 6553/6553 6564/6564
f 6565/6565 6554/6554 6564/6564
f 6566/6566 6554/6554 6565/6565
f 6555/6555 6559/6559 3997/3997
f 3691/3691 3997/3997 6553/6553
f 6531/6531 3691/3691 6567/6567
f 6567/6567 3691/3691 3508/3508
f 3508/3508 3691/3691 6553/6553
f 3505/3505 3508/3508 6553/6553
f 3503/3503 3505/3505 6553/6553
f 3245/3245 3503/3503 6553/6553
f 3501/3501 3503/3503 3245/3245
f 3244/3244 3501/3501 3245/3245
f 3499/3499 3501/3501 3244/3244
f 3497/3497 3499/3499 3244/3244
f 3515/3515 6530/6530 6568/6568
f 3511/3511 3515/3515 6568/6568
f 6567/6567 3511/3511 6568/6568
f 3510/3510 3511/3511 6567/6567
f 3510/3510 6567/6567 3508/3508
f 6569/6569 6558/6558 3542/3542
f 3544/3544 6569/6569 3542/3542
f 6570/6570 6569/6569 3544/3544
f 3546/3546 6570/6570 3544/3544
f 3546/3546 6537/6537 6570/6570
f 3549/3549 6537/6537 3546/3546
f 3549/3549 3553/3553 6537/6537
f 6537/6537 3553/3553 3493/3493
f 3553/3553 3515/3515 3493/3493
f 3493/3493 3515/3515 3511/3511
f 6566/6566 6571/6571 6554/6554
f 6566/6566 6572/6572 6571/6571
f 6566/6566 6573/6573 6572/6572
f 6566/6566 6574/6574 6573/6573
f 6566/6566 6575/6575 6574/6574
f 6574/6574 6575/6575 6576/6576
f 6575/6575 6569/6569 6576/6576
f 6576/6576 6569/6569 6570/6570
f 3464/3464 3466/3466 6577/6577
f 6577/6577 3466/3466 6578/6578
f 6577/6577 6578/6578 6579/6579
f 6579/6579 6578/6578 6580/6580
f 6579/6579 6580/6580 6581/6581
f 6581/6581 6580/6580 6582/6582
f 6581/6581 6582/6582 6583/6583
f 6583/6583 6582/6582 6584/6584
f 6583/6583 6584/6584 6585/6585
f 6585/6585 6584/6584 6586/6586
f 6585/6585 6586/6586 6587/6587
f 6587/6587 6586/6586 6588/6588
f 6587/6587 6588/6588 6589/6589
f 6589/6589 6588/6588 6590/6590
f 6589/6589 6590/6590 6591/6591
f 6591/6591 6590/6590 6592/6592
f 6591/6591 6592/6592 6593/6593
f 6593/6593 6592/6592 6594/6594
f 6595/6595 6596/6596 6597/6597
f 6598/6598 6596/6596 6595/6595
f 6596/6596 6598/6598 6599/6599
f 6599/6599 6598/6598 6600/6600
f 6601/6601 6602/6602 6603/6603
f 6603/6603 6602/6602 6604/6604
f 6603/6603 6604/6604 3461/3461
f 3461/3461 6604/6604 3459/3459
f 6605/6605 6536/6536 6606/6606
f 6535/6535 6606/6606 6536/6536
f 6607/6607 6606/6606 6535/6535
f 6534/6534 6607/6607 6535/6535
f 6608/6608 6607/6607 6534/6534
f 6533/6533 6608/6608 6534/6534
f 6609/6609 6608/6608 6533/6533
f 6532/6532 6609/6609 6533/6533
f 6610/6610 6609/6609 6532/6532
f 6610/6610 6532/6532 6611/6611
f 6611/6611 6532/6532 3244/3244
f 6612/6612 6613/6613 6614/6614
f 6615/6615 6613/6613 6612/6612
f 6613/6613 6615/6615 6616/6616
f 6616/6616 6615/6615 6617/6617
f 6617/6617 6615/6615 6618/6618
f 6618/6618 6615/6615 6619/6619
f 6612/6612 6619/6619 6615/6615
f 6620/6620 6619/6619 6612/6612
f 6621/6621 6536/6536 6605/6605
f 6537/6537 6536/6536 6621/6621
f 6537/6537 6621/6621 6570/6570
f 6570/6570 6621/6621 6622/6622
f 6622/6622 6576/6576 6570/6570
f 3967/3967 6576/6576 6622/6622
f 6623/6623 6624/6624 6625/6625
f 6626/6626 6624/6624 6623/6623
f 6624/6624 6626/6626 6627/6627
f 6627/6627 6626/6626 6628/6628
f 6628/6628 6626/6626 5564/5564
f 5564/5564 6626/6626 5562/5562
f 6623/6623 5562/5562 6626/6626
f 5563/5563 5562/5562 6623/6623
f 6629/6629 3250/3250 6630/6630
f 3243/3243 3250/3250 6629/6629
f 3243/3243 6629/6629 3244/3244
f 3244/3244 6629/6629 6611/6611
f 6443/6443 6395/6395 6233/6233
f 6631/6631 6395/6395 6443/6443
f 6448/6448 6395/6395 6631/6631
f 6248/6248 6395/6395 6448/6448
f 6632/6632 6633/6633 6634/6634
f 6610/6610 6632/6632 6609/6609
f 6609/6609 6632/6632 6634/6634
f 6609/6609 6634/6634 6608/6608
f 6608/6608 6634/6634 6635/6635
f 6608/6608 6635/6635 6607/6607
f 6607/6607 6635/6635 6606/6606
f 6636/6636 6637/6637 6638/6638
f 6639/6639 6637/6637 6636/6636
f 6637/6637 6639/6639 6640/6640
f 6640/6640 6639/6639 6641/6641
f 6641/6641 6639/6639 6642/6642
f 6642/6642 6639/6639 6643/6643
f 6636/6636 6643/6643 6639/6639
f 6644/6644 6643/6643 6636/6636
f 6645/6645 6599/6599 6600/6600
f 6646/6646 6599/6599 6645/6645
f 6645/6645 6647/6647 6646/6646
f 6648/6648 6647/6647 6645/6645
f 6648/6648 3688/3688 6647/6647
f 3687/3687 3688/3688 6648/6648
f 6445/6445 6409/6409 6241/6241
f 6649/6649 6409/6409 6445/6445
f 6450/6450 6409/6409 6649/6649
f 6256/6256 6409/6409 6450/6450
f 6650/6650 6633/6633 6651/6651
f 6634/6634 6633/6633 6650/6650
f 6652/6652 6634/6634 6650/6650
f 6635/6635 6634/6634 6652/6652
f 6635/6635 6652/6652 6606/6606
f 6606/6606 6652/6652 6605/6605
f 6653/6653 6654/6654 6655/6655
f 6656/6656 6654/6654 6653/6653
f 6654/6654 6656/6656 6657/6657
f 6657/6657 6656/6656 6658/6658
f 6658/6658 6656/6656 6659/6659
f 6659/6659 6656/6656 6660/6660
f 6653/6653 6660/6660 6656/6656
f 6661/6661 6660/6660 6653/6653
f 6575/6575 6662/6662 6569/6569
f 6663/6663 6662/6662 6575/6575
f 6566/6566 6663/6663 6575/6575
f 6664/6664 6663/6663 6566/6566
f 6565/6565 6664/6664 6566/6566
f 6665/6665 6664/6664 6565/6565
f 6565/6565 6564/6564 6665/6665
f 6665/6665 6564/6564 6666/6666
f 6564/6564 6563/6563 6666/6666
f 6666/6666 6563/6563 6667/6667
f 6563/6563 6562/6562 6667/6667
f 6667/6667 6562/6562 6668/6668
f 6668/6668 6562/6562 6669/6669
f 6669/6669 6562/6562 6561/6561
f 6669/6669 6561/6561 6670/6670
f 6670/6670 6561/6561 6560/6560
f 6560/6560 6558/6558 6670/6670
f 6670/6670 6558/6558 6671/6671
f 6558/6558 6662/6662 6671/6671
f 6569/6569 6662/6662 6558/6558
f 6442/6442 6437/6437 6229/6229
f 6672/6672 6437/6437 6442/6442
f 6452/6452 6437/6437 6672/6672
f 6264/6264 6437/6437 6452/6452
f 3967/3967 3925/3925 6576/6576
f 3925/3925 6574/6574 6576/6576
f 3924/3924 6574/6574 3925/3925
f 3924/3924 6573/6573 6574/6574
f 3927/3927 6573/6573 3924/3924
f 3927/3927 6572/6572 6573/6573
f 3929/3929 6572/6572 3927/3927
f 3929/3929 6571/6571 6572/6572
f 3931/3931 6571/6571 3929/3929
f 6673/6673 6571/6571 3931/3931
f 6554/6554 6571/6571 6673/6673
f 6673/6673 6674/6674 6554/6554
f 6554/6554 6674/6674 6547/6547
f 6547/6547 6674/6674 6548/6548
f 6548/6548 6674/6674 6675/6675
f 6676/6676 6677/6677 6678/6678
f 6679/6679 6677/6677 6676/6676
f 6677/6677 6679/6679 6680/6680
f 6680/6680 6679/6679 6681/6681
f 6681/6681 6679/6679 6682/6682
f 6682/6682 6679/6679 6683/6683
f 6676/6676 6683/6683 6679/6679
f 6684/6684 6683/6683 6676/6676
f 2869/2869 6685/6685 2865/2865
f 6686/6686 6685/6685 2869/2869
f 6687/6687 6688/6688 6689/6689
f 6689/6689 6688/6688 6690/6690
f 6690/6690 6688/6688 6691/6691
f 6688/6688 6692/6692 6691/6691
f 6691/6691 6692/6692 6693/6693
f 6693/6693 6692/6692 6694/6694
f 6692/6692 6695/6695 6694/6694
f 6694/6694 6695/6695 6696/6696
f 6696/6696 6695/6695 6697/6697
f 6697/6697 6695/6695 6698/6698
f 6698/6698 6695/6695 6699/6699
f 6695/6695 6700/6700 6699/6699
f 6699/6699 6700/6700 6701/6701
f 6700/6700 6702/6702 6701/6701
f 6703/6703 6702/6702 6700/6700
f 6704/6704 6702/6702 6703/6703
f 6705/6705 6702/6702 6704/6704
f 6706/6706 6705/6705 6704/6704
f 6707/6707 6708/6708 6709/6709
f 6709/6709 6708/6708 6710/6710
f 6708/6708 6687/6687 6710/6710
f 6710/6710 6687/6687 6689/6689
f 6711/6711 6712/6712 6713/6713
f 6713/6713 6712/6712 6714/6714
f 6714/6714 6712/6712 6715/6715
f 6715/6715 6712/6712 6716/6716
f 6716/6716 6712/6712 6717/6717
f 6712/6712 6710/6710 6717/6717
f 6717/6717 6710/6710 6718/6718
f 6718/6718 6710/6710 6689/6689
f 6718/6718 6689/6689 6719/6719
f 6689/6689 6720/6720 6719/6719
f 6720/6720 6721/6721 6719/6719
f 6721/6721 6701/6701 6719/6719
f 6719/6719 6701/6701 6702/6702
f 6722/6722 6719/6719 6702/6702
f 6723/6723 6722/6722 6702/6702
f 6724/6724 6722/6722 6723/6723
f 6725/6725 6724/6724 6723/6723
f 6726/6726 6725/6725 6723/6723
f 6727/6727 6726/6726 6723/6723
f 6728/6728 6727/6727 6723/6723
f 6729/6729 2260/2260 5135/5135
f 6730/6730 6729/6729 5135/5135
f 5148/5148 6730/6730 5135/5135
f 5119/5119 4678/4678 6731/6731
f 5119/5119 6731/6731 6732/6732
f 5119/5119 6732/6732 6733/6733
f 5119/5119 6733/6733 6734/6734
f 5119/5119 6734/6734 5117/5117
f 5117/5117 6734/6734 2277/2277
f 5117/5117 2277/2277 5115/5115
f 2277/2277 2279/2279 5115/5115
f 3008/3008 6735/6735 3006/3006
f 6736/6736 6735/6735 3008/3008
f 6736/6736 6737/6737 6735/6735
f 6738/6738 6737/6737 6736/6736
f 5352/5352 5353/5353 6739/6739
f 5352/5352 6739/6739 6740/6740
f 6741/6741 5352/5352 6740/6740
f 6742/6742 5352/5352 6741/6741
f 6742/6742 6743/6743 5352/5352
f 5352/5352 6743/6743 5350/5350
f 5364/5364 2274/2274 6744/6744
f 6744/6744 2274/2274 6745/6745
f 2274/2274 2273/2273 6745/6745
f 2273/2273 6746/6746 6745/6745
f 5340/5340 6746/6746 2273/2273
f 6746/6746 5340/5340 6747/6747
f 6747/6747 5340/5340 5339/5339
f 5339/5339 5337/5337 6747/6747
f 6747/6747 5337/5337 5364/5364
f 5337/5337 5334/5334 5364/5364
f 5364/5364 5334/5334 6743/6743
f 6743/6743 5334/5334 5332/5332
f 5330/5330 6743/6743 5332/5332
f 5350/5350 6743/6743 5330/5330
f 5328/5328 5350/5350 5330/5330
f 5326/5326 5350/5350 5328/5328
f 6744/6744 6747/6747 5364/5364
f 5148/5148 5364/5364 6743/6743
f 6730/6730 5148/5148 6748/6748
f 6748/6748 5148/5148 5130/5130
f 5130/5130 5148/5148 6743/6743
f 5127/5127 5130/5130 6743/6743
f 5125/5125 5127/5127 6743/6743
f 4679/4679 5125/5125 6743/6743
f 5123/5123 5125/5125 4679/4679
f 4678/4678 5123/5123 4679/4679
f 5121/5121 5123/5123 4678/4678
f 5119/5119 5121/5121 4678/4678
f 2260/2260 6729/6729 6749/6749
f 5133/5133 2260/2260 6749/6749
f 6748/6748 5133/5133 6749/6749
f 5132/5132 5133/5133 6748/6748
f 5132/5132 6748/6748 5130/5130
f 5324/5324 5340/5340 2273/2273
f 2271/2271 5324/5324 2273/2273
f 2280/2280 5324/5324 2271/2271
f 2268/2268 2280/2280 2271/2271
f 2268/2268 2279/2279 2280/2280
f 2264/2264 2279/2279 2268/2268
f 2264/2264 2261/2261 2279/2279
f 2279/2279 2261/2261 5115/5115
f 2261/2261 2260/2260 5115/5115
f 5115/5115 2260/2260 5133/5133
f 5326/5326 5348/5348 5350/5350
f 5326/5326 5347/5347 5348/5348
f 5326/5326 5346/5346 5347/5347
f 5326/5326 5345/5345 5346/5346
f 5326/5326 5322/5322 5345/5345
f 5345/5345 5322/5322 2282/2282
f 5322/5322 5324/5324 2282/2282
f 2282/2282 5324/5324 2280/2280
f 4953/4953 4955/4955 6750/6750
f 6750/6750 4955/4955 6751/6751
f 6750/6750 6751/6751 6752/6752
f 6752/6752 6751/6751 6753/6753
f 6752/6752 6753/6753 6754/6754
f 6754/6754 6753/6753 6755/6755
f 6754/6754 6755/6755 6756/6756
f 6756/6756 6755/6755 6757/6757
f 6756/6756 6757/6757 6758/6758
f 6758/6758 6757/6757 6759/6759
f 6758/6758 6759/6759 6760/6760
f 6760/6760 6759/6759 6761/6761
f 6760/6760 6761/6761 6762/6762
f 6762/6762 6761/6761 6763/6763
f 6762/6762 6763/6763 6764/6764
f 6764/6764 6763/6763 6765/6765
f 6764/6764 6765/6765 6766/6766
f 6766/6766 6765/6765 6767/6767
f 6768/6768 6769/6769 6770/6770
f 6771/6771 6769/6769 6768/6768
f 6769/6769 6771/6771 6772/6772
f 6772/6772 6771/6771 6773/6773
f 6774/6774 6775/6775 6776/6776
f 6776/6776 6775/6775 6777/6777
f 6776/6776 6777/6777 4950/4950
f 4950/4950 6777/6777 4948/4948
f 2278/2278 2277/2277 6778/6778
f 6734/6734 6778/6778 2277/2277
f 6779/6779 6778/6778 6734/6734
f 6733/6733 6779/6779 6734/6734
f 6780/6780 6779/6779 6733/6733
f 6732/6732 6780/6780 6733/6733
f 6781/6781 6780/6780 6732/6732
f 6731/6731 6781/6781 6732/6732
f 6782/6782 6781/6781 6731/6731
f 6782/6782 6731/6731 6783/6783
f 6783/6783 6731/6731 4678/4678
f 3014/3014 3058/3058 3012/3012
f 3053/3053 3058/3058 3014/3014
f 3053/3053 3004/3004 3058/3058
f 3002/3002 3004/3004 3053/3053
f 6784/6784 4684/4684 6785/6785
f 4677/4677 4684/4684 6784/6784
f 4677/4677 6784/6784 4678/4678
f 4678/4678 6784/6784 6783/6783
f 2983/2983 3051/3051 2981/2981
f 3044/3044 3051/3051 2983/2983
f 3044/3044 3000/3000 3051/3051
f 2998/2998 3000/3000 3044/3044
f 6786/6786 6787/6787 6788/6788
f 6782/6782 6786/6786 6781/6781
f 6781/6781 6786/6786 6788/6788
f 6781/6781 6788/6788 6780/6780
f 6780/6780 6788/6788 6789/6789
f 6780/6780 6789/6789 6779/6779
f 6779/6779 6789/6789 6778/6778
f 3033/3033 3042/3042 3040/3040
f 3034/3034 3042/3042 3033/3033
f 3034/3034 2992/2992 3042/3042
f 2990/2990 2992/2992 3034/3034
f 6790/6790 6772/6772 6773/6773
f 6791/6791 6772/6772 6790/6790
f 6790/6790 6792/6792 6791/6791
f 6793/6793 6792/6792 6790/6790
f 6793/6793 5145/5145 6792/6792
f 5144/5144 5145/5145 6793/6793
f 2930/2930 2952/2952 2928/2928
f 3025/3025 2952/2952 2930/2930
f 3025/3025 2953/2953 2952/2952
f 2984/2984 2953/2953 3025/3025
f 6794/6794 6787/6787 6795/6795
f 6788/6788 6787/6787 6794/6794
f 6796/6796 6788/6788 6794/6794
f 6789/6789 6788/6788 6796/6796
f 6789/6789 6796/6796 6778/6778
f 6778/6778 6796/6796 2278/2278
f 2969/2969 3001/3001 2974/2974
f 2974/2974 3001/3001 3003/3003
f 2974/2974 3003/3003 6797/6797
f 2975/2975 2974/2974 6797/6797
f 2979/2979 2975/2975 6797/6797
f 6798/6798 2979/2979 6797/6797
f 6799/6799 2979/2979 6798/6798
f 2972/2972 2979/2979 6799/6799
f 6800/6800 6801/6801 6802/6802
f 6802/6802 6801/6801 6803/6803
f 6803/6803 6801/6801 6804/6804
f 6804/6804 6801/6801 6805/6805
f 6805/6805 6801/6801 6806/6806
f 6801/6801 3013/3013 6806/6806
f 3015/3015 3013/3013 6801/6801
f 3013/3013 3015/3015 3011/3011
f 3011/3011 3015/3015 3017/3017
f 3017/3017 6807/6807 3011/3011
f 6807/6807 3052/3052 3011/3011
f 6797/6797 3052/3052 6807/6807
f 3003/3003 3052/3052 6797/6797
f 6808/6808 6809/6809 6810/6810
f 6810/6810 6809/6809 6811/6811
f 6811/6811 6809/6809 6812/6812
f 6809/6809 6813/6813 6812/6812
f 6812/6812 6813/6813 6814/6814
f 6814/6814 6813/6813 6815/6815
f 6813/6813 6816/6816 6815/6815
f 6815/6815 6816/6816 6817/6817
f 6817/6817 6816/6816 6818/6818
f 6818/6818 6816/6816 6819/6819
f 6819/6819 6816/6816 6820/6820
f 6816/6816 6821/6821 6820/6820
f 6820/6820 6821/6821 6822/6822
f 6821/6821 6823/6823 6822/6822
f 6824/6824 6823/6823 6821/6821
f 6825/6825 6823/6823 6824/6824
f 6826/6826 6823/6823 6825/6825
f 6827/6827 6826/6826 6825/6825
f 6828/6828 6829/6829 6830/6830
f 6830/6830 6829/6829 6831/6831
f 6829/6829 6808/6808 6831/6831
f 6831/6831 6808/6808 6810/6810
f 6832/6832 6833/6833 6834/6834
f 6834/6834 6833/6833 6835/6835
f 6835/6835 6833/6833 6836/6836
f 6836/6836 6833/6833 6837/6837
f 6837/6837 6833/6833 6838/6838
f 6833/6833 6831/6831 6838/6838
f 6838/6838 6831/6831 6839/6839
f 6839/6839 6831/6831 6810/6810
f 6839/6839 6810/6810 6840/6840
f 6810/6810 6841/6841 6840/6840
f 6841/6841 6842/6842 6840/6840
f 6842/6842 6822/6822 6840/6840
f 6840/6840 6822/6822 6823/6823
f 6843/6843 6840/6840 6823/6823
f 6844/6844 6843/6843 6823/6823
f 6845/6845 6843/6843 6844/6844
f 6846/6846 6845/6845 6844/6844
f 6847/6847 6846/6846 6844/6844
f 6848/6848 6847/6847 6844/6844
f 6849/6849 6848/6848 6844/6844
f 3007/3007 3009/3009 3005/3005
f 3005/3005 3009/3009 3010/3010
f 3005/3005 3010/3010 6850/6850
f 6851/6851 3005/3005 6850/6850
f 6852/6852 6851/6851 6850/6850
f 6853/6853 6851/6851 6852/6852
f 6854/6854 6851/6851 6853/6853
f 6855/6855 6850/6850 5138/5138
f 3010/3010 5138/5138 6850/6850
f 2986/2986 2989/2989 2991/2991
f 2988/2988 2989/2989 2986/2986
f 6856/6856 5421/5421 5423/5423
f 6857/6857 5421/5421 6856/6856
f 6858/6858 6857/6857 6856/6856
f 6859/6859 6857/6857 6858/6858
f 6860/6860 6859/6859 6858/6858
f 6861/6861 6859/6859 6860/6860
f 6862/6862 6861/6861 6860/6860
f 6863/6863 6861/6861 6862/6862
f 6862/6862 5431/5431 6863/6863
f 5432/5432 5431/5431 6862/6862
f 6864/6864 2097/2097 6865/6865
f 6866/6866 6864/6864 6865/6865
f 6867/6867 6864/6864 6866/6866
f 6868/6868 6864/6864 6867/6867
f 6869/6869 6864/6864 6868/6868
f 6870/6870 6869/6869 6868/6868
f 6859/6859 6861/6861 6863/6863
f 6857/6857 6859/6859 6863/6863
f 5430/5430 6857/6857 6863/6863
f 5431/5431 5430/5430 6863/6863
f 5421/5421 6871/6871 5422/5422
f 6872/6872 6871/6871 5421/5421
f 6873/6873 6872/6872 5421/5421
f 6857/6857 6873/6873 5421/5421
f 5430/5430 6873/6873 6857/6857
f 5430/5430 6874/6874 6873/6873
f 6875/6875 6874/6874 5430/5430
f 5432/5432 6875/6875 5430/5430
f 6876/6876 6875/6875 5432/5432
f 6877/6877 6876/6876 5432/5432
f 5432/5432 6878/6878 6877/6877
f 6877/6877 6878/6878 6879/6879
f 6879/6879 6878/6878 6880/6880
f 6880/6880 6878/6878 6881/6881
f 6881/6881 6878/6878 6882/6882
f 6882/6882 6878/6878 6883/6883
f 6883/6883 6878/6878 6884/6884
f 6884/6884 6878/6878 6860/6860
f 6884/6884 6860/6860 6885/6885
f 6885/6885 6860/6860 6858/6858
f 6885/6885 6858/6858 6886/6886
f 6886/6886 6858/6858 6856/6856
f 6886/6886 6856/6856 5403/5403
f 5403/5403 6856/6856 5397/5397
f 6856/6856 5423/5423 5397/5397
f 5395/5395 5397/5397 5423/5423
f 5398/5398 5395/5395 5423/5423
f 5449/5449 5398/5398 5423/5423
f 5423/5423 5420/5420 5449/5449
f 6860/6860 6878/6878 6862/6862
f 6862/6862 6878/6878 5432/5432
f 2976/2976 2970/2970 2967/2967
f 2977/2977 2970/2970 2976/2976
f 2977/2977 2971/2971 2970/2970
f 2978/2978 2971/2971 2977/2977
f 5450/5450 5463/5463 5451/5451
f 6875/6875 5472/5472 6874/6874
f 6874/6874 5472/5472 5471/5471
f 6874/6874 5471/5471 6873/6873
f 6873/6873 5471/5471 5468/5468
f 6873/6873 5468/5468 6872/6872
f 6872/6872 5468/5468 5466/5466
f 5466/5466 5465/5465 6872/6872
f 6872/6872 5465/5465 6871/6871
f 5465/5465 5463/5463 6871/6871
f 6871/6871 5463/5463 5422/5422
f 5422/5422 5463/5463 5450/5450
f 5422/5422 5450/5450 5420/5420
f 5420/5420 5450/5450 5449/5449
f 6887/6887 6888/6888 6889/6889
f 6890/6890 6888/6888 6887/6887
f 6890/6890 6891/6891 6888/6888
f 6892/6892 6891/6891 6890/6890
f 6891/6891 6892/6892 6893/6893
f 6894/6894 6893/6893 6895/6895
f 6894/6894 6891/6891 6893/6893
f 6896/6896 6891/6891 6894/6894
f 6896/6896 6888/6888 6891/6891
f 6897/6897 6888/6888 6896/6896
f 6897/6897 6889/6889 6888/6888
f 6898/6898 6889/6889 6897/6897
f 5506/5506 6889/6889 6898/6898
f 5506/5506 6887/6887 6889/6889
f 5506/5506 6899/6899 6887/6887
f 6899/6899 6890/6890 6887/6887
f 6900/6900 6890/6890 6899/6899
f 6900/6900 6892/6892 6890/6890
f 6901/6901 6892/6892 6900/6900
f 6892/6892 6901/6901 6902/6902
f 6893/6893 6892/6892 6902/6902
f 6902/6902 6903/6903 6893/6893
f 6895/6895 6893/6893 6903/6903
f 6895/6895 6903/6903 6904/6904
f 6902/6902 6901/6901 6905/6905
f 6905/6905 6906/6906 6902/6902
f 6906/6906 6903/6903 6902/6902
f 6906/6906 6907/6907 6903/6903
f 6904/6904 6903/6903 6907/6907
f 6908/6908 6909/6909 6910/6910
f 6909/6909 6907/6907 6906/6906
f 6910/6910 6909/6909 6906/6906
f 6910/6910 6906/6906 6905/6905
f 5506/5506 6911/6911 6899/6899
f 5505/5505 6911/6911 5506/5506
f 6912/6912 6911/6911 5505/5505
f 6912/6912 6913/6913 6911/6911
f 6911/6911 6913/6913 6899/6899
f 6899/6899 6913/6913 6914/6914
f 6899/6899 6914/6914 6900/6900
f 6900/6900 6914/6914 6915/6915
f 6900/6900 6915/6915 6901/6901
f 6901/6901 6915/6915 6916/6916
f 6901/6901 6916/6916 6905/6905
f 6905/6905 6916/6916 6917/6917
f 6905/6905 6917/6917 6910/6910
f 6910/6910 6917/6917 6918/6918
f 6910/6910 6918/6918 6908/6908
f 6908/6908 6918/6918 6919/6919
f 2982/2982 2954/2954 2980/2980
f 2980/2980 2954/2954 2985/2985
f 2985/2985 6920/6920 2980/2980
f 3024/3024 6920/6920 2985/2985
f 2927/2927 6920/6920 3024/3024
f 2921/2921 6920/6920 2927/2927
f 2921/2921 2927/2927 2924/2924
f 2927/2927 2929/2929 2924/2924
f 2929/2929 2925/2925 2924/2924
f 6921/6921 2999/2999 3043/3043
f 6920/6920 6921/6921 3043/3043
f 2980/2980 6920/6920 3043/3043
f 2993/2993 2997/2997 2999/2999
f 2995/2995 2997/2997 2993/2993
f 6922/6922 6923/6923 2997/2997
f 6923/6923 6924/6924 2997/2997
f 6925/6925 6924/6924 6923/6923
f 6926/6926 6925/6925 6923/6923
f 6927/6927 6926/6926 6923/6923
f 6928/6928 6927/6927 6923/6923
f 6929/6929 6928/6928 6923/6923
f 6930/6930 6931/6931 6932/6932
f 6933/6933 6932/6932 6931/6931
f 6934/6934 6933/6933 6931/6931
f 6932/6932 6935/6935 6936/6936
f 6937/6937 6935/6935 6932/6932
f 6938/6938 6939/6939 6940/6940
f 6941/6941 6939/6939 6938/6938
f 6942/6942 6941/6941 6938/6938
f 6919/6919 6943/6943 6944/6944
f 6918/6918 6943/6943 6919/6919
f 6918/6918 6945/6945 6943/6943
f 6917/6917 6945/6945 6918/6918
f 6917/6917 6946/6946 6945/6945
f 6916/6916 6946/6946 6917/6917
f 6916/6916 6947/6947 6946/6946
f 6915/6915 6947/6947 6916/6916
f 6915/6915 6948/6948 6947/6947
f 6914/6914 6948/6948 6915/6915
f 6914/6914 6949/6949 6948/6948
f 6913/6913 6949/6949 6914/6914
f 5476/5476 5492/5492 5474/5474
f 5492/5492 5476/5476 5505/5505
f 5505/5505 5476/5476 6912/6912
f 5476/5476 6913/6913 6912/6912
f 5477/5477 6913/6913 5476/5476
f 6949/6949 6913/6913 5477/5477
f 6950/6950 6949/6949 5477/5477
f 5477/5477 5479/5479 6950/6950
f 6950/6950 5479/5479 6951/6951
f 5479/5479 5481/5481 6951/6951
f 6951/6951 5481/5481 6952/6952
f 5483/5483 5486/5486 6953/6953
f 5481/5481 5483/5483 6953/6953
f 6952/6952 5481/5481 6953/6953
f 6954/6954 6952/6952 6953/6953
f 6955/6955 6954/6954 6953/6953
f 6956/6956 6955/6955 6953/6953
f 6957/6957 6956/6956 6953/6953
f 6958/6958 6957/6957 6953/6953
f 6959/6959 6958/6958 6953/6953
f 5486/5486 6959/6959 6953/6953
f 6959/6959 5486/5486 6960/6960
f 6960/6960 5486/5486 5504/5504
f 5504/5504 5486/5486 5490/5490
f 5490/5490 5502/5502 5504/5504
f 5500/5500 5502/5502 5490/5490
f 5478/5478 5500/5500 5490/5490
f 5473/5473 5500/5500 5478/5478
f 5500/5500 5473/5473 5497/5497
f 5497/5497 5473/5473 5495/5495
f 5473/5473 5475/5475 5495/5495
f 5485/5485 5484/5484 5490/5490
f 5490/5490 5484/5484 5478/5478
f 5478/5478 5484/5484 5480/5480
f 5480/5480 5484/5484 5482/5482
f 6961/6961 6962/6962 6963/6963
f 6964/6964 6962/6962 6961/6961
f 5506/5506 6898/6898 6962/6962
f 6964/6964 5506/5506 6962/6962
f 5494/5494 5506/5506 6964/6964
f 6965/6965 5494/5494 6964/6964
f 5494/5494 6965/6965 5493/5493
f 5493/5493 6965/6965 6966/6966
f 5493/5493 6966/6966 5496/5496
f 5496/5496 6966/6966 5498/5498
f 5498/5498 6966/6966 6967/6967
f 5498/5498 6967/6967 5499/5499
f 5499/5499 6967/6967 6968/6968
f 6969/6969 5499/5499 6968/6968
f 5501/5501 5499/5499 6969/6969
f 5503/5503 5501/5501 6969/6969
f 6970/6970 5558/5558 6971/6971
f 5557/5557 6971/6971 5558/5558
f 6972/6972 6971/6971 5557/5557
f 6973/6973 6971/6971 6972/6972
f 6971/6971 6973/6973 6974/6974
f 6974/6974 6973/6973 6975/6975
f 6976/6976 6974/6974 6975/6975
f 6977/6977 6974/6974 6976/6976
f 6976/6976 6978/6978 6977/6977
f 6979/6979 6978/6978 6976/6976
f 6980/6980 6978/6978 6979/6979
f 6981/6981 6978/6978 6980/6980
f 6982/6982 6981/6981 6980/6980
f 6983/6983 6981/6981 6982/6982
f 6984/6984 6983/6983 6982/6982
f 6985/6985 6983/6983 6984/6984
f 6985/6985 6984/6984 5508/5508
f 5508/5508 6984/6984 5509/5509
f 6986/6986 6907/6907 6909/6909
f 6986/6986 6909/6909 6908/6908
f 6987/6987 6988/6988 6989/6989
f 6989/6989 6988/6988 6990/6990
f 6989/6989 6990/6990 6991/6991
f 6991/6991 6990/6990 6992/6992
f 6991/6991 6992/6992 6993/6993
f 6993/6993 6992/6992 6994/6994
f 6993/6993 6994/6994 6995/6995
f 6995/6995 6994/6994 6996/6996
f 6995/6995 6996/6996 6997/6997
f 6997/6997 6996/6996 6998/6998
f 6997/6997 6998/6998 6999/6999
f 6999/6999 6998/6998 7000/7000
f 6999/6999 7000/7000 7001/7001
f 7001/7001 7000/7000 7002/7002
f 7001/7001 7002/7002 7003/7003
f 7003/7003 7002/7002 7004/7004
f 7003/7003 7004/7004 7005/7005
f 7005/7005 7004/7004 7006/7006
f 5634/5634 5636/5636 7007/7007
f 7007/7007 5636/5636 7008/7008
f 7007/7007 7008/7008 7009/7009
f 7009/7009 7008/7008 7010/7010
f 7009/7009 7010/7010 7011/7011
f 7011/7011 7010/7010 7012/7012
f 7011/7011 7012/7012 6987/6987
f 6987/6987 7012/7012 6988/6988
f 7013/7013 7014/7014 7015/7015
f 2972/2972 2978/2978 2979/2979
f 2971/2971 2978/2978 2972/2972
f 7016/7016 7017/7017 6798/6798
f 6799/6799 6798/6798 7017/7017
f 7018/7018 6799/6799 7017/7017
f 2195/2195 5690/5690 2212/2212
f 5692/5692 2212/2212 5690/5690
f 2215/2215 2212/2212 5692/5692
f 2215/2215 5692/5692 2230/2230
f 5693/5693 2230/2230 5692/5692
f 2233/2233 2230/2230 5693/5693
f 2233/2233 5693/5693 2252/2252
f 5694/5694 2252/2252 5693/5693
f 2255/2255 2252/2252 5694/5694
f 2255/2255 5694/5694 5717/5717
f 5717/5717 5694/5694 5715/5715
f 5715/5715 5694/5694 5691/5691
f 5691/5691 5719/5719 5715/5715
f 5719/5719 5691/5691 5681/5681
f 5681/5681 5691/5691 5687/5687
f 5687/5687 5684/5684 5681/5681
f 5686/5686 5684/5684 5687/5687
f 5705/5705 5684/5684 5686/5686
f 5705/5705 5686/5686 2152/2152
f 5685/5685 2152/2152 5686/5686
f 2155/2155 2152/2152 5685/5685
f 2155/2155 5685/5685 2174/2174
f 5688/5688 2174/2174 5685/5685
f 2177/2177 2174/2174 5688/5688
f 2177/2177 5688/5688 2198/2198
f 2198/2198 5688/5688 2196/2196
f 2196/2196 5688/5688 5689/5689
f 5689/5689 2192/2192 2196/2196
f 2192/2192 5689/5689 2195/2195
f 2195/2195 5689/5689 5690/5690
f 2234/2234 2233/2233 2252/2252
f 2228/2228 2233/2233 2234/2234
f 2255/2255 5717/5717 2250/2250
f 2250/2250 5717/5717 5701/5701
f 5715/5715 5719/5719 2256/2256
f 2256/2256 5719/5719 5787/5787
f 5727/5727 2234/2234 2236/2236
f 2250/2250 5727/5727 2236/2236
f 5730/5730 5727/5727 2250/2250
f 5730/5730 2250/2250 5701/5701
f 5730/5730 5701/5701 5773/5773
f 5773/5773 5701/5701 2259/2259
f 2256/2256 5773/5773 2259/2259
f 5778/5778 5773/5773 2256/2256
f 2256/2256 5787/5787 5778/5778
f 5778/5778 5787/5787 5783/5783
f 5783/5783 5787/5787 5714/5714
f 5683/5683 5783/5783 5714/5714
f 5779/5779 5783/5783 5683/5683
f 5682/5682 5779/5779 5683/5683
f 5779/5779 5682/5682 5771/5771
f 5771/5771 5682/5682 5698/5698
f 5695/5695 5771/5771 5698/5698
f 5767/5767 5771/5771 5695/5695
f 2156/2156 2155/2155 2174/2174
f 2150/2150 2155/2155 2156/2156
f 2177/2177 2198/2198 2172/2172
f 2172/2172 2198/2198 2216/2216
f 2140/2140 5705/5705 2152/2152
f 5695/5695 5705/5705 2140/2140
f 5767/5767 5695/5695 2140/2140
f 5767/5767 2140/2140 5764/5764
f 5764/5764 2140/2140 2142/2142
f 2150/2150 5764/5764 2142/2142
f 5762/5762 5764/5764 2150/2150
f 5762/5762 2150/2150 2156/2156
f 5762/5762 2156/2156 5758/5758
f 5758/5758 2156/2156 2158/2158
f 2172/2172 5758/5758 2158/2158
f 5756/5756 5758/5758 2172/2172
f 5756/5756 2172/2172 2216/2216
f 5756/5756 2216/2216 5752/5752
f 5752/5752 2216/2216 2181/2181
f 2178/2178 5752/5752 2181/2181
f 2218/2218 2215/2215 2230/2230
f 5699/5699 2215/2215 2218/2218
f 2208/2208 2195/2195 2212/2212
f 2200/2200 2195/2195 2208/2208
f 5749/5749 5752/5752 2178/2178
f 5749/5749 2178/2178 2182/2182
f 5749/5749 2182/2182 5747/5747
f 5747/5747 2182/2182 2184/2184
f 2200/2200 5747/5747 2184/2184
f 5743/5743 5747/5747 2200/2200
f 5743/5743 2200/2200 2208/2208
f 5743/5743 2208/2208 5741/5741
f 5741/5741 2208/2208 2210/2210
f 5699/5699 5741/5741 2210/2210
f 5737/5737 5741/5741 5699/5699
f 5737/5737 5699/5699 2218/2218
f 5737/5737 2218/2218 5734/5734
f 5734/5734 2218/2218 2220/2220
f 2228/2228 5734/5734 2220/2220
f 5732/5732 5734/5734 2228/2228
f 5732/5732 2228/2228 2234/2234
f 5732/5732 2234/2234 5727/5727
f 2196/2196 2192/2192 2178/2178
f 2178/2178 2192/2192 2182/2182
f 7019/7019 7020/7020 7021/7021
f 7021/7021 7020/7020 7022/7022
f 7021/7021 7022/7022 7023/7023
f 7023/7023 7022/7022 7024/7024
f 7023/7023 7024/7024 7025/7025
f 7025/7025 7024/7024 7026/7026
f 7025/7025 7026/7026 7027/7027
f 7027/7027 7026/7026 7028/7028
f 7027/7027 7028/7028 7029/7029
f 7029/7029 7028/7028 7030/7030
f 7029/7029 7030/7030 7031/7031
f 7031/7031 7030/7030 7032/7032
f 7031/7031 7032/7032 7033/7033
f 7033/7033 7032/7032 7034/7034
f 7033/7033 7034/7034 7035/7035
f 7035/7035 7034/7034 7036/7036
f 7035/7035 7036/7036 7037/7037
f 7037/7037 7036/7036 7038/7038
f 7039/7039 7040/7040 7041/7041
f 7041/7041 7040/7040 7042/7042
f 7041/7041 7042/7042 7043/7043
f 7043/7043 7042/7042 7044/7044
f 7043/7043 7044/7044 7045/7045
f 7045/7045 7044/7044 7046/7046
f 7045/7045 7046/7046 7047/7047
f 7047/7047 7046/7046 7048/7048
f 7047/7047 7048/7048 7049/7049
f 7049/7049 7048/7048 7050/7050
f 7049/7049 7050/7050 7051/7051
f 7051/7051 7050/7050 7052/7052
f 7051/7051 7052/7052 7053/7053
f 7053/7053 7052/7052 7054/7054
f 7053/7053 7054/7054 7055/7055
f 7055/7055 7054/7054 7056/7056
f 7055/7055 7056/7056 7019/7019
f 7019/7019 7056/7056 7020/7020
f 7057/7057 7058/7058 7059/7059
f 7059/7059 7058/7058 7060/7060
f 7059/7059 7060/7060 7061/7061
f 7061/7061 7060/7060 7062/7062
f 7061/7061 7062/7062 7063/7063
f 7063/7063 7062/7062 7064/7064
f 7063/7063 7064/7064 7065/7065
f 7065/7065 7064/7064 7066/7066
f 7065/7065 7066/7066 7067/7067
f 7067/7067 7066/7066 7068/7068
f 7067/7067 7068/7068 7069/7069
f 7069/7069 7068/7068 7070/7070
f 7069/7069 7070/7070 7039/7039
f 7039/7039 7070/7070 7040/7040
f 3006/3006 7071/7071 3007/3007
f 6735/6735 7071/7071 3006/3006
f 6737/6737 7071/7071 6735/6735
f 6870/6870 7071/7071 6737/6737
f 3005/3005 6851/6851 3008/3008
f 3008/3008 6851/6851 6736/6736
f 6851/6851 6738/6738 6736/6736
f 6854/6854 6738/6738 6851/6851
f 7072/7072 7073/7073 7074/7074
f 7075/7075 7073/7073 7072/7072
f 7075/7075 7076/7076 7073/7073
f 7077/7077 7076/7076 7075/7075
f 7077/7077 7078/7078 7076/7076
f 7079/7079 7078/7078 7077/7077
f 7079/7079 7080/7080 7078/7078
f 7081/7081 7080/7080 7079/7079
f 7082/7082 7080/7080 7081/7081
f 7083/7083 7080/7080 7082/7082
f 7084/7084 7083/7083 7082/7082
f 7085/7085 7083/7083 7084/7084
f 7086/7086 7085/7085 7084/7084
f 7087/7087 7085/7085 7086/7086
f 7088/7088 7087/7087 7086/7086
f 7089/7089 7087/7087 7088/7088
f 7090/7090 7089/7089 7088/7088
f 7091/7091 7089/7089 7090/7090
f 7092/7092 7091/7091 7090/7090
f 7093/7093 7091/7091 7092/7092
f 7094/7094 7093/7093 7092/7092
f 7095/7095 7093/7093 7094/7094
f 7096/7096 7095/7095 7094/7094
f 7097/7097 7095/7095 7096/7096
f 7098/7098 7097/7097 7096/7096
f 7099/7099 7097/7097 7098/7098
f 7100/7100 7099/7099 7098/7098
f 7101/7101 7099/7099 7100/7100
f 7102/7102 7101/7101 7100/7100
f 7103/7103 7101/7101 7102/7102
f 7102/7102 7104/7104 7103/7103
f 7105/7105 7104/7104 7102/7102
f 7105/7105 7106/7106 7104/7104
f 7107/7107 7106/7106 7105/7105
f 7107/7107 7108/7108 7106/7106
f 7109/7109 7108/7108 7107/7107
f 7109/7109 7110/7110 7108/7108
f 7111/7111 7110/7110 7109/7109
f 7111/7111 7112/7112 7110/7110
f 7113/7113 7112/7112 7111/7111
f 7113/7113 7114/7114 7112/7112
f 7115/7115 7114/7114 7113/7113
f 7115/7115 7116/7116 7114/7114
f 7117/7117 7116/7116 7115/7115
f 7117/7117 7118/7118 7116/7116
f 7119/7119 7118/7118 7117/7117
f 7119/7119 7120/7120 7118/7118
f 7121/7121 7120/7120 7119/7119
f 7121/7121 7074/7074 7120/7120
f 7072/7072 7074/7074 7121/7121
f 7122/7122 7123/7123 7124/7124
f 7124/7124 7123/7123 7125/7125
f 7124/7124 7125/7125 7126/7126
f 7126/7126 7125/7125 7127/7127
f 7126/7126 7127/7127 7128/7128
f 7128/7128 7127/7127 7129/7129
f 7128/7128 7129/7129 7130/7130
f 7130/7130 7129/7129 7131/7131
f 7130/7130 7131/7131 7132/7132
f 7132/7132 7131/7131 7133/7133
f 7132/7132 7133/7133 7134/7134
f 7134/7134 7133/7133 7135/7135
f 7134/7134 7135/7135 7136/7136
f 7136/7136 7135/7135 7137/7137
f 7136/7136 7137/7137 7138/7138
f 7138/7138 7137/7137 7139/7139
f 7138/7138 7139/7139 7140/7140
f 7140/7140 7139/7139 7141/7141
f 7142/7142 7143/7143 7144/7144
f 7144/7144 7143/7143 7145/7145
f 7144/7144 7145/7145 7146/7146
f 7146/7146 7145/7145 7147/7147
f 7146/7146 7147/7147 7148/7148
f 7148/7148 7147/7147 7149/7149
f 7148/7148 7149/7149 7150/7150
f 7150/7150 7149/7149 7151/7151
f 7150/7150 7151/7151 7152/7152
f 7152/7152 7151/7151 7153/7153
f 7152/7152 7153/7153 7154/7154
f 7154/7154 7153/7153 7155/7155
f 7154/7154 7155/7155 7156/7156
f 7156/7156 7155/7155 7157/7157
f 7156/7156 7157/7157 7158/7158
f 7158/7158 7157/7157 7159/7159
f 7158/7158 7159/7159 7122/7122
f 7122/7122 7159/7159 7123/7123
f 7160/7160 7161/7161 7162/7162
f 7162/7162 7161/7161 7163/7163
f 7162/7162 7163/7163 7164/7164
f 7164/7164 7163/7163 7165/7165
f 7164/7164 7165/7165 7166/7166
f 7166/7166 7165/7165 7167/7167
f 7166/7166 7167/7167 7168/7168
f 7168/7168 7167/7167 7169/7169
f 7168/7168 7169/7169 7170/7170
f 7170/7170 7169/7169 7171/7171
f 7170/7170 7171/7171 7172/7172
f 7172/7172 7171/7171 7173/7173
f 7172/7172 7173/7173 7142/7142
f 7142/7142 7173/7173 7143/7143
f 6682/6682 7174/7174 7175/7175
f 6683/6683 7174/7174 6682/6682
f 7174/7174 6683/6683 7176/7176
f 7176/7176 6683/6683 6684/6684
f 6642/6642 7177/7177 7178/7178
f 6643/6643 7177/7177 6642/6642
f 7177/7177 6643/6643 7179/7179
f 7179/7179 6643/6643 6644/6644
f 6659/6659 7180/7180 7181/7181
f 6660/6660 7180/7180 6659/6659
f 7180/7180 6660/6660 7182/7182
f 7182/7182 6660/6660 6661/6661
f 7183/7183 6624/6624 6627/6627
f 7184/7184 6624/6624 7183/7183
f 6624/6624 7184/7184 6625/6625
f 6625/6625 7184/7184 7185/7185
f 7186/7186 6637/6637 6640/6640
f 7187/7187 6637/6637 7186/7186
f 6637/6637 7187/7187 6638/6638
f 6638/6638 7187/7187 7188/7188
f 7189/7189 6654/6654 6657/6657
f 7190/7190 6654/6654 7189/7189
f 6654/6654 7190/7190 6655/6655
f 6655/6655 7190/7190 7191/7191
f 7192/7192 6677/6677 6680/6680
f 7193/7193 6677/6677 7192/7192
f 6677/6677 7193/7193 6678/6678
f 6678/6678 7193/7193 7194/7194
f 873/873 7195/7195 2097/2097
f 869/869 7195/7195 873/873
f 871/871 7195/7195 869/869
f 3009/3009 7195/7195 871/871
f 254/254 250/250 2987/2987
f 2987/2987 250/250 7196/7196
f 7196/7196 250/250 7197/7197
f 7197/7197 250/250 7198/7198
f 250/250 252/252 7198/7198
f 7197/7197 242/242 7196/7196
f 7196/7196 242/242 7199/7199
f 7196/7196 7199/7199 2987/2987
f 2987/2987 7199/7199 7200/7200
f 7201/7201 6930/6930 6923/6923
f 6923/6923 6930/6930 6932/6932
f 6923/6923 6932/6932 7202/7202
f 7202/7202 6932/6932 6936/6936
f 2993/2993 2999/2999 7203/7203

g Object_train_box.jpg

usemtl mat_1-train_box.jpg

f 7204/7204 7205/7205 7206/7206
f 7204/7204 7206/7206 7207/7207
f 7204/7204 7207/7207 7208/7208
f 7204/7204 7208/7208 7205/7205
f 7210/7210 7211/7211 7212/7212
f 7209/7209 7210/7210 7212/7212
f 7210/7210 7207/7207 7206/7206
f 7211/7211 7210/7210 7206/7206
f 7211/7211 7206/7206 7205/7205
f 7212/7212 7211/7211 7205/7205
f 7209/7209 7208/7208 7207/7207
f 7210/7210 7209/7209 7207/7207
f 7212/7212 7205/7205 7208/7208
f 7209/7209 7212/7212 7208/7208

g Object_default-grey.jpg

usemtl mat_2-default-grey.jpg

# num_faces: 7689
