mtllib C9NIFKGW3I9R6963099ELOO5L.mtl
v -0.223676 -0.405077 0.685556
v -0.244369 -0.405077 0.685556
v -0.234570 -0.395591 0.685556
v 0.081374 -0.240580 -1.154367
v 0.081374 -0.231545 -1.195925
v 0.080322 -0.237151 -1.195136
v -0.223676 -0.405077 0.662829
v -0.234570 -0.395591 0.662829
v -0.244369 -0.405077 0.662829
v -0.244369 -0.404946 0.622555
v -0.234570 -0.395591 0.623170
v -0.223676 -0.404946 0.622555
v 0.247080 -0.405077 0.662829
v 0.267773 -0.405077 0.662829
v 0.257974 -0.395591 0.662829
v 0.247080 -0.405077 0.685556
v 0.257974 -0.395591 0.685556
v 0.267773 -0.405077 0.685556
v -0.223676 -0.405077 -0.711033
v -0.234570 -0.395591 -0.711033
v -0.244369 -0.405077 -0.711033
v -0.223676 -0.405077 -0.688306
v -0.244369 -0.405077 -0.688306
v -0.234570 -0.395591 -0.688306
v 0.247080 -0.405077 -0.711033
v 0.267773 -0.405077 -0.711033
v 0.257974 -0.395591 -0.711033
v 0.247080 -0.405077 -0.688306
v 0.257974 -0.395591 -0.688306
v 0.267773 -0.405077 -0.688306
v -0.124806 0.311424 -0.278322
v -0.117080 0.311424 -0.286048
v -0.109354 0.311424 -0.278322
v 0.263402 0.311424 -0.166005
v 0.271129 0.311424 -0.158279
v 0.263402 0.311424 -0.150552
v 0.147868 0.311424 -0.278322
v 0.132415 0.311424 -0.278322
v 0.140142 0.311424 -0.286048
v -0.124806 0.311424 0.339180
v -0.109354 0.311424 0.339180
v -0.117080 0.311424 0.346906
v -0.240147 0.311424 0.117640
v -0.247873 0.311424 0.109913
v -0.240147 0.311424 0.102186
v 0.147868 0.311424 0.339180
v 0.140142 0.311424 0.346906
v 0.132415 0.311424 0.339180
v 0.263402 0.311424 0.117640
v 0.263402 0.311424 0.102186
v 0.271129 0.311424 0.109913
v 0.269713 0.319364 -0.010558
v 0.263398 0.319364 -0.006005
v 0.269713 0.319364 -0.001452
v 0.263398 -0.201014 -0.006005
v 0.269714 -0.201014 -0.010558
v 0.269714 -0.201014 -0.001452
v 0.269713 0.319364 0.072076
v 0.263398 0.319364 0.076629
v 0.269713 0.319364 0.081181
v 0.263398 -0.201014 0.076628
v 0.269714 -0.201014 0.072076
v 0.269714 -0.201014 0.081181
v -0.246652 0.319364 -0.010437
v -0.246652 0.319364 -0.001332
v -0.240337 0.319364 -0.005885
v -0.240337 -0.201014 -0.005885
v -0.246652 -0.201014 -0.001332
v -0.246652 -0.201014 -0.010437
v -0.246652 0.319364 0.072196
v -0.246652 0.319364 0.081301
v -0.240337 0.319364 0.076748
v -0.240337 -0.201014 0.076748
v -0.246652 -0.201014 0.081301
v -0.246652 -0.201014 0.072196
v -0.045486 -0.240580 1.151704
v -0.045486 -0.231545 1.194419
v -0.044434 -0.237151 1.193608
v -0.045486 -0.271785 1.151704
v -0.044434 -0.275214 1.193608
v -0.045486 -0.280820 1.194419
v 0.081374 -0.271785 -1.154367
v 0.080322 -0.275213 -1.195136
v 0.081374 -0.280820 -1.195925
v -0.244369 -0.345958 0.535695
v -0.232340 -0.303756 0.567633
v -0.232340 -0.345958 0.535695
v -0.244369 -0.303756 0.567633
v -0.232340 -0.302023 0.579884
v -0.248325 -0.301995 0.594209
v -0.232340 -0.301995 0.594209
v -0.248325 -0.302023 0.579884
v -0.244369 -0.363281 0.606913
v -0.223676 -0.367389 0.598398
v -0.223676 -0.363281 0.606913
v -0.244370 -0.367389 0.598398
v -0.248325 -0.284891 0.594209
v -0.232340 -0.284891 0.594209
v -0.232340 -0.284921 0.579884
v -0.248325 -0.302023 0.579884
v -0.232340 -0.302023 0.579884
v -0.248325 -0.284921 0.579884
v -0.244369 -0.362803 0.381013
v -0.223676 -0.362803 0.377515
v -0.223676 -0.362803 0.381013
v -0.248325 -0.362803 0.377515
v -0.223676 -0.379727 0.454252
v -0.244369 -0.379727 0.454252
v -0.244369 -0.318764 0.454252
v -0.244369 -0.305707 0.454252
v -0.223676 -0.305478 0.454252
v -0.223676 -0.305790 0.381032
v -0.244369 -0.305790 0.381032
v -0.244369 -0.311871 0.350833
v -0.223676 -0.311871 0.350833
v -0.223676 -0.293231 0.350833
v -0.244369 -0.293231 0.350833
v -0.223676 -0.272579 0.359321
v -0.244369 -0.272579 0.359321
v -0.223676 -0.259074 0.373033
v -0.244369 -0.259074 0.373033
v -0.223676 -0.250559 0.389916
v -0.244369 -0.250559 0.389916
v -0.142678 -0.314632 1.096517
v 0.169371 -0.183366 1.096517
v -0.142678 -0.183366 1.096517
v 0.169371 -0.314632 1.096517
v 0.169371 -0.314632 1.096517
v 0.169371 -0.183366 -1.099968
v 0.169371 -0.183366 1.096517
v 0.169371 -0.314632 -1.099968
v 0.169371 -0.183366 -1.099968
v -0.142678 -0.314632 -1.099968
v -0.142678 -0.183366 -1.099968
v 0.169371 -0.314632 -1.099968
v -0.142678 -0.183366 1.096517
v -0.142678 -0.314632 -1.099968
v -0.142678 -0.314632 1.096517
v -0.142678 -0.183366 -1.099968
v -0.142678 -0.314632 1.096517
v 0.169371 -0.314632 -1.099968
v 0.169371 -0.314632 1.096517
v -0.142678 -0.314632 -1.099968
v 0.169371 -0.183366 1.096517
v -0.142678 -0.183366 -1.099968
v -0.142678 -0.183366 1.096517
v 0.169371 -0.183366 -1.099968
v -0.067254 0.085530 1.112458
v -0.078336 0.066465 1.104261
v -0.070617 0.090215 1.107141
v -0.075533 0.065543 1.110003
v -0.076081 0.088435 1.112458
v -0.081138 0.067387 1.110003
v -0.039422 0.061798 1.112458
v -0.059601 0.052874 1.104261
v -0.039385 0.067557 1.107141
v -0.057878 0.050486 1.110003
v -0.044851 0.069319 1.112458
v -0.061325 0.055262 1.110003
v -0.030855 0.026198 1.112458
v -0.052452 0.030846 1.104261
v -0.027466 0.030834 1.107141
v -0.052445 0.027901 1.110002
v -0.030878 0.035474 1.112458
v -0.052459 0.033791 1.110003
v -0.044906 -0.007614 1.112458
v -0.059633 0.008843 1.104261
v -0.039438 -0.005846 1.107141
v -0.061359 0.006451 1.110003
v -0.039468 -0.000079 1.112458
v -0.057907 0.011236 1.110003
v -0.076119 -0.026682 1.112458
v -0.078354 -0.004732 1.104261
v -0.070647 -0.028477 1.107141
v -0.081162 -0.005644 1.110003
v -0.067272 -0.023810 1.112458
v -0.075545 -0.003821 1.110003
v -0.112560 -0.023802 1.112458
v -0.101478 -0.004739 1.104261
v -0.109197 -0.028488 1.107141
v -0.104281 -0.003816 1.110003
v -0.103734 -0.026709 1.112458
v -0.098676 -0.005661 1.110003
v -0.140392 -0.000071 1.112458
v -0.120213 0.008853 1.104261
v -0.140430 -0.005831 1.107141
v -0.121937 0.011241 1.110003
v -0.134963 -0.007593 1.112458
v -0.118489 0.006465 1.110003
v -0.148960 0.035529 1.112458
v -0.127362 0.030881 1.104261
v -0.152349 0.030892 1.107141
v -0.127370 0.033826 1.110003
v -0.148936 0.026252 1.112458
v -0.127355 0.027935 1.110003
v -0.140346 0.061806 1.112458
v -0.120181 0.052883 1.104261
v -0.121907 0.050491 1.110003
v -0.140376 0.067573 1.107141
v -0.134909 0.069341 1.112458
v -0.118454 0.055276 1.110002
v -0.112542 0.085537 1.112458
v -0.101460 0.066459 1.104261
v -0.104269 0.065548 1.110003
v -0.109168 0.090204 1.107141
v -0.103695 0.088408 1.112458
v -0.098652 0.067371 1.110003
v -0.074194 0.019434 1.094175
v -0.083911 0.012388 1.094175
v -0.095913 0.012384 1.094175
v -0.070466 0.030854 1.094175
v -0.074178 0.042288 1.094175
v -0.083901 0.049342 1.094175
v -0.105637 0.019439 1.094175
v -0.095904 0.049339 1.094175
v -0.105620 0.042293 1.094175
v -0.109348 0.030872 1.094175
v -0.241543 -0.379743 0.475383
v -0.223676 -0.379743 0.475383
v -0.244369 -0.379741 0.472796
v -0.223676 -0.279954 0.606913
v -0.244369 -0.279954 0.606913
v -0.232340 -0.287725 0.784501
v -0.244369 -0.303756 0.780752
v -0.232340 -0.303756 0.780752
v -0.244369 -0.287725 0.784501
v -0.232340 -0.280262 0.791965
v -0.244369 -0.280262 0.791965
v -0.232340 -0.277818 0.800972
v -0.244369 -0.277818 0.800972
v -0.232340 -0.277895 0.817836
v -0.244369 -0.277895 0.817836
v -0.232340 -0.284082 0.828899
v -0.244369 -0.284082 0.828899
v -0.232340 -0.294206 0.835145
v -0.244369 -0.294206 0.835145
v -0.232340 -0.319313 0.836506
v -0.244369 -0.319313 0.836506
v -0.232340 -0.338284 0.825643
v -0.244369 -0.338284 0.825643
v -0.232340 -0.345958 0.812690
v -0.244369 -0.345958 0.812690
v -0.201984 -0.140685 0.876113
v -0.234769 -0.142289 0.899611
v -0.232832 -0.156809 0.876113
v -0.212801 -0.130807 0.899611
v -0.188718 -0.108505 0.876113
v -0.203354 -0.107890 0.899611
v -0.199241 -0.075326 0.876113
v -0.210847 -0.084263 0.899611
v -0.228628 -0.056673 0.876113
v -0.231775 -0.070979 0.899611
v -0.263130 -0.061274 0.876113
v -0.256345 -0.074256 0.899611
v -0.286603 -0.086976 0.876113
v -0.273060 -0.092560 0.899611
v -0.288063 -0.121754 0.876113
v -0.274100 -0.117325 0.899611
v -0.266827 -0.149333 0.876113
v -0.258977 -0.136965 0.899611
v -0.232832 -0.156809 0.876113
v -0.234769 -0.142289 0.899611
v -0.266827 -0.149333 0.876113
v -0.234769 -0.142289 0.852616
v -0.232832 -0.156809 0.876113
v -0.258977 -0.136965 0.852616
v -0.288063 -0.121754 0.876113
v -0.274100 -0.117325 0.852615
v -0.286603 -0.086976 0.876113
v -0.273060 -0.092560 0.852616
v -0.263130 -0.061274 0.876113
v -0.256345 -0.074256 0.852616
v -0.228628 -0.056673 0.876113
v -0.231775 -0.070979 0.852616
v -0.199241 -0.075326 0.876113
v -0.210847 -0.084263 0.852616
v -0.188718 -0.108505 0.876113
v -0.203354 -0.107890 0.852616
v -0.201984 -0.140685 0.876113
v -0.212801 -0.130807 0.852616
v -0.232832 -0.156809 0.876113
v -0.234769 -0.142289 0.852616
v -0.252194 -0.162135 0.879339
v -0.232382 -0.162967 0.872888
v -0.232382 -0.162967 0.879339
v -0.252194 -0.162135 0.872888
v -0.270527 -0.154577 0.879339
v -0.270527 -0.154577 0.872888
v -0.285170 -0.141205 0.879339
v -0.285170 -0.141205 0.872888
v -0.294356 -0.123631 0.879339
v -0.294356 -0.123631 0.872888
v -0.296977 -0.103976 0.879339
v -0.296977 -0.103976 0.872888
v -0.292718 -0.084609 0.879339
v -0.292718 -0.084609 0.872888
v -0.282091 -0.067867 0.879339
v -0.282091 -0.067867 0.872888
v -0.266379 -0.055769 0.879339
v -0.266379 -0.055769 0.872888
v -0.247478 -0.049774 0.879339
v -0.247478 -0.049774 0.872888
v -0.227665 -0.050606 0.879339
v -0.227665 -0.050606 0.872888
v -0.209332 -0.058164 0.879339
v -0.209332 -0.058164 0.872888
v -0.194690 -0.071536 0.879339
v -0.194690 -0.071536 0.872888
v -0.185504 -0.089110 0.879339
v -0.185504 -0.089110 0.872888
v -0.182883 -0.108765 0.879339
v -0.182883 -0.108765 0.872888
v -0.187142 -0.128132 0.879339
v -0.187142 -0.128132 0.872888
v -0.197768 -0.144874 0.879339
v -0.197768 -0.144874 0.872888
v -0.213480 -0.156972 0.879339
v -0.213480 -0.156972 0.872888
v -0.232382 -0.162967 0.879339
v -0.232382 -0.162967 0.872888
v -0.187142 -0.128132 0.879339
v -0.182883 -0.108765 0.879339
v -0.185504 -0.089110 0.879339
v -0.197768 -0.144874 0.879339
v -0.213480 -0.156972 0.879339
v -0.232382 -0.162967 0.879339
v -0.252194 -0.162135 0.879339
v -0.270527 -0.154577 0.879339
v -0.285170 -0.141205 0.879339
v -0.294356 -0.123631 0.879339
v -0.296977 -0.103976 0.879339
v -0.292718 -0.084609 0.879339
v -0.282091 -0.067867 0.879339
v -0.266379 -0.055769 0.879339
v -0.247478 -0.049774 0.879339
v -0.227665 -0.050606 0.879339
v -0.209332 -0.058164 0.879339
v -0.194690 -0.071536 0.879339
v -0.247478 -0.049774 0.872888
v -0.227665 -0.050606 0.872888
v -0.209332 -0.058164 0.872888
v -0.266379 -0.055769 0.872888
v -0.282091 -0.067867 0.872888
v -0.292718 -0.084609 0.872888
v -0.296977 -0.103976 0.872888
v -0.294356 -0.123631 0.872888
v -0.285170 -0.141205 0.872888
v -0.270527 -0.154577 0.872888
v -0.252194 -0.162135 0.872888
v -0.232382 -0.162967 0.872888
v -0.213480 -0.156972 0.872888
v -0.197768 -0.144874 0.872888
v -0.187142 -0.128132 0.872888
v -0.182883 -0.108765 0.872888
v -0.185504 -0.089110 0.872888
v -0.194690 -0.071536 0.872888
v 0.085453 -0.235790 -1.221942
v 0.075131 -0.235790 -1.243755
v 0.074176 -0.235790 -1.229717
v 0.065239 -0.235790 -1.248860
v 0.058725 -0.235790 -1.229655
v 0.024397 -0.235790 -1.250000
v 0.048608 -0.235790 -1.222402
v 0.033330 -0.235790 -1.226916
v 0.044594 -0.235790 -1.210926
v 0.020942 -0.235790 -1.229414
v 0.016567 -0.235790 -1.231143
v 0.017649 -0.235790 -1.225770
v 0.024715 -0.235790 -1.228395
v 0.025318 -0.235790 -1.231143
v 0.027131 -0.235790 -1.235317
v 0.025318 -0.235790 -1.239491
v 0.020942 -0.235790 -1.241220
v 0.014721 -0.235790 -1.248207
v 0.016567 -0.235790 -1.239491
v 0.007357 -0.235790 -1.241683
v 0.014754 -0.235790 -1.235317
v 0.005519 -0.235790 -1.235458
v 0.011358 -0.235790 -1.225255
v 0.005859 -0.235790 -1.229387
v 0.007380 -0.235790 -1.226014
v -0.248325 -0.301995 0.754176
v -0.232340 -0.302023 0.768501
v -0.232340 -0.301995 0.754176
v -0.248325 -0.302023 0.768501
v -0.232340 -0.284921 0.768511
v -0.248325 -0.284921 0.768511
v -0.232340 -0.284891 0.754176
v -0.248325 -0.284891 0.754176
v -0.232340 -0.301995 0.754176
v -0.248325 -0.301995 0.754176
v -0.223676 -0.367389 0.749970
v -0.244369 -0.363281 0.741472
v -0.223676 -0.363281 0.741472
v -0.244368 -0.367389 0.749970
v -0.223676 -0.396301 0.747475
v -0.244369 -0.396301 0.747475
v -0.223676 -0.404946 0.725831
v -0.244369 -0.404946 0.725831
v -0.232340 -0.303756 0.780752
v -0.244369 -0.303756 0.780752
v -0.223676 -0.279954 0.741472
v -0.244369 -0.279954 0.741472
v 0.027131 -0.235790 -1.235317
v 0.025318 -0.276574 -1.239491
v 0.027131 -0.276574 -1.235317
v 0.025318 -0.235790 -1.239491
v 0.020942 -0.276574 -1.241220
v 0.020942 -0.235790 -1.241220
v 0.016567 -0.235790 -1.239491
v 0.016567 -0.276574 -1.239491
v 0.014754 -0.276574 -1.235317
v 0.014754 -0.235790 -1.235317
v 0.016567 -0.276574 -1.231143
v 0.016567 -0.235790 -1.231143
v 0.020942 -0.276574 -1.229414
v 0.020942 -0.235790 -1.229414
v 0.025318 -0.276574 -1.231143
v 0.025318 -0.235790 -1.231143
v 0.074176 -0.276574 -1.229717
v 0.075131 -0.276574 -1.243755
v 0.085453 -0.276574 -1.221942
v 0.065239 -0.276574 -1.248860
v 0.058725 -0.276574 -1.229655
v 0.024397 -0.276574 -1.250000
v 0.048608 -0.276574 -1.222402
v 0.033330 -0.276574 -1.226916
v 0.044594 -0.276574 -1.210926
v 0.020942 -0.276574 -1.229414
v 0.017649 -0.276574 -1.225770
v 0.016567 -0.276574 -1.231143
v 0.024715 -0.276574 -1.228395
v 0.025318 -0.276574 -1.231143
v 0.027131 -0.276574 -1.235317
v 0.025318 -0.276574 -1.239491
v 0.020942 -0.276574 -1.241220
v 0.014721 -0.276574 -1.248207
v 0.016567 -0.276574 -1.239491
v 0.007357 -0.276574 -1.241683
v 0.014754 -0.276574 -1.235317
v 0.005519 -0.276574 -1.235458
v 0.011358 -0.276574 -1.225255
v 0.005859 -0.276574 -1.229387
v 0.007380 -0.276574 -1.226014
v -0.234570 -0.395591 0.725215
v -0.244369 -0.404946 0.725831
v 0.085453 -0.235790 -1.221942
v 0.074176 -0.276574 -1.229717
v 0.085453 -0.276574 -1.221942
v 0.074176 -0.235790 -1.229717
v 0.058725 -0.276574 -1.229655
v 0.058725 -0.235790 -1.229655
v 0.048608 -0.276574 -1.222402
v 0.048608 -0.235790 -1.222402
v 0.044594 -0.276574 -1.210926
v 0.044594 -0.235790 -1.210926
v -0.055564 -0.251576 -1.214593
v -0.055527 -0.246543 -1.214075
v -0.053571 -0.240343 -1.214568
v -0.057410 -0.250845 -1.212564
v -0.057796 -0.251906 -1.212139
v -0.057796 -0.260186 -1.212139
v -0.055564 -0.266326 -1.214593
v -0.008785 -0.231540 -1.119007
v -0.010748 -0.246127 -1.117415
v 0.047178 -0.231544 -1.118376
v 0.051494 -0.242370 -1.117259
v 0.052338 -0.246146 -1.116700
v 0.054188 -0.246342 -1.125831
v 0.053168 -0.242370 -1.127367
v 0.056487 -0.242370 -1.129635
v 0.058070 -0.246342 -1.128016
v 0.071670 -0.242370 -1.133386
v 0.072294 -0.246342 -1.131511
v 0.080470 -0.242370 -1.137409
v 0.081272 -0.246342 -1.136554
v 0.086987 -0.246348 -1.143696
v 0.086987 -0.242370 -1.143696
v 0.087868 -0.246346 -1.154406
v 0.087868 -0.240580 -1.154406
v 0.048129 -0.231545 -1.124271
v -0.223676 -0.404946 0.725831
v -0.223676 -0.405077 0.685556
v -0.223676 -0.404946 0.725831
v 0.044439 -0.242370 -1.133563
v 0.039400 -0.231545 -1.130467
v 0.039217 -0.231545 -1.158803
v 0.044482 -0.241696 -1.158803
v 0.046846 -0.231545 -1.182760
v 0.052111 -0.238701 -1.182760
v 0.057040 -0.231545 -1.194050
v 0.057627 -0.237294 -1.192502
v 0.071384 -0.231545 -1.192260
v 0.071384 -0.237294 -1.190707
v -0.248325 -0.302069 0.377499
v -0.248325 -0.302055 0.456267
v -0.244369 -0.250559 0.389916
v -0.244369 -0.259074 0.373033
v -0.244369 -0.272579 0.359321
v -0.244369 -0.293231 0.350833
v -0.244369 -0.311871 0.350833
v -0.248325 -0.362803 0.377515
v -0.048273 -0.277172 -1.214502
v -0.051683 -0.277172 -1.214544
v -0.055564 -0.266326 -1.214593
v -0.055564 -0.251576 -1.214593
v -0.053571 -0.240343 -1.214568
v -0.051683 -0.235193 -1.214544
v -0.048273 -0.235193 -1.214502
v -0.248325 -0.350574 0.535794
v -0.244369 -0.345958 0.535695
v -0.248325 -0.341327 0.520174
v -0.244369 -0.338284 0.522742
v -0.248325 -0.320194 0.507986
v -0.244369 -0.319313 0.511879
v -0.248325 -0.294187 0.509163
v -0.244369 -0.294206 0.513241
v -0.248325 -0.281190 0.516527
v -0.244369 -0.284082 0.519486
v -0.248325 -0.273935 0.529547
v -0.244369 -0.277895 0.530549
v -0.248325 -0.273865 0.548217
v -0.244369 -0.277818 0.547413
v -0.244369 -0.280262 0.556420
v -0.248325 -0.276918 0.558676
v -0.244369 -0.287725 0.563884
v -0.248325 -0.286102 0.568043
v -0.248325 -0.303096 0.572304
v -0.244369 -0.303756 0.567633
v -0.244369 -0.430160 0.582835
v -0.248325 -0.353676 0.506701
v -0.244369 -0.356765 0.504148
v -0.248325 -0.427128 0.586615
v -0.244370 -0.367389 0.598398
v -0.248325 -0.360494 0.602957
v -0.248325 -0.364380 0.594239
v -0.244369 -0.363281 0.606913
v -0.008785 -0.280825 -1.119007
v 0.047178 -0.280821 -1.118376
v -0.010748 -0.266294 -1.117415
v 0.051494 -0.269995 -1.117259
v 0.052338 -0.266292 -1.116700
v -0.214896 0.200253 0.294733
v -0.201491 0.222551 0.280698
v -0.214896 0.200253 0.280698
v -0.201491 0.222551 0.294733
v -0.214896 0.200253 0.280698
v -0.214896 0.193062 0.294733
v -0.214896 0.200253 0.294733
v -0.214896 0.193062 0.280698
v -0.201491 0.193062 0.280698
v -0.201491 0.193062 0.294733
v -0.214896 0.200253 0.280698
v -0.214896 0.193062 0.280698
v -0.213753 0.311424 0.282156
v -0.213753 0.200453 0.293275
v -0.213753 0.311424 0.293275
v -0.213753 0.200453 0.282156
v -0.202634 0.311424 0.293275
v -0.202634 0.219002 0.282156
v -0.202634 0.311424 0.282156
v -0.202634 0.219002 0.293275
v -0.213753 0.311424 0.282156
v -0.213753 0.200453 0.282156
v -0.202634 0.219002 0.293275
v -0.202634 0.311424 0.293275
v -0.033456 0.326690 0.094542
v 0.011531 0.341155 0.092257
v 0.011531 0.326690 0.075907
v -0.021895 0.341155 0.106102
v -0.052090 0.326690 0.139528
v -0.035741 0.341155 0.139528
v -0.033456 0.326690 0.184515
v -0.021895 0.341155 0.172954
v 0.011531 0.326690 0.203149
v 0.011531 0.341155 0.186800
v 0.056518 0.326690 0.184515
v 0.044957 0.341155 0.172954
v 0.075152 0.326690 0.139528
v 0.058803 0.341155 0.139528
v 0.056518 0.326690 0.094542
v 0.044957 0.341155 0.106102
v 0.011531 0.326690 0.075907
v 0.011531 0.341155 0.092257
v 0.001724 0.351517 0.322380
v 0.021337 0.408795 0.322380
v 0.021337 0.351517 0.322380
v 0.001724 0.408795 0.322380
v -0.012145 0.351517 0.336249
v -0.012145 0.408795 0.336249
v -0.012145 0.351517 0.355862
v -0.012145 0.408795 0.355862
v 0.001724 0.351517 0.369731
v 0.001724 0.408795 0.369731
v 0.021337 0.351517 0.369731
v 0.021337 0.408795 0.369731
v 0.035206 0.351517 0.355862
v 0.035206 0.408795 0.355862
v 0.035206 0.351517 0.336249
v 0.035206 0.408795 0.336249
v 0.256214 0.329861 0.306932
v 0.263402 0.329861 0.293275
v 0.263402 0.329861 0.306932
v 0.256214 0.329861 0.293275
v 0.263402 0.457023 0.306932
v 0.263402 0.457023 0.293275
v 0.256214 0.457023 0.293275
v 0.256214 0.457023 0.306932
v 0.256214 0.329861 0.293275
v 0.256214 0.457023 0.293275
v 0.256214 0.457023 0.306932
v 0.256214 0.457023 0.293275
v 0.284196 -0.163486 0.712328
v 0.228363 -0.009365 0.726563
v 0.274739 -0.166281 0.726563
v 0.235105 0.002620 0.712328
v 0.228363 -0.009365 0.726563
v 0.228363 -0.009365 0.698093
v 0.274739 -0.166281 0.726563
v 0.274739 -0.166281 0.698093
v 0.284196 -0.163486 0.712328
v 0.235105 0.002620 0.712328
v 0.256613 -0.163999 -0.375200
v 0.193330 -0.068178 -0.385355
v 0.193330 -0.068178 -0.375197
v 0.256613 -0.163999 -0.385360
v 0.186256 -0.072655 -0.380063
v 0.250674 -0.170190 -0.380069
v 0.186256 -0.072655 -0.380063
v 0.250674 -0.170190 -0.380069
v 0.184449 -0.097426 0.701401
v 0.184448 -0.097427 0.723314
v 0.182988 -0.099046 0.712407
v 0.188335 -0.093120 0.733275
v 0.188333 -0.093122 0.691401
v 0.194555 -0.086225 0.683379
v 0.194549 -0.086233 0.741439
v 0.202611 -0.077281 0.746278
v 0.202621 -0.077272 0.678182
v 0.217047 -0.060978 0.676324
v 0.217047 -0.060978 0.748350
v 0.243694 -0.014937 0.748443
v 0.243697 -0.014938 0.676242
v 0.249603 0.002611 0.748444
v 0.249620 0.002607 0.676216
v 0.252794 0.012403 0.746795
v 0.255578 0.020951 0.741553
v 0.257880 0.027992 0.733405
v 0.259298 0.032329 0.723506
v 0.259737 0.033653 0.712632
v 0.259321 0.032346 0.701259
v 0.252835 0.012376 0.678140
v 0.255630 0.020963 0.683290
v 0.257908 0.027988 0.691276
v 0.245113 -0.428800 0.686723
v 0.206302 -0.428800 0.740560
v 0.206056 -0.428800 0.674193
v 0.245265 -0.428800 0.727741
v 0.206302 -0.428800 0.740560
v 0.206056 -0.318932 0.674193
v 0.206056 -0.428800 0.674193
v 0.206302 -0.318932 0.740560
v 0.245265 -0.428800 0.727741
v 0.245265 -0.318932 0.727741
v 0.245113 -0.428800 0.686723
v 0.245113 -0.318932 0.686723
v 0.206056 -0.428800 0.674193
v 0.206056 -0.318932 0.674193
v 0.078123 -0.227620 -1.208794
v 0.075506 -0.227620 -1.215652
v 0.066938 -0.227620 -1.208794
v 0.075506 -0.227620 -1.201936
v 0.068880 -0.227620 -1.198287
v 0.061345 -0.227620 -1.199554
v 0.056427 -0.227620 -1.205145
v 0.056427 -0.227620 -1.212443
v 0.061345 -0.227620 -1.218034
v 0.068880 -0.227620 -1.219301
v 0.075506 -0.231545 -1.215652
v 0.078123 -0.231545 -1.208794
v 0.075506 -0.231545 -1.201936
v 0.068880 -0.231545 -1.198287
v 0.061345 -0.231545 -1.199554
v 0.056427 -0.231545 -1.205145
v 0.056427 -0.231545 -1.212443
v 0.061345 -0.231545 -1.218034
v 0.068880 -0.231545 -1.219301
v -0.201491 0.222551 -0.220058
v -0.214896 0.200253 -0.234094
v -0.214896 0.200253 -0.220058
v -0.201491 0.222551 -0.234094
v -0.214896 0.193062 -0.234094
v -0.214896 0.200253 -0.220058
v -0.214896 0.200253 -0.234094
v -0.214896 0.193062 -0.220058
v -0.201491 0.193062 -0.220058
v -0.201491 0.193062 -0.234094
v -0.214896 0.200253 -0.220058
v -0.214896 0.193062 -0.220058
v -0.213753 0.200453 -0.232636
v -0.213753 0.311424 -0.221516
v -0.213753 0.311424 -0.232636
v -0.213753 0.200453 -0.221516
v -0.202634 0.219002 -0.221516
v -0.202634 0.311424 -0.232636
v -0.202634 0.311424 -0.221516
v -0.202634 0.219002 -0.232636
v -0.213753 0.311424 -0.221516
v -0.213753 0.200453 -0.221516
v -0.202634 0.219002 -0.232636
v -0.202634 0.311424 -0.232636
v 0.238665 0.200253 -0.234094
v 0.225260 0.222551 -0.220058
v 0.238665 0.200253 -0.220058
v 0.225260 0.222551 -0.234094
v 0.238665 0.200253 -0.220058
v 0.238665 0.193062 -0.234094
v 0.238665 0.200253 -0.234094
v 0.238665 0.193062 -0.220058
v 0.225260 0.193062 -0.220058
v 0.225260 0.193062 -0.234094
v 0.238665 0.200253 -0.220058
v 0.238665 0.193062 -0.220058
v 0.237522 0.311424 -0.221516
v 0.237522 0.200453 -0.232636
v 0.237522 0.311424 -0.232636
v 0.237522 0.200453 -0.221516
v 0.226403 0.311424 -0.232636
v 0.226403 0.219002 -0.221516
v 0.226403 0.311424 -0.221516
v 0.226403 0.219002 -0.232636
v 0.237522 0.311424 -0.221516
v 0.237522 0.200453 -0.221516
v 0.226403 0.219002 -0.232636
v 0.226403 0.311424 -0.232636
v 0.225260 0.222551 0.280698
v 0.238665 0.200253 0.294733
v 0.238665 0.200253 0.280698
v 0.225260 0.222551 0.294733
v 0.238665 0.193062 0.294733
v 0.238665 0.200253 0.280698
v 0.238665 0.200253 0.294733
v 0.238665 0.193062 0.280698
v 0.225260 0.193062 0.280698
v 0.225260 0.193062 0.294733
v 0.238665 0.200253 0.280698
v 0.238665 0.193062 0.280698
v 0.237522 0.200453 0.293275
v 0.237522 0.311424 0.282156
v 0.237522 0.311424 0.293275
v 0.237522 0.200453 0.282156
v 0.226403 0.219002 0.282156
v 0.226403 0.311424 0.293275
v 0.226403 0.311424 0.282156
v 0.226403 0.219002 0.293275
v 0.237522 0.311424 0.282156
v 0.237522 0.200453 0.282156
v 0.226403 0.219002 0.293275
v 0.226403 0.311424 0.293275
v -0.232657 -0.163999 0.435324
v -0.170688 -0.070167 0.445490
v -0.170688 -0.070167 0.435327
v -0.232657 -0.163999 0.445479
v -0.163614 -0.074645 0.440665
v -0.226718 -0.170190 0.440663
v -0.163614 -0.074645 0.440665
v -0.226718 -0.170190 0.440663
v 0.256334 -0.178520 -0.685023
v 0.249473 -0.170598 0.683511
v 0.249473 -0.170598 -0.685023
v 0.256334 -0.178520 0.683511
v 0.263195 -0.170598 -0.685023
v 0.263195 -0.170598 0.683511
v 0.256334 -0.162676 -0.685023
v 0.256334 -0.162676 0.683511
v 0.249473 -0.170598 -0.685023
v 0.249473 -0.170598 0.683511
v 0.193330 -0.068178 0.445490
v 0.256613 -0.163999 0.435324
v 0.193330 -0.068178 0.435328
v 0.256613 -0.163999 0.445479
v 0.186256 -0.072655 0.440666
v 0.250674 -0.170190 0.440662
v 0.186256 -0.072655 0.440666
v 0.250674 -0.170190 0.440662
v -0.020325 0.394950 -0.021550
v -0.065375 0.394950 -0.066600
v -0.020325 0.378967 -0.021550
v -0.065375 0.378967 -0.066600
v -0.071711 0.394950 -0.098456
v -0.071711 0.378967 -0.098456
v -0.065375 0.394950 -0.130311
v -0.065375 0.378967 -0.130311
v -0.047330 0.394950 -0.157317
v -0.047330 0.378967 -0.157317
v -0.020325 0.394950 -0.175362
v -0.020325 0.378967 -0.175362
v 0.011531 0.394950 -0.181698
v 0.011531 0.378967 -0.181698
v 0.043386 0.394950 -0.175361
v 0.043386 0.378967 -0.175361
v 0.070392 0.394950 -0.157317
v 0.070392 0.378966 -0.157317
v 0.088436 0.394950 -0.130311
v 0.088436 0.378967 -0.130311
v 0.094773 0.394950 -0.098456
v 0.094773 0.378967 -0.098456
v 0.088436 0.394950 -0.066600
v 0.088436 0.378967 -0.066600
v 0.043386 0.394950 -0.021550
v 0.043386 0.378967 -0.021550
v -0.020325 0.378967 -0.175362
v 0.011531 0.378967 -0.181698
v 0.043386 0.378967 -0.175361
v -0.047330 0.378967 -0.157317
v -0.065375 0.378967 -0.130311
v -0.071711 0.378967 -0.098456
v -0.065375 0.378967 -0.066600
v 0.070392 0.378966 -0.157317
v 0.088436 0.378967 -0.130311
v 0.094773 0.378967 -0.098456
v 0.088436 0.378967 -0.066600
v -0.020325 0.378967 -0.021550
v 0.043386 0.378967 -0.021550
v 0.043386 0.378967 -0.021550
v -0.020325 0.394950 -0.021550
v -0.020325 0.378967 -0.021550
v 0.043386 0.394950 -0.021550
v 0.094773 0.394950 -0.098456
v 0.088436 0.394950 -0.130311
v 0.070392 0.394950 -0.157317
v 0.088436 0.394950 -0.066600
v 0.043386 0.394950 -0.175361
v 0.011531 0.394950 -0.181698
v -0.020325 0.394950 -0.175362
v -0.047330 0.394950 -0.157317
v -0.065375 0.394950 -0.130311
v -0.071711 0.394950 -0.098456
v -0.065375 0.394950 -0.066600
v 0.043386 0.394950 -0.021550
v -0.020325 0.394950 -0.021550
v -0.240147 0.311424 -0.278340
v -0.240147 0.329861 0.338979
v -0.240147 0.329861 -0.278340
v -0.240147 0.311424 0.338979
v -0.240147 0.311424 -0.278340
v -0.101874 0.311424 0.338979
v -0.240147 0.311424 0.338979
v -0.101874 0.311424 -0.278340
v -0.240147 0.329861 -0.278340
v -0.101874 0.311424 -0.278340
v -0.240147 0.311424 -0.278340
v -0.101874 0.329861 -0.278340
v -0.101874 0.311424 0.338979
v -0.101874 0.329861 -0.278340
v -0.101874 0.329861 0.338979
v -0.101874 0.311424 -0.278340
v -0.240147 0.329861 0.338979
v -0.101874 0.329861 -0.278340
v -0.240147 0.329861 -0.278340
v -0.101874 0.329861 0.338979
v -0.240147 0.311424 0.338979
v -0.101874 0.329861 0.338979
v -0.240147 0.329861 0.338979
v -0.101874 0.311424 0.338979
v -0.251334 -0.313091 -0.476862
v -0.223732 -0.350433 -0.476862
v -0.251334 -0.350433 -0.476862
v -0.223732 -0.313091 -0.476862
v -0.251334 -0.350433 -0.408302
v -0.223732 -0.313091 -0.408302
v -0.251334 -0.313091 -0.408302
v -0.223732 -0.350433 -0.408302
v -0.251334 -0.313091 -0.415323
v -0.223732 -0.307551 -0.415323
v -0.251334 -0.307551 -0.415323
v -0.223732 -0.313091 -0.415323
v -0.223732 -0.307551 -0.469840
v -0.251334 -0.307551 -0.469840
v -0.223732 -0.313091 -0.469840
v -0.251334 -0.313091 -0.469840
v -0.261123 -0.327696 -0.415110
v -0.261123 -0.317880 -0.427419
v -0.261123 -0.314640 -0.442560
v -0.261123 -0.341881 -0.408279
v -0.261123 -0.357625 -0.408279
v -0.261123 -0.371809 -0.415110
v -0.261123 -0.381626 -0.427419
v -0.261123 -0.385129 -0.442768
v -0.261123 -0.381626 -0.458117
v -0.261123 -0.371809 -0.470427
v -0.261123 -0.357625 -0.477257
v -0.261123 -0.341881 -0.477257
v -0.261123 -0.317880 -0.458117
v -0.261123 -0.327696 -0.470427
v 0.284460 -0.371809 -0.470427
v 0.284460 -0.357625 -0.477257
v 0.284460 -0.341881 -0.477257
v 0.284460 -0.381626 -0.458117
v 0.284460 -0.385129 -0.442768
v 0.284460 -0.381626 -0.427419
v 0.284460 -0.371809 -0.415110
v 0.284460 -0.357625 -0.408279
v 0.284460 -0.341881 -0.408279
v 0.284460 -0.327696 -0.415110
v 0.284460 -0.317880 -0.427419
v 0.284460 -0.314376 -0.442768
v 0.284460 -0.317880 -0.458117
v 0.284460 -0.327696 -0.470427
v -0.182698 -0.428800 -0.766215
v -0.221907 -0.428800 -0.712667
v -0.221755 -0.428800 -0.753685
v -0.182944 -0.428800 -0.699847
v -0.248325 -0.364380 0.754146
v -0.244368 -0.367389 0.749970
v -0.248325 -0.398018 0.751107
v -0.244369 -0.396301 0.747475
v -0.248325 -0.408849 0.726570
v -0.244369 -0.404946 0.725831
v -0.244369 -0.405077 0.685556
v -0.248325 -0.408849 0.621815
v -0.244369 -0.405077 0.662829
v -0.244369 -0.404946 0.622555
v -0.244369 -0.396301 0.600910
v -0.248325 -0.398018 0.597278
v -0.244369 -0.279954 0.606913
v -0.248325 -0.276471 0.602957
v -0.182698 -0.428800 -0.766215
v -0.221755 -0.318932 -0.753685
v -0.182698 -0.318932 -0.766215
v -0.221755 -0.428800 -0.753685
v -0.221907 -0.318932 -0.712667
v -0.221907 -0.428800 -0.712667
v -0.182944 -0.318932 -0.699847
v -0.182944 -0.428800 -0.699847
v -0.182698 -0.428800 -0.766215
v -0.182698 -0.318932 -0.766215
v -0.182698 -0.428800 -0.699669
v -0.221907 -0.428800 -0.646121
v -0.221755 -0.428800 -0.687139
v -0.182944 -0.428800 -0.633301
v -0.182698 -0.428800 -0.699669
v -0.221755 -0.318932 -0.687139
v -0.182698 -0.318932 -0.699669
v -0.221755 -0.428800 -0.687139
v -0.221907 -0.318932 -0.646121
v -0.221907 -0.428800 -0.646121
v -0.182944 -0.318932 -0.633301
v -0.182944 -0.428800 -0.633301
v -0.182698 -0.428800 -0.699669
v -0.182698 -0.318932 -0.699669
v 0.245113 -0.428800 -0.753685
v 0.206302 -0.428800 -0.699847
v 0.206056 -0.428800 -0.766215
v 0.245265 -0.428800 -0.712667
v 0.206302 -0.428800 -0.699847
v 0.206056 -0.318932 -0.766215
v 0.206056 -0.428800 -0.766215
v 0.206302 -0.318932 -0.699847
v 0.245265 -0.428800 -0.712667
v 0.245265 -0.318932 -0.712667
v 0.245113 -0.428800 -0.753685
v 0.245113 -0.318932 -0.753685
v 0.206056 -0.428800 -0.766215
v 0.206056 -0.318932 -0.766215
v 0.245113 -0.428800 -0.687139
v 0.206302 -0.428800 -0.633301
v 0.206056 -0.428800 -0.699669
v 0.245265 -0.428800 -0.646121
v 0.267773 -0.363280 -0.632390
v 0.247080 -0.279954 -0.632390
v 0.267773 -0.279954 -0.632390
v 0.247080 -0.363280 -0.632390
v 0.271729 -0.360494 -0.628434
v 0.267773 -0.279954 -0.632390
v 0.271729 -0.276471 -0.628433
v 0.267773 -0.363280 -0.632390
v -0.223732 -0.313091 0.389852
v -0.251334 -0.313091 0.382830
v -0.251334 -0.313091 0.389852
v -0.223732 -0.313091 0.382830
v -0.223732 -0.350433 0.451390
v -0.251334 -0.313091 0.451390
v -0.251334 -0.350433 0.451390
v -0.223732 -0.313091 0.451390
v -0.251334 -0.350433 0.382830
v -0.223732 -0.350433 0.382830
v -0.223732 -0.307551 0.389852
v -0.251334 -0.307551 0.389852
v -0.251334 -0.313091 0.897000
v -0.223732 -0.350433 0.897000
v -0.251334 -0.350433 0.897000
v -0.223732 -0.313091 0.897000
v -0.251334 -0.350433 0.965560
v -0.223732 -0.313091 0.965560
v -0.251334 -0.313091 0.965560
v -0.223732 -0.350433 0.965560
v -0.251334 -0.313091 0.958539
v -0.223732 -0.307551 0.958539
v -0.251334 -0.307551 0.958539
v -0.223732 -0.313091 0.958539
v -0.223732 -0.307551 0.904022
v -0.251334 -0.307551 0.904022
v -0.223732 -0.313091 0.904022
v -0.251334 -0.313091 0.904022
v 0.284460 -0.371809 0.903435
v 0.284460 -0.357625 0.896605
v 0.284460 -0.341881 0.896605
v 0.284460 -0.381626 0.915744
v 0.284460 -0.385129 0.931094
v 0.284460 -0.381626 0.946443
v 0.284460 -0.371809 0.958752
v 0.284460 -0.357625 0.965583
v 0.284460 -0.341881 0.965583
v 0.284460 -0.327696 0.958752
v 0.284460 -0.317880 0.946443
v 0.284460 -0.314376 0.931094
v 0.284460 -0.317880 0.915744
v 0.284460 -0.327696 0.903435
v -0.261123 -0.327696 0.958752
v -0.261123 -0.317880 0.946443
v -0.261123 -0.314640 0.931302
v -0.261123 -0.341881 0.965583
v -0.261123 -0.357625 0.965583
v -0.261123 -0.371809 0.958752
v -0.261123 -0.381626 0.946443
v -0.261123 -0.385129 0.931094
v -0.261123 -0.381626 0.915744
v -0.261123 -0.371809 0.903435
v -0.261123 -0.357625 0.896605
v -0.261123 -0.341881 0.896605
v -0.261123 -0.317880 0.915744
v -0.261123 -0.327696 0.903435
v -0.182698 -0.428800 0.607647
v -0.221907 -0.428800 0.661195
v -0.221755 -0.428800 0.620177
v -0.182944 -0.428800 0.674015
v -0.223676 -0.405077 0.662829
v -0.223676 -0.404946 0.622555
v -0.223676 -0.405077 0.662829
v -0.223676 -0.405077 0.685556
v -0.223676 -0.362803 0.967183
v -0.244369 -0.305160 0.967238
v -0.223676 -0.305160 0.967238
v -0.244369 -0.362803 0.967183
v -0.223676 -0.362803 0.971905
v -0.248325 -0.362803 0.971905
v -0.244369 -0.430160 0.765551
v -0.223676 -0.356842 0.844164
v -0.244369 -0.356842 0.844164
v -0.223676 -0.430160 0.765551
v -0.244369 -0.305326 0.894133
v -0.223676 -0.305326 0.894133
v -0.244369 -0.430160 0.765551
v -0.248325 -0.353676 0.841684
v -0.248325 -0.427128 0.761770
v -0.244369 -0.356842 0.844164
v -0.248325 -0.360494 0.745428
v -0.244369 -0.363281 0.741472
v -0.244369 -0.342452 0.858682
v -0.244369 -0.354161 0.846841
v -0.244369 -0.354155 0.868751
v -0.244369 -0.337663 0.876204
v -0.244369 -0.364387 0.875590
v -0.244369 -0.330501 0.886716
v -0.244369 -0.379727 0.894133
v -0.244369 -0.318764 0.894134
v -0.244369 -0.379741 0.875590
v -0.241543 -0.379743 0.873002
v -0.241543 -0.365703 0.873002
v -0.223676 -0.379743 0.873002
v -0.223676 -0.365703 0.873002
v -0.241543 -0.356798 0.867557
v -0.223676 -0.356798 0.867557
v -0.182698 -0.428800 0.607647
v -0.221755 -0.318932 0.620177
v -0.182698 -0.318932 0.607647
v -0.221755 -0.428800 0.620177
v -0.221907 -0.318932 0.661195
v -0.221907 -0.428800 0.661195
v -0.182944 -0.318932 0.674015
v -0.182944 -0.428800 0.674015
v -0.182698 -0.428800 0.607647
v -0.182698 -0.318932 0.607647
v -0.182698 -0.428800 0.674193
v -0.221907 -0.428800 0.727741
v -0.221755 -0.428800 0.686723
v -0.182944 -0.428800 0.740560
v -0.241543 -0.365703 0.873002
v -0.241543 -0.379743 0.873002
v -0.241543 -0.356798 0.867557
v -0.182698 -0.428800 0.674193
v -0.221755 -0.318932 0.686723
v -0.182698 -0.318932 0.674193
v -0.221755 -0.428800 0.686723
v -0.221907 -0.318932 0.727741
v -0.221907 -0.428800 0.727741
v -0.182944 -0.318932 0.740560
v -0.182944 -0.428800 0.740560
v -0.182698 -0.428800 0.674193
v -0.182698 -0.318932 0.674193
v 0.245113 -0.428800 0.620177
v 0.206302 -0.428800 0.674015
v 0.206056 -0.428800 0.607647
v 0.245265 -0.428800 0.661195
v 0.274691 -0.313090 0.904022
v 0.247090 -0.313090 0.897000
v 0.247090 -0.313090 0.904022
v 0.274691 -0.313090 0.897000
v -0.109114 0.042576 1.086459
v -0.109114 -0.161637 1.094175
v -0.109114 0.042576 1.094175
v -0.109114 -0.161637 1.086459
v -0.095409 -0.161637 1.086459
v -0.109114 0.042576 1.086459
v -0.095409 0.042576 1.086459
v -0.109114 -0.161637 1.086459
v -0.095409 0.042576 1.086459
v -0.095409 0.042576 1.094175
v -0.109114 0.042576 1.086459
v -0.095409 -0.161637 1.094175
v 0.005658 0.093022 -1.075074
v 0.002963 0.149704 -1.050492
v 0.005658 0.144551 -1.075074
v 0.002963 0.087869 -1.050492
v 0.020099 0.087869 -1.050492
v 0.017403 0.093022 -1.075074
v 0.002963 0.087869 -1.050492
v 0.017403 0.144551 -1.075074
v 0.002963 0.149704 -1.050492
v 0.020099 0.149704 -1.050492
v 0.020099 0.087869 -1.050492
v 0.017403 0.144551 -1.075074
v 0.020099 0.149704 -1.050492
v 0.017403 0.093022 -1.075074
v -0.084853 0.042576 1.086459
v -0.084853 -0.161637 1.094175
v -0.084853 0.042576 1.094175
v -0.084853 -0.161637 1.086459
v -0.070696 -0.161637 1.086459
v -0.084853 0.042576 1.086459
v -0.070696 0.042576 1.086459
v -0.084853 -0.161637 1.086459
v -0.070696 0.042576 1.086459
v -0.070696 0.042576 1.094175
v -0.084853 0.042576 1.086459
v -0.070696 -0.161637 1.094175
v 0.002963 0.149704 1.035128
v 0.005658 0.093022 1.058892
v 0.005658 0.144551 1.058892
v 0.002963 0.087869 1.035128
v 0.020099 0.087869 1.035128
v 0.017404 0.093022 1.058892
v 0.002963 0.087869 1.035128
v 0.002963 0.149704 1.035128
v 0.017404 0.144551 1.058892
v 0.020099 0.149704 1.035128
v 0.017404 0.144551 1.058892
v 0.020099 0.087869 1.035128
v 0.020099 0.149704 1.035128
v 0.017404 0.093022 1.058892
v -0.067254 0.085530 1.112458
v -0.053201 0.081328 1.107143
v -0.055204 0.078574 1.112462
v -0.070617 0.090215 1.107141
v -0.044851 0.069319 1.112458
v -0.039385 0.067557 1.107141
v -0.075533 0.065543 1.110003
v -0.059601 0.052874 1.104261
v -0.078336 0.066465 1.104261
v -0.061325 0.055262 1.110003
v -0.039422 0.061798 1.112458
v -0.030572 0.050122 1.107143
v -0.033809 0.049071 1.112462
v -0.039385 0.067557 1.107141
v -0.030878 0.035474 1.112458
v -0.027466 0.030834 1.107141
v -0.057878 0.050486 1.110003
v -0.052452 0.030846 1.104261
v -0.059601 0.052874 1.104261
v -0.052459 0.033791 1.110003
v -0.039468 -0.000079 1.112458
v -0.030561 0.011575 1.107143
v -0.039438 -0.005846 1.107141
v -0.033800 0.012627 1.112462
v -0.044906 -0.007614 1.112458
v -0.053217 -0.019654 1.107143
v -0.055219 -0.016898 1.112462
v -0.039438 -0.005846 1.107141
v -0.061359 0.006451 1.110003
v -0.078354 -0.004732 1.104261
v -0.059633 0.008843 1.104261
v -0.075545 -0.003821 1.110003
v -0.057907 0.011236 1.110003
v -0.052452 0.030846 1.104261
v -0.052445 0.027901 1.110002
v -0.059633 0.008843 1.104261
v -0.067272 -0.023810 1.112458
v -0.070647 -0.028477 1.107141
v -0.076119 -0.026682 1.112458
v -0.089936 -0.031572 1.107143
v -0.089934 -0.028165 1.112461
v -0.070647 -0.028477 1.107141
v -0.081162 -0.005644 1.110003
v -0.101478 -0.004739 1.104261
v -0.078354 -0.004732 1.104261
v -0.098676 -0.005661 1.110003
v -0.030855 0.026198 1.112458
v -0.027466 0.030834 1.107141
v -0.112560 -0.023802 1.112458
v -0.126613 -0.019601 1.107143
v -0.124610 -0.016847 1.112461
v -0.109197 -0.028488 1.107141
v -0.134963 -0.007593 1.112458
v -0.140430 -0.005831 1.107141
v -0.104281 -0.003816 1.110003
v -0.120213 0.008853 1.104261
v -0.101478 -0.004739 1.104261
v -0.118489 0.006465 1.110003
v -0.140392 -0.000071 1.112458
v -0.149242 0.011605 1.107143
v -0.146005 0.012656 1.112462
v -0.140430 -0.005831 1.107141
v -0.148936 0.026252 1.112458
v -0.152349 0.030892 1.107141
v -0.121937 0.011241 1.110003
v -0.127362 0.030881 1.104261
v -0.120213 0.008853 1.104261
v -0.127355 0.027935 1.110003
v -0.140346 0.061806 1.112458
v -0.149253 0.050152 1.107143
v -0.140376 0.067573 1.107141
v -0.146015 0.049099 1.112462
v -0.118454 0.055276 1.110002
v -0.101460 0.066459 1.104261
v -0.120181 0.052883 1.104261
v -0.104269 0.065548 1.110003
v -0.121907 0.050491 1.110003
v -0.127362 0.030881 1.104261
v -0.127370 0.033826 1.110003
v -0.120181 0.052883 1.104261
v -0.103695 0.088408 1.112458
v -0.089878 0.093298 1.107143
v -0.089880 0.089892 1.112462
v -0.109168 0.090204 1.107141
v -0.098652 0.067371 1.110003
v -0.078336 0.066465 1.104261
v -0.101460 0.066459 1.104261
v -0.081138 0.067387 1.110003
v -0.148960 0.035529 1.112458
v -0.152349 0.030892 1.107141
v -0.103734 -0.026709 1.112458
v -0.109197 -0.028488 1.107141
v -0.076081 0.088435 1.112458
v -0.070617 0.090215 1.107141
v -0.027335 0.051173 1.113307
v -0.039385 0.067557 1.107141
v -0.036633 0.069556 1.113307
v -0.030572 0.050122 1.107143
v -0.027466 0.030834 1.107141
v -0.030572 0.050122 1.107143
v -0.024065 0.030833 1.113307
v -0.027324 0.010523 1.113307
v -0.027466 0.030834 1.107141
v -0.030561 0.011575 1.107143
v -0.039438 -0.005846 1.107141
v -0.030561 0.011575 1.107143
v -0.036690 -0.007845 1.113307
v -0.053217 -0.019654 1.107143
v -0.039438 -0.005846 1.107141
v -0.051215 -0.022410 1.113307
v -0.069597 -0.031709 1.113307
v -0.053217 -0.019654 1.107143
v -0.070647 -0.028477 1.107141
v -0.089936 -0.031572 1.107143
v -0.070647 -0.028477 1.107141
v -0.089937 -0.034979 1.113307
v -0.110248 -0.031720 1.113307
v -0.089936 -0.031572 1.107143
v -0.109197 -0.028488 1.107141
v -0.126613 -0.019601 1.107143
v -0.109197 -0.028488 1.107141
v -0.128616 -0.022354 1.113307
v -0.140430 -0.005831 1.107141
v -0.126613 -0.019601 1.107143
v -0.143181 -0.007829 1.113307
v -0.152480 0.010554 1.113307
v -0.140430 -0.005831 1.107141
v -0.149242 0.011605 1.107143
v -0.152349 0.030892 1.107141
v -0.149242 0.011605 1.107143
v -0.155749 0.030894 1.113307
v -0.152490 0.051204 1.113307
v -0.152349 0.030892 1.107141
v -0.149253 0.050152 1.107143
v -0.140376 0.067573 1.107141
v -0.149253 0.050152 1.107143
v -0.143125 0.069572 1.113307
v -0.126597 0.081381 1.107143
v -0.140376 0.067573 1.107141
v -0.128599 0.084137 1.113307
v -0.110216 0.093436 1.113307
v -0.126597 0.081381 1.107143
v -0.109168 0.090204 1.107141
v -0.089878 0.093298 1.107143
v -0.109168 0.090204 1.107141
v -0.089877 0.096705 1.113307
v -0.051198 0.084081 1.113307
v -0.039385 0.067557 1.107141
v -0.053201 0.081328 1.107143
v -0.069566 0.093447 1.113307
v -0.053201 0.081328 1.107143
v -0.070617 0.090215 1.107141
v -0.089878 0.093298 1.107143
v -0.070617 0.090215 1.107141
v -0.074178 0.042288 1.099916
v -0.083901 0.049342 1.099916
v -0.095904 0.049339 1.099916
v -0.070466 0.030854 1.099916
v -0.074194 0.019434 1.099916
v -0.083911 0.012388 1.099916
v -0.105620 0.042293 1.099916
v -0.095913 0.012385 1.099916
v -0.105637 0.019439 1.099916
v -0.109348 0.030872 1.099916
v 0.048129 -0.280820 -1.124271
v 0.044439 -0.269995 -1.133563
v 0.053168 -0.269995 -1.127367
v 0.039400 -0.280820 -1.130467
v 0.057655 -0.266293 -1.109628
v 0.059054 -0.266293 -1.115476
v 0.054188 -0.266274 -1.125831
v 0.064187 -0.266284 -1.121617
v 0.058070 -0.266274 -1.128016
v 0.072294 -0.266274 -1.131511
v 0.073801 -0.266284 -1.125819
v 0.081272 -0.266274 -1.136554
v 0.087894 -0.266284 -1.128629
v 0.093336 -0.266284 -1.139114
v 0.086987 -0.266273 -1.143696
v 0.087868 -0.266283 -1.154406
v -0.048870 -0.266326 -1.190818
v -0.057796 -0.260186 -1.212139
v -0.055564 -0.266326 -1.214593
v -0.057339 -0.261380 -1.178059
v -0.041427 -0.266326 -1.179829
v -0.054269 -0.262063 -1.160662
v -0.031816 -0.266326 -1.165555
v -0.045092 -0.262611 -1.145431
v -0.025988 -0.266326 -1.141900
v -0.029335 -0.263455 -1.129699
v -0.019935 -0.266293 -1.129560
v -0.019389 -0.265585 -1.119333
v -0.016795 -0.266293 -1.109659
v 0.057655 -0.266293 -1.099969
v -0.016795 -0.266293 -1.099967
v -0.223676 -0.379727 0.894133
v -0.244369 -0.379727 0.894133
v -0.244369 -0.379741 0.875590
v -0.244369 -0.279954 0.741472
v -0.248325 -0.276471 0.745429
v -0.244369 -0.318764 0.894134
v -0.248325 -0.427128 0.761770
v -0.244369 -0.430160 0.582835
v -0.244369 -0.430160 0.765551
v -0.248325 -0.427128 0.586615
v 0.274691 -0.307551 0.904022
v 0.247090 -0.307551 0.904022
v 0.274691 -0.307551 0.958539
v 0.247090 -0.307551 0.958539
v 0.274691 -0.313090 0.958539
v 0.247090 -0.313090 0.958539
v 0.247090 -0.313090 0.965560
v 0.274691 -0.350433 0.965560
v 0.274691 -0.313090 0.965560
v 0.247090 -0.350433 0.965560
v 0.247090 -0.350433 0.897000
v 0.274691 -0.350433 0.897000
v 0.274691 -0.307551 0.958539
v 0.274691 -0.313090 0.904022
v 0.274691 -0.307551 0.904022
v 0.274691 -0.313090 0.958539
v 0.274691 -0.350433 0.897000
v 0.274691 -0.313090 0.965560
v 0.274691 -0.350433 0.965560
v 0.274691 -0.313090 0.897000
v -0.018770 -0.270968 -1.136875
v -0.013279 -0.280820 -1.160274
v -0.020030 -0.280820 -1.167771
v -0.027086 -0.280820 -1.172886
v -0.038409 -0.279321 -1.185326
v -0.045752 -0.278623 -1.196034
v -0.051683 -0.277172 -1.214544
v -0.006621 -0.280820 -1.130834
v -0.010667 -0.272526 -1.132795
v -0.008857 -0.280820 -1.149097
v -0.013142 -0.280820 -1.175026
v -0.014950 -0.280820 -1.175530
v -0.018410 -0.280820 -1.176494
v -0.023678 -0.280820 -1.177962
v -0.035576 -0.279293 -1.189202
v -0.042653 -0.278622 -1.200386
v -0.048273 -0.277172 -1.214502
v 0.057655 -0.266293 -1.109628
v 0.057655 -0.246136 -1.099968
v 0.057655 -0.266293 -1.099969
v 0.057655 -0.246136 -1.109628
v 0.059054 -0.266293 -1.115476
v 0.059054 -0.246136 -1.115476
v 0.064187 -0.246342 -1.121617
v 0.064187 -0.266284 -1.121617
v 0.073801 -0.266284 -1.125819
v 0.073801 -0.246342 -1.125819
v 0.087894 -0.266284 -1.128629
v 0.087894 -0.246342 -1.128629
v 0.093336 -0.266284 -1.139114
v 0.093336 -0.246342 -1.139114
v 0.087868 -0.266283 -1.154406
v 0.087868 -0.246346 -1.154406
v -0.057339 -0.261380 -1.178059
v -0.057796 -0.251906 -1.212139
v -0.057796 -0.260186 -1.212139
v -0.057339 -0.250712 -1.178059
v -0.054269 -0.262063 -1.160662
v -0.057339 -0.250712 -1.178059
v -0.057339 -0.261380 -1.178059
v -0.054269 -0.250030 -1.160662
v -0.045092 -0.262611 -1.145431
v -0.045092 -0.249480 -1.145431
v -0.029335 -0.263455 -1.129699
v -0.029335 -0.248637 -1.129699
v -0.019389 -0.265585 -1.119333
v -0.019389 -0.246447 -1.119333
v -0.016795 -0.246135 -1.109659
v -0.016795 -0.266293 -1.109659
v -0.016795 -0.266293 -1.099967
v -0.016795 -0.246135 -1.099967
v 0.045403 -0.280820 -1.195819
v 0.045982 -0.231545 -1.201210
v 0.045982 -0.280820 -1.201210
v 0.045403 -0.231545 -1.195819
v 0.039027 -0.280820 -1.188079
v 0.039027 -0.231545 -1.188079
v -0.013142 -0.280820 -1.175026
v -0.013142 -0.231545 -1.175026
v -0.014950 -0.231545 -1.175530
v -0.014950 -0.280820 -1.175530
v -0.018410 -0.280820 -1.176494
v -0.018410 -0.231545 -1.176494
v -0.023678 -0.280820 -1.177962
v -0.023678 -0.231545 -1.177962
v -0.035576 -0.279293 -1.189202
v -0.035576 -0.233072 -1.189202
v -0.042653 -0.278622 -1.200386
v -0.042653 -0.233743 -1.200386
v 0.225979 -0.283435 0.613794
v 0.254056 -0.283435 0.613794
v 0.225979 -0.318930 0.613794
v 0.270779 -0.318932 0.613794
v 0.271395 -0.318932 0.674193
v 0.225979 -0.318930 0.734136
v 0.270779 -0.318932 0.734136
v 0.254056 -0.283435 0.734136
v 0.225979 -0.283435 0.734136
v 0.253319 -0.283435 0.674193
v 0.225979 -0.283435 0.613794
v 0.225979 -0.318930 0.613794
v 0.225979 -0.318930 0.734136
v 0.008757 -0.235791 1.234908
v 0.010569 -0.276574 1.239198
v 0.008757 -0.276574 1.234908
v 0.010569 -0.235791 1.239198
v 0.014945 -0.276574 1.240976
v 0.014945 -0.235791 1.240976
v 0.019321 -0.235791 1.239198
v 0.019321 -0.276574 1.239198
v 0.021133 -0.276574 1.234908
v 0.021133 -0.235791 1.234908
v 0.019321 -0.276574 1.230618
v 0.019321 -0.235791 1.230618
v 0.014945 -0.276574 1.228840
v 0.014945 -0.235791 1.228840
v 0.010569 -0.276574 1.230618
v 0.010569 -0.235791 1.230618
v -0.038289 -0.276574 1.229152
v -0.039243 -0.276574 1.243581
v -0.049565 -0.276574 1.221159
v -0.029351 -0.276574 1.248829
v -0.022837 -0.276574 1.229088
v 0.011491 -0.276574 1.250000
v -0.012720 -0.276574 1.221633
v 0.002557 -0.276574 1.226274
v -0.008706 -0.276574 1.209838
v 0.014945 -0.276574 1.228840
v 0.018239 -0.276574 1.225096
v 0.019321 -0.276574 1.230618
v 0.011173 -0.276574 1.227793
v 0.010569 -0.276574 1.230618
v 0.008757 -0.276574 1.234908
v 0.010569 -0.276574 1.239198
v 0.014945 -0.276574 1.240976
v 0.021167 -0.276574 1.248157
v 0.019321 -0.276574 1.239198
v 0.028531 -0.276574 1.241452
v 0.021133 -0.276574 1.234908
v 0.030369 -0.276574 1.235053
v 0.024529 -0.276574 1.224566
v 0.030028 -0.276574 1.228813
v 0.028507 -0.276574 1.225346
v -0.049565 -0.235791 1.221159
v -0.039243 -0.235791 1.243581
v -0.038289 -0.235791 1.229152
v -0.029351 -0.235791 1.248829
v -0.022837 -0.235791 1.229088
v 0.011491 -0.235791 1.250000
v -0.012720 -0.235791 1.221633
v 0.002557 -0.235791 1.226274
v -0.008706 -0.235791 1.209838
v 0.014945 -0.235791 1.228840
v 0.019321 -0.235791 1.230618
v 0.018239 -0.235791 1.225096
v 0.011173 -0.235791 1.227793
v 0.010569 -0.235791 1.230618
v 0.008757 -0.235791 1.234908
v 0.010569 -0.235791 1.239198
v 0.014945 -0.235791 1.240976
v 0.021167 -0.235791 1.248157
v 0.019321 -0.235791 1.239198
v 0.028531 -0.235791 1.241452
v 0.021133 -0.235791 1.234908
v 0.030369 -0.235791 1.235053
v 0.024529 -0.235791 1.224566
v 0.030028 -0.235791 1.228813
v 0.028507 -0.235791 1.225346
v 0.256262 -0.288098 0.678333
v 0.253319 -0.283435 0.674193
v 0.256261 -0.288098 0.726382
v 0.254056 -0.283435 0.734136
v 0.267008 -0.310944 0.726382
v 0.270779 -0.318932 0.734136
v 0.271395 -0.318932 0.674193
v 0.266997 -0.310944 0.678331
v 0.266997 -0.310944 0.670150
v 0.256262 -0.288098 0.670148
v 0.256261 -0.288098 0.621547
v 0.254056 -0.283435 0.613794
v 0.267008 -0.310944 0.621547
v 0.270779 -0.318932 0.613794
v 0.256261 -0.288098 0.621547
v 0.266997 -0.310944 0.670150
v 0.267008 -0.310944 0.621547
v 0.256262 -0.288098 0.670148
v 0.267008 -0.310944 0.726382
v 0.256262 -0.288098 0.678333
v 0.256261 -0.288098 0.726382
v 0.266997 -0.310944 0.678331
v 0.274691 -0.307551 0.444368
v 0.247090 -0.313090 0.444368
v 0.274691 -0.313090 0.444368
v 0.247090 -0.307551 0.444368
v 0.274691 -0.307551 0.389852
v 0.247090 -0.307551 0.389852
v 0.274691 -0.313090 0.389852
v 0.247090 -0.313090 0.389852
v 0.274691 -0.350433 0.382830
v 0.247090 -0.313090 0.382830
v 0.274691 -0.313090 0.382830
v 0.247090 -0.350433 0.382830
v 0.274691 -0.313090 0.451390
v 0.247090 -0.350433 0.451390
v 0.274691 -0.350433 0.451390
v 0.247090 -0.313090 0.451390
v -0.049565 -0.235791 1.221159
v -0.038289 -0.276574 1.229152
v -0.049565 -0.276574 1.221159
v -0.038289 -0.235791 1.229152
v -0.022837 -0.276574 1.229088
v -0.022837 -0.235791 1.229088
v -0.012720 -0.276574 1.221633
v -0.012720 -0.235791 1.221633
v -0.008706 -0.276574 1.209838
v -0.008706 -0.235791 1.209838
v 0.274691 -0.313090 0.444368
v 0.274691 -0.307551 0.389852
v 0.274691 -0.307551 0.444368
v 0.274691 -0.313090 0.389852
v 0.274691 -0.350433 0.451390
v 0.274691 -0.313090 0.382830
v 0.274691 -0.350433 0.382830
v 0.274691 -0.313090 0.451390
v 0.247090 -0.350433 0.382830
v 0.274691 -0.350433 0.382830
v 0.091451 -0.266326 1.213607
v 0.093684 -0.260187 1.211084
v 0.093684 -0.251906 1.211084
v 0.093297 -0.250845 1.211521
v 0.091451 -0.251576 1.213607
v 0.091415 -0.246543 1.213074
v 0.089458 -0.240343 1.213581
v 0.271729 -0.300638 0.971905
v 0.271729 -0.300538 0.892119
v 0.267773 -0.250559 0.958470
v 0.267773 -0.259074 0.975352
v 0.267773 -0.272579 0.989065
v 0.267773 -0.293231 0.997552
v 0.267773 -0.311871 0.997552
v 0.271729 -0.362803 0.971905
v 0.091451 -0.266326 1.213607
v 0.091451 -0.251576 1.213607
v 0.089458 -0.240343 1.213581
v 0.087571 -0.235193 1.213557
v 0.087571 -0.277172 1.213557
v 0.084161 -0.277172 1.213514
v 0.084161 -0.235193 1.213514
v 0.011531 0.433820 0.206779
v 0.059085 0.433820 0.187082
v 0.078782 0.433820 0.139528
v -0.036023 0.433820 0.187082
v -0.055721 0.433820 0.139528
v -0.036023 0.433820 0.091974
v 0.011531 0.433820 0.072277
v 0.059085 0.433820 0.091974
v -0.036023 0.352332 0.091974
v 0.011531 0.433820 0.072277
v 0.011531 0.352332 0.072277
v -0.036023 0.433820 0.091974
v -0.055721 0.352332 0.139528
v -0.055721 0.433820 0.139528
v -0.036023 0.352332 0.187082
v -0.036023 0.433820 0.187082
v 0.011531 0.352332 0.206779
v 0.011531 0.433820 0.206779
v 0.059085 0.352332 0.187082
v 0.059085 0.433820 0.187082
v 0.078782 0.352332 0.139528
v 0.078782 0.433820 0.139528
v 0.059085 0.352332 0.091974
v 0.059085 0.433820 0.091974
v 0.011531 0.352332 0.072277
v 0.011531 0.433820 0.072277
v -0.055721 0.352332 0.139528
v -0.036023 0.352332 0.091974
v 0.011531 0.352332 0.072277
v -0.036023 0.352332 0.187082
v 0.011531 0.352332 0.206779
v 0.059085 0.352332 0.187082
v 0.078782 0.352332 0.139528
v 0.059085 0.352332 0.091974
v 0.001040 0.325366 0.320728
v 0.022022 0.351517 0.320728
v 0.022022 0.325366 0.320728
v 0.001040 0.351517 0.320728
v -0.013797 0.325366 0.335565
v -0.013797 0.351517 0.335565
v -0.013797 0.325366 0.356547
v -0.013797 0.351517 0.356547
v 0.001040 0.325366 0.371384
v 0.001040 0.351517 0.371384
v 0.022022 0.325366 0.371384
v 0.022022 0.351517 0.371384
v 0.036859 0.325366 0.356547
v 0.036859 0.351517 0.356547
v 0.036859 0.325366 0.335565
v 0.036859 0.351517 0.335565
v 0.022022 0.351517 0.371384
v 0.036859 0.351517 0.356547
v 0.036859 0.351517 0.335565
v 0.001040 0.351517 0.371384
v -0.013797 0.351517 0.356547
v -0.013797 0.351517 0.335565
v 0.001040 0.351517 0.320728
v 0.022022 0.351517 0.320728
v 0.000734 0.427811 0.372121
v 0.022327 0.427811 0.372121
v 0.037596 0.427811 0.356852
v -0.014534 0.427811 0.356852
v -0.014534 0.427811 0.335259
v 0.000734 0.427811 0.319990
v 0.022327 0.427811 0.319991
v 0.037596 0.427811 0.335259
v 0.271729 -0.360494 0.602957
v 0.271729 -0.364380 0.594239
v 0.271729 -0.301995 0.594209
v 0.271729 -0.284891 0.594209
v 0.271729 -0.276471 0.602957
v 0.037596 0.427811 0.335259
v 0.037596 0.408795 0.356852
v 0.037596 0.408795 0.335259
v 0.037596 0.427811 0.356852
v 0.022327 0.408795 0.372121
v 0.022327 0.427811 0.372121
v 0.000734 0.408795 0.372121
v 0.000734 0.427811 0.372121
v -0.014534 0.408795 0.356852
v -0.014534 0.427811 0.356852
v -0.014534 0.408795 0.335259
v -0.014534 0.427811 0.335259
v 0.000734 0.408795 0.319990
v 0.000734 0.427811 0.319990
v 0.022327 0.408795 0.319991
v 0.022327 0.427811 0.319991
v -0.014534 0.408795 0.335259
v 0.000734 0.408795 0.319990
v 0.022327 0.408795 0.319991
v -0.014534 0.408795 0.356852
v 0.000734 0.408795 0.372121
v 0.022327 0.408795 0.372121
v 0.037596 0.408795 0.356852
v 0.037596 0.408795 0.335259
v 0.025395 0.400691 0.379526
v 0.045001 0.400691 0.359920
v 0.045001 0.400691 0.332191
v -0.002333 0.400691 0.379526
v -0.021939 0.400691 0.359920
v -0.021939 0.400691 0.332191
v -0.002333 0.400691 0.312585
v 0.025395 0.400691 0.312585
v 0.206302 -0.428800 -0.633301
v 0.206056 -0.318932 -0.699669
v 0.206056 -0.428800 -0.699669
v 0.206302 -0.318932 -0.633301
v 0.245265 -0.428800 -0.646121
v 0.245265 -0.318932 -0.646121
v 0.245113 -0.428800 -0.687139
v 0.245113 -0.318932 -0.687139
v 0.206056 -0.428800 -0.699669
v 0.206056 -0.318932 -0.699669
v 0.206302 -0.428800 0.674015
v 0.206056 -0.318932 0.607647
v 0.206056 -0.428800 0.607647
v 0.206302 -0.318932 0.674015
v 0.245265 -0.428800 0.661195
v 0.245265 -0.318932 0.661195
v 0.245113 -0.428800 0.620177
v 0.245113 -0.318932 0.620177
v 0.206056 -0.428800 0.607647
v 0.206056 -0.318932 0.607647
v -0.021767 -0.266293 1.105719
v -0.021767 -0.246136 1.096517
v -0.021767 -0.266293 1.096518
v -0.021767 -0.246136 1.105719
v -0.023167 -0.266293 1.111729
v -0.023167 -0.246136 1.111729
v -0.028299 -0.246342 1.118042
v -0.028299 -0.266284 1.118042
v -0.037913 -0.266284 1.122360
v -0.037913 -0.246342 1.122360
v -0.052006 -0.266284 1.125248
v -0.052006 -0.246342 1.125248
v -0.057449 -0.266284 1.136025
v -0.057449 -0.246342 1.136025
v -0.051980 -0.266283 1.151744
v -0.051980 -0.246346 1.151744
v -0.009515 -0.280820 1.194310
v -0.010095 -0.231545 1.199851
v -0.010095 -0.280820 1.199851
v -0.009515 -0.231545 1.194310
v -0.003139 -0.280820 1.186354
v -0.003139 -0.231545 1.186354
v 0.049030 -0.280820 1.172939
v 0.049030 -0.231545 1.172939
v 0.050838 -0.231545 1.173457
v 0.050838 -0.280820 1.173457
v 0.054297 -0.280820 1.174447
v 0.054297 -0.231545 1.174447
v 0.059566 -0.280820 1.175955
v 0.059566 -0.231545 1.175955
v 0.071464 -0.279293 1.187509
v 0.071464 -0.233072 1.187509
v 0.078540 -0.278622 1.199005
v 0.078540 -0.233743 1.199005
v -0.192186 -0.436923 0.404314
v -0.223842 -0.436923 0.430728
v -0.192186 -0.436923 0.430728
v -0.223842 -0.436923 0.404314
v -0.192186 -0.430354 0.378730
v -0.223842 -0.430354 0.378730
v -0.192186 -0.417629 0.355584
v -0.223842 -0.417629 0.355584
v -0.192186 -0.399548 0.336329
v -0.223842 -0.399548 0.336329
v -0.192186 -0.377246 0.322176
v -0.223842 -0.377246 0.322176
v -0.192186 -0.352125 0.314014
v -0.223842 -0.352125 0.314014
v -0.192186 -0.325764 0.312355
v -0.223842 -0.325764 0.312355
v -0.192186 -0.299818 0.317305
v -0.223842 -0.299818 0.317305
v -0.192186 -0.275919 0.328551
v -0.223842 -0.275919 0.328551
v -0.192186 -0.255567 0.345388
v -0.223842 -0.255567 0.345388
v -0.192186 -0.240041 0.366757
v -0.223842 -0.240041 0.366757
v -0.192186 -0.230317 0.391316
v -0.223842 -0.230317 0.391316
v -0.192186 -0.227007 0.417521
v -0.223842 -0.227007 0.417521
v -0.192186 -0.230317 0.443726
v -0.223842 -0.230317 0.443726
v -0.192186 -0.240041 0.468285
v -0.223842 -0.240041 0.468285
v -0.192186 -0.255567 0.489654
v -0.223842 -0.255567 0.489654
v -0.192186 -0.275919 0.506491
v -0.223842 -0.275919 0.506491
v -0.192186 -0.299818 0.517737
v -0.223842 -0.299818 0.517737
v -0.192186 -0.325764 0.522686
v -0.223842 -0.325764 0.522686
v -0.192186 -0.352125 0.521028
v -0.223842 -0.352125 0.521028
v -0.192186 -0.377246 0.512865
v -0.223842 -0.377246 0.512865
v -0.192186 -0.399548 0.498713
v -0.223842 -0.399548 0.498713
v -0.192186 -0.417629 0.479458
v -0.223842 -0.417629 0.479458
v -0.192186 -0.430354 0.456311
v -0.223842 -0.430354 0.456311
v -0.192186 -0.436923 0.430728
v -0.223842 -0.436923 0.430728
v -0.192186 -0.441523 0.460715
v -0.223842 -0.448838 0.432227
v -0.192186 -0.448838 0.432227
v -0.223842 -0.441523 0.460715
v -0.192186 -0.427354 0.486489
v -0.223842 -0.427354 0.486489
v -0.192186 -0.407220 0.507929
v -0.223842 -0.407220 0.507929
v -0.192186 -0.382386 0.523689
v -0.223842 -0.382386 0.523689
v -0.192186 -0.354414 0.532778
v -0.223842 -0.354414 0.532778
v -0.192186 -0.325060 0.534624
v -0.223842 -0.325060 0.534624
v -0.192186 -0.296169 0.529113
v -0.223842 -0.296169 0.529113
v -0.192186 -0.269556 0.516590
v -0.223842 -0.269556 0.516590
v -0.192186 -0.246894 0.497842
v -0.223842 -0.246894 0.497842
v -0.192186 -0.229606 0.474047
v -0.223842 -0.229606 0.474047
v -0.192186 -0.218779 0.446701
v -0.223842 -0.218779 0.446701
v -0.192186 -0.215092 0.417521
v -0.223842 -0.215092 0.417521
v -0.192186 -0.218779 0.388341
v -0.223842 -0.218779 0.388341
v -0.192186 -0.229606 0.360994
v -0.223842 -0.229606 0.360994
v -0.192186 -0.246894 0.337199
v -0.223842 -0.246894 0.337199
v -0.192186 -0.269556 0.318451
v -0.223842 -0.269556 0.318451
v -0.192186 -0.296169 0.305928
v -0.223842 -0.296169 0.305928
v -0.192186 -0.325060 0.300417
v -0.223842 -0.325060 0.300417
v -0.192186 -0.354414 0.302264
v -0.223842 -0.354414 0.302264
v -0.192186 -0.382386 0.311353
v -0.223842 -0.382386 0.311353
v -0.192186 -0.407220 0.327112
v -0.223842 -0.407220 0.327112
v -0.192186 -0.427354 0.348553
v -0.223842 -0.427354 0.348553
v -0.192186 -0.441523 0.374327
v -0.223842 -0.441523 0.374327
v -0.192186 -0.448838 0.402815
v -0.223842 -0.448838 0.402815
v -0.192186 -0.448838 0.432227
v -0.223842 -0.448838 0.432227
v 0.247080 -0.362803 0.377515
v 0.267773 -0.311871 0.350833
v 0.271729 -0.362803 0.377515
v 0.247080 -0.311871 0.350833
v 0.247080 -0.293231 0.350833
v 0.267773 -0.293231 0.350833
v 0.247080 -0.272579 0.359321
v 0.267773 -0.272579 0.359321
v 0.247080 -0.259074 0.373033
v 0.267773 -0.259074 0.373033
v 0.247080 -0.250559 0.389916
v 0.267773 -0.250559 0.389916
v 0.255744 -0.287725 0.563884
v 0.267773 -0.303756 0.567633
v 0.255744 -0.303756 0.567633
v 0.267773 -0.287725 0.563884
v 0.255744 -0.280262 0.556420
v 0.267773 -0.280262 0.556420
v 0.255744 -0.277818 0.547413
v 0.267773 -0.277818 0.547413
v 0.255744 -0.277895 0.530549
v 0.267773 -0.277895 0.530549
v 0.255744 -0.284081 0.519486
v 0.267773 -0.284081 0.519486
v 0.255744 -0.294206 0.513241
v 0.267773 -0.294206 0.513241
v 0.255744 -0.319313 0.511879
v 0.267773 -0.319313 0.511879
v 0.255744 -0.338284 0.522742
v 0.267773 -0.338284 0.522742
v 0.255744 -0.345958 0.535695
v 0.267773 -0.345958 0.535695
v 0.247080 -0.305789 0.381032
v 0.267773 -0.305707 0.454252
v 0.247080 -0.305477 0.454252
v 0.267773 -0.305789 0.381032
v 0.247080 -0.362803 0.381013
v 0.267773 -0.362803 0.381013
v -0.179315 -0.210852 0.386297
v -0.179315 -0.206907 0.417521
v -0.179315 -0.210852 0.448744
v -0.179315 -0.222438 0.357035
v -0.179315 -0.240936 0.331574
v -0.179315 -0.265185 0.311513
v -0.179315 -0.293662 0.298113
v -0.179315 -0.324576 0.292216
v -0.179315 -0.355987 0.294192
v -0.179315 -0.385918 0.303917
v -0.179315 -0.412490 0.320781
v -0.179315 -0.434034 0.343723
v -0.179315 -0.449196 0.371302
v -0.179315 -0.457023 0.401785
v -0.179315 -0.457023 0.433256
v -0.179315 -0.449196 0.463740
v -0.179315 -0.434034 0.491319
v -0.179315 -0.412490 0.514260
v -0.179315 -0.385918 0.531124
v -0.179315 -0.355987 0.540849
v -0.179315 -0.324576 0.542825
v -0.179315 -0.293662 0.536928
v -0.179315 -0.265185 0.523528
v -0.179315 -0.240936 0.503467
v -0.179315 -0.222438 0.478006
v 0.271729 -0.302023 0.579884
v 0.255744 -0.284921 0.579884
v 0.255744 -0.302023 0.579884
v 0.271729 -0.284921 0.579884
v 0.255744 -0.284891 0.594209
v 0.271729 -0.284891 0.594209
v 0.255744 -0.301995 0.594209
v 0.271729 -0.301995 0.594209
v 0.247080 -0.367389 0.598398
v 0.267773 -0.363281 0.606913
v 0.247080 -0.363281 0.606913
v 0.267774 -0.367389 0.598398
v 0.255744 -0.302023 0.579884
v 0.271729 -0.302023 0.579884
v 0.267773 -0.430160 0.582835
v 0.247080 -0.356765 0.504148
v 0.267773 -0.356765 0.504148
v 0.247080 -0.430160 0.582835
v 0.267773 -0.430160 0.765551
v 0.247080 -0.430160 0.765551
v 0.247080 -0.396301 0.600910
v 0.267773 -0.396301 0.600910
v 0.247080 -0.404946 0.622555
v 0.267773 -0.404946 0.622555
v 0.255744 -0.303756 0.567633
v 0.267773 -0.303756 0.567633
v 0.267773 -0.356765 0.504148
v 0.267773 -0.354162 0.501545
v 0.271729 -0.353676 0.506701
v 0.271729 -0.340580 0.494207
v 0.267773 -0.342452 0.489704
v 0.271729 -0.335862 0.478147
v 0.267773 -0.337663 0.472181
v 0.271729 -0.329511 0.466046
v 0.267773 -0.330501 0.461670
v 0.271729 -0.318360 0.458672
v 0.267773 -0.318764 0.454252
v 0.267773 -0.305707 0.454252
v 0.271729 -0.302055 0.456267
v 0.267773 -0.430160 0.765551
v 0.271729 -0.353676 0.841684
v 0.267773 -0.356842 0.844164
v 0.271729 -0.427128 0.761770
v 0.267773 -0.430160 0.582835
v 0.271729 -0.427128 0.586615
v 0.267774 -0.367389 0.598398
v 0.267773 -0.363281 0.606913
v 0.271729 -0.364380 0.754146
v 0.271729 -0.398018 0.751107
v 0.267773 -0.367389 0.749970
v 0.267773 -0.396301 0.747475
v 0.271729 -0.408849 0.726570
v 0.267773 -0.404946 0.725831
v 0.267773 -0.405077 0.685556
v 0.267773 -0.405077 0.662829
v 0.271729 -0.408849 0.621815
v 0.267773 -0.404946 0.622555
v 0.267773 -0.396301 0.600910
v 0.271729 -0.398018 0.597278
v 0.267773 -0.354155 0.479634
v 0.267773 -0.364387 0.472796
v 0.267773 -0.379726 0.454252
v 0.267773 -0.379741 0.472796
v 0.264947 -0.379743 0.475383
v 0.264947 -0.365703 0.475383
v 0.247080 -0.379743 0.475383
v 0.247080 -0.365703 0.475383
v 0.264947 -0.356798 0.480828
v 0.247080 -0.356798 0.480828
v 0.267773 -0.318764 0.454252
v 0.267773 -0.379726 0.454252
v 0.247080 -0.379726 0.454252
v -0.192186 -0.293662 0.536928
v -0.192186 -0.265185 0.523528
v -0.192186 -0.240936 0.503467
v -0.192186 -0.324576 0.542825
v -0.192186 -0.355987 0.540849
v -0.192186 -0.385918 0.531124
v -0.192186 -0.412490 0.514260
v -0.192186 -0.434034 0.491319
v -0.192186 -0.449196 0.463740
v -0.192186 -0.457023 0.433256
v -0.192186 -0.457023 0.401785
v -0.192186 -0.449196 0.371302
v -0.192186 -0.434034 0.343723
v -0.192186 -0.412490 0.320781
v -0.192186 -0.385918 0.303917
v -0.192186 -0.355987 0.294192
v -0.192186 -0.324576 0.292216
v -0.192186 -0.293662 0.298113
v -0.192186 -0.265185 0.311513
v -0.192186 -0.240936 0.331574
v -0.192186 -0.222438 0.357035
v -0.192186 -0.210852 0.386297
v -0.192186 -0.206907 0.417521
v -0.192186 -0.210852 0.448744
v -0.192186 -0.222438 0.478006
v -0.179315 -0.457023 0.433256
v -0.192186 -0.457023 0.401785
v -0.179315 -0.457023 0.401785
v -0.192186 -0.457023 0.433256
v -0.179315 -0.449196 0.463740
v -0.192186 -0.449196 0.463740
v -0.179315 -0.434034 0.491319
v -0.192186 -0.434034 0.491319
v -0.179315 -0.412490 0.514260
v -0.192186 -0.412490 0.514260
v -0.179315 -0.385918 0.531124
v -0.192186 -0.385918 0.531124
v -0.179315 -0.355987 0.540849
v -0.192186 -0.355987 0.540849
v -0.179315 -0.324576 0.542825
v -0.192186 -0.324576 0.542825
v -0.179315 -0.293662 0.536928
v -0.192186 -0.293662 0.536928
v -0.179315 -0.265185 0.523528
v -0.192186 -0.265185 0.523528
v -0.179315 -0.240936 0.503467
v -0.192186 -0.240936 0.503467
v -0.179315 -0.222438 0.478006
v -0.192186 -0.222438 0.478006
v -0.179315 -0.210852 0.448744
v -0.192186 -0.210852 0.448744
v -0.179315 -0.206907 0.417521
v -0.192186 -0.206907 0.417521
v -0.179315 -0.210852 0.386297
v -0.192186 -0.210852 0.386297
v -0.179315 -0.222438 0.357035
v -0.192186 -0.222438 0.357035
v -0.179315 -0.240936 0.331574
v -0.192186 -0.240936 0.331574
v -0.179315 -0.265185 0.311513
v -0.192186 -0.265185 0.311513
v -0.179315 -0.293662 0.298113
v -0.192186 -0.293662 0.298113
v -0.179315 -0.324576 0.292216
v -0.192186 -0.324576 0.292216
v -0.179315 -0.355987 0.294192
v -0.192186 -0.355987 0.294192
v -0.179315 -0.385918 0.303917
v -0.192186 -0.385918 0.303917
v -0.179315 -0.412490 0.320781
v -0.192186 -0.412490 0.320781
v -0.179315 -0.434034 0.343723
v -0.192186 -0.434034 0.343723
v -0.179315 -0.449196 0.371302
v -0.192186 -0.449196 0.371302
v -0.179315 -0.457023 0.401785
v -0.192186 -0.457023 0.401785
v 0.264947 -0.365703 0.475383
v 0.264947 -0.379743 0.475383
v 0.264947 -0.356798 0.480828
v -0.179315 -0.293662 0.811089
v -0.179315 -0.265185 0.824489
v -0.179315 -0.240936 0.844550
v -0.179315 -0.324576 0.805192
v -0.179315 -0.355987 0.807168
v -0.179315 -0.385918 0.816893
v -0.179315 -0.412490 0.833757
v -0.179315 -0.434034 0.856699
v -0.179315 -0.449196 0.884278
v -0.179315 -0.457023 0.914761
v -0.179315 -0.457023 0.946233
v -0.179315 -0.449196 0.976716
v -0.179315 -0.434034 1.004295
v -0.179315 -0.412490 1.027237
v -0.179315 -0.385918 1.044100
v -0.179315 -0.355987 1.053825
v -0.179315 -0.324576 1.055801
v -0.179315 -0.293662 1.049904
v -0.179315 -0.265185 1.036504
v -0.179315 -0.240936 1.016443
v -0.179315 -0.222438 0.990982
v -0.179315 -0.210852 0.961720
v -0.179315 -0.206907 0.930497
v -0.179315 -0.210852 0.899273
v -0.179315 -0.222438 0.870011
v 0.267773 -0.379741 0.472796
v 0.267773 -0.279954 0.606913
v 0.247080 -0.279954 0.606913
v 0.267773 -0.279954 0.606913
v -0.192186 -0.210852 0.961720
v -0.192186 -0.206907 0.930497
v -0.192186 -0.210852 0.899273
v -0.192186 -0.222438 0.990982
v -0.192186 -0.240936 1.016443
v -0.192186 -0.265185 1.036504
v -0.192186 -0.293662 1.049904
v -0.192186 -0.324576 1.055801
v -0.192186 -0.355987 1.053825
v -0.192186 -0.385918 1.044100
v -0.192186 -0.412490 1.027237
v -0.192186 -0.434034 1.004295
v -0.192186 -0.449196 0.976716
v -0.192186 -0.457023 0.946233
v -0.192186 -0.457023 0.914761
v -0.192186 -0.449196 0.884278
v -0.192186 -0.434034 0.856699
v -0.192186 -0.412490 0.833757
v -0.192186 -0.385918 0.816893
v -0.192186 -0.355987 0.807168
v -0.192186 -0.324576 0.805192
v -0.192186 -0.293662 0.811089
v -0.192186 -0.265185 0.824489
v -0.192186 -0.240936 0.844550
v -0.192186 -0.222438 0.870011
v -0.261123 -0.327696 0.444374
v -0.261123 -0.317880 0.432065
v -0.261123 -0.314640 0.416923
v -0.261123 -0.341881 0.451205
v -0.261123 -0.357625 0.451205
v -0.261123 -0.371809 0.444374
v -0.261123 -0.381626 0.432065
v -0.261123 -0.385129 0.416716
v -0.261123 -0.381626 0.401366
v -0.261123 -0.371809 0.389057
v -0.261123 -0.357625 0.382226
v -0.261123 -0.341881 0.382226
v -0.261123 -0.317880 0.401366
v -0.261123 -0.327696 0.389057
v 0.284460 -0.371809 0.389057
v 0.284460 -0.357625 0.382226
v 0.284460 -0.341881 0.382226
v 0.284460 -0.381626 0.401366
v 0.284460 -0.385129 0.416716
v 0.284460 -0.381626 0.432065
v 0.284460 -0.371809 0.444374
v 0.284460 -0.357625 0.451205
v 0.284460 -0.341881 0.451205
v 0.284460 -0.327696 0.444374
v 0.284460 -0.317880 0.432065
v 0.284460 -0.314376 0.416716
v 0.284460 -0.317880 0.401366
v 0.284460 -0.327696 0.389057
v 0.257974 -0.395591 0.623170
v 0.267773 -0.404946 0.622555
v -0.217314 0.190397 0.876071
v -0.233497 0.140425 0.876071
v -0.210531 0.187367 0.920670
v -0.226234 0.138876 0.920670
v -0.190645 0.178483 0.962568
v -0.204942 0.134335 0.962568
v -0.159011 0.164352 0.998593
v -0.171071 0.127112 0.998593
v -0.117785 0.145936 1.026580
v -0.126930 0.117698 1.026580
v -0.069776 0.124490 1.043700
v -0.075526 0.106736 1.043700
v -0.018256 0.101476 1.049817
v -0.020362 0.094971 1.049817
v 0.007785 0.088968 1.049817
v 0.008101 0.089701 1.049817
v -0.217314 0.190397 -0.891652
v -0.210531 0.187367 -0.936251
v -0.233497 0.140425 -0.891652
v -0.226235 0.138876 -0.936251
v -0.190645 0.178483 -0.978149
v -0.204942 0.134335 -0.978149
v -0.159011 0.164352 -1.014174
v -0.171071 0.127112 -1.014173
v -0.117785 0.145936 -1.042160
v -0.126930 0.117698 -1.042160
v -0.069776 0.124490 -1.059281
v -0.075526 0.106736 -1.059281
v -0.018256 0.101476 -1.065398
v -0.020362 0.094971 -1.065398
v 0.007785 0.088968 -1.065398
v 0.008101 0.089701 -1.065398
v 0.247080 -0.404946 0.622555
v 0.247080 -0.405077 0.662829
v 0.247080 -0.404946 0.622555
v 0.247080 -0.405077 0.662829
v 0.247080 -0.405077 0.685556
v 0.267773 -0.305160 0.967238
v 0.247080 -0.362803 0.967183
v 0.247080 -0.305160 0.967238
v 0.267773 -0.362803 0.967183
v 0.247080 -0.362803 0.971905
v 0.271729 -0.362803 0.971905
v 0.255744 -0.302023 0.768501
v 0.271729 -0.301995 0.754176
v 0.255744 -0.301995 0.754176
v 0.271729 -0.302023 0.768501
v 0.255744 -0.284921 0.768511
v 0.271729 -0.284921 0.768511
v 0.255744 -0.284891 0.754176
v 0.271729 -0.284891 0.754176
v 0.255744 -0.301995 0.754176
v 0.271729 -0.301995 0.754176
v 0.267773 -0.363281 0.741472
v 0.247080 -0.367389 0.749970
v 0.247080 -0.363281 0.741472
v 0.267773 -0.367389 0.749970
v 0.247080 -0.356842 0.844164
v 0.267773 -0.430160 0.765551
v 0.267773 -0.356842 0.844164
v 0.247080 -0.430160 0.765551
v 0.267773 -0.305326 0.894133
v 0.247080 -0.305326 0.894133
v 0.267773 -0.345958 0.812690
v 0.255744 -0.303756 0.780752
v 0.255744 -0.345958 0.812690
v 0.267773 -0.303756 0.780752
v -0.002333 0.400691 0.312585
v 0.025395 0.400691 0.312585
v -0.002333 0.382713 0.312585
v -0.021939 0.382713 0.332191
v -0.021939 0.400691 0.332191
v -0.021939 0.382713 0.359920
v -0.021939 0.400691 0.359920
v -0.002333 0.382713 0.379526
v -0.002333 0.400691 0.379526
v 0.025395 0.382713 0.379526
v 0.025395 0.400691 0.379526
v 0.045001 0.382713 0.359920
v 0.045001 0.400691 0.359920
v 0.045001 0.382713 0.332191
v 0.045001 0.400691 0.332191
v 0.025395 0.382713 0.312585
v -0.192186 -0.436923 -0.969548
v -0.223842 -0.436923 -0.943135
v -0.192186 -0.436923 -0.943135
v -0.223842 -0.436923 -0.969548
v -0.192186 -0.430354 -0.995132
v -0.223842 -0.430354 -0.995132
v -0.192186 -0.417629 -1.018278
v -0.223842 -0.417629 -1.018278
v -0.192186 -0.399548 -1.037533
v -0.223842 -0.399548 -1.037533
v -0.192186 -0.377246 -1.051686
v -0.223842 -0.377246 -1.051686
v -0.192186 -0.352125 -1.059848
v -0.223842 -0.352125 -1.059848
v -0.192186 -0.325764 -1.061507
v -0.223842 -0.325764 -1.061507
v -0.192186 -0.299818 -1.056558
v -0.223842 -0.299818 -1.056558
v -0.192186 -0.275919 -1.045311
v -0.223842 -0.275919 -1.045311
v -0.192186 -0.255567 -1.028474
v -0.223842 -0.255567 -1.028474
v -0.192186 -0.240041 -1.007106
v -0.223842 -0.240041 -1.007106
v -0.192186 -0.230317 -0.982547
v -0.223842 -0.230317 -0.982547
v -0.192186 -0.227007 -0.956341
v -0.223842 -0.227007 -0.956341
v -0.192186 -0.230317 -0.930136
v -0.223842 -0.230317 -0.930136
v -0.192186 -0.240041 -0.905577
v -0.223842 -0.240041 -0.905577
v -0.192186 -0.255567 -0.884208
v -0.223842 -0.255567 -0.884208
v -0.192186 -0.275919 -0.867371
v -0.223842 -0.275919 -0.867371
v -0.192186 -0.299818 -0.856125
v -0.223842 -0.299818 -0.856125
v -0.192186 -0.325764 -0.851175
v -0.223842 -0.325764 -0.851175
v -0.192186 -0.352125 -0.852834
v -0.223842 -0.352125 -0.852834
v -0.192186 -0.377246 -0.860996
v -0.223842 -0.377246 -0.860996
v -0.192186 -0.399548 -0.875149
v -0.223842 -0.399548 -0.875149
v -0.192186 -0.417629 -0.894404
v -0.223842 -0.417629 -0.894404
v -0.192186 -0.430354 -0.917551
v -0.223842 -0.430354 -0.917551
v -0.192186 -0.436923 -0.943135
v -0.223842 -0.436923 -0.943135
v -0.192186 -0.441523 -0.913147
v -0.223842 -0.448838 -0.941635
v -0.192186 -0.448838 -0.941635
v -0.223842 -0.441523 -0.913147
v -0.192186 -0.427354 -0.887373
v -0.223842 -0.427354 -0.887373
v -0.192186 -0.407220 -0.865933
v -0.223842 -0.407220 -0.865933
v -0.192186 -0.382386 -0.850173
v -0.223842 -0.382386 -0.850173
v -0.192186 -0.354414 -0.841084
v -0.223842 -0.354414 -0.841084
v -0.192186 -0.325060 -0.839237
v -0.223842 -0.325060 -0.839237
v -0.192186 -0.296169 -0.844749
v -0.223842 -0.296169 -0.844749
v -0.192186 -0.269556 -0.857272
v -0.223842 -0.269556 -0.857272
v -0.192186 -0.246894 -0.876020
v -0.223842 -0.246894 -0.876020
v -0.192186 -0.229606 -0.899815
v -0.223842 -0.229606 -0.899815
v -0.192186 -0.218778 -0.927161
v -0.223842 -0.218778 -0.927161
v -0.192186 -0.215092 -0.956341
v -0.223842 -0.215092 -0.956341
v -0.192186 -0.218778 -0.985521
v -0.223842 -0.218778 -0.985521
v -0.192186 -0.229606 -1.012868
v -0.223842 -0.229606 -1.012868
v -0.192186 -0.246894 -1.036663
v -0.223842 -0.246894 -1.036663
v -0.192186 -0.269556 -1.055411
v -0.223842 -0.269556 -1.055411
v -0.192186 -0.296169 -1.067934
v -0.223842 -0.296169 -1.067934
v -0.192186 -0.325060 -1.073445
v -0.223842 -0.325060 -1.073445
v -0.192186 -0.354414 -1.071598
v -0.223842 -0.354414 -1.071598
v -0.192186 -0.382386 -1.062509
v -0.223842 -0.382386 -1.062509
v -0.192186 -0.407220 -1.046750
v -0.223842 -0.407220 -1.046750
v -0.192186 -0.427354 -1.025309
v -0.223842 -0.427354 -1.025309
v -0.192186 -0.441523 -0.999535
v -0.223842 -0.441523 -0.999535
v -0.192186 -0.448838 -0.971047
v -0.223842 -0.448838 -0.971047
v -0.192186 -0.448838 -0.941635
v -0.223842 -0.448838 -0.941635
v 0.271729 -0.350574 0.812592
v 0.267773 -0.345958 0.812690
v 0.271729 -0.341327 0.828211
v 0.267773 -0.338284 0.825643
v 0.271729 -0.320194 0.840399
v 0.267773 -0.319313 0.836506
v 0.271729 -0.294187 0.839223
v 0.267773 -0.294206 0.835145
v 0.271729 -0.281190 0.831858
v 0.267773 -0.284081 0.828899
v 0.271729 -0.273935 0.818838
v 0.267773 -0.277895 0.817836
v 0.271729 -0.273865 0.800168
v 0.267773 -0.277818 0.800972
v 0.267773 -0.280262 0.791965
v 0.271729 -0.276918 0.789709
v 0.267773 -0.287725 0.784501
v 0.271729 -0.286102 0.780343
v 0.271729 -0.303096 0.776081
v 0.267773 -0.303756 0.780752
v -0.179315 -0.210852 -0.987565
v -0.179315 -0.206907 -0.956342
v -0.179315 -0.210852 -0.925118
v -0.179315 -0.222438 -1.016827
v -0.179315 -0.240936 -1.042288
v -0.179315 -0.265185 -1.062349
v -0.179315 -0.293662 -1.075749
v -0.179315 -0.324576 -1.081646
v -0.179315 -0.355986 -1.079670
v -0.179315 -0.385917 -1.069945
v -0.179315 -0.412490 -1.053081
v -0.179315 -0.434034 -1.030140
v -0.179315 -0.449196 -1.002561
v -0.179315 -0.457023 -0.972077
v -0.179315 -0.457023 -0.940605
v -0.179315 -0.449196 -0.910123
v -0.179315 -0.434034 -0.882544
v -0.179315 -0.412490 -0.859602
v -0.179315 -0.385917 -0.842738
v -0.179315 -0.355986 -0.833013
v -0.179315 -0.324576 -0.831036
v -0.179315 -0.293662 -0.836934
v -0.179315 -0.265185 -0.850334
v -0.179315 -0.240936 -0.870395
v -0.179315 -0.222438 -0.895856
v 0.267773 -0.354161 0.846841
v 0.271729 -0.340581 0.854178
v 0.267773 -0.342452 0.858682
v 0.271729 -0.335862 0.870238
v 0.267773 -0.337663 0.876204
v 0.271729 -0.329511 0.882340
v 0.267773 -0.330501 0.886716
v 0.271729 -0.318360 0.889713
v 0.267773 -0.318764 0.894134
v 0.267773 -0.305326 0.894133
v 0.267773 -0.305160 0.967238
v 0.267773 -0.362803 0.967183
v 0.271729 -0.360494 0.745428
v 0.267773 -0.363281 0.741472
v -0.192186 -0.293662 -0.836934
v -0.192186 -0.265185 -0.850334
v -0.192186 -0.240936 -0.870395
v -0.192186 -0.324576 -0.831036
v -0.192186 -0.355986 -0.833013
v -0.192186 -0.385917 -0.842738
v -0.192186 -0.412490 -0.859602
v -0.192186 -0.434034 -0.882544
v -0.192186 -0.449196 -0.910123
v -0.192186 -0.457023 -0.940605
v -0.192186 -0.457023 -0.972077
v -0.192186 -0.449196 -1.002561
v -0.192186 -0.434034 -1.030140
v -0.192186 -0.412490 -1.053081
v -0.192186 -0.385917 -1.069945
v -0.192186 -0.355986 -1.079670
v -0.192186 -0.324576 -1.081646
v -0.192186 -0.293662 -1.075749
v -0.192186 -0.265185 -1.062349
v -0.192186 -0.240936 -1.042288
v -0.192186 -0.222438 -1.016827
v -0.192186 -0.210852 -0.987565
v -0.192186 -0.206907 -0.956342
v -0.192186 -0.210852 -0.925118
v -0.192186 -0.222438 -0.895856
v 0.264948 -0.379743 0.873002
v 0.247080 -0.379726 0.894133
v 0.247080 -0.379743 0.873002
v 0.267773 -0.379741 0.875590
v 0.267773 -0.379726 0.894133
v 0.267773 -0.279954 0.741472
v 0.271729 -0.276471 0.745429
v 0.247080 -0.279954 0.741472
v 0.267773 -0.279954 0.741472
v 0.202673 -0.293662 0.536928
v 0.202673 -0.265185 0.523528
v 0.202673 -0.240936 0.503467
v 0.202673 -0.324576 0.542825
v 0.202673 -0.355986 0.540849
v 0.202673 -0.385918 0.531124
v 0.202673 -0.412490 0.514260
v 0.202673 -0.434034 0.491319
v 0.202673 -0.449196 0.463740
v 0.202673 -0.457023 0.433256
v 0.202673 -0.457023 0.401785
v 0.202673 -0.449196 0.371302
v 0.202673 -0.434034 0.343723
v 0.202673 -0.412490 0.320781
v 0.202673 -0.385918 0.303917
v 0.202673 -0.355986 0.294192
v 0.202673 -0.324576 0.292216
v 0.202673 -0.293662 0.298113
v 0.202673 -0.265185 0.311513
v 0.202673 -0.240936 0.331574
v 0.202673 -0.222438 0.357035
v 0.202673 -0.210852 0.386297
v 0.202673 -0.206907 0.417521
v 0.202673 -0.210852 0.448744
v 0.202673 -0.222438 0.478006
v 0.257974 -0.395591 0.725215
v 0.267773 -0.404946 0.725831
v 0.215543 -0.210852 0.386297
v 0.215543 -0.206907 0.417521
v 0.215543 -0.210852 0.448744
v 0.215543 -0.222438 0.357035
v 0.215543 -0.240936 0.331574
v 0.215543 -0.265185 0.311513
v 0.215543 -0.293662 0.298113
v 0.215543 -0.324576 0.292216
v 0.215543 -0.355986 0.294192
v 0.215543 -0.385918 0.303917
v 0.215543 -0.412490 0.320781
v 0.215543 -0.434034 0.343723
v 0.215543 -0.449196 0.371302
v 0.215543 -0.457023 0.401785
v 0.215543 -0.457023 0.433256
v 0.215543 -0.449196 0.463740
v 0.215543 -0.434034 0.491319
v 0.215543 -0.412490 0.514260
v 0.215543 -0.385918 0.531124
v 0.215543 -0.355986 0.540849
v 0.215543 -0.324576 0.542825
v 0.215543 -0.293662 0.536928
v 0.215543 -0.265185 0.523528
v 0.215543 -0.240936 0.503467
v 0.215543 -0.222438 0.478006
v -0.179315 -0.457023 -0.940605
v -0.192186 -0.457023 -0.972077
v -0.179315 -0.457023 -0.972077
v -0.192186 -0.457023 -0.940605
v -0.179315 -0.449196 -0.910123
v -0.192186 -0.449196 -0.910123
v -0.179315 -0.434034 -0.882544
v -0.192186 -0.434034 -0.882544
v -0.179315 -0.412490 -0.859602
v -0.192186 -0.412490 -0.859602
v -0.179315 -0.385917 -0.842738
v -0.192186 -0.385917 -0.842738
v -0.179315 -0.355986 -0.833013
v -0.192186 -0.355986 -0.833013
v -0.179315 -0.324576 -0.831036
v -0.192186 -0.324576 -0.831036
v -0.179315 -0.293662 -0.836934
v -0.192186 -0.293662 -0.836934
v -0.179315 -0.265185 -0.850334
v -0.192186 -0.265185 -0.850334
v -0.179315 -0.240936 -0.870395
v -0.192186 -0.240936 -0.870395
v -0.179315 -0.222438 -0.895856
v -0.192186 -0.222438 -0.895856
v -0.179315 -0.210852 -0.925118
v -0.192186 -0.210852 -0.925118
v -0.179315 -0.206907 -0.956342
v -0.192186 -0.206907 -0.956342
v -0.179315 -0.210852 -0.987565
v -0.192186 -0.210852 -0.987565
v -0.179315 -0.222438 -1.016827
v -0.192186 -0.222438 -1.016827
v -0.179315 -0.240936 -1.042288
v -0.192186 -0.240936 -1.042288
v -0.179315 -0.265185 -1.062349
v -0.192186 -0.265185 -1.062349
v -0.179315 -0.293662 -1.075749
v -0.192186 -0.293662 -1.075749
v -0.179315 -0.324576 -1.081646
v -0.192186 -0.324576 -1.081646
v -0.179315 -0.355986 -1.079670
v -0.192186 -0.355986 -1.079670
v -0.179315 -0.385917 -1.069945
v -0.192186 -0.385917 -1.069945
v -0.179315 -0.412490 -1.053081
v -0.192186 -0.412490 -1.053081
v -0.179315 -0.434034 -1.030140
v -0.192186 -0.434034 -1.030140
v -0.179315 -0.449196 -1.002561
v -0.192186 -0.449196 -1.002561
v -0.179315 -0.457023 -0.972077
v -0.192186 -0.457023 -0.972077
v 0.215543 -0.436923 0.943703
v 0.247200 -0.436923 0.917290
v 0.215543 -0.436923 0.917290
v 0.247200 -0.436923 0.943703
v 0.215543 -0.430354 0.969287
v 0.247200 -0.430354 0.969287
v 0.215543 -0.417629 0.992433
v 0.247200 -0.417629 0.992433
v 0.215543 -0.399548 1.011688
v 0.247200 -0.399548 1.011688
v 0.215543 -0.377246 1.025841
v 0.247200 -0.377246 1.025841
v 0.215543 -0.352125 1.034003
v 0.247200 -0.352125 1.034003
v 0.215543 -0.325764 1.035662
v 0.247200 -0.325764 1.035662
v 0.215543 -0.299818 1.030713
v 0.247200 -0.299818 1.030713
v 0.215543 -0.275919 1.019466
v 0.247200 -0.275919 1.019466
v 0.215543 -0.255566 1.002629
v 0.247200 -0.255566 1.002629
v 0.215543 -0.240041 0.981261
v 0.247200 -0.240041 0.981261
v 0.215543 -0.230317 0.956702
v 0.247200 -0.230317 0.956702
v 0.215543 -0.227007 0.930496
v 0.247200 -0.227007 0.930496
v 0.215543 -0.230317 0.904291
v 0.247200 -0.230317 0.904291
v 0.215543 -0.240041 0.879732
v 0.247200 -0.240041 0.879732
v 0.215543 -0.255566 0.858363
v 0.247200 -0.255566 0.858363
v 0.215543 -0.275919 0.841526
v 0.247200 -0.275919 0.841526
v 0.215543 -0.299818 0.830280
v 0.247200 -0.299818 0.830280
v 0.215543 -0.325764 0.825331
v 0.247200 -0.325764 0.825331
v 0.215543 -0.352125 0.826989
v 0.247200 -0.352125 0.826989
v 0.215543 -0.377246 0.835151
v 0.247200 -0.377246 0.835151
v 0.215543 -0.399548 0.849304
v 0.247200 -0.399548 0.849304
v 0.215543 -0.417629 0.868559
v 0.247200 -0.417629 0.868559
v 0.215543 -0.430354 0.891706
v 0.247200 -0.430354 0.891706
v 0.215543 -0.436923 0.917290
v 0.247200 -0.436923 0.917290
v -0.223842 -0.275919 1.019466
v -0.192186 -0.275919 1.019466
v -0.223842 -0.299818 1.030713
v -0.192186 -0.299818 1.030713
v -0.223842 -0.325764 1.035662
v -0.192186 -0.325764 1.035662
v -0.223842 -0.352125 1.034003
v -0.192186 -0.352125 1.034003
v -0.223842 -0.377246 1.025841
v -0.192186 -0.377246 1.025841
v -0.223842 -0.399548 1.011688
v -0.192186 -0.399548 1.011688
v -0.223842 -0.417629 0.992433
v -0.192186 -0.417629 0.992433
v -0.223842 -0.430354 0.969287
v -0.192186 -0.430354 0.969287
v -0.223842 -0.436923 0.943703
v -0.192186 -0.436923 0.943703
v -0.223842 -0.436923 0.917290
v -0.192186 -0.436923 0.917290
v -0.223842 -0.299818 0.830280
v -0.192186 -0.299818 0.830280
v -0.223842 -0.275919 0.841526
v -0.192186 -0.275919 0.841526
v -0.223842 -0.255567 0.858363
v -0.192186 -0.255567 0.858363
v -0.223842 -0.240041 0.879732
v -0.192186 -0.240041 0.879732
v -0.223842 -0.230317 0.904291
v -0.192186 -0.230317 0.904291
v -0.223842 -0.227007 0.930496
v -0.192186 -0.227007 0.930496
v -0.223842 -0.230317 0.956702
v -0.192186 -0.230317 0.956702
v -0.223842 -0.240041 0.981261
v -0.192186 -0.240041 0.981261
v -0.223842 -0.255567 1.002629
v -0.192186 -0.255567 1.002629
v -0.223842 -0.436923 0.917290
v -0.192186 -0.436923 0.917290
v -0.223842 -0.430354 0.891706
v -0.192186 -0.430354 0.891706
v -0.223842 -0.417629 0.868559
v -0.192186 -0.417629 0.868559
v -0.223842 -0.399548 0.849304
v -0.192186 -0.399548 0.849304
v -0.223842 -0.377246 0.835151
v -0.192186 -0.377246 0.835151
v -0.223842 -0.352125 0.826989
v -0.192186 -0.352125 0.826989
v -0.223842 -0.325764 0.825331
v -0.192186 -0.325764 0.825331
v 0.215543 -0.265185 0.523528
v 0.202673 -0.265185 0.523528
v 0.215543 -0.293662 0.536928
v 0.202673 -0.293662 0.536928
v 0.215543 -0.324576 0.542825
v 0.202673 -0.324576 0.542825
v 0.215543 -0.355986 0.540849
v 0.202673 -0.355986 0.540849
v 0.215543 -0.385918 0.531124
v 0.202673 -0.385918 0.531124
v 0.215543 -0.412490 0.514260
v 0.202673 -0.412490 0.514260
v 0.215543 -0.434034 0.491319
v 0.202673 -0.434034 0.491319
v 0.215543 -0.449196 0.463740
v 0.202673 -0.449196 0.463740
v 0.215543 -0.457023 0.433256
v 0.202673 -0.457023 0.433256
v 0.215543 -0.457023 0.401785
v 0.202673 -0.457023 0.401785
v 0.215543 -0.293662 0.298113
v 0.202673 -0.293662 0.298113
v 0.215543 -0.265185 0.311513
v 0.202673 -0.265185 0.311513
v 0.215543 -0.240936 0.331574
v 0.202673 -0.240936 0.331574
v 0.215543 -0.222438 0.357035
v 0.202673 -0.222438 0.357035
v 0.215543 -0.210852 0.386297
v 0.202673 -0.210852 0.386297
v 0.215543 -0.206907 0.417521
v 0.202673 -0.206907 0.417521
v 0.215543 -0.210852 0.448744
v 0.202673 -0.210852 0.448744
v 0.215543 -0.222438 0.478006
v 0.202673 -0.222438 0.478006
v 0.215543 -0.240936 0.503467
v 0.202673 -0.240936 0.503467
v 0.215543 -0.457023 0.401785
v 0.202673 -0.457023 0.401785
v 0.215543 -0.449196 0.371302
v 0.202673 -0.449196 0.371302
v 0.215543 -0.434034 0.343723
v 0.202673 -0.434034 0.343723
v 0.215543 -0.412490 0.320781
v 0.202673 -0.412490 0.320781
v 0.215543 -0.385918 0.303917
v 0.202673 -0.385918 0.303917
v 0.215543 -0.355986 0.294192
v 0.202673 -0.355986 0.294192
v 0.215543 -0.324576 0.292216
v 0.202673 -0.324576 0.292216
v -0.223842 -0.275919 -0.354396
v -0.192186 -0.275919 -0.354396
v -0.223842 -0.299818 -0.343149
v -0.192186 -0.299818 -0.343149
v -0.223842 -0.325764 -0.338200
v -0.192186 -0.325764 -0.338200
v -0.223842 -0.352125 -0.339859
v -0.192186 -0.352125 -0.339859
v -0.223842 -0.377246 -0.348021
v -0.192186 -0.377246 -0.348021
v -0.223842 -0.399548 -0.362174
v -0.192186 -0.399548 -0.362174
v -0.223842 -0.417629 -0.381429
v -0.192186 -0.417629 -0.381429
v -0.223842 -0.430354 -0.404575
v -0.192186 -0.430354 -0.404575
v -0.223842 -0.436923 -0.430159
v -0.192186 -0.436923 -0.430159
v -0.223842 -0.436923 -0.456572
v -0.192186 -0.436923 -0.456572
v -0.223842 -0.299818 -0.543582
v -0.192186 -0.299818 -0.543582
v -0.223842 -0.275919 -0.532336
v -0.192186 -0.275919 -0.532336
v -0.223842 -0.255567 -0.515499
v -0.192186 -0.255567 -0.515499
v -0.223842 -0.240041 -0.494130
v -0.192186 -0.240041 -0.494130
v -0.223842 -0.230317 -0.469571
v -0.192186 -0.230317 -0.469571
v -0.223842 -0.227007 -0.443365
v -0.192186 -0.227007 -0.443365
v -0.223842 -0.230317 -0.417160
v -0.192186 -0.230317 -0.417160
v -0.223842 -0.240041 -0.392601
v -0.192186 -0.240041 -0.392601
v -0.223842 -0.255567 -0.371233
v -0.192186 -0.255567 -0.371233
v -0.223842 -0.436923 -0.456572
v -0.192186 -0.436923 -0.456572
v -0.223842 -0.430354 -0.482156
v -0.192186 -0.430354 -0.482156
v -0.223842 -0.417629 -0.505303
v -0.192186 -0.417629 -0.505303
v -0.223842 -0.399548 -0.524558
v -0.192186 -0.399548 -0.524558
v -0.223842 -0.377246 -0.538710
v -0.192186 -0.377246 -0.538710
v -0.223842 -0.352125 -0.546873
v -0.192186 -0.352125 -0.546873
v -0.223842 -0.325764 -0.548531
v -0.192186 -0.325764 -0.548531
v 0.284460 -0.327696 0.389057
v -0.261123 -0.327696 0.389057
v 0.284460 -0.317880 0.401366
v -0.261123 -0.317880 0.401366
v 0.284460 -0.314376 0.416716
v -0.261123 -0.314640 0.416923
v 0.284460 -0.317880 0.432065
v -0.261123 -0.317880 0.432065
v 0.284460 -0.327696 0.444374
v -0.261123 -0.327696 0.444374
v 0.284460 -0.341881 0.451205
v -0.261123 -0.341881 0.451205
v -0.261123 -0.357625 0.451205
v 0.284460 -0.357625 0.451205
v 0.284460 -0.371809 0.444374
v -0.261123 -0.371809 0.444374
v 0.284460 -0.381626 0.432065
v -0.261123 -0.381626 0.432065
v 0.284460 -0.385129 0.416716
v -0.261123 -0.385129 0.416716
v 0.284460 -0.385129 0.416716
v -0.261123 -0.385129 0.416716
v 0.284460 -0.381626 0.401366
v -0.261123 -0.381626 0.401366
v 0.284460 -0.371809 0.389057
v -0.261123 -0.371809 0.389057
v 0.284460 -0.357625 0.382226
v -0.261123 -0.357625 0.382226
v -0.261123 -0.341881 0.382226
v 0.284460 -0.341881 0.382226
v -0.223842 -0.354414 -1.071598
v -0.223842 -0.352125 -1.059848
v -0.223842 -0.325060 -1.073445
v -0.223842 -0.325764 -1.061507
v -0.223842 -0.296169 -1.067934
v -0.223842 -0.299818 -1.056558
v -0.223842 -0.269556 -1.055411
v -0.223842 -0.275919 -1.045311
v -0.223842 -0.246894 -1.036663
v -0.223842 -0.255567 -1.028474
v -0.223842 -0.229606 -1.012868
v -0.223842 -0.240041 -1.007106
v -0.223842 -0.218778 -0.985521
v -0.223842 -0.230317 -0.982547
v -0.223842 -0.227007 -0.956341
v -0.223842 -0.215092 -0.956341
v -0.223842 -0.230317 -0.930136
v -0.223842 -0.218778 -0.927161
v -0.223842 -0.240041 -0.905577
v -0.223842 -0.229606 -0.899815
v -0.223842 -0.255567 -0.884208
v -0.223842 -0.246894 -0.876020
v -0.223842 -0.275919 -0.867371
v -0.223842 -0.269556 -0.857272
v -0.223842 -0.299818 -0.856125
v -0.223842 -0.296169 -0.844749
v -0.223842 -0.325764 -0.851175
v -0.223842 -0.325060 -0.839237
v -0.223842 -0.352125 -0.852834
v -0.223842 -0.354414 -0.841084
v -0.223842 -0.377246 -0.860996
v -0.223842 -0.382386 -0.850173
v -0.223842 -0.399548 -0.875149
v -0.223842 -0.407220 -0.865933
v -0.223842 -0.417629 -0.894404
v -0.223842 -0.427354 -0.887373
v -0.223842 -0.430354 -0.917551
v -0.223842 -0.441523 -0.913147
v -0.223842 -0.436923 -0.943135
v -0.223842 -0.448838 -0.941635
v -0.223842 -0.436923 -0.969548
v -0.223842 -0.448838 -0.971047
v -0.223842 -0.441523 -0.999535
v -0.223842 -0.430354 -0.995132
v -0.223842 -0.427354 -1.025309
v -0.223842 -0.417629 -1.018278
v -0.223842 -0.407220 -1.046750
v -0.223842 -0.399548 -1.037533
v -0.223842 -0.382386 -1.062509
v -0.223842 -0.377246 -1.051686
v 0.247080 -0.404946 0.725831
v 0.247080 -0.405077 0.685556
v 0.247080 -0.404946 0.725831
v -0.191130 0.235901 -0.891652
v -0.185123 0.231522 -0.936251
v -0.217314 0.190397 -0.891652
v -0.210531 0.187367 -0.936251
v -0.167512 0.218684 -0.978148
v -0.190645 0.178483 -0.978149
v -0.139498 0.198263 -1.014174
v -0.159011 0.164352 -1.014174
v -0.102989 0.171649 -1.042161
v -0.117785 0.145936 -1.042160
v -0.060473 0.140658 -1.059281
v -0.069776 0.124490 -1.059281
v -0.014848 0.107399 -1.065398
v -0.018256 0.101476 -1.065398
v 0.008101 0.089701 -1.065398
v 0.008576 0.090323 -1.065398
v -0.192186 -0.265185 0.824489
v -0.179315 -0.265185 0.824489
v -0.192186 -0.293662 0.811089
v -0.179315 -0.293662 0.811089
v -0.192186 -0.324576 0.805192
v -0.179315 -0.324576 0.805192
v -0.192186 -0.355987 0.807168
v -0.179315 -0.355987 0.807168
v -0.192186 -0.385918 0.816893
v -0.179315 -0.385918 0.816893
v -0.192186 -0.412490 0.833757
v -0.179315 -0.412490 0.833757
v -0.192186 -0.434034 0.856699
v -0.179315 -0.434034 0.856699
v -0.192186 -0.449196 0.884278
v -0.179315 -0.449196 0.884278
v -0.192186 -0.457023 0.914761
v -0.179315 -0.457023 0.914761
v -0.192186 -0.457023 0.946233
v -0.179315 -0.457023 0.946233
v -0.192186 -0.293662 1.049904
v -0.179315 -0.293662 1.049904
v -0.192186 -0.265185 1.036504
v -0.179315 -0.265185 1.036504
v -0.192186 -0.240936 1.016443
v -0.179315 -0.240936 1.016443
v -0.192186 -0.222438 0.990982
v -0.179315 -0.222438 0.990982
v -0.192186 -0.210852 0.961720
v -0.179315 -0.210852 0.961720
v -0.192186 -0.206907 0.930497
v -0.179315 -0.206907 0.930497
v -0.192186 -0.210852 0.899273
v -0.179315 -0.210852 0.899273
v -0.192186 -0.222438 0.870011
v -0.179315 -0.222438 0.870011
v -0.192186 -0.240936 0.844550
v -0.179315 -0.240936 0.844550
v -0.192186 -0.457023 0.946233
v -0.179315 -0.457023 0.946233
v -0.192186 -0.449196 0.976716
v -0.179315 -0.449196 0.976716
v -0.192186 -0.434034 1.004295
v -0.179315 -0.434034 1.004295
v -0.192186 -0.412490 1.027237
v -0.179315 -0.412490 1.027237
v -0.192186 -0.385918 1.044100
v -0.179315 -0.385918 1.044100
v -0.192186 -0.355987 1.053825
v -0.179315 -0.355987 1.053825
v -0.192186 -0.324576 1.055801
v -0.179315 -0.324576 1.055801
v -0.223842 -0.246894 0.850175
v -0.192186 -0.246894 0.850175
v -0.223842 -0.269556 0.831427
v -0.192186 -0.269556 0.831427
v -0.223842 -0.296169 0.818904
v -0.192186 -0.296169 0.818904
v -0.223842 -0.325060 0.813392
v -0.192186 -0.325060 0.813392
v -0.223842 -0.354414 0.815240
v -0.192186 -0.354414 0.815240
v -0.223842 -0.382386 0.824328
v -0.192186 -0.382386 0.824328
v -0.223842 -0.407220 0.840088
v -0.192186 -0.407220 0.840088
v -0.223842 -0.427354 0.861529
v -0.192186 -0.427354 0.861529
v -0.223842 -0.441523 0.887302
v -0.192186 -0.441523 0.887302
v -0.223842 -0.448838 0.915790
v -0.192186 -0.448838 0.915790
v -0.223842 -0.325060 1.047600
v -0.192186 -0.325060 1.047600
v -0.223842 -0.296169 1.042089
v -0.192186 -0.296169 1.042089
v -0.223842 -0.269556 1.029566
v -0.192186 -0.269556 1.029566
v -0.223842 -0.246894 1.010818
v -0.192186 -0.246894 1.010818
v -0.223842 -0.229606 0.987023
v -0.192186 -0.229606 0.987023
v -0.223842 -0.218779 0.959676
v -0.192186 -0.218779 0.959676
v -0.223842 -0.215092 0.930496
v -0.192186 -0.215092 0.930496
v -0.223842 -0.218779 0.901316
v -0.192186 -0.218779 0.901316
v -0.223842 -0.229606 0.873970
v -0.192186 -0.229606 0.873970
v -0.223842 -0.448838 0.915790
v -0.192186 -0.448838 0.915790
v -0.223842 -0.448838 0.945202
v -0.192186 -0.448838 0.945202
v -0.223842 -0.441523 0.973691
v -0.192186 -0.441523 0.973691
v -0.223842 -0.427354 0.999464
v -0.192186 -0.427354 0.999464
v -0.223842 -0.407220 1.020905
v -0.192186 -0.407220 1.020905
v -0.223842 -0.382386 1.036665
v -0.192186 -0.382386 1.036665
v -0.223842 -0.354414 1.045753
v -0.192186 -0.354414 1.045753
v 0.267773 -0.318764 0.894134
v 0.202673 -0.265185 1.036504
v 0.215543 -0.240936 1.016443
v 0.202673 -0.240936 1.016443
v 0.215543 -0.265185 1.036504
v 0.202673 -0.293662 1.049904
v 0.215543 -0.293662 1.049904
v 0.202673 -0.324576 1.055801
v 0.215543 -0.324576 1.055801
v 0.202673 -0.355986 1.053825
v 0.215543 -0.355986 1.053825
v 0.202673 -0.385918 1.044100
v 0.215543 -0.385918 1.044100
v 0.202673 -0.412490 1.027237
v 0.215543 -0.412490 1.027237
v 0.202673 -0.434034 1.004295
v 0.215543 -0.434034 1.004295
v 0.202673 -0.449196 0.976716
v 0.215543 -0.449196 0.976716
v 0.202673 -0.457023 0.946233
v 0.215543 -0.457023 0.946233
v 0.202673 -0.293662 0.811089
v 0.215543 -0.324576 0.805192
v 0.202673 -0.324576 0.805192
v 0.215543 -0.293662 0.811089
v 0.202673 -0.265185 0.824489
v 0.215543 -0.265185 0.824489
v 0.202673 -0.240936 0.844550
v 0.215543 -0.240936 0.844550
v 0.202673 -0.222438 0.870011
v 0.215543 -0.222438 0.870011
v 0.202673 -0.210852 0.899273
v 0.215543 -0.210852 0.899273
v 0.202673 -0.206907 0.930497
v 0.215543 -0.206907 0.930497
v 0.202673 -0.210852 0.961720
v 0.215543 -0.210852 0.961720
v 0.202673 -0.222438 0.990982
v 0.215543 -0.222438 0.990982
v 0.202673 -0.457023 0.914761
v 0.215543 -0.457023 0.946233
v 0.202673 -0.457023 0.946233
v 0.215543 -0.457023 0.914761
v 0.202673 -0.449196 0.884278
v 0.215543 -0.449196 0.884278
v 0.202673 -0.434034 0.856699
v 0.215543 -0.434034 0.856699
v 0.202673 -0.412490 0.833757
v 0.215543 -0.412490 0.833757
v 0.202673 -0.385918 0.816893
v 0.215543 -0.385918 0.816893
v 0.202673 -0.355986 0.807168
v 0.215543 -0.355986 0.807168
v -0.223842 -0.407220 0.840088
v -0.223842 -0.417629 0.868559
v -0.223842 -0.399548 0.849304
v -0.223842 -0.427354 0.861529
v -0.223842 -0.430354 0.891706
v -0.223842 -0.441523 0.887302
v -0.223842 -0.436923 0.917290
v -0.223842 -0.448838 0.915790
v -0.223842 -0.436923 0.943703
v -0.223842 -0.448838 0.945202
v -0.223842 -0.441523 0.973691
v -0.223842 -0.430354 0.969287
v -0.223842 -0.427354 0.999464
v -0.223842 -0.417629 0.992433
v -0.223842 -0.407220 1.020905
v -0.223842 -0.399548 1.011688
v -0.223842 -0.382386 1.036665
v -0.223842 -0.377246 1.025841
v -0.223842 -0.354414 1.045753
v -0.223842 -0.352125 1.034003
v -0.223842 -0.325060 1.047600
v -0.223842 -0.325764 1.035662
v -0.223842 -0.296169 1.042089
v -0.223842 -0.299818 1.030713
v -0.223842 -0.269556 1.029566
v -0.223842 -0.275919 1.019466
v -0.223842 -0.246894 1.010818
v -0.223842 -0.255567 1.002629
v -0.223842 -0.229606 0.987023
v -0.223842 -0.240041 0.981261
v -0.223842 -0.218779 0.959676
v -0.223842 -0.230317 0.956702
v -0.223842 -0.227007 0.930496
v -0.223842 -0.215092 0.930496
v -0.223842 -0.230317 0.904291
v -0.223842 -0.218779 0.901316
v -0.223842 -0.240041 0.879732
v -0.223842 -0.229606 0.873970
v -0.223842 -0.255567 0.858363
v -0.223842 -0.246894 0.850175
v -0.223842 -0.275919 0.841526
v -0.223842 -0.269556 0.831427
v -0.223842 -0.299818 0.830280
v -0.223842 -0.296169 0.818904
v -0.223842 -0.325764 0.825331
v -0.223842 -0.325060 0.813392
v -0.223842 -0.352125 0.826989
v -0.223842 -0.354414 0.815240
v -0.223842 -0.377246 0.835151
v -0.223842 -0.382386 0.824328
v -0.223842 -0.354414 0.302264
v -0.223842 -0.352125 0.314014
v -0.223842 -0.325060 0.300417
v -0.223842 -0.325764 0.312355
v -0.223842 -0.296169 0.305928
v -0.223842 -0.299818 0.317305
v -0.223842 -0.269556 0.318451
v -0.223842 -0.275919 0.328551
v -0.223842 -0.246894 0.337199
v -0.223842 -0.255567 0.345388
v -0.223842 -0.229606 0.360994
v -0.223842 -0.240041 0.366757
v -0.223842 -0.218779 0.388341
v -0.223842 -0.230317 0.391316
v -0.223842 -0.227007 0.417521
v -0.223842 -0.215092 0.417521
v -0.223842 -0.230317 0.443726
v -0.223842 -0.218779 0.446701
v -0.223842 -0.240041 0.468285
v -0.223842 -0.229606 0.474047
v -0.223842 -0.255567 0.489654
v -0.223842 -0.246894 0.497842
v -0.223842 -0.275919 0.506491
v -0.223842 -0.269556 0.516590
v -0.223842 -0.299818 0.517737
v -0.223842 -0.296169 0.529113
v -0.223842 -0.325764 0.522686
v -0.223842 -0.325060 0.534624
v -0.223842 -0.352125 0.521028
v -0.223842 -0.354414 0.532778
v -0.223842 -0.377246 0.512865
v -0.223842 -0.382386 0.523689
v -0.223842 -0.399548 0.498713
v -0.223842 -0.407220 0.507929
v -0.223842 -0.417629 0.479458
v -0.223842 -0.427354 0.486489
v -0.223842 -0.430354 0.456311
v -0.223842 -0.441523 0.460715
v -0.223842 -0.436923 0.430728
v -0.223842 -0.448838 0.432227
v -0.223842 -0.436923 0.404314
v -0.223842 -0.448838 0.402815
v -0.223842 -0.441523 0.374327
v -0.223842 -0.430354 0.378730
v -0.223842 -0.427354 0.348553
v -0.223842 -0.417629 0.355584
v -0.223842 -0.407220 0.327112
v -0.223842 -0.399548 0.336329
v -0.223842 -0.382386 0.311353
v -0.223842 -0.377246 0.322176
v 0.215543 -0.434034 0.856699
v 0.215543 -0.412490 0.833757
v 0.215543 -0.240936 0.844550
v 0.215543 -0.449196 0.884278
v 0.215543 -0.457023 0.914761
v 0.215543 -0.457023 0.946233
v 0.215543 -0.449196 0.976716
v 0.215543 -0.434034 1.004295
v 0.215543 -0.412490 1.027237
v 0.215543 -0.385918 1.044100
v 0.215543 -0.355986 1.053825
v 0.215543 -0.324576 1.055801
v 0.215543 -0.293662 1.049904
v 0.215543 -0.265185 1.036504
v 0.215543 -0.240936 1.016443
v 0.215543 -0.222438 0.990982
v 0.215543 -0.210852 0.961720
v 0.215543 -0.206907 0.930497
v 0.215543 -0.210852 0.899273
v 0.215543 -0.222438 0.870011
v 0.215543 -0.293662 0.811089
v 0.215543 -0.265185 0.824489
v 0.215543 -0.324576 0.805192
v 0.215543 -0.355986 0.807168
v 0.215543 -0.385918 0.816893
v 0.089458 -0.240343 1.213581
v 0.091415 -0.246543 1.213074
v 0.082851 -0.240879 1.191947
v 0.085433 -0.245949 1.188182
v 0.075544 -0.240952 1.180610
v 0.077917 -0.245599 1.177058
v 0.065469 -0.241075 1.166326
v 0.068366 -0.245710 1.162186
v 0.055154 -0.243571 1.142064
v 0.061796 -0.246901 1.133638
v 0.050801 -0.242643 1.134570
v 0.055561 -0.245589 1.125997
v 0.046636 -0.246127 1.113723
v 0.055531 -0.246259 1.120588
v 0.055276 -0.246447 1.115693
v 0.065223 -0.248637 1.126348
v 0.064443 -0.247972 1.129272
v 0.080979 -0.249480 1.142518
v 0.075560 -0.248321 1.152248
v 0.090157 -0.250030 1.158174
v 0.083787 -0.248668 1.169417
v 0.093227 -0.250712 1.176056
v 0.089493 -0.249095 1.183952
v 0.093684 -0.251906 1.211084
v 0.093297 -0.250845 1.211521
v -0.051980 -0.240580 1.151744
v -0.051980 -0.246346 1.151744
v -0.051980 -0.231545 1.194644
v -0.051980 -0.266283 1.151744
v -0.051980 -0.271785 1.151744
v -0.051980 -0.280820 1.194644
v -0.051980 -0.231545 1.207647
v -0.051980 -0.280820 1.207647
v -0.047983 -0.280820 1.219709
v -0.047983 -0.231545 1.219709
v -0.037518 -0.231545 1.227163
v -0.037518 -0.280820 1.227163
v -0.024582 -0.280820 1.227163
v -0.024582 -0.231545 1.227163
v -0.014117 -0.280820 1.219709
v -0.014117 -0.231545 1.219709
v -0.010120 -0.280820 1.207647
v -0.010120 -0.231545 1.207647
v 0.021167 -0.235791 1.248157
v 0.021167 -0.276574 1.248157
v 0.028531 -0.235791 1.241452
v 0.028531 -0.276574 1.241452
v 0.030369 -0.235791 1.235053
v 0.030369 -0.276574 1.235053
v 0.030028 -0.235791 1.228813
v 0.030028 -0.276574 1.228813
v 0.028507 -0.235791 1.225346
v 0.028507 -0.276574 1.225346
v 0.024529 -0.235791 1.224566
v 0.024529 -0.276574 1.224566
v 0.018239 -0.235791 1.225096
v 0.018239 -0.276574 1.225096
v 0.011173 -0.235791 1.227793
v 0.011173 -0.276574 1.227793
v 0.002557 -0.235791 1.226274
v 0.002557 -0.276574 1.226274
v -0.008706 -0.235791 1.209838
v -0.008706 -0.276574 1.209838
v -0.039243 -0.235791 1.243581
v -0.039243 -0.276574 1.243581
v -0.029351 -0.235791 1.248829
v -0.029351 -0.276574 1.248829
v 0.011491 -0.235791 1.250000
v 0.011491 -0.276574 1.250000
v 0.021167 -0.235791 1.248157
v 0.021167 -0.276574 1.248157
v 0.087868 -0.240580 -1.154406
v 0.087868 -0.246346 -1.154406
v 0.087868 -0.231545 -1.196144
v 0.087868 -0.266283 -1.154406
v 0.087868 -0.271785 -1.154406
v 0.087868 -0.280820 -1.196144
v 0.087868 -0.231545 -1.208794
v 0.087868 -0.280820 -1.208794
v 0.083871 -0.280820 -1.220529
v 0.083871 -0.231545 -1.220529
v 0.073405 -0.231545 -1.227782
v 0.073405 -0.280820 -1.227782
v 0.060470 -0.280820 -1.227782
v 0.060470 -0.231545 -1.227782
v 0.050005 -0.280820 -1.220529
v 0.050005 -0.231545 -1.220529
v 0.046008 -0.280820 -1.208794
v 0.046008 -0.231545 -1.208794
v 0.202673 -0.324576 1.055801
v 0.202673 -0.293662 1.049904
v 0.202673 -0.210852 0.899273
v 0.202673 -0.355986 1.053825
v 0.202673 -0.385918 1.044100
v 0.202673 -0.412490 1.027237
v 0.202673 -0.434034 1.004295
v 0.202673 -0.449196 0.976716
v 0.202673 -0.457023 0.946233
v 0.202673 -0.457023 0.914761
v 0.202673 -0.449196 0.884278
v 0.202673 -0.434034 0.856699
v 0.202673 -0.412490 0.833757
v 0.202673 -0.385918 0.816893
v 0.202673 -0.355986 0.807168
v 0.202673 -0.324576 0.805192
v 0.202673 -0.293662 0.811089
v 0.202673 -0.265185 0.824489
v 0.202673 -0.240936 0.844550
v 0.202673 -0.222438 0.870011
v 0.202673 -0.210852 0.961720
v 0.202673 -0.206907 0.930497
v 0.202673 -0.222438 0.990982
v 0.202673 -0.240936 1.016443
v 0.202673 -0.265185 1.036504
v 0.215543 -0.296169 1.042089
v 0.247200 -0.269556 1.029566
v 0.215543 -0.269556 1.029566
v 0.247200 -0.296169 1.042089
v 0.215543 -0.325060 1.047600
v 0.247200 -0.325060 1.047600
v 0.215543 -0.354414 1.045753
v 0.247200 -0.354414 1.045753
v 0.215543 -0.382386 1.036665
v 0.247200 -0.382386 1.036665
v 0.215543 -0.407220 1.020905
v 0.247200 -0.407220 1.020905
v 0.215543 -0.427354 0.999464
v 0.247200 -0.427354 0.999464
v 0.215543 -0.441523 0.973691
v 0.247200 -0.441523 0.973691
v 0.215543 -0.448838 0.945202
v 0.247200 -0.448838 0.945202
v 0.215543 -0.448838 0.915790
v 0.247200 -0.448838 0.915790
v 0.215543 -0.269556 0.831427
v 0.247200 -0.296169 0.818904
v 0.215543 -0.296169 0.818904
v 0.247200 -0.269556 0.831427
v 0.215543 -0.246894 0.850175
v 0.247200 -0.246894 0.850175
v 0.215543 -0.229606 0.873970
v 0.247200 -0.229606 0.873970
v 0.215543 -0.218779 0.901316
v 0.247200 -0.218779 0.901316
v 0.215543 -0.215092 0.930496
v 0.247200 -0.215092 0.930496
v 0.215543 -0.218779 0.959676
v 0.247200 -0.218779 0.959676
v 0.215543 -0.229606 0.987023
v 0.247200 -0.229606 0.987023
v 0.215543 -0.246894 1.010818
v 0.247200 -0.246894 1.010818
v 0.215543 -0.441523 0.887302
v 0.247200 -0.448838 0.915790
v 0.215543 -0.448838 0.915790
v 0.247200 -0.441523 0.887302
v 0.215543 -0.427354 0.861529
v 0.247200 -0.427354 0.861529
v 0.215543 -0.407220 0.840088
v 0.247200 -0.407220 0.840088
v 0.215543 -0.382386 0.824328
v 0.247200 -0.382386 0.824328
v 0.215543 -0.354414 0.815240
v 0.247200 -0.354414 0.815240
v 0.215543 -0.325060 0.813392
v 0.247200 -0.325060 0.813392
v 0.267773 -0.379726 -0.479729
v 0.247080 -0.379726 -0.479729
v 0.267773 -0.379741 -0.498272
v 0.264947 -0.379743 -0.500860
v 0.247080 -0.379743 -0.500860
v -0.251334 -0.313091 0.904022
v -0.251334 -0.307551 0.958539
v -0.251334 -0.307551 0.904022
v -0.251334 -0.313091 0.958539
v -0.251334 -0.350433 0.897000
v -0.251334 -0.313091 0.965560
v -0.251334 -0.350433 0.965560
v -0.251334 -0.313091 0.897000
v -0.223732 -0.350433 0.965560
v -0.251334 -0.350433 0.965560
v -0.232903 -0.288098 0.726382
v -0.230698 -0.283435 0.674193
v -0.232904 -0.288098 0.678333
v -0.230698 -0.283435 0.734136
v -0.243650 -0.310944 0.726382
v -0.247422 -0.318932 0.734136
v -0.247422 -0.318932 0.674193
v -0.243639 -0.310944 0.678331
v -0.243639 -0.310944 0.670150
v -0.232904 -0.288098 0.670148
v -0.232903 -0.288098 0.621547
v -0.230698 -0.283435 0.613794
v -0.243650 -0.310944 0.621547
v -0.247422 -0.318932 0.613794
v -0.243639 -0.310944 0.670150
v -0.232903 -0.288098 0.621547
v -0.243650 -0.310944 0.621547
v -0.232904 -0.288098 0.670148
v -0.232904 -0.288098 0.678333
v -0.243650 -0.310944 0.726382
v -0.232903 -0.288098 0.726382
v -0.243639 -0.310944 0.678331
v -0.202622 -0.318930 0.613794
v -0.202622 -0.283435 0.734136
v -0.202622 -0.318930 0.734136
v -0.202622 -0.283435 0.613794
v -0.223732 -0.313091 0.444368
v -0.251334 -0.307551 0.444368
v -0.251334 -0.313091 0.444368
v -0.223732 -0.307551 0.444368
v -0.251334 -0.307551 0.389852
v -0.251334 -0.313091 0.444368
v -0.251334 -0.307551 0.444368
v -0.251334 -0.313091 0.389852
v -0.251334 -0.350433 0.451390
v -0.251334 -0.313091 0.382830
v -0.251334 -0.350433 0.382830
v -0.251334 -0.313091 0.451390
v -0.223732 -0.350433 0.382830
v -0.251334 -0.350433 0.382830
v 0.044557 -0.013813 1.037601
v 0.039034 0.003242 1.043700
v 0.022214 -0.013813 1.039194
v 0.020834 -0.000639 1.043700
v 0.014939 0.055634 1.049817
v -0.248325 -0.302069 -0.996363
v -0.248325 -0.302055 -0.917595
v -0.244369 -0.250559 -0.983946
v -0.244369 -0.259074 -1.000829
v -0.244369 -0.272578 -1.014542
v -0.244369 -0.293231 -1.023029
v -0.244369 -0.311871 -1.023029
v -0.248325 -0.362803 -0.996347
v -0.248325 -0.301995 -0.779653
v -0.248325 -0.364380 -0.779623
v -0.248325 -0.360494 -0.770905
v -0.248325 -0.284891 -0.779653
v -0.248325 -0.276471 -0.770906
v -0.244369 -0.311871 -1.023029
v -0.223676 -0.362803 -0.996347
v -0.248325 -0.362803 -0.996347
v -0.223676 -0.311871 -1.023029
v -0.223676 -0.293231 -1.023029
v -0.244369 -0.293231 -1.023029
v -0.223676 -0.272578 -1.014542
v -0.244369 -0.272578 -1.014542
v -0.223676 -0.259074 -1.000829
v -0.244369 -0.259074 -1.000829
v -0.223676 -0.250559 -0.983946
v -0.244369 -0.250559 -0.983946
v 0.039217 -0.280820 -1.158803
v 0.044482 -0.270669 -1.158803
v 0.046846 -0.280820 -1.182760
v 0.052111 -0.273664 -1.182760
v 0.057040 -0.280820 -1.194050
v 0.057627 -0.275071 -1.192502
v 0.071384 -0.280820 -1.192260
v 0.071384 -0.275071 -1.190707
v -0.244369 -0.305707 -0.919610
v -0.223676 -0.305790 -0.992830
v -0.223676 -0.305478 -0.919610
v -0.244369 -0.305790 -0.992830
v -0.223676 -0.362803 -0.992849
v -0.244369 -0.362803 -0.992849
v -0.232340 -0.284921 -0.793977
v -0.248325 -0.302023 -0.793977
v -0.232340 -0.302023 -0.793977
v -0.248325 -0.284921 -0.793977
v -0.232340 -0.284891 -0.779653
v -0.248325 -0.284891 -0.779653
v -0.232340 -0.301995 -0.779653
v -0.248325 -0.301995 -0.779653
v -0.244369 -0.363280 -0.766949
v -0.223676 -0.367389 -0.775464
v -0.223676 -0.363280 -0.766949
v -0.244370 -0.367389 -0.775464
v -0.232340 -0.302023 -0.793977
v -0.248325 -0.302023 -0.793977
v -0.244369 -0.345958 -0.838167
v -0.232340 -0.303756 -0.806229
v -0.232340 -0.345958 -0.838167
v -0.244369 -0.303756 -0.806229
v 0.056487 -0.269995 -1.129635
v 0.071670 -0.269995 -1.133386
v 0.080470 -0.269995 -1.137409
v 0.086987 -0.269995 -1.143696
v 0.087868 -0.271785 -1.154406
v 0.087868 -0.280820 -1.196144
v 0.087868 -0.280820 -1.208794
v 0.066938 -0.280820 -1.208794
v 0.083871 -0.280820 -1.220529
v 0.073405 -0.280820 -1.227782
v 0.060470 -0.280820 -1.227782
v 0.050005 -0.280820 -1.220529
v 0.046008 -0.280820 -1.208794
v 0.045982 -0.280820 -1.201210
v 0.045403 -0.280820 -1.195819
v 0.039027 -0.280820 -1.188079
v -0.248325 -0.350574 -0.838068
v -0.244369 -0.345958 -0.838167
v -0.248325 -0.341327 -0.853688
v -0.244369 -0.338284 -0.851120
v -0.248325 -0.320194 -0.865876
v -0.244369 -0.319313 -0.861983
v -0.248325 -0.294187 -0.864699
v -0.244369 -0.294206 -0.860621
v -0.248325 -0.281190 -0.857335
v -0.244369 -0.284082 -0.854376
v -0.248325 -0.273935 -0.844315
v -0.244369 -0.277895 -0.843312
v -0.248325 -0.273865 -0.825645
v -0.244369 -0.277818 -0.826449
v -0.244369 -0.280262 -0.817442
v -0.248325 -0.276918 -0.815186
v -0.244369 -0.287725 -0.809978
v -0.248325 -0.286102 -0.805819
v -0.248325 -0.303096 -0.801558
v -0.244369 -0.303756 -0.806229
v -0.244370 -0.367389 -0.775464
v -0.244369 -0.363280 -0.766949
v -0.140376 0.067573 1.107141
v -0.126597 0.081381 1.107143
v -0.134909 0.069341 1.112458
v -0.124596 0.078625 1.112462
v -0.112542 0.085537 1.112458
v -0.109168 0.090204 1.107141
v -0.252244 -0.162669 1.050933
v -0.268891 -0.162669 1.050933
v -0.252244 0.022265 1.050933
v -0.268891 0.022265 1.050933
v -0.260568 -0.162669 1.057845
v -0.260568 0.022265 1.057845
v -0.244889 0.065697 1.050933
v -0.258584 0.072972 1.050933
v -0.236077 0.078041 1.050933
v -0.266128 0.051466 1.050933
v -0.250417 0.047931 1.050933
v -0.246877 0.088839 1.050933
v -0.224140 0.086827 1.050933
v -0.241477 0.083440 1.057845
v -0.251737 0.069335 1.057845
v -0.258273 0.049698 1.057845
v -0.252244 -0.162669 1.050933
v -0.252244 0.022265 1.050933
v -0.250417 0.047931 1.050933
v -0.244889 0.065697 1.050933
v -0.236077 0.078041 1.050933
v -0.224140 0.086827 1.050933
v -0.227805 0.093659 1.057845
v -0.231471 0.100491 1.050933
v -0.210518 0.108029 1.050933
v -0.206918 0.092341 1.050933
v -0.181892 0.110804 1.050933
v -0.181892 0.094157 1.050933
v 0.206510 0.094157 1.050933
v 0.233337 0.100185 1.057845
v 0.248758 0.086827 1.050933
v 0.252424 0.093659 1.057845
v 0.231537 0.092341 1.050933
v 0.206510 0.102481 1.057845
v 0.206510 0.094157 1.050933
v -0.181892 0.094157 1.050933
v 0.235136 0.108029 1.050933
v 0.256089 0.100491 1.050933
v 0.206510 0.110804 1.050933
v -0.181892 0.102481 1.057845
v -0.206918 0.092341 1.050933
v -0.208718 0.100185 1.057845
v 0.231537 0.092341 1.050933
v 0.248758 0.086827 1.050933
v 0.271496 0.088839 1.050933
v 0.266096 0.083440 1.057845
v 0.260695 0.078041 1.050933
v 0.276355 0.069335 1.057845
v 0.269508 0.065697 1.050933
v 0.282892 0.049698 1.057845
v 0.275036 0.047931 1.050933
v 0.285186 0.022265 1.057845
v 0.276862 0.022265 1.050933
v 0.285186 -0.162669 1.057845
v 0.276862 -0.162669 1.050933
v 0.260695 0.078041 1.050933
v 0.283203 0.072972 1.050933
v 0.290747 0.051466 1.050933
v 0.293509 0.022265 1.050933
v 0.293509 -0.162669 1.050933
v 0.269508 0.065697 1.050933
v 0.275036 0.047931 1.050933
v 0.276862 0.022265 1.050933
v 0.276862 -0.162669 1.050933
v -0.248325 -0.364380 -0.619716
v -0.244369 -0.367389 -0.623892
v -0.248325 -0.398018 -0.622755
v -0.244369 -0.396301 -0.626386
v -0.248325 -0.408849 -0.647292
v -0.244369 -0.404946 -0.648031
v -0.244369 -0.405077 -0.688306
v -0.248325 -0.408849 -0.752046
v -0.244369 -0.405077 -0.711033
v -0.244369 -0.404946 -0.751308
v -0.244369 -0.396301 -0.772952
v -0.248325 -0.398018 -0.776584
v -0.268891 -0.162669 -1.066738
v -0.252244 -0.162669 -1.066738
v -0.268891 0.022266 -1.066738
v -0.252244 0.022266 -1.066738
v -0.250418 0.047931 -1.066738
v -0.266128 0.051466 -1.066738
v -0.244889 0.065697 -1.066738
v -0.258584 0.072972 -1.066738
v -0.236077 0.078042 -1.066738
v -0.246877 0.088839 -1.066738
v -0.241477 0.083440 -1.074027
v -0.227805 0.093659 -1.074027
v -0.224140 0.086827 -1.066738
v -0.208718 0.100185 -1.074027
v -0.206918 0.092341 -1.066738
v -0.181892 0.102481 -1.074027
v -0.181892 0.094158 -1.066738
v 0.206510 0.102481 -1.074027
v 0.206510 0.094158 -1.066738
v 0.231537 0.092341 -1.066738
v -0.258273 0.049698 -1.074027
v -0.260568 0.022266 -1.074027
v -0.251737 0.069335 -1.074027
v -0.236077 0.078042 -1.066738
v -0.244889 0.065697 -1.066738
v -0.250418 0.047931 -1.066738
v -0.252244 0.022266 -1.066738
v -0.252244 -0.162669 -1.066738
v -0.260568 -0.162669 -1.074027
v 0.274691 -0.350433 0.965560
v 0.247090 -0.350433 0.965560
v 0.284460 -0.327696 0.903435
v -0.261123 -0.327696 0.903435
v 0.284460 -0.317880 0.915744
v -0.261123 -0.317880 0.915744
v 0.284460 -0.314376 0.931094
v -0.261123 -0.314640 0.931302
v 0.284460 -0.317880 0.946443
v -0.261123 -0.317880 0.946443
v 0.284460 -0.327696 0.958752
v -0.261123 -0.327696 0.958752
v 0.284460 -0.341881 0.965583
v -0.261123 -0.341881 0.965583
v -0.261123 -0.357625 0.965583
v 0.284460 -0.357625 0.965583
v 0.284460 -0.371809 0.958752
v -0.261123 -0.371809 0.958752
v 0.284460 -0.381626 0.946443
v -0.261123 -0.381626 0.946443
v 0.284460 -0.385129 0.931094
v -0.261123 -0.385129 0.931094
v 0.284460 -0.385129 0.931094
v -0.261123 -0.385129 0.931094
v 0.284460 -0.381626 0.915744
v -0.261123 -0.381626 0.915744
v 0.284460 -0.371809 0.903435
v -0.261123 -0.371809 0.903435
v 0.284460 -0.357625 0.896605
v -0.261123 -0.357625 0.896605
v -0.261123 -0.341881 0.896605
v 0.284460 -0.341881 0.896605
v 0.284460 -0.327696 -0.470427
v -0.261123 -0.327696 -0.470427
v 0.284460 -0.317880 -0.458117
v -0.261123 -0.317880 -0.458117
v 0.284460 -0.314376 -0.442768
v -0.261123 -0.314640 -0.442560
v 0.284460 -0.317880 -0.427419
v -0.261123 -0.317880 -0.427419
v 0.284460 -0.327696 -0.415110
v -0.261123 -0.327696 -0.415110
v 0.284460 -0.341881 -0.408279
v -0.261123 -0.341881 -0.408279
v -0.261123 -0.357625 -0.408279
v 0.284460 -0.357625 -0.408279
v 0.284460 -0.371809 -0.415110
v -0.261123 -0.371809 -0.415110
v 0.284460 -0.381626 -0.427419
v -0.261123 -0.381626 -0.427419
v 0.284460 -0.385129 -0.442768
v -0.261123 -0.385129 -0.442768
v 0.284460 -0.385129 -0.442768
v -0.261123 -0.385129 -0.442768
v 0.284460 -0.381626 -0.458117
v -0.261123 -0.381626 -0.458117
v 0.284460 -0.371809 -0.470427
v -0.261123 -0.371809 -0.470427
v 0.284460 -0.357625 -0.477257
v -0.261123 -0.357625 -0.477257
v -0.261123 -0.341881 -0.477257
v 0.284460 -0.341881 -0.477257
v -0.225518 -0.170598 0.683511
v -0.225518 -0.170598 -0.685023
v -0.232379 -0.162676 0.683511
v -0.232379 -0.162676 -0.685023
v -0.239239 -0.170598 0.683511
v -0.239239 -0.170598 -0.685023
v -0.232379 -0.178520 0.683511
v -0.232379 -0.178520 -0.685023
v -0.225518 -0.170598 0.683511
v -0.225518 -0.170598 -0.685023
v -0.223676 -0.379727 -0.919610
v -0.244369 -0.379727 -0.919610
v -0.244369 -0.318764 -0.919610
v 0.214115 -0.059382 0.750382
v 0.199456 -0.075630 0.748186
v 0.191053 -0.084943 0.743149
v 0.184534 -0.092169 0.734584
v 0.180430 -0.096719 0.724063
v 0.178869 -0.098448 0.712409
v 0.180430 -0.096719 0.700654
v 0.184534 -0.092169 0.690086
v 0.191053 -0.084943 0.681680
v 0.199456 -0.075630 0.676271
v 0.214115 -0.059382 0.674302
v 0.240452 -0.013856 0.674302
v 0.246166 0.003586 0.674274
v 0.249464 0.013735 0.676271
v 0.252388 0.022757 0.681680
v 0.254798 0.030149 0.690086
v 0.256295 0.034763 0.700656
v 0.256730 0.036140 0.712638
v 0.256261 0.034745 0.724115
v 0.254763 0.030157 0.734584
v 0.252355 0.022753 0.743149
v 0.249412 0.013754 0.748669
v 0.246095 0.003583 0.750382
v 0.240452 -0.013856 0.750382
v 0.011531 0.352332 0.092257
v 0.044957 0.352332 0.106102
v 0.058803 0.352331 0.139528
v 0.044957 0.352332 0.172954
v 0.011531 0.352332 0.186800
v -0.021895 0.352331 0.172954
v -0.035741 0.352331 0.139528
v -0.021895 0.352332 0.106102
v 0.011531 0.352332 0.092257
v -0.241543 -0.379743 -0.898479
v -0.223676 -0.379743 -0.898479
v -0.244369 -0.379741 -0.901067
v -0.244369 -0.279954 -0.766949
v -0.223676 -0.279954 -0.766949
v -0.244369 -0.279954 -0.766949
v -0.019673 -0.245589 -1.129357
v -0.028555 -0.247972 -1.132543
v -0.019643 -0.246259 -1.124096
v -0.025908 -0.246901 -1.136791
v -0.039672 -0.248321 -1.154897
v -0.032478 -0.245710 -1.164565
v -0.047900 -0.248668 -1.171600
v -0.054269 -0.250030 -1.160662
v -0.057339 -0.250712 -1.178059
v -0.045092 -0.249480 -1.145431
v -0.029335 -0.248637 -1.129699
v -0.019389 -0.246447 -1.119333
v -0.014913 -0.242643 -1.137698
v -0.019266 -0.243571 -1.144989
v -0.029581 -0.241075 -1.168594
v -0.042029 -0.245599 -1.179034
v -0.053606 -0.249095 -1.185742
v -0.057796 -0.251906 -1.212139
v -0.039656 -0.240952 -1.182490
v -0.049545 -0.245949 -1.189857
v -0.057410 -0.250845 -1.212564
v -0.053571 -0.240343 -1.214568
v -0.055527 -0.246543 -1.214075
v -0.046963 -0.240878 -1.193519
v -0.010667 -0.239839 -1.132795
v -0.006621 -0.231545 -1.130834
v -0.008857 -0.231545 -1.149097
v -0.013279 -0.231545 -1.160274
v -0.020030 -0.231545 -1.167771
v -0.027086 -0.231545 -1.172886
v -0.038409 -0.233044 -1.185326
v -0.045752 -0.233741 -1.196034
v -0.051683 -0.235193 -1.214544
v -0.234570 -0.395591 -0.750691
v -0.244369 -0.404946 -0.751308
v -0.042653 -0.233743 -1.200386
v -0.048273 -0.235193 -1.214502
v -0.035576 -0.233072 -1.189202
v -0.023678 -0.231545 -1.177962
v -0.018410 -0.231545 -1.176494
v -0.014950 -0.231545 -1.175530
v -0.013142 -0.231545 -1.175026
v 0.039027 -0.231545 -1.188079
v 0.045403 -0.231545 -1.195819
v 0.045982 -0.231545 -1.201210
v 0.066938 -0.231545 -1.208794
v 0.046008 -0.231545 -1.208794
v 0.050005 -0.231545 -1.220529
v 0.060470 -0.231545 -1.227782
v 0.073405 -0.231545 -1.227782
v 0.083871 -0.231545 -1.220529
v 0.087868 -0.231545 -1.208794
v 0.087868 -0.231545 -1.196144
v 0.057655 -0.246136 -1.099968
v -0.016795 -0.246135 -1.109659
v -0.016795 -0.246135 -1.099967
v 0.057655 -0.246136 -1.109628
v 0.059054 -0.246136 -1.115476
v 0.064187 -0.246342 -1.121617
v 0.073801 -0.246342 -1.125819
v 0.087894 -0.246342 -1.128629
v 0.093336 -0.246342 -1.139114
v 0.014721 -0.235790 -1.248207
v 0.014721 -0.276574 -1.248207
v 0.007357 -0.235790 -1.241683
v 0.007357 -0.276574 -1.241683
v 0.005519 -0.235790 -1.235458
v 0.005519 -0.276574 -1.235458
v 0.005859 -0.235790 -1.229387
v 0.005859 -0.276574 -1.229387
v 0.007380 -0.235790 -1.226014
v 0.007380 -0.276574 -1.226014
v 0.011358 -0.235790 -1.225255
v 0.011358 -0.276574 -1.225255
v 0.017649 -0.235790 -1.225770
v 0.017649 -0.276574 -1.225770
v 0.024715 -0.235790 -1.228395
v 0.024715 -0.276574 -1.228395
v 0.033330 -0.235790 -1.226916
v 0.033330 -0.276574 -1.226916
v 0.044594 -0.235790 -1.210926
v 0.044594 -0.276574 -1.210926
v 0.075131 -0.235790 -1.243755
v 0.075131 -0.276574 -1.243755
v 0.065239 -0.235790 -1.248860
v 0.065239 -0.276574 -1.248860
v 0.024397 -0.235790 -1.250000
v 0.024397 -0.276574 -1.250000
v 0.014721 -0.235790 -1.248207
v 0.014721 -0.276574 -1.248207
v -0.223676 -0.404946 -0.751308
v -0.223676 -0.405077 -0.711033
v -0.223676 -0.404946 -0.751308
v -0.223676 -0.405077 -0.711033
v -0.223676 -0.405077 -0.688306
v -0.232340 -0.287725 -0.589361
v -0.244369 -0.303756 -0.593110
v -0.232340 -0.303756 -0.593110
v -0.244369 -0.287725 -0.589361
v -0.232340 -0.280262 -0.581897
v -0.244369 -0.280262 -0.581897
v -0.232340 -0.277818 -0.572890
v -0.244369 -0.277818 -0.572890
v -0.232340 -0.277895 -0.556026
v -0.244369 -0.277895 -0.556026
v -0.232340 -0.284082 -0.544963
v -0.244369 -0.284082 -0.544963
v -0.232340 -0.294206 -0.538718
v -0.244369 -0.294206 -0.538718
v -0.232340 -0.319313 -0.537356
v -0.244369 -0.319313 -0.537356
v -0.232340 -0.338284 -0.548218
v -0.244369 -0.338284 -0.548218
v -0.232340 -0.345958 -0.561172
v -0.244369 -0.345958 -0.561172
v -0.223676 -0.362803 -0.406679
v -0.244369 -0.305160 -0.406624
v -0.223676 -0.305160 -0.406624
v -0.244369 -0.362803 -0.406679
v -0.223676 -0.362803 -0.401957
v -0.248325 -0.362803 -0.401957
v -0.231775 -0.070979 0.852616
v -0.210847 -0.084263 0.852616
v -0.273060 -0.092560 0.852616
v -0.256345 -0.074256 0.852616
v -0.234769 -0.142289 0.852616
v -0.258977 -0.136965 0.852616
v -0.212801 -0.130807 0.852616
v -0.203354 -0.107890 0.852616
v -0.274100 -0.117325 0.852615
v -0.248325 -0.301995 -0.619686
v -0.232340 -0.302023 -0.605361
v -0.232340 -0.301995 -0.619686
v -0.248325 -0.302023 -0.605361
v -0.232340 -0.284921 -0.605351
v -0.248325 -0.284921 -0.605351
v -0.232340 -0.284891 -0.619686
v -0.248325 -0.284891 -0.619686
v -0.232340 -0.301995 -0.619686
v -0.248325 -0.301995 -0.619686
v -0.223676 -0.367389 -0.623892
v -0.244369 -0.363280 -0.632390
v -0.223676 -0.363280 -0.632390
v -0.244369 -0.367389 -0.623892
v -0.244369 -0.430160 -0.608311
v -0.223676 -0.356842 -0.529698
v -0.244369 -0.356842 -0.529698
v -0.223676 -0.430160 -0.608311
v -0.223676 -0.396301 -0.626386
v -0.244369 -0.396301 -0.626386
v -0.223676 -0.404946 -0.648031
v -0.244369 -0.404946 -0.648031
v -0.244369 -0.305326 -0.479729
v -0.223676 -0.305326 -0.479729
v -0.232340 -0.303756 -0.593110
v -0.244369 -0.303756 -0.593110
v -0.248325 -0.360494 -0.628434
v -0.244369 -0.363280 -0.632390
v -0.244369 -0.342452 -0.515180
v -0.244369 -0.354161 -0.527021
v -0.244369 -0.354155 -0.505111
v -0.244369 -0.337663 -0.497658
v -0.244369 -0.364387 -0.498272
v -0.244369 -0.330501 -0.487147
v -0.244369 -0.379727 -0.479729
v -0.244369 -0.318764 -0.479729
v -0.244369 -0.379741 -0.498272
v -0.241543 -0.379743 -0.500860
v -0.241543 -0.365703 -0.500860
v -0.223676 -0.379743 -0.500860
v -0.223676 -0.365703 -0.500860
v -0.241543 -0.356798 -0.506305
v -0.223676 -0.356798 -0.506305
v -0.212801 -0.130807 0.899611
v -0.203354 -0.107890 0.899611
v -0.258977 -0.136965 0.899611
v -0.234769 -0.142289 0.899611
v -0.256345 -0.074256 0.899611
v -0.273060 -0.092560 0.899611
v -0.231775 -0.070979 0.899611
v -0.210847 -0.084263 0.899611
v -0.274100 -0.117325 0.899611
v -0.241543 -0.365703 -0.500860
v -0.241543 -0.379743 -0.500860
v -0.241543 -0.356798 -0.506305
v -0.244369 -0.356842 -0.529698
v 0.233336 0.100185 -1.074027
v 0.206510 0.110804 -1.066738
v 0.235136 0.108029 -1.066738
v 0.252424 0.093659 -1.074027
v 0.256089 0.100491 -1.066738
v 0.271496 0.088839 -1.066738
v 0.248758 0.086827 -1.066738
v 0.231537 0.092341 -1.066738
v 0.206510 0.094158 -1.066738
v -0.181892 0.094158 -1.066738
v -0.181892 0.110804 -1.066738
v -0.206918 0.092341 -1.066738
v -0.210518 0.108029 -1.066738
v -0.224140 0.086827 -1.066738
v -0.231471 0.100491 -1.066738
v 0.260695 0.078042 -1.066738
v 0.269508 0.065697 -1.066738
v 0.283202 0.072972 -1.066738
v 0.266095 0.083440 -1.074027
v 0.248758 0.086827 -1.066738
v 0.276862 -0.162669 -1.066738
v 0.293509 -0.162669 -1.066738
v 0.276862 0.022266 -1.066738
v 0.293509 0.022266 -1.066738
v 0.275036 0.047931 -1.066738
v 0.290747 0.051466 -1.066738
v 0.276862 -0.162669 -1.066738
v 0.276862 0.022266 -1.066738
v 0.285186 -0.162669 -1.074027
v 0.285186 0.022266 -1.074027
v 0.282892 0.049698 -1.074027
v 0.276355 0.069335 -1.074027
v 0.260695 0.078042 -1.066738
v 0.275036 0.047931 -1.066738
v 0.269508 0.065697 -1.066738
v -0.244369 -0.338284 0.522742
v -0.232340 -0.338284 0.522742
v -0.244369 -0.319313 0.511879
v -0.232340 -0.319313 0.511879
v -0.244369 -0.294206 0.513241
v -0.232340 -0.294206 0.513241
v -0.244369 -0.284082 0.519486
v -0.232340 -0.284082 0.519486
v -0.244369 -0.277895 0.530549
v -0.232340 -0.277895 0.530549
v -0.244369 -0.277818 0.547413
v -0.232340 -0.277818 0.547413
v -0.244369 -0.280262 0.556420
v -0.232340 -0.280262 0.556420
v -0.244369 -0.287725 0.563884
v -0.232340 -0.287725 0.563884
v -0.244369 -0.303756 0.567633
v -0.232340 -0.303756 0.567633
v -0.244369 -0.430160 0.765551
v -0.223676 -0.430160 0.582835
v -0.223676 -0.430160 0.765551
v -0.244369 -0.430160 0.582835
v -0.223676 -0.356765 0.504148
v -0.244369 -0.356765 0.504148
v -0.244369 -0.404946 0.622555
v -0.223676 -0.404946 0.622555
v -0.244369 -0.396301 0.600910
v -0.223676 -0.396301 0.600910
v -0.223676 -0.379727 -0.479729
v -0.244369 -0.379727 -0.479729
v -0.244369 -0.379741 -0.498272
v -0.244369 -0.279954 -0.632390
v -0.248325 -0.276471 -0.628433
v -0.223676 -0.279954 -0.632390
v -0.244369 -0.279954 -0.632390
v -0.241543 -0.356798 0.480828
v -0.223676 -0.356798 0.480828
v -0.223676 -0.365703 0.475383
v -0.241543 -0.365703 0.475383
v -0.234570 -0.395591 -0.648647
v -0.244369 -0.404946 -0.648031
v -0.223676 -0.356798 0.867557
v -0.223676 -0.356842 0.844164
v -0.223676 -0.279954 0.741472
v -0.223676 -0.363281 0.741472
v -0.223676 -0.367389 0.749970
v -0.223676 -0.430160 0.765551
v -0.223676 -0.396301 0.747475
v -0.223676 -0.404946 0.725831
v -0.223676 -0.430160 0.582835
v -0.223676 -0.405077 0.685556
v -0.223676 -0.405077 0.662829
v -0.223676 -0.404946 0.622555
v -0.223676 -0.396301 0.600910
v -0.223676 -0.356765 0.504148
v -0.223676 -0.367389 0.598398
v -0.223676 -0.305478 0.454252
v -0.223676 -0.356798 0.480828
v -0.223676 -0.365703 0.475383
v -0.223676 -0.379727 0.454252
v -0.223676 -0.379743 0.475383
v -0.223676 -0.379743 0.873002
v -0.223676 -0.365703 0.873002
v -0.223676 -0.379727 0.894133
v -0.223676 -0.305326 0.894133
v -0.223676 -0.362803 0.967183
v -0.223676 -0.305160 0.967238
v -0.223676 -0.362803 0.971905
v -0.223676 -0.311871 0.997552
v -0.223676 -0.293231 0.997552
v -0.223676 -0.272579 0.989065
v -0.223676 -0.259074 0.975352
v -0.223676 -0.250559 0.958470
v -0.223676 -0.250559 0.389916
v -0.223676 -0.279954 0.606913
v -0.223676 -0.363281 0.606913
v -0.223676 -0.259074 0.373033
v -0.223676 -0.305790 0.381032
v -0.223676 -0.272579 0.359321
v -0.223676 -0.293231 0.350833
v -0.223676 -0.311871 0.350833
v -0.223676 -0.362803 0.377515
v -0.223676 -0.362803 0.381013
v -0.248325 -0.318360 0.458672
v -0.248325 -0.329511 0.466046
v -0.248325 -0.335862 0.478147
v -0.248325 -0.340580 0.494207
v -0.248325 -0.300638 0.971905
v -0.248325 -0.362803 0.971905
v -0.244369 -0.311871 0.997552
v -0.244369 -0.293231 0.997552
v -0.244369 -0.272579 0.989065
v -0.244369 -0.259074 0.975352
v -0.244369 -0.250559 0.958470
v -0.248325 -0.300538 0.892119
v -0.248325 -0.284891 0.754176
v -0.248325 -0.301995 0.754176
v -0.248325 -0.302023 0.768501
v -0.248325 -0.303096 0.776081
v -0.248325 -0.284921 0.768511
v -0.248325 -0.286102 0.780343
v -0.248325 -0.276918 0.789709
v -0.248325 -0.273865 0.800168
v -0.248325 -0.273935 0.818838
v -0.248325 -0.281190 0.831858
v -0.248325 -0.294187 0.839223
v -0.248325 -0.320194 0.840399
v -0.248325 -0.284891 0.594209
v -0.248325 -0.284921 0.579884
v -0.248325 -0.301995 0.594209
v -0.248325 -0.302023 0.579884
v -0.248325 -0.350574 0.812592
v -0.248325 -0.318360 0.889713
v -0.248325 -0.329511 0.882340
v -0.248325 -0.335862 0.870238
v -0.248325 -0.340581 0.854178
v -0.248325 -0.341327 0.828211
v -0.244369 -0.354162 0.501545
v -0.244369 -0.342452 0.489704
v -0.244369 -0.337663 0.472181
v -0.244369 -0.330501 0.461670
v -0.244369 -0.318764 0.454252
v -0.244369 -0.305707 0.454252
v -0.223676 -0.404946 -0.648031
v -0.223676 -0.405077 -0.688306
v -0.223676 -0.404946 -0.648031
v -0.244369 -0.318764 -0.479729
v 0.247089 -0.313090 -0.469840
v 0.274691 -0.307551 -0.469840
v 0.274691 -0.313090 -0.469840
v 0.247089 -0.307551 -0.469840
v 0.274691 -0.307551 -0.415323
v 0.247089 -0.307551 -0.415323
v 0.274691 -0.313090 -0.415323
v 0.247089 -0.313090 -0.415323
v 0.247089 -0.313090 -0.408302
v 0.274691 -0.350433 -0.408302
v 0.274691 -0.313090 -0.408302
v 0.247089 -0.350433 -0.408302
v 0.247089 -0.350433 -0.476862
v 0.274691 -0.313090 -0.476862
v 0.274691 -0.350433 -0.476862
v 0.247089 -0.313090 -0.476862
v 0.274691 -0.307551 -0.415323
v 0.274691 -0.313090 -0.469840
v 0.274691 -0.307551 -0.469840
v 0.274691 -0.313090 -0.415323
v 0.274691 -0.350433 -0.476862
v 0.274691 -0.313090 -0.408302
v 0.274691 -0.350433 -0.408302
v 0.274691 -0.313090 -0.476862
v 0.247089 -0.350433 -0.408302
v 0.274691 -0.350433 -0.408302
v -0.244369 -0.305790 0.381032
v -0.244369 -0.362803 0.381013
v 0.225979 -0.283435 -0.760068
v 0.254056 -0.283435 -0.760069
v 0.225979 -0.318930 -0.760069
v 0.270779 -0.318932 -0.760069
v 0.271395 -0.318932 -0.699669
v 0.225979 -0.318930 -0.639727
v 0.270779 -0.318932 -0.639727
v 0.254056 -0.283435 -0.639726
v 0.225979 -0.283435 -0.639727
v 0.253319 -0.283435 -0.699669
v 0.225979 -0.283435 -0.760068
v -0.244369 -0.379727 0.454252
v -0.244369 -0.379741 0.472796
v -0.244369 -0.364387 0.472796
v -0.244369 -0.354155 0.479634
v 0.256262 -0.288098 -0.695529
v 0.253319 -0.283435 -0.699669
v 0.256261 -0.288098 -0.647480
v 0.254056 -0.283435 -0.639726
v 0.267008 -0.310944 -0.647480
v 0.270779 -0.318932 -0.639727
v 0.271395 -0.318932 -0.699669
v 0.266997 -0.310944 -0.695531
v 0.266997 -0.310944 -0.703712
v 0.256262 -0.288098 -0.703714
v 0.256261 -0.288098 -0.752315
v 0.254056 -0.283435 -0.760069
v 0.267008 -0.310944 -0.752315
v 0.270779 -0.318932 -0.760069
v 0.256261 -0.288098 -0.752315
v 0.266997 -0.310944 -0.703712
v 0.267008 -0.310944 -0.752315
v 0.256262 -0.288098 -0.703714
v 0.267008 -0.310944 -0.647480
v 0.256262 -0.288098 -0.695529
v 0.256261 -0.288098 -0.647480
v 0.266997 -0.310944 -0.695531
v 0.225979 -0.318930 -0.760069
v 0.225979 -0.318930 -0.639727
v 0.274691 -0.307551 -0.929494
v 0.247089 -0.313090 -0.929494
v 0.274691 -0.313090 -0.929494
v 0.247089 -0.307551 -0.929494
v 0.274691 -0.307551 -0.984011
v 0.247089 -0.307551 -0.984011
v 0.274691 -0.313090 -0.984011
v 0.247089 -0.313090 -0.984011
v 0.274691 -0.350433 -0.991032
v 0.247089 -0.313090 -0.991032
v 0.274691 -0.313090 -0.991032
v 0.247089 -0.350433 -0.991032
v 0.274691 -0.313090 -0.922472
v 0.247089 -0.350433 -0.922472
v 0.274691 -0.350433 -0.922472
v 0.247089 -0.313090 -0.922472
v -0.241543 -0.365703 0.475383
v -0.241543 -0.379743 0.475383
v -0.241543 -0.356798 0.480828
v 0.274691 -0.313090 -0.929494
v 0.274691 -0.307551 -0.984011
v 0.274691 -0.307551 -0.929494
v 0.274691 -0.313090 -0.984011
v 0.274691 -0.350433 -0.922472
v 0.274691 -0.313090 -0.991032
v 0.274691 -0.350433 -0.991032
v 0.274691 -0.313090 -0.922472
v 0.247089 -0.350433 -0.991032
v 0.274691 -0.350433 -0.991032
v -0.244369 -0.250559 0.958470
v -0.223676 -0.250559 0.389916
v -0.244369 -0.250559 0.389916
v -0.223676 -0.250559 0.958470
v -0.244369 -0.259074 0.975352
v -0.223676 -0.259074 0.975352
v -0.244369 -0.272579 0.989065
v -0.223676 -0.272579 0.989065
v -0.244369 -0.293231 0.997552
v -0.223676 -0.293231 0.997552
v -0.244369 -0.311871 0.997552
v -0.223676 -0.311871 0.997552
v 0.271729 -0.300638 -0.401957
v 0.271729 -0.300538 -0.481744
v 0.267773 -0.250559 -0.415392
v 0.267773 -0.259074 -0.398510
v 0.267773 -0.272578 -0.384797
v 0.267773 -0.293231 -0.376309
v 0.267773 -0.311871 -0.376309
v 0.271729 -0.362803 -0.401957
v -0.244369 -0.345958 0.812690
v -0.244369 -0.338284 0.825643
v -0.244369 -0.319313 0.836506
v -0.244369 -0.294206 0.835145
v -0.244369 -0.284082 0.828899
v -0.244369 -0.277895 0.817836
v -0.244369 -0.277818 0.800972
v -0.244369 -0.280262 0.791965
v -0.244369 -0.287725 0.784501
v -0.244369 -0.303756 0.780752
v 0.271729 -0.360494 -0.770905
v 0.271729 -0.364380 -0.779623
v 0.271729 -0.301995 -0.779653
v 0.271729 -0.284891 -0.779653
v 0.271729 -0.276471 -0.770906
v -0.244369 -0.305326 0.894133
v -0.244369 -0.305160 0.967238
v -0.244369 -0.362803 0.967183
v 0.271729 -0.302069 0.377499
v 0.271729 -0.362803 0.377515
v 0.267773 -0.311871 0.350833
v 0.267773 -0.293231 0.350833
v 0.267773 -0.272579 0.359321
v 0.267773 -0.259074 0.373033
v 0.267773 -0.250559 0.389916
v 0.271729 -0.302023 0.579884
v 0.271729 -0.303096 0.572304
v 0.271729 -0.284921 0.579884
v 0.271729 -0.286102 0.568043
v 0.271729 -0.276918 0.558676
v 0.271729 -0.273865 0.548217
v 0.271729 -0.273935 0.529547
v 0.271729 -0.281190 0.516527
v 0.271729 -0.294187 0.509163
v 0.271729 -0.320194 0.507986
v 0.271729 -0.284891 0.754176
v 0.271729 -0.284921 0.768511
v 0.271729 -0.350574 0.535794
v 0.271729 -0.301995 0.754176
v 0.271729 -0.302023 0.768501
v 0.271729 -0.341327 0.520174
v 0.247080 -0.362803 -0.996347
v 0.267773 -0.311871 -1.023029
v 0.271729 -0.362803 -0.996347
v 0.247080 -0.311871 -1.023029
v 0.247080 -0.293231 -1.023029
v 0.267773 -0.293231 -1.023029
v 0.247080 -0.272578 -1.014542
v 0.267773 -0.272578 -1.014542
v 0.247080 -0.259074 -1.000829
v 0.267773 -0.259074 -1.000829
v 0.247080 -0.250559 -0.983946
v 0.267773 -0.250559 -0.983946
v 0.255744 -0.287725 -0.809978
v 0.267773 -0.303756 -0.806229
v 0.255744 -0.303756 -0.806229
v 0.267773 -0.287725 -0.809978
v 0.255744 -0.280262 -0.817442
v 0.267773 -0.280262 -0.817442
v 0.255744 -0.277818 -0.826449
v 0.267773 -0.277818 -0.826449
v 0.255744 -0.277895 -0.843312
v 0.267773 -0.277895 -0.843312
v 0.255744 -0.284081 -0.854376
v 0.267773 -0.284081 -0.854376
v 0.255744 -0.294206 -0.860621
v 0.267773 -0.294206 -0.860621
v 0.255744 -0.319313 -0.861983
v 0.267773 -0.319313 -0.861983
v 0.255744 -0.338284 -0.851120
v 0.267773 -0.338284 -0.851120
v 0.255744 -0.345958 -0.838167
v 0.267773 -0.345958 -0.838167
v 0.247080 -0.305789 -0.992830
v 0.267773 -0.305707 -0.919610
v 0.247080 -0.305477 -0.919610
v 0.267773 -0.305789 -0.992830
v 0.247080 -0.362803 -0.992849
v 0.267773 -0.362803 -0.992849
v 0.267773 -0.345958 0.535695
v 0.267773 -0.338284 0.522742
v 0.267773 -0.319313 0.511879
v 0.267773 -0.294206 0.513241
v 0.267773 -0.284081 0.519486
v 0.267773 -0.277895 0.530549
v 0.267773 -0.277818 0.547413
v 0.267773 -0.280262 0.556420
v 0.267773 -0.287725 0.563884
v 0.267773 -0.303756 0.567633
v 0.271729 -0.302023 -0.793977
v 0.255744 -0.284921 -0.793977
v 0.255744 -0.302023 -0.793977
v 0.271729 -0.284921 -0.793977
v 0.255744 -0.284891 -0.779653
v 0.271729 -0.284891 -0.779653
v 0.255744 -0.301995 -0.779653
v 0.271729 -0.301995 -0.779653
v 0.247080 -0.367389 -0.775464
v 0.267773 -0.363280 -0.766949
v 0.247080 -0.363280 -0.766949
v 0.267774 -0.367389 -0.775464
v 0.255744 -0.302023 -0.793977
v 0.271729 -0.302023 -0.793977
v 0.267773 -0.430160 -0.791028
v 0.247080 -0.356765 -0.869714
v 0.267773 -0.356765 -0.869714
v 0.247080 -0.430160 -0.791028
v 0.267773 -0.430160 -0.608311
v 0.247080 -0.430160 -0.608311
v 0.247080 -0.396301 -0.772952
v 0.267773 -0.396301 -0.772952
v 0.247080 -0.404946 -0.751308
v 0.267773 -0.404946 -0.751308
v 0.255744 -0.303756 -0.806229
v 0.267773 -0.303756 -0.806229
v 0.267773 -0.356765 -0.869714
v 0.267773 -0.354162 -0.872318
v 0.271729 -0.353676 -0.867161
v 0.271729 -0.340580 -0.879655
v 0.267773 -0.342452 -0.884158
v 0.271729 -0.335862 -0.895715
v 0.267773 -0.337663 -0.901681
v 0.271729 -0.329511 -0.907817
v 0.267773 -0.330501 -0.912192
v 0.271729 -0.318360 -0.915190
v 0.267773 -0.318764 -0.919610
v 0.267773 -0.305707 -0.919610
v 0.271729 -0.302055 -0.917595
v 0.267773 -0.430160 -0.608311
v 0.271729 -0.353676 -0.532178
v 0.267773 -0.356842 -0.529698
v 0.271729 -0.427128 -0.612092
v 0.267773 -0.430160 -0.791028
v 0.271729 -0.427128 -0.787247
v 0.267774 -0.367389 -0.775464
v 0.267773 -0.363280 -0.766949
v 0.271729 -0.364380 -0.619716
v 0.271729 -0.398018 -0.622755
v 0.267773 -0.367389 -0.623892
v 0.267773 -0.396301 -0.626386
v 0.271729 -0.408849 -0.647292
v 0.267773 -0.404946 -0.648031
v 0.267773 -0.405077 -0.688306
v 0.267773 -0.405077 -0.711033
v 0.271729 -0.408849 -0.752046
v 0.267773 -0.404946 -0.751308
v 0.267773 -0.396301 -0.772952
v 0.271729 -0.398018 -0.776584
v 0.267773 -0.354155 -0.894228
v 0.267773 -0.364387 -0.901067
v 0.267773 -0.379726 -0.919610
v 0.267773 -0.379741 -0.901067
v 0.264947 -0.379743 -0.898479
v 0.264947 -0.365703 -0.898479
v 0.247080 -0.379743 -0.898479
v 0.247080 -0.365703 -0.898479
v 0.264947 -0.356798 -0.893034
v 0.247080 -0.356798 -0.893034
v 0.267773 -0.318764 -0.919610
v 0.267773 -0.379726 -0.919610
v 0.247080 -0.379726 -0.919610
v 0.267773 -0.305789 0.381032
v 0.267773 -0.362803 0.381013
v 0.264947 -0.365703 -0.898479
v 0.264947 -0.379743 -0.898479
v 0.264947 -0.356798 -0.893034
v 0.267773 -0.311871 0.997552
v 0.247080 -0.311871 0.997552
v 0.247080 -0.293231 0.997552
v 0.267773 -0.293231 0.997552
v 0.247080 -0.272579 0.989065
v 0.267773 -0.272579 0.989065
v 0.247080 -0.259074 0.975352
v 0.267773 -0.259074 0.975352
v 0.247080 -0.250559 0.958470
v 0.267773 -0.250559 0.958470
v 0.247080 -0.250559 0.389916
v 0.267773 -0.250559 0.389916
v 0.267773 -0.338284 0.825643
v 0.255744 -0.338284 0.825643
v 0.267773 -0.319313 0.836506
v 0.255744 -0.319313 0.836506
v 0.267773 -0.294206 0.835145
v 0.255744 -0.294206 0.835145
v 0.267773 -0.284081 0.828899
v 0.255744 -0.284081 0.828899
v 0.267773 -0.277895 0.817836
v 0.255744 -0.277895 0.817836
v 0.267773 -0.277818 0.800972
v 0.255744 -0.277818 0.800972
v 0.267773 -0.280262 0.791965
v 0.255744 -0.280262 0.791965
v 0.267773 -0.287725 0.784501
v 0.255744 -0.287725 0.784501
v 0.267773 -0.303756 0.780752
v 0.255744 -0.303756 0.780752
v 0.267773 -0.404946 0.725831
v 0.247080 -0.404946 0.725831
v 0.267773 -0.396301 0.747475
v 0.247080 -0.396301 0.747475
v 0.267773 -0.379741 -0.901067
v 0.267773 -0.279954 -0.766949
v 0.247080 -0.279954 -0.766949
v 0.267773 -0.279954 -0.766949
v 0.267773 -0.379726 0.894133
v 0.267773 -0.379741 0.875590
v 0.267773 -0.364387 0.875590
v 0.267773 -0.354155 0.868751
v 0.257974 -0.395591 -0.750691
v 0.267773 -0.404946 -0.751308
v 0.264948 -0.356798 0.867557
v 0.247080 -0.356798 0.867557
v 0.247080 -0.365703 0.873002
v 0.264948 -0.365703 0.873002
v 0.247080 -0.404946 -0.751308
v 0.247080 -0.405077 -0.711033
v 0.247080 -0.404946 -0.751308
v 0.247080 -0.405077 -0.711033
v 0.247080 -0.405077 -0.688306
v 0.267773 -0.305160 -0.406624
v 0.247080 -0.362803 -0.406679
v 0.247080 -0.305160 -0.406624
v 0.267773 -0.362803 -0.406679
v 0.247080 -0.362803 -0.401957
v 0.271729 -0.362803 -0.401957
v 0.255744 -0.302023 -0.605361
v 0.271729 -0.301995 -0.619686
v 0.255744 -0.301995 -0.619686
v 0.271729 -0.302023 -0.605361
v 0.255744 -0.284921 -0.605351
v 0.271729 -0.284921 -0.605351
v 0.255744 -0.284891 -0.619686
v 0.271729 -0.284891 -0.619686
v 0.255744 -0.301995 -0.619686
v 0.271729 -0.301995 -0.619686
v 0.247080 -0.367389 -0.623892
v 0.267773 -0.367389 -0.623892
v 0.247080 -0.356842 -0.529698
v 0.267773 -0.430160 -0.608311
v 0.267773 -0.356842 -0.529698
v 0.247080 -0.430160 -0.608311
v 0.267773 -0.305326 -0.479729
v 0.247080 -0.305326 -0.479729
v 0.267773 -0.345958 -0.561172
v 0.255744 -0.303756 -0.593110
v 0.255744 -0.345958 -0.561172
v 0.267773 -0.303756 -0.593110
v 0.264948 -0.365703 0.873002
v 0.264948 -0.379743 0.873002
v 0.264948 -0.356798 0.867557
v 0.271729 -0.350574 -0.561271
v 0.267773 -0.345958 -0.561172
v 0.271729 -0.341327 -0.545651
v 0.267773 -0.338284 -0.548218
v 0.271729 -0.320194 -0.533463
v 0.267773 -0.319313 -0.537356
v 0.271729 -0.294187 -0.534640
v 0.267773 -0.294206 -0.538718
v 0.271729 -0.281190 -0.542004
v 0.267773 -0.284081 -0.544963
v 0.271729 -0.273935 -0.555024
v 0.267773 -0.277895 -0.556026
v 0.271729 -0.273865 -0.573693
v 0.267773 -0.277818 -0.572890
v 0.267773 -0.280262 -0.581897
v 0.271729 -0.276918 -0.584153
v 0.267773 -0.287725 -0.589361
v 0.271729 -0.286102 -0.593519
v 0.271729 -0.303096 -0.597781
v 0.267773 -0.303756 -0.593110
v 0.247080 -0.362803 0.381013
v 0.247080 -0.305789 0.381032
v 0.247080 -0.362803 0.377515
v 0.247080 -0.311871 0.350833
v 0.247080 -0.293231 0.350833
v 0.247080 -0.272579 0.359321
v 0.247080 -0.259074 0.373033
v 0.247080 -0.305477 0.454252
v 0.247080 -0.250559 0.389916
v 0.247080 -0.367389 0.598398
v 0.247080 -0.356798 0.480828
v 0.247080 -0.356765 0.504148
v 0.247080 -0.365703 0.475383
v 0.247080 -0.379726 0.454252
v 0.247080 -0.379743 0.475383
v 0.247080 -0.396301 0.600910
v 0.247080 -0.430160 0.582835
v 0.247080 -0.404946 0.622555
v 0.247080 -0.405077 0.662829
v 0.247080 -0.405077 0.685556
v 0.247080 -0.404946 0.725831
v 0.247080 -0.430160 0.765551
v 0.247080 -0.396301 0.747475
v 0.247080 -0.367389 0.749970
v 0.247080 -0.356842 0.844164
v 0.247080 -0.363281 0.741472
v 0.247080 -0.279954 0.741472
v 0.247080 -0.356798 0.867557
v 0.247080 -0.305326 0.894133
v 0.247080 -0.365703 0.873002
v 0.247080 -0.379726 0.894133
v 0.247080 -0.379743 0.873002
v 0.247080 -0.363281 0.606913
v 0.247080 -0.279954 0.606913
v 0.247080 -0.250559 0.958470
v 0.247080 -0.259074 0.975352
v 0.247080 -0.305160 0.967238
v 0.247080 -0.272579 0.989065
v 0.247080 -0.293231 0.997552
v 0.247080 -0.311871 0.997552
v 0.247080 -0.362803 0.971905
v 0.247080 -0.362803 0.967183
v 0.247200 -0.275919 0.328551
v 0.215543 -0.275919 0.328551
v 0.247200 -0.299818 0.317305
v 0.215543 -0.299818 0.317305
v 0.247200 -0.325764 0.312355
v 0.215543 -0.325764 0.312355
v 0.247200 -0.352125 0.314014
v 0.215543 -0.352125 0.314014
v 0.247200 -0.377246 0.322176
v 0.215543 -0.377246 0.322176
v 0.247200 -0.399548 0.336329
v 0.215543 -0.399548 0.336329
v 0.247200 -0.417629 0.355584
v 0.215543 -0.417629 0.355584
v 0.247200 -0.430354 0.378730
v 0.215543 -0.430354 0.378730
v 0.247200 -0.436923 0.404314
v 0.215543 -0.436923 0.404314
v 0.247200 -0.436923 0.430728
v 0.215543 -0.436923 0.430728
v 0.247200 -0.299818 0.517737
v 0.215543 -0.299818 0.517737
v 0.247200 -0.275919 0.506491
v 0.215543 -0.275919 0.506491
v 0.247200 -0.255566 0.489654
v 0.215543 -0.255566 0.489654
v 0.247200 -0.240041 0.468285
v 0.215543 -0.240041 0.468285
v 0.247200 -0.230317 0.443726
v 0.215543 -0.230317 0.443726
v 0.247200 -0.227007 0.417521
v 0.215543 -0.227007 0.417521
v 0.247200 -0.230317 0.391316
v 0.215543 -0.230317 0.391316
v 0.247200 -0.240041 0.366757
v 0.215543 -0.240041 0.366757
v 0.247200 -0.255566 0.345388
v 0.215543 -0.255566 0.345388
v 0.247200 -0.436923 0.430728
v 0.215543 -0.436923 0.430728
v 0.247200 -0.430354 0.456311
v 0.215543 -0.430354 0.456311
v 0.247200 -0.417629 0.479458
v 0.215543 -0.417629 0.479458
v 0.247200 -0.399548 0.498713
v 0.215543 -0.399548 0.498713
v 0.247200 -0.377246 0.512865
v 0.215543 -0.377246 0.512865
v 0.247200 -0.352125 0.521028
v 0.215543 -0.352125 0.521028
v 0.247200 -0.325764 0.522686
v 0.215543 -0.325764 0.522686
v 0.247200 -0.246894 0.497842
v 0.215543 -0.246894 0.497842
v 0.247200 -0.269556 0.516590
v 0.215543 -0.269556 0.516590
v 0.247200 -0.296169 0.529113
v 0.215543 -0.296169 0.529113
v 0.247200 -0.325060 0.534624
v 0.215543 -0.325060 0.534624
v 0.247200 -0.354414 0.532778
v 0.215543 -0.354414 0.532778
v 0.247200 -0.382386 0.523689
v 0.215543 -0.382386 0.523689
v 0.247200 -0.407220 0.507929
v 0.215543 -0.407220 0.507929
v 0.247200 -0.427354 0.486489
v 0.215543 -0.427354 0.486489
v 0.247200 -0.441523 0.460715
v 0.215543 -0.441523 0.460715
v 0.247200 -0.448838 0.432227
v 0.215543 -0.448838 0.432227
v 0.247200 -0.325060 0.300417
v 0.215543 -0.325060 0.300417
v 0.247200 -0.296169 0.305928
v 0.215543 -0.296169 0.305928
v 0.247200 -0.269556 0.318451
v 0.215543 -0.269556 0.318451
v 0.247200 -0.246894 0.337199
v 0.215543 -0.246894 0.337199
v 0.247200 -0.229606 0.360994
v 0.215543 -0.229606 0.360994
v 0.247200 -0.218779 0.388341
v 0.215543 -0.218779 0.388341
v 0.247200 -0.215092 0.417521
v 0.215543 -0.215092 0.417521
v 0.247200 -0.218779 0.446701
v 0.215543 -0.218779 0.446701
v 0.247200 -0.229606 0.474047
v 0.215543 -0.229606 0.474047
v 0.247200 -0.448838 0.432227
v 0.215543 -0.448838 0.432227
v 0.247200 -0.448838 0.402815
v 0.215543 -0.448838 0.402815
v 0.247200 -0.441523 0.374327
v 0.215543 -0.441523 0.374327
v 0.247200 -0.427354 0.348553
v 0.215543 -0.427354 0.348553
v 0.247200 -0.407220 0.327112
v 0.215543 -0.407220 0.327112
v 0.247200 -0.382386 0.311353
v 0.215543 -0.382386 0.311353
v 0.247200 -0.354414 0.302264
v 0.215543 -0.354414 0.302264
v 0.247200 -0.325764 0.312355
v 0.247200 -0.352125 0.314014
v 0.247200 -0.325060 0.300417
v 0.247200 -0.296169 0.305928
v 0.247200 -0.299818 0.317305
v 0.247200 -0.269556 0.318451
v 0.247200 -0.275919 0.328551
v 0.247200 -0.246894 0.337199
v 0.247200 -0.255566 0.345388
v 0.247200 -0.229606 0.360994
v 0.247200 -0.240041 0.366757
v 0.247200 -0.218779 0.388341
v 0.247200 -0.230317 0.391316
v 0.247200 -0.227007 0.417521
v 0.247200 -0.215092 0.417521
v 0.247200 -0.230317 0.443726
v 0.247200 -0.218779 0.446701
v 0.247200 -0.240041 0.468285
v 0.247200 -0.229606 0.474047
v 0.247200 -0.255566 0.489654
v 0.247200 -0.246894 0.497842
v 0.247200 -0.275919 0.506491
v 0.247200 -0.269556 0.516590
v 0.247200 -0.299818 0.517737
v 0.247200 -0.296169 0.529113
v 0.247200 -0.325764 0.522686
v 0.247200 -0.325060 0.534624
v 0.247200 -0.352125 0.521028
v 0.247200 -0.354414 0.532778
v 0.247200 -0.377246 0.512865
v 0.247200 -0.382386 0.523689
v 0.247200 -0.399548 0.498713
v 0.247200 -0.407220 0.507929
v 0.247200 -0.417629 0.479458
v 0.247200 -0.427354 0.486489
v 0.247200 -0.430354 0.456311
v 0.247200 -0.441523 0.460715
v 0.247200 -0.436923 0.430728
v 0.247200 -0.448838 0.432227
v 0.247200 -0.436923 0.404314
v 0.247200 -0.448838 0.402815
v 0.247200 -0.441523 0.374327
v 0.247200 -0.430354 0.378730
v 0.247200 -0.427354 0.348553
v 0.247200 -0.417629 0.355584
v 0.247200 -0.407220 0.327112
v 0.247200 -0.399548 0.336329
v 0.247200 -0.382386 0.311353
v 0.247200 -0.377246 0.322176
v 0.247200 -0.354414 0.302264
v 0.247200 -0.354414 1.045753
v 0.247200 -0.352125 1.034003
v 0.247200 -0.325060 1.047600
v 0.247200 -0.325764 1.035662
v 0.247200 -0.296169 1.042089
v 0.247200 -0.299818 1.030713
v 0.247200 -0.269556 1.029566
v 0.247200 -0.275919 1.019466
v 0.247200 -0.246894 1.010818
v 0.247200 -0.255566 1.002629
v 0.247200 -0.229606 0.987023
v 0.247200 -0.240041 0.981261
v 0.247200 -0.218779 0.959676
v 0.247200 -0.230317 0.956702
v 0.247200 -0.227007 0.930496
v 0.247200 -0.215092 0.930496
v 0.247200 -0.230317 0.904291
v 0.247200 -0.218779 0.901316
v 0.247200 -0.240041 0.879732
v 0.247200 -0.229606 0.873970
v 0.247200 -0.255566 0.858363
v 0.247200 -0.246894 0.850175
v 0.247200 -0.275919 0.841526
v 0.247200 -0.269556 0.831427
v 0.247200 -0.299818 0.830280
v 0.247200 -0.296169 0.818904
v 0.247200 -0.325764 0.825331
v 0.247200 -0.325060 0.813392
v 0.247200 -0.352125 0.826989
v 0.247200 -0.354414 0.815240
v 0.247200 -0.377246 0.835151
v 0.247200 -0.382386 0.824328
v 0.247200 -0.399548 0.849304
v 0.247200 -0.407220 0.840088
v 0.247200 -0.417629 0.868559
v 0.247200 -0.427354 0.861529
v 0.247200 -0.430354 0.891706
v 0.247200 -0.441523 0.887302
v 0.247200 -0.436923 0.917290
v 0.247200 -0.448838 0.915790
v 0.247200 -0.436923 0.943703
v 0.247200 -0.448838 0.945202
v 0.247200 -0.441523 0.973691
v 0.247200 -0.430354 0.969287
v 0.247200 -0.427354 0.999464
v 0.247200 -0.417629 0.992433
v 0.247200 -0.407220 1.020905
v 0.247200 -0.399548 1.011688
v 0.247200 -0.382386 1.036665
v 0.247200 -0.377246 1.025841
v -0.230698 -0.283435 0.674193
v -0.230698 -0.283435 0.613794
v -0.202622 -0.283435 0.613794
v -0.202622 -0.318930 0.613794
v -0.247422 -0.318932 0.613794
v -0.247422 -0.318932 0.674193
v -0.202622 -0.318930 0.734136
v -0.247422 -0.318932 0.734136
v -0.230698 -0.283435 0.734136
v 0.267773 -0.354161 -0.527021
v 0.271729 -0.340580 -0.519684
v 0.267773 -0.342452 -0.515180
v 0.271729 -0.335862 -0.503624
v 0.267773 -0.337663 -0.497658
v 0.271729 -0.329511 -0.491523
v 0.267773 -0.330501 -0.487147
v 0.271729 -0.318360 -0.484149
v 0.267773 -0.318764 -0.479729
v 0.267773 -0.305326 -0.479729
v 0.267773 -0.305160 -0.406624
v 0.267773 -0.362803 -0.406679
v -0.248325 -0.300638 -0.401957
v -0.248325 -0.362803 -0.401957
v -0.244369 -0.311871 -0.376309
v -0.244369 -0.293231 -0.376309
v -0.244369 -0.272578 -0.384797
v -0.244369 -0.259074 -0.398510
v -0.244369 -0.250559 -0.415392
v -0.248325 -0.300538 -0.481744
v -0.248325 -0.284891 -0.619686
v -0.248325 -0.301995 -0.619686
v -0.248325 -0.302023 -0.605361
v -0.248325 -0.303096 -0.597781
v -0.248325 -0.284921 -0.605351
v -0.248325 -0.286102 -0.593519
v -0.248325 -0.276918 -0.584153
v -0.248325 -0.273865 -0.573693
v -0.248325 -0.273935 -0.555024
v -0.248325 -0.281190 -0.542004
v -0.248325 -0.294187 -0.534640
v -0.248325 -0.320194 -0.533463
v -0.248325 -0.284921 -0.793977
v -0.248325 -0.302023 -0.793977
v -0.248325 -0.318360 -0.915190
v -0.248325 -0.329511 -0.907817
v -0.248325 -0.335862 -0.895715
v -0.248325 -0.340580 -0.879655
v -0.248325 -0.353676 -0.867161
v -0.248325 -0.427128 -0.787247
v -0.248325 -0.427128 -0.612092
v -0.248325 -0.350574 -0.561271
v -0.248325 -0.318360 -0.484149
v -0.248325 -0.329511 -0.491523
v -0.248325 -0.335862 -0.503624
v -0.248325 -0.340580 -0.519684
v -0.248325 -0.341327 -0.545651
v -0.248325 -0.353676 -0.532178
v -0.244369 -0.338284 -0.851120
v -0.232340 -0.338284 -0.851120
v -0.244369 -0.319313 -0.861983
v -0.232340 -0.319313 -0.861983
v -0.244369 -0.294206 -0.860621
v -0.232340 -0.294206 -0.860621
v -0.244369 -0.284082 -0.854376
v -0.232340 -0.284082 -0.854376
v -0.244369 -0.277895 -0.843312
v -0.232340 -0.277895 -0.843312
v -0.244369 -0.277818 -0.826449
v -0.232340 -0.277818 -0.826449
v -0.244369 -0.280262 -0.817442
v -0.232340 -0.280262 -0.817442
v -0.244369 -0.287725 -0.809978
v -0.232340 -0.287725 -0.809978
v -0.244369 -0.303756 -0.806229
v -0.232340 -0.303756 -0.806229
v -0.244369 -0.430160 -0.608311
v -0.223676 -0.430160 -0.791028
v -0.223676 -0.430160 -0.608311
v -0.244369 -0.430160 -0.791028
v -0.223676 -0.356765 -0.869714
v -0.244369 -0.356765 -0.869714
v -0.244369 -0.404946 -0.751308
v -0.223676 -0.404946 -0.751308
v -0.244369 -0.396301 -0.772952
v -0.223676 -0.396301 -0.772952
v -0.244369 -0.356765 -0.869714
v -0.244369 -0.354162 -0.872318
v -0.244369 -0.342452 -0.884158
v -0.244369 -0.337663 -0.901681
v -0.244369 -0.330501 -0.912192
v -0.244369 -0.318764 -0.919610
v -0.244369 -0.305707 -0.919610
v 0.257974 -0.395591 -0.648647
v 0.267773 -0.404946 -0.648031
v -0.244369 -0.430160 -0.791028
v -0.244369 -0.430160 -0.608311
v 0.247080 -0.404946 -0.648031
v 0.247080 -0.405077 -0.688306
v 0.247080 -0.404946 -0.648031
v -0.244369 -0.305790 -0.992830
v -0.244369 -0.362803 -0.992849
v 0.267773 -0.318764 -0.479729
v 0.202673 -0.265185 -0.337358
v 0.215543 -0.240936 -0.357419
v 0.202673 -0.240936 -0.357419
v 0.215543 -0.265185 -0.337358
v 0.202673 -0.293662 -0.323958
v 0.215543 -0.293662 -0.323958
v 0.202673 -0.324576 -0.318061
v 0.215543 -0.324576 -0.318061
v 0.202673 -0.355986 -0.320037
v 0.215543 -0.355986 -0.320037
v 0.202673 -0.385918 -0.329762
v 0.215543 -0.385918 -0.329762
v 0.202673 -0.412490 -0.346626
v 0.215543 -0.412490 -0.346626
v 0.202673 -0.434034 -0.369567
v 0.215543 -0.434034 -0.369567
v 0.202673 -0.449196 -0.397146
v 0.215543 -0.449196 -0.397146
v 0.202673 -0.457023 -0.427630
v 0.215543 -0.457023 -0.427630
v 0.202673 -0.293662 -0.562773
v 0.215543 -0.324576 -0.568670
v 0.202673 -0.324576 -0.568670
v 0.215543 -0.293662 -0.562773
v 0.202673 -0.265185 -0.549373
v 0.215543 -0.265185 -0.549373
v 0.202673 -0.240936 -0.529312
v 0.215543 -0.240936 -0.529312
v 0.202673 -0.222438 -0.503851
v 0.215543 -0.222438 -0.503851
v 0.202673 -0.210852 -0.474589
v 0.215543 -0.210852 -0.474589
v 0.202673 -0.206907 -0.443365
v 0.215543 -0.206907 -0.443365
v 0.202673 -0.210852 -0.412142
v 0.215543 -0.210852 -0.412142
v 0.202673 -0.222438 -0.382880
v 0.215543 -0.222438 -0.382880
v 0.202673 -0.457023 -0.459101
v 0.215543 -0.457023 -0.427630
v 0.202673 -0.457023 -0.427630
v 0.215543 -0.457023 -0.459101
v 0.202673 -0.449196 -0.489584
v 0.215543 -0.449196 -0.489584
v 0.202673 -0.434034 -0.517163
v 0.215543 -0.434034 -0.517163
v 0.202673 -0.412490 -0.540105
v 0.215543 -0.412490 -0.540105
v 0.202673 -0.385917 -0.556969
v 0.215543 -0.385917 -0.556969
v 0.202673 -0.355986 -0.566694
v 0.215543 -0.355986 -0.566694
v -0.244369 -0.379727 -0.919610
v -0.244369 -0.379741 -0.901067
v -0.244369 -0.364387 -0.901067
v -0.244369 -0.354155 -0.894228
v 0.215543 -0.434034 -0.517163
v 0.215543 -0.412490 -0.540105
v 0.215543 -0.240936 -0.529312
v 0.215543 -0.449196 -0.489584
v 0.215543 -0.457023 -0.459101
v 0.215543 -0.457023 -0.427630
v 0.215543 -0.449196 -0.397146
v 0.215543 -0.434034 -0.369567
v 0.215543 -0.412490 -0.346626
v 0.215543 -0.385918 -0.329762
v 0.215543 -0.355986 -0.320037
v 0.215543 -0.324576 -0.318061
v 0.215543 -0.293662 -0.323958
v 0.215543 -0.265185 -0.337358
v 0.215543 -0.240936 -0.357419
v 0.215543 -0.222438 -0.382880
v 0.215543 -0.210852 -0.412142
v 0.215543 -0.206907 -0.443365
v 0.215543 -0.210852 -0.474589
v 0.215543 -0.222438 -0.503851
v 0.215543 -0.293662 -0.562773
v 0.215543 -0.265185 -0.549373
v 0.215543 -0.324576 -0.568670
v 0.215543 -0.355986 -0.566694
v 0.215543 -0.385917 -0.556969
v -0.241543 -0.356798 -0.893034
v -0.223676 -0.356798 -0.893034
v -0.223676 -0.365703 -0.898479
v -0.241543 -0.365703 -0.898479
v 0.202673 -0.324576 -0.318061
v 0.202673 -0.293662 -0.323958
v 0.202673 -0.210852 -0.474589
v 0.202673 -0.355986 -0.320037
v 0.202673 -0.385918 -0.329762
v 0.202673 -0.412490 -0.346626
v 0.202673 -0.434034 -0.369567
v 0.202673 -0.449196 -0.397146
v 0.202673 -0.457023 -0.427630
v 0.202673 -0.457023 -0.459101
v 0.202673 -0.449196 -0.489584
v 0.202673 -0.434034 -0.517163
v 0.202673 -0.412490 -0.540105
v 0.202673 -0.385917 -0.556969
v 0.202673 -0.355986 -0.566694
v 0.202673 -0.324576 -0.568670
v 0.202673 -0.293662 -0.562773
v 0.202673 -0.265185 -0.549373
v 0.202673 -0.240936 -0.529312
v 0.202673 -0.222438 -0.503851
v 0.202673 -0.210852 -0.412142
v 0.202673 -0.206907 -0.443365
v 0.202673 -0.222438 -0.382880
v 0.202673 -0.240936 -0.357419
v 0.202673 -0.265185 -0.337358
v 0.215543 -0.296169 -0.331773
v 0.247200 -0.269556 -0.344296
v 0.215543 -0.269556 -0.344296
v 0.247200 -0.296169 -0.331773
v 0.215543 -0.325060 -0.326262
v 0.247200 -0.325060 -0.326262
v 0.215543 -0.354414 -0.328109
v 0.247200 -0.354414 -0.328109
v 0.215543 -0.382386 -0.337198
v 0.247200 -0.382386 -0.337198
v 0.215543 -0.407220 -0.352957
v 0.247200 -0.407220 -0.352957
v 0.215543 -0.427354 -0.374398
v 0.247200 -0.427354 -0.374398
v 0.215543 -0.441523 -0.400172
v 0.247200 -0.441523 -0.400172
v 0.215543 -0.448838 -0.428659
v 0.247200 -0.448838 -0.428659
v 0.215543 -0.448838 -0.458071
v 0.247200 -0.448838 -0.458071
v 0.215543 -0.269556 -0.542435
v 0.247200 -0.296169 -0.554958
v 0.215543 -0.296169 -0.554958
v 0.247200 -0.269556 -0.542435
v 0.215543 -0.246894 -0.523687
v 0.247200 -0.246894 -0.523687
v 0.215543 -0.229606 -0.499892
v 0.247200 -0.229606 -0.499892
v 0.215543 -0.218778 -0.472546
v 0.247200 -0.218778 -0.472546
v 0.215543 -0.215092 -0.443365
v 0.247200 -0.215092 -0.443365
v 0.215543 -0.218779 -0.414186
v 0.247200 -0.218779 -0.414186
v 0.215543 -0.229606 -0.386839
v 0.247200 -0.229606 -0.386839
v 0.215543 -0.246894 -0.363044
v 0.247200 -0.246894 -0.363044
v 0.215543 -0.441523 -0.486560
v 0.247200 -0.448838 -0.458071
v 0.215543 -0.448838 -0.458071
v 0.247200 -0.441523 -0.486560
v 0.215543 -0.427354 -0.512333
v 0.247200 -0.427354 -0.512333
v 0.215543 -0.407220 -0.533774
v 0.247200 -0.407220 -0.533774
v 0.215543 -0.382386 -0.549534
v 0.247200 -0.382386 -0.549534
v 0.215543 -0.354414 -0.558623
v 0.247200 -0.354414 -0.558623
v 0.215543 -0.325060 -0.560469
v 0.247200 -0.325060 -0.560469
v 0.215543 -0.275919 -0.532336
v 0.247200 -0.255566 -0.515499
v 0.215543 -0.255566 -0.515499
v 0.247200 -0.275919 -0.532336
v 0.215543 -0.299818 -0.543582
v 0.247200 -0.299818 -0.543582
v 0.215543 -0.325764 -0.548531
v 0.247200 -0.325764 -0.548531
v 0.215543 -0.352125 -0.546873
v 0.247200 -0.352125 -0.546873
v 0.215543 -0.377246 -0.538710
v 0.247200 -0.377246 -0.538710
v 0.215543 -0.399548 -0.524558
v 0.247200 -0.399548 -0.524558
v 0.215543 -0.417629 -0.505303
v 0.247200 -0.417629 -0.505303
v 0.215543 -0.430354 -0.482156
v 0.247200 -0.430354 -0.482156
v 0.215543 -0.436923 -0.456572
v 0.247200 -0.436923 -0.456572
v 0.215543 -0.299818 -0.343149
v 0.247200 -0.325764 -0.338200
v 0.215543 -0.325764 -0.338200
v 0.247200 -0.299818 -0.343149
v 0.215543 -0.275919 -0.354396
v 0.247200 -0.275919 -0.354396
v 0.215543 -0.255566 -0.371233
v 0.247200 -0.255566 -0.371233
v 0.215543 -0.240041 -0.392601
v 0.247200 -0.240041 -0.392601
v 0.215543 -0.230317 -0.417160
v 0.247200 -0.230317 -0.417160
v 0.215543 -0.227007 -0.443365
v 0.247200 -0.227007 -0.443365
v 0.215543 -0.230317 -0.469571
v 0.247200 -0.230317 -0.469571
v 0.215543 -0.240041 -0.494130
v 0.247200 -0.240041 -0.494130
v 0.215543 -0.436923 -0.430159
v 0.247200 -0.436923 -0.456572
v 0.215543 -0.436923 -0.456572
v 0.247200 -0.436923 -0.430159
v 0.215543 -0.430354 -0.404575
v 0.247200 -0.430354 -0.404575
v 0.215543 -0.417629 -0.381429
v 0.247200 -0.417629 -0.381429
v 0.215543 -0.399548 -0.362174
v 0.247200 -0.399548 -0.362174
v 0.215543 -0.377246 -0.348021
v 0.247200 -0.377246 -0.348021
v 0.215543 -0.352125 -0.339859
v 0.247200 -0.352125 -0.339859
v -0.241543 -0.365703 -0.898479
v -0.241543 -0.379743 -0.898479
v -0.241543 -0.356798 -0.893034
v 0.215543 -0.324576 -1.081646
v 0.215543 -0.293662 -1.075749
v 0.215543 -0.210852 -0.925118
v 0.215543 -0.355986 -1.079670
v 0.215543 -0.385917 -1.069945
v 0.215543 -0.412490 -1.053081
v 0.215543 -0.434034 -1.030140
v 0.215543 -0.449196 -1.002561
v 0.215543 -0.457023 -0.972077
v 0.215543 -0.457023 -0.940605
v 0.215543 -0.449196 -0.910123
v 0.215543 -0.434034 -0.882544
v 0.215543 -0.412490 -0.859602
v 0.215543 -0.385917 -0.842738
v 0.215543 -0.355986 -0.833013
v 0.215543 -0.324576 -0.831036
v 0.215543 -0.293662 -0.836934
v 0.215543 -0.265185 -0.850334
v 0.215543 -0.240936 -0.870395
v 0.215543 -0.222438 -0.895856
v 0.215543 -0.210852 -0.987565
v 0.215543 -0.206907 -0.956342
v 0.215543 -0.222438 -1.016827
v 0.215543 -0.240936 -1.042288
v 0.215543 -0.265185 -1.062349
v -0.244369 -0.250559 -0.415392
v -0.223676 -0.250559 -0.983946
v -0.244369 -0.250559 -0.983946
v -0.223676 -0.250559 -0.415392
v -0.244369 -0.259074 -0.398510
v -0.223676 -0.259074 -0.398510
v -0.244369 -0.272578 -0.384797
v -0.223676 -0.272578 -0.384797
v -0.244369 -0.293231 -0.376309
v -0.223676 -0.293231 -0.376309
v -0.244369 -0.311871 -0.376309
v -0.223676 -0.311871 -0.376309
v 0.202673 -0.434034 -0.882544
v 0.202673 -0.412490 -0.859602
v 0.202673 -0.240936 -0.870395
v 0.202673 -0.449196 -0.910123
v 0.202673 -0.457023 -0.940605
v 0.202673 -0.457023 -0.972077
v 0.202673 -0.449196 -1.002561
v 0.202673 -0.434034 -1.030140
v 0.202673 -0.412490 -1.053081
v 0.202673 -0.385917 -1.069945
v 0.202673 -0.355986 -1.079670
v 0.202673 -0.324576 -1.081646
v 0.202673 -0.293662 -1.075749
v 0.202673 -0.265185 -1.062349
v 0.202673 -0.240936 -1.042288
v 0.202673 -0.222438 -1.016827
v 0.202673 -0.210852 -0.987565
v 0.202673 -0.206907 -0.956342
v 0.202673 -0.210852 -0.925118
v 0.202673 -0.222438 -0.895856
v 0.202673 -0.293662 -0.836934
v 0.202673 -0.265185 -0.850334
v 0.202673 -0.324576 -0.831036
v 0.202673 -0.355986 -0.833013
v 0.202673 -0.385917 -0.842738
v 0.284460 -0.371809 -0.984805
v 0.284460 -0.357625 -0.991636
v 0.284460 -0.341881 -0.991636
v 0.284460 -0.381626 -0.972496
v 0.284460 -0.385129 -0.957146
v 0.284460 -0.381626 -0.941797
v 0.284460 -0.371809 -0.929488
v 0.284460 -0.357625 -0.922657
v 0.284460 -0.341881 -0.922657
v 0.284460 -0.327696 -0.929488
v 0.284460 -0.317880 -0.941797
v 0.284460 -0.314376 -0.957146
v 0.284460 -0.317880 -0.972496
v 0.284460 -0.327696 -0.984805
v -0.261123 -0.327696 -0.929488
v -0.261123 -0.317880 -0.941797
v -0.261123 -0.314640 -0.956938
v -0.261123 -0.341881 -0.922657
v -0.261123 -0.357625 -0.922657
v -0.261123 -0.371809 -0.929488
v -0.261123 -0.381626 -0.941797
v -0.261123 -0.385129 -0.957146
v -0.261123 -0.381626 -0.972496
v -0.261123 -0.371809 -0.984805
v -0.261123 -0.357625 -0.991636
v -0.261123 -0.341881 -0.991636
v -0.261123 -0.317880 -0.972496
v -0.261123 -0.327696 -0.984805
v -0.244369 -0.345958 -0.561172
v -0.244369 -0.338284 -0.548218
v -0.244369 -0.319313 -0.537356
v -0.244369 -0.294206 -0.538718
v -0.244369 -0.284082 -0.544963
v -0.244369 -0.277895 -0.556026
v -0.244369 -0.277818 -0.572890
v -0.244369 -0.280262 -0.581897
v -0.244369 -0.287725 -0.589361
v -0.244369 -0.303756 -0.593110
v -0.192186 -0.324576 -0.318061
v -0.192186 -0.293662 -0.323958
v -0.192186 -0.210852 -0.474589
v -0.192186 -0.355987 -0.320037
v -0.192186 -0.385918 -0.329762
v -0.192186 -0.412490 -0.346626
v -0.192186 -0.434034 -0.369567
v -0.192186 -0.449196 -0.397146
v -0.192186 -0.457023 -0.427630
v -0.192186 -0.457023 -0.459101
v -0.192186 -0.449196 -0.489584
v -0.192186 -0.434034 -0.517163
v -0.192186 -0.412490 -0.540105
v -0.192186 -0.385917 -0.556969
v -0.192186 -0.355986 -0.566694
v -0.192186 -0.324576 -0.568670
v -0.192186 -0.293662 -0.562773
v -0.192186 -0.265185 -0.549373
v -0.192186 -0.240936 -0.529312
v -0.192186 -0.222438 -0.503851
v -0.192186 -0.210852 -0.412142
v -0.192186 -0.206907 -0.443365
v -0.192186 -0.222438 -0.382880
v -0.192186 -0.240936 -0.357419
v -0.192186 -0.265185 -0.337358
v -0.244369 -0.305326 -0.479729
v -0.244369 -0.305160 -0.406624
v -0.244369 -0.362803 -0.406679
v -0.179315 -0.434034 -0.517163
v -0.179315 -0.412490 -0.540105
v -0.179315 -0.240936 -0.529312
v -0.179315 -0.449196 -0.489584
v -0.179315 -0.457023 -0.459101
v -0.179315 -0.457023 -0.427630
v -0.179315 -0.449196 -0.397146
v -0.179315 -0.434034 -0.369567
v -0.179315 -0.412490 -0.346626
v -0.179315 -0.385918 -0.329762
v -0.179315 -0.355987 -0.320037
v -0.179315 -0.324576 -0.318061
v -0.179315 -0.293662 -0.323958
v -0.179315 -0.265185 -0.337358
v -0.179315 -0.240936 -0.357419
v -0.179315 -0.222438 -0.382880
v -0.179315 -0.210852 -0.412142
v -0.179315 -0.206907 -0.443365
v -0.179315 -0.210852 -0.474589
v -0.179315 -0.222438 -0.503851
v -0.179315 -0.293662 -0.562773
v -0.179315 -0.265185 -0.549373
v -0.179315 -0.324576 -0.568670
v -0.179315 -0.355986 -0.566694
v -0.179315 -0.385917 -0.556969
v -0.223676 -0.356798 -0.506305
v -0.223676 -0.356842 -0.529698
v -0.223676 -0.279954 -0.632390
v -0.223676 -0.363280 -0.632390
v -0.223676 -0.367389 -0.623892
v -0.223676 -0.430160 -0.608311
v -0.223676 -0.396301 -0.626386
v -0.223676 -0.404946 -0.648031
v -0.223676 -0.430160 -0.791028
v -0.223676 -0.405077 -0.688306
v -0.223676 -0.405077 -0.711033
v -0.223676 -0.404946 -0.751308
v -0.223676 -0.396301 -0.772952
v -0.223676 -0.356765 -0.869714
v -0.223676 -0.367389 -0.775464
v -0.223676 -0.305478 -0.919610
v -0.223676 -0.356798 -0.893034
v -0.223676 -0.365703 -0.898479
v -0.223676 -0.379727 -0.919610
v -0.223676 -0.379743 -0.898479
v -0.223676 -0.379743 -0.500860
v -0.223676 -0.365703 -0.500860
v -0.223676 -0.379727 -0.479729
v -0.223676 -0.305326 -0.479729
v -0.223676 -0.362803 -0.406679
v -0.223676 -0.305160 -0.406624
v -0.223676 -0.362803 -0.401957
v -0.223676 -0.311871 -0.376309
v -0.223676 -0.293231 -0.376309
v -0.223676 -0.272578 -0.384797
v -0.223676 -0.259074 -0.398510
v -0.223676 -0.250559 -0.415392
v -0.223676 -0.250559 -0.983946
v -0.223676 -0.279954 -0.766949
v -0.223676 -0.363280 -0.766949
v -0.223676 -0.259074 -1.000829
v -0.223676 -0.305790 -0.992830
v -0.223676 -0.272578 -1.014542
v -0.223676 -0.293231 -1.023029
v -0.223676 -0.311871 -1.023029
v -0.223676 -0.362803 -0.996347
v -0.223676 -0.362803 -0.992849
v 0.271729 -0.302069 -0.996363
v 0.271729 -0.362803 -0.996347
v 0.267773 -0.311871 -1.023029
v 0.267773 -0.293231 -1.023029
v 0.267773 -0.272578 -1.014542
v 0.267773 -0.259074 -1.000829
v 0.267773 -0.250559 -0.983946
v 0.271729 -0.302023 -0.793977
v 0.271729 -0.303096 -0.801558
v 0.271729 -0.284921 -0.793977
v 0.271729 -0.286102 -0.805819
v 0.271729 -0.276918 -0.815186
v 0.271729 -0.273865 -0.825645
v 0.271729 -0.273935 -0.844315
v 0.271729 -0.281190 -0.857335
v 0.271729 -0.294187 -0.864699
v 0.271729 -0.320194 -0.865876
v 0.271729 -0.284891 -0.619686
v 0.271729 -0.284921 -0.605351
v 0.271729 -0.350574 -0.838068
v 0.271729 -0.301995 -0.619686
v 0.271729 -0.302023 -0.605361
v 0.271729 -0.341327 -0.853688
v -0.251334 -0.313091 -0.469840
v -0.251334 -0.307551 -0.415323
v -0.251334 -0.307551 -0.469840
v -0.251334 -0.313091 -0.415323
v -0.251334 -0.350433 -0.476862
v -0.251334 -0.313091 -0.408302
v -0.251334 -0.350433 -0.408302
v -0.251334 -0.313091 -0.476862
v -0.223732 -0.350433 -0.408302
v -0.251334 -0.350433 -0.408302
v -0.232903 -0.288098 -0.647480
v -0.230699 -0.283435 -0.699669
v -0.232904 -0.288098 -0.695529
v -0.230699 -0.283435 -0.639726
v -0.243650 -0.310944 -0.647480
v -0.247422 -0.318932 -0.639727
v -0.247422 -0.318932 -0.699669
v -0.243639 -0.310944 -0.695531
v -0.243639 -0.310944 -0.703712
v -0.232904 -0.288098 -0.703714
v -0.232903 -0.288098 -0.752315
v -0.230699 -0.283435 -0.760069
v -0.243650 -0.310944 -0.752315
v -0.247422 -0.318932 -0.760069
v -0.243639 -0.310944 -0.703712
v -0.232903 -0.288098 -0.752315
v -0.243650 -0.310944 -0.752315
v -0.232904 -0.288098 -0.703714
v -0.232904 -0.288098 -0.695529
v -0.243650 -0.310944 -0.647480
v -0.232903 -0.288098 -0.647480
v -0.243639 -0.310944 -0.695531
v -0.202622 -0.318930 -0.760069
v -0.202622 -0.283435 -0.639727
v -0.202622 -0.318930 -0.639727
v -0.202622 -0.283435 -0.760068
v -0.223732 -0.313091 -0.929494
v -0.251334 -0.307551 -0.929494
v -0.251334 -0.313091 -0.929494
v -0.223732 -0.307551 -0.929494
v -0.251334 -0.307551 -0.984011
v -0.223732 -0.307551 -0.984011
v -0.251334 -0.313091 -0.984011
v -0.223732 -0.313091 -0.984011
v -0.223732 -0.313091 -0.991032
v -0.251334 -0.350433 -0.991032
v -0.251334 -0.313091 -0.991032
v -0.223732 -0.350433 -0.991032
v -0.223732 -0.350433 -0.922472
v -0.251334 -0.313091 -0.922472
v -0.251334 -0.350433 -0.922472
v -0.223732 -0.313091 -0.922472
v -0.251334 -0.307551 -0.984011
v -0.251334 -0.313091 -0.929494
v -0.251334 -0.307551 -0.929494
v -0.251334 -0.313091 -0.984011
v -0.251334 -0.350433 -0.922472
v -0.251334 -0.313091 -0.991032
v -0.251334 -0.350433 -0.991032
v -0.251334 -0.313091 -0.922472
v -0.223732 -0.350433 -0.991032
v -0.251334 -0.350433 -0.991032
v -0.171093 -0.086232 -0.743181
v -0.164878 -0.093120 -0.735016
v -0.171099 -0.086225 -0.685121
v -0.179155 -0.077281 -0.748019
v -0.179165 -0.077272 -0.679923
v -0.193591 -0.060978 -0.678066
v -0.193591 -0.060978 -0.750092
v -0.220238 -0.014937 -0.750185
v -0.220241 -0.014938 -0.677984
v -0.226147 0.002611 -0.750186
v -0.226164 0.002607 -0.677958
v -0.229338 0.012404 -0.748537
v -0.232122 0.020951 -0.743295
v -0.234424 0.027992 -0.735146
v -0.235841 0.032329 -0.725248
v -0.236281 0.033653 -0.714374
v -0.235866 0.032346 -0.703001
v -0.229379 0.012376 -0.679882
v -0.232174 0.020963 -0.685032
v -0.234452 0.027989 -0.693018
v -0.160993 -0.097426 -0.703142
v -0.160993 -0.097427 -0.725056
v -0.159533 -0.099046 -0.714149
v -0.164877 -0.093122 -0.693143
v 0.011531 -0.183366 0.683511
v -0.273915 -0.161637 0.683511
v 0.011531 -0.161637 0.683511
v -0.273915 -0.183366 0.683511
v 0.011531 -0.161637 0.683511
v -0.273915 -0.161637 1.096517
v 0.011531 -0.161637 1.096517
v -0.273915 -0.161637 0.683511
v 0.011531 -0.161637 1.096517
v -0.273915 -0.183366 1.096517
v 0.011531 -0.183366 1.096517
v -0.273915 -0.161637 1.096517
v 0.011531 -0.183366 1.096517
v -0.273915 -0.183366 0.683511
v 0.011531 -0.183366 0.683511
v -0.273915 -0.183366 1.096517
v 0.296977 -0.183366 1.096517
v 0.296977 -0.161637 0.683511
v 0.296977 -0.161637 1.096517
v 0.296977 -0.183366 0.683511
v -0.273915 -0.183366 0.683511
v -0.273915 -0.161637 1.096517
v -0.273915 -0.161637 0.683511
v -0.273915 -0.183366 1.096517
v 0.296977 -0.161637 0.683511
v 0.296977 -0.161637 1.096517
v 0.296977 -0.183366 0.683511
v 0.296977 -0.161637 0.683511
v 0.296977 -0.183366 1.096517
v 0.011531 -0.183366 0.683511
v 0.296977 -0.183366 0.683511
v 0.011531 -0.183366 1.096517
v 0.296977 -0.161637 1.096517
v 0.011531 -0.183366 1.096517
v 0.296977 -0.183366 1.096517
v 0.011531 -0.161637 1.096517
v 0.250967 -0.051053 -0.713974
v 0.272357 -0.099448 -0.659244
v 0.257485 -0.049127 -0.713974
v 0.265839 -0.101374 -0.659244
v 0.265839 -0.101374 -0.768703
v 0.257485 -0.049127 -0.713974
v 0.272356 -0.099448 -0.768703
v 0.250967 -0.051053 -0.713974
v 0.250967 -0.051053 -0.713974
v 0.280712 -0.151696 -0.713974
v 0.265839 -0.101374 -0.659244
v 0.265839 -0.101374 -0.768703
v 0.265839 -0.101374 -0.659244
v 0.287229 -0.149769 -0.713974
v 0.272357 -0.099448 -0.659244
v 0.280712 -0.151696 -0.713974
v 0.280712 -0.151696 -0.713974
v 0.272356 -0.099448 -0.768703
v 0.287229 -0.149769 -0.713974
v 0.265839 -0.101374 -0.768703
v 0.287229 -0.149769 -0.713974
v 0.257485 -0.049127 -0.713974
v 0.272357 -0.099448 -0.659244
v 0.272356 -0.099448 -0.768703
v -0.204907 -0.009365 0.698093
v -0.260555 -0.162858 0.712328
v -0.211649 0.002620 0.712328
v -0.251097 -0.165653 0.698093
v -0.251097 -0.165653 0.698093
v -0.204907 -0.009365 0.726563
v -0.251097 -0.165653 0.726563
v -0.204907 -0.009365 0.698093
v -0.204907 -0.009365 0.726563
v -0.260555 -0.162858 0.712328
v -0.251097 -0.165653 0.726563
v -0.211649 0.002620 0.712328
v -0.204907 -0.009365 -0.728304
v -0.204907 -0.009365 -0.699835
v -0.251096 -0.165651 -0.728304
v -0.251096 -0.165651 -0.699835
v -0.260554 -0.162856 -0.714069
v -0.211649 0.002620 -0.714069
v -0.260554 -0.162856 -0.714069
v -0.204907 -0.009365 -0.728304
v -0.251096 -0.165651 -0.728304
v -0.211649 0.002620 -0.714069
v 0.228363 -0.009365 -0.699835
v 0.284185 -0.163449 -0.714069
v 0.235105 0.002620 -0.714069
v 0.274728 -0.166244 -0.699835
v 0.228363 -0.009365 -0.728304
v 0.274728 -0.166244 -0.728304
v 0.228363 -0.009365 -0.728304
v 0.284185 -0.163449 -0.714069
v 0.274728 -0.166244 -0.728304
v 0.235105 0.002620 -0.714069
v -0.273915 -0.161636 -0.685023
v 0.011531 -0.183366 -0.685023
v 0.011531 -0.161636 -0.685023
v -0.273915 -0.183366 -0.685023
v -0.273915 -0.183366 -1.099968
v 0.011531 -0.161636 -1.099968
v 0.011531 -0.183366 -1.099968
v -0.273915 -0.161636 -1.099968
v -0.273915 -0.183366 -0.685023
v 0.011531 -0.183366 -1.099968
v 0.011531 -0.183366 -0.685023
v -0.273915 -0.183366 -1.099968
v 0.296977 -0.161636 -0.685023
v 0.296977 -0.183366 -1.099968
v 0.296977 -0.161636 -1.099968
v 0.296977 -0.183366 -0.685023
v -0.273915 -0.161636 -1.099968
v -0.273915 -0.183366 -0.685023
v -0.273915 -0.161636 -0.685023
v -0.273915 -0.183366 -1.099968
v 0.011531 -0.161636 -1.099968
v 0.296977 -0.161636 -0.685023
v 0.296977 -0.161636 -1.099968
v 0.011531 -0.161636 -0.685023
v 0.296977 -0.183366 -0.685023
v 0.296977 -0.161636 -0.685023
v 0.011531 -0.183366 -0.685023
v 0.296977 -0.183366 -1.099968
v 0.296977 -0.183366 -0.685023
v 0.011531 -0.183366 -1.099968
v 0.011531 -0.183366 -1.099968
v 0.296977 -0.161636 -1.099968
v 0.296977 -0.183366 -1.099968
v 0.011531 -0.161636 -1.099968
v -0.273915 -0.161636 -1.099968
v 0.011531 -0.161636 -1.099968
v -0.273915 -0.161636 -0.685023
v -0.163614 -0.074645 -0.380064
v -0.232657 -0.163999 -0.385360
v -0.170688 -0.070167 -0.385356
v -0.226718 -0.170190 -0.380069
v -0.163614 -0.074645 -0.380064
v -0.232657 -0.163999 -0.375200
v -0.226718 -0.170190 -0.380069
v -0.170688 -0.070167 -0.375198
v -0.232959 0.329861 0.293275
v -0.240147 0.457023 0.293275
v -0.232959 0.457023 0.293275
v -0.240147 0.329861 0.293275
v -0.232959 0.457023 0.293275
v -0.240147 0.457023 0.306932
v -0.232959 0.457023 0.306932
v -0.232959 0.457023 0.306932
v -0.240147 0.329861 0.306932
v -0.232959 0.329861 0.306932
v -0.232959 0.457023 0.293275
v -0.232959 0.329861 0.293275
v -0.240147 0.457023 -0.233195
v -0.232959 0.329861 -0.233195
v -0.232959 0.457023 -0.233195
v -0.240147 0.329861 -0.233195
v -0.240147 0.457023 -0.245733
v -0.232959 0.457023 -0.233195
v -0.232959 0.457023 -0.245733
v -0.240147 0.329861 -0.245733
v -0.232959 0.457023 -0.245733
v -0.232959 0.329861 -0.245733
v -0.232959 0.457023 -0.233195
v -0.232959 0.329861 -0.233195
v 0.256214 0.329861 -0.233195
v 0.263402 0.457023 -0.233195
v 0.256214 0.457023 -0.233195
v 0.263402 0.329861 -0.233195
v 0.256214 0.457023 -0.233195
v 0.263402 0.457023 -0.245733
v 0.256214 0.457023 -0.245733
v 0.256214 0.457023 -0.245733
v 0.263402 0.329861 -0.245733
v 0.256214 0.329861 -0.245733
v 0.256214 0.457023 -0.233195
v 0.256214 0.329861 -0.233195
v 0.124935 0.329861 0.338979
v 0.263402 0.311424 0.338979
v 0.263402 0.329861 0.338979
v 0.124935 0.311424 0.338979
v 0.124935 0.329861 -0.278340
v 0.263402 0.329861 0.338979
v 0.263402 0.329861 -0.278340
v 0.124935 0.329861 0.338979
v 0.124935 0.311424 -0.278340
v 0.263402 0.329861 -0.278340
v 0.263402 0.311424 -0.278340
v 0.124935 0.329861 -0.278340
v 0.124935 0.311424 0.338979
v 0.263402 0.311424 -0.278340
v 0.263402 0.311424 0.338979
v 0.124935 0.311424 -0.278340
v 0.263402 0.329861 0.338979
v 0.263402 0.311424 -0.278340
v 0.263402 0.329861 -0.278340
v 0.263402 0.311424 0.338979
v 0.124935 0.329861 -0.278340
v 0.124935 0.311424 0.338979
v 0.124935 0.329861 0.338979
v 0.124935 0.311424 -0.278340
v 0.041752 0.307298 -0.025495
v -0.018691 0.378967 -0.025496
v -0.018691 0.307298 -0.025496
v 0.041752 0.378967 -0.025495
v 0.084492 0.307298 -0.068234
v 0.041752 0.378967 -0.025495
v 0.041752 0.307298 -0.025495
v 0.084492 0.378967 -0.068234
v 0.084492 0.307298 -0.128677
v 0.084492 0.378967 -0.128677
v 0.041752 0.307298 -0.171417
v 0.041752 0.378967 -0.171417
v -0.018691 0.307298 -0.171417
v -0.018691 0.378967 -0.171417
v -0.061430 0.307298 -0.128677
v -0.061430 0.378967 -0.128677
v -0.061430 0.307298 -0.068234
v -0.061430 0.378967 -0.068234
v -0.018691 0.307298 -0.025496
v -0.018691 0.378967 -0.025496
v -0.021939 0.382713 0.332191
v -0.002333 0.382713 0.312585
v 0.025395 0.382713 0.312585
v -0.021939 0.382713 0.359920
v -0.002333 0.382713 0.379526
v 0.025395 0.382713 0.379526
v 0.045001 0.382713 0.359920
v 0.045001 0.382713 0.332191
v 0.267773 -0.345958 -0.838167
v 0.267773 -0.338284 -0.851120
v 0.267773 -0.319313 -0.861983
v 0.267773 -0.294206 -0.860621
v 0.267773 -0.284081 -0.854376
v 0.267773 -0.277895 -0.843312
v 0.267773 -0.277818 -0.826449
v 0.267773 -0.280262 -0.817442
v 0.267773 -0.287725 -0.809978
v 0.267773 -0.303756 -0.806229
v -0.240147 0.311424 -0.166005
v -0.240147 0.311424 -0.150552
v -0.247873 0.311424 -0.158279
v 0.267773 -0.305789 -0.992830
v 0.267773 -0.362803 -0.992849
v 0.267773 -0.311871 -0.376309
v 0.247080 -0.311871 -0.376309
v 0.247080 -0.293231 -0.376309
v 0.267773 -0.293231 -0.376309
v 0.247080 -0.272578 -0.384797
v 0.267773 -0.272578 -0.384797
v 0.247080 -0.259074 -0.398510
v 0.267773 -0.259074 -0.398510
v 0.247080 -0.250559 -0.415392
v 0.267773 -0.250559 -0.415392
v 0.247080 -0.250559 -0.983946
v 0.267773 -0.250559 -0.983946
v 0.267773 -0.338284 -0.548218
v 0.255744 -0.338284 -0.548218
v 0.267773 -0.319313 -0.537356
v 0.255744 -0.319313 -0.537356
v 0.267773 -0.294206 -0.538718
v 0.255744 -0.294206 -0.538718
v 0.267773 -0.284081 -0.544963
v 0.255744 -0.284081 -0.544963
v 0.267773 -0.277895 -0.556026
v 0.255744 -0.277895 -0.556026
v 0.267773 -0.277818 -0.572890
v 0.255744 -0.277818 -0.572890
v 0.267773 -0.280262 -0.581897
v 0.255744 -0.280262 -0.581897
v 0.267773 -0.287725 -0.589361
v 0.255744 -0.287725 -0.589361
v 0.267773 -0.303756 -0.593110
v 0.255744 -0.303756 -0.593110
v 0.267773 -0.404946 -0.648031
v 0.247080 -0.404946 -0.648031
v 0.267773 -0.396301 -0.626386
v 0.247080 -0.396301 -0.626386
v 0.267773 -0.379726 -0.479729
v 0.267773 -0.379741 -0.498272
v 0.267773 -0.364387 -0.498272
v 0.267773 -0.354155 -0.505111
v 0.264947 -0.356798 -0.506305
v 0.247080 -0.356798 -0.506305
v 0.247080 -0.365703 -0.500860
v 0.264947 -0.365703 -0.500860
v 0.264947 -0.365703 -0.500860
v 0.264947 -0.379743 -0.500860
v 0.264947 -0.356798 -0.506305
v 0.247080 -0.362803 -0.992849
v 0.247080 -0.305789 -0.992830
v 0.247080 -0.362803 -0.996347
v 0.247080 -0.311871 -1.023029
v 0.247080 -0.293231 -1.023029
v 0.247080 -0.272578 -1.014542
v 0.247080 -0.259074 -1.000829
v 0.247080 -0.305477 -0.919610
v 0.247080 -0.250559 -0.983946
v 0.247080 -0.367389 -0.775464
v 0.247080 -0.356798 -0.893034
v 0.247080 -0.356765 -0.869714
v 0.247080 -0.365703 -0.898479
v 0.247080 -0.379726 -0.919610
v 0.247080 -0.379743 -0.898479
v 0.247080 -0.396301 -0.772952
v 0.247080 -0.430160 -0.791028
v 0.247080 -0.404946 -0.751308
v 0.247080 -0.405077 -0.711033
v 0.247080 -0.405077 -0.688306
v 0.247080 -0.404946 -0.648031
v 0.247080 -0.430160 -0.608311
v 0.247080 -0.396301 -0.626386
v 0.247080 -0.367389 -0.623892
v 0.247080 -0.356842 -0.529698
v 0.247080 -0.363280 -0.632390
v 0.247080 -0.279954 -0.632390
v 0.247080 -0.356798 -0.506305
v 0.247080 -0.305326 -0.479729
v 0.247080 -0.365703 -0.500860
v 0.247080 -0.379726 -0.479729
v 0.247080 -0.379743 -0.500860
v 0.247080 -0.363280 -0.766949
v 0.247080 -0.279954 -0.766949
v 0.247080 -0.250559 -0.415392
v 0.247080 -0.259074 -0.398510
v 0.247080 -0.305160 -0.406624
v 0.247080 -0.272578 -0.384797
v 0.247080 -0.293231 -0.376309
v 0.247080 -0.311871 -0.376309
v 0.247080 -0.362803 -0.401957
v 0.247080 -0.362803 -0.406679
v 0.247200 -0.246894 -0.876020
v 0.215543 -0.246894 -0.876020
v 0.247200 -0.269556 -0.857272
v 0.215543 -0.269556 -0.857272
v 0.247200 -0.296169 -0.844749
v 0.215543 -0.296169 -0.844749
v 0.247200 -0.325060 -0.839237
v 0.215543 -0.325060 -0.839237
v 0.247200 -0.354414 -0.841084
v 0.215543 -0.354414 -0.841084
v 0.247200 -0.382386 -0.850173
v 0.215543 -0.382386 -0.850173
v 0.247200 -0.407220 -0.865933
v 0.215543 -0.407220 -0.865933
v 0.247200 -0.427354 -0.887373
v 0.215543 -0.427354 -0.887373
v 0.247200 -0.441523 -0.913147
v 0.215543 -0.441523 -0.913147
v 0.247200 -0.448838 -0.941635
v 0.215543 -0.448838 -0.941635
v 0.247200 -0.325060 -1.073445
v 0.215543 -0.325060 -1.073445
v 0.247200 -0.296169 -1.067934
v 0.215543 -0.296169 -1.067934
v 0.247200 -0.269556 -1.055411
v 0.215543 -0.269556 -1.055411
v 0.247200 -0.246894 -1.036663
v 0.215543 -0.246894 -1.036663
v 0.247200 -0.229606 -1.012868
v 0.215543 -0.229606 -1.012868
v 0.247200 -0.218778 -0.985521
v 0.215543 -0.218778 -0.985521
v 0.247200 -0.215092 -0.956341
v 0.215543 -0.215092 -0.956341
v 0.247200 -0.218778 -0.927161
v 0.215543 -0.218778 -0.927161
v 0.247200 -0.229606 -0.899815
v 0.215543 -0.229606 -0.899815
v 0.247200 -0.448838 -0.941635
v 0.215543 -0.448838 -0.941635
v 0.247200 -0.448838 -0.971047
v 0.215543 -0.448838 -0.971047
v 0.247200 -0.441523 -0.999535
v 0.215543 -0.441523 -0.999535
v 0.247200 -0.427354 -1.025309
v 0.215543 -0.427354 -1.025309
v 0.247200 -0.407220 -1.046750
v 0.215543 -0.407220 -1.046750
v 0.247200 -0.382386 -1.062509
v 0.215543 -0.382386 -1.062509
v 0.247200 -0.354414 -1.071598
v 0.215543 -0.354414 -1.071598
v 0.247200 -0.407220 -0.865933
v 0.247200 -0.417629 -0.894404
v 0.247200 -0.399548 -0.875149
v 0.247200 -0.427354 -0.887373
v 0.247200 -0.430354 -0.917551
v 0.247200 -0.441523 -0.913147
v 0.247200 -0.436923 -0.943135
v 0.247200 -0.448838 -0.941635
v 0.247200 -0.436923 -0.969548
v 0.247200 -0.448838 -0.971047
v 0.247200 -0.441523 -0.999535
v 0.247200 -0.430354 -0.995132
v 0.247200 -0.427354 -1.025309
v 0.247200 -0.417629 -1.018278
v 0.247200 -0.407220 -1.046750
v 0.247200 -0.399548 -1.037533
v 0.247200 -0.382386 -1.062509
v 0.247200 -0.377246 -1.051686
v 0.247200 -0.354414 -1.071598
v 0.247200 -0.352125 -1.059848
v 0.247200 -0.325060 -1.073445
v 0.247200 -0.325764 -1.061507
v 0.247200 -0.296169 -1.067934
v 0.247200 -0.299818 -1.056558
v 0.247200 -0.269556 -1.055411
v 0.247200 -0.275919 -1.045311
v 0.247200 -0.246894 -1.036663
v 0.247200 -0.255566 -1.028474
v 0.247200 -0.229606 -1.012868
v 0.247200 -0.240041 -1.007106
v 0.247200 -0.218778 -0.985521
v 0.247200 -0.230317 -0.982547
v 0.247200 -0.227007 -0.956341
v 0.247200 -0.215092 -0.956341
v 0.247200 -0.230317 -0.930136
v 0.247200 -0.218778 -0.927161
v 0.247200 -0.240041 -0.905577
v 0.247200 -0.229606 -0.899815
v 0.247200 -0.255566 -0.884208
v 0.247200 -0.246894 -0.876020
v 0.247200 -0.275919 -0.867371
v 0.247200 -0.269556 -0.857272
v 0.247200 -0.299818 -0.856125
v 0.247200 -0.296169 -0.844749
v 0.247200 -0.325764 -0.851175
v 0.247200 -0.325060 -0.839237
v 0.247200 -0.352125 -0.852834
v 0.247200 -0.354414 -0.841084
v 0.247200 -0.377246 -0.860996
v 0.247200 -0.382386 -0.850173
v 0.247200 -0.275919 -1.045311
v 0.215543 -0.275919 -1.045311
v 0.247200 -0.299818 -1.056558
v 0.215543 -0.299818 -1.056558
v 0.247200 -0.325764 -1.061507
v 0.215543 -0.325764 -1.061507
v 0.247200 -0.352125 -1.059848
v 0.215543 -0.352125 -1.059848
v 0.247200 -0.377246 -1.051686
v 0.215543 -0.377246 -1.051686
v 0.247200 -0.399548 -1.037533
v 0.215543 -0.399548 -1.037533
v 0.247200 -0.417629 -1.018278
v 0.215543 -0.417629 -1.018278
v 0.247200 -0.430354 -0.995132
v 0.215543 -0.430354 -0.995132
v 0.247200 -0.436923 -0.969548
v 0.215543 -0.436923 -0.969548
v 0.247200 -0.436923 -0.943135
v 0.215543 -0.436923 -0.943135
v 0.247200 -0.299818 -0.856125
v 0.215543 -0.299818 -0.856125
v 0.247200 -0.275919 -0.867371
v 0.215543 -0.275919 -0.867371
v 0.247200 -0.255566 -0.884208
v 0.215543 -0.255566 -0.884208
v 0.247200 -0.240041 -0.905577
v 0.215543 -0.240041 -0.905577
v 0.247200 -0.230317 -0.930136
v 0.215543 -0.230317 -0.930136
v 0.247200 -0.227007 -0.956341
v 0.215543 -0.227007 -0.956341
v 0.247200 -0.230317 -0.982547
v 0.215543 -0.230317 -0.982547
v 0.247200 -0.240041 -1.007106
v 0.215543 -0.240041 -1.007106
v 0.247200 -0.255566 -1.028474
v 0.215543 -0.255566 -1.028474
v 0.247200 -0.436923 -0.943135
v 0.215543 -0.436923 -0.943135
v 0.247200 -0.430354 -0.917551
v 0.215543 -0.430354 -0.917551
v 0.247200 -0.417629 -0.894404
v 0.215543 -0.417629 -0.894404
v 0.247200 -0.399548 -0.875149
v 0.215543 -0.399548 -0.875149
v 0.247200 -0.377246 -0.860996
v 0.215543 -0.377246 -0.860996
v 0.247200 -0.352125 -0.852834
v 0.215543 -0.352125 -0.852834
v 0.247200 -0.325764 -0.851175
v 0.215543 -0.325764 -0.851175
v 0.247200 -0.354414 -0.328109
v 0.247200 -0.352125 -0.339859
v 0.247200 -0.325060 -0.326262
v 0.247200 -0.325764 -0.338200
v 0.247200 -0.296169 -0.331773
v 0.247200 -0.299818 -0.343149
v 0.247200 -0.269556 -0.344296
v 0.247200 -0.275919 -0.354396
v 0.247200 -0.246894 -0.363044
v 0.247200 -0.255566 -0.371233
v 0.247200 -0.229606 -0.386839
v 0.247200 -0.240041 -0.392601
v 0.247200 -0.218779 -0.414186
v 0.247200 -0.230317 -0.417160
v 0.247200 -0.227007 -0.443365
v 0.247200 -0.215092 -0.443365
v 0.247200 -0.230317 -0.469571
v 0.247200 -0.218778 -0.472546
v 0.247200 -0.240041 -0.494130
v 0.247200 -0.229606 -0.499892
v 0.247200 -0.255566 -0.515499
v 0.247200 -0.246894 -0.523687
v 0.247200 -0.275919 -0.532336
v 0.247200 -0.269556 -0.542435
v 0.247200 -0.299818 -0.543582
v 0.247200 -0.296169 -0.554958
v 0.247200 -0.325764 -0.548531
v 0.247200 -0.325060 -0.560469
v 0.247200 -0.352125 -0.546873
v 0.247200 -0.354414 -0.558623
v 0.247200 -0.377246 -0.538710
v 0.247200 -0.382386 -0.549534
v 0.247200 -0.399548 -0.524558
v 0.247200 -0.407220 -0.533774
v 0.247200 -0.417629 -0.505303
v 0.247200 -0.427354 -0.512333
v 0.247200 -0.430354 -0.482156
v 0.247200 -0.441523 -0.486560
v 0.247200 -0.436923 -0.456572
v 0.247200 -0.448838 -0.458071
v 0.247200 -0.436923 -0.430159
v 0.247200 -0.448838 -0.428659
v 0.247200 -0.441523 -0.400172
v 0.247200 -0.430354 -0.404575
v 0.247200 -0.427354 -0.374398
v 0.247200 -0.417629 -0.381429
v 0.247200 -0.407220 -0.352957
v 0.247200 -0.399548 -0.362174
v 0.247200 -0.382386 -0.337198
v 0.247200 -0.377246 -0.348021
v 0.215543 -0.265185 -0.850334
v 0.202673 -0.265185 -0.850334
v 0.215543 -0.293662 -0.836934
v 0.202673 -0.293662 -0.836934
v 0.215543 -0.324576 -0.831036
v 0.202673 -0.324576 -0.831036
v 0.215543 -0.355986 -0.833013
v 0.202673 -0.355986 -0.833013
v 0.215543 -0.385917 -0.842738
v 0.202673 -0.385917 -0.842738
v 0.215543 -0.412490 -0.859602
v 0.202673 -0.412490 -0.859602
v 0.215543 -0.434034 -0.882544
v 0.202673 -0.434034 -0.882544
v 0.215543 -0.449196 -0.910123
v 0.202673 -0.449196 -0.910123
v 0.215543 -0.457023 -0.940605
v 0.202673 -0.457023 -0.940605
v 0.215543 -0.457023 -0.972077
v 0.202673 -0.457023 -0.972077
v 0.215543 -0.293662 -1.075749
v 0.202673 -0.293662 -1.075749
v 0.215543 -0.265185 -1.062349
v 0.202673 -0.265185 -1.062349
v 0.215543 -0.240936 -1.042288
v 0.202673 -0.240936 -1.042288
v 0.215543 -0.222438 -1.016827
v 0.202673 -0.222438 -1.016827
v 0.215543 -0.210852 -0.987565
v 0.202673 -0.210852 -0.987565
v 0.215543 -0.206907 -0.956342
v 0.202673 -0.206907 -0.956342
v 0.215543 -0.210852 -0.925118
v 0.202673 -0.210852 -0.925118
v 0.215543 -0.222438 -0.895856
v 0.202673 -0.222438 -0.895856
v 0.215543 -0.240936 -0.870395
v 0.202673 -0.240936 -0.870395
v 0.215543 -0.457023 -0.972077
v 0.202673 -0.457023 -0.972077
v 0.215543 -0.449196 -1.002561
v 0.202673 -0.449196 -1.002561
v 0.215543 -0.434034 -1.030140
v 0.202673 -0.434034 -1.030140
v 0.215543 -0.412490 -1.053081
v 0.202673 -0.412490 -1.053081
v 0.215543 -0.385917 -1.069945
v 0.202673 -0.385917 -1.069945
v 0.215543 -0.355986 -1.079670
v 0.202673 -0.355986 -1.079670
v 0.215543 -0.324576 -1.081646
v 0.202673 -0.324576 -1.081646
v 0.284460 -0.327696 -0.984805
v -0.261123 -0.327696 -0.984805
v 0.284460 -0.317880 -0.972496
v -0.261123 -0.317880 -0.972496
v 0.284460 -0.314376 -0.957146
v -0.261123 -0.314640 -0.956938
v 0.284460 -0.317880 -0.941797
v -0.261123 -0.317880 -0.941797
v 0.284460 -0.327696 -0.929488
v -0.261123 -0.327696 -0.929488
v 0.284460 -0.341881 -0.922657
v -0.261123 -0.341881 -0.922657
v -0.261123 -0.357625 -0.922657
v 0.284460 -0.357625 -0.922657
v 0.284460 -0.371809 -0.929488
v -0.261123 -0.371809 -0.929488
v 0.284460 -0.381626 -0.941797
v -0.261123 -0.381626 -0.941797
v 0.284460 -0.385129 -0.957146
v -0.261123 -0.385129 -0.957146
v 0.284460 -0.385129 -0.957146
v -0.261123 -0.385129 -0.957146
v 0.284460 -0.381626 -0.972496
v -0.261123 -0.381626 -0.972496
v 0.284460 -0.371809 -0.984805
v -0.261123 -0.371809 -0.984805
v 0.284460 -0.357625 -0.991636
v -0.261123 -0.357625 -0.991636
v -0.261123 -0.341881 -0.991636
v 0.284460 -0.341881 -0.991636
v -0.192186 -0.265185 -0.549373
v -0.179315 -0.265185 -0.549373
v -0.192186 -0.293662 -0.562773
v -0.179315 -0.293662 -0.562773
v -0.192186 -0.324576 -0.568670
v -0.179315 -0.324576 -0.568670
v -0.192186 -0.355986 -0.566694
v -0.179315 -0.355986 -0.566694
v -0.192186 -0.385917 -0.556969
v -0.179315 -0.385917 -0.556969
v -0.192186 -0.412490 -0.540105
v -0.179315 -0.412490 -0.540105
v -0.192186 -0.434034 -0.517163
v -0.179315 -0.434034 -0.517163
v -0.192186 -0.449196 -0.489584
v -0.179315 -0.449196 -0.489584
v -0.192186 -0.457023 -0.459101
v -0.179315 -0.457023 -0.459101
v -0.192186 -0.457023 -0.427630
v -0.179315 -0.457023 -0.427630
v -0.192186 -0.293662 -0.323958
v -0.179315 -0.293662 -0.323958
v -0.192186 -0.265185 -0.337358
v -0.179315 -0.265185 -0.337358
v -0.192186 -0.240936 -0.357419
v -0.179315 -0.240936 -0.357419
v -0.192186 -0.222438 -0.382880
v -0.179315 -0.222438 -0.382880
v -0.192186 -0.210852 -0.412142
v -0.179315 -0.210852 -0.412142
v -0.192186 -0.206907 -0.443365
v -0.179315 -0.206907 -0.443365
v -0.192186 -0.210852 -0.474589
v -0.179315 -0.210852 -0.474589
v -0.192186 -0.222438 -0.503851
v -0.179315 -0.222438 -0.503851
v -0.192186 -0.240936 -0.529312
v -0.179315 -0.240936 -0.529312
v -0.192186 -0.457023 -0.427630
v -0.179315 -0.457023 -0.427630
v -0.192186 -0.449196 -0.397146
v -0.179315 -0.449196 -0.397146
v -0.192186 -0.434034 -0.369567
v -0.179315 -0.434034 -0.369567
v -0.192186 -0.412490 -0.346626
v -0.179315 -0.412490 -0.346626
v -0.192186 -0.385918 -0.329762
v -0.179315 -0.385918 -0.329762
v -0.192186 -0.355987 -0.320037
v -0.179315 -0.355987 -0.320037
v -0.192186 -0.324576 -0.318061
v -0.179315 -0.324576 -0.318061
v -0.223842 -0.246894 -0.523687
v -0.192186 -0.246894 -0.523687
v -0.223842 -0.269556 -0.542435
v -0.192186 -0.269556 -0.542435
v -0.223842 -0.296169 -0.554958
v -0.192186 -0.296169 -0.554958
v -0.223842 -0.325060 -0.560469
v -0.192186 -0.325060 -0.560469
v -0.223842 -0.354414 -0.558623
v -0.192186 -0.354414 -0.558623
v -0.223842 -0.382386 -0.549534
v -0.192186 -0.382386 -0.549534
v -0.223842 -0.407220 -0.533774
v -0.192186 -0.407220 -0.533774
v -0.223842 -0.427354 -0.512333
v -0.192186 -0.427354 -0.512333
v -0.223842 -0.441523 -0.486560
v -0.192186 -0.441523 -0.486560
v -0.223842 -0.448838 -0.458071
v -0.192186 -0.448838 -0.458071
v -0.223842 -0.325060 -0.326262
v -0.192186 -0.325060 -0.326262
v -0.223842 -0.296169 -0.331773
v -0.192186 -0.296169 -0.331773
v -0.223842 -0.269556 -0.344296
v -0.192186 -0.269556 -0.344296
v -0.223842 -0.246894 -0.363044
v -0.192186 -0.246894 -0.363044
v -0.223842 -0.229606 -0.386839
v -0.192186 -0.229606 -0.386839
v -0.223842 -0.218779 -0.414186
v -0.192186 -0.218779 -0.414186
v -0.223842 -0.215092 -0.443365
v -0.192186 -0.215092 -0.443365
v -0.223842 -0.218778 -0.472546
v -0.192186 -0.218778 -0.472546
v -0.223842 -0.229606 -0.499892
v -0.192186 -0.229606 -0.499892
v -0.223842 -0.448838 -0.458071
v -0.192186 -0.448838 -0.458071
v -0.223842 -0.448838 -0.428659
v -0.192186 -0.448838 -0.428659
v -0.223842 -0.441523 -0.400172
v -0.192186 -0.441523 -0.400172
v -0.223842 -0.427354 -0.374398
v -0.192186 -0.427354 -0.374398
v -0.223842 -0.407220 -0.352957
v -0.192186 -0.407220 -0.352957
v -0.223842 -0.382386 -0.337198
v -0.192186 -0.382386 -0.337198
v -0.223842 -0.354414 -0.328109
v -0.192186 -0.354414 -0.328109
v -0.223842 -0.407220 -0.533774
v -0.223842 -0.417629 -0.505303
v -0.223842 -0.399548 -0.524558
v -0.223842 -0.427354 -0.512333
v -0.223842 -0.430354 -0.482156
v -0.223842 -0.441523 -0.486560
v -0.223842 -0.436923 -0.456572
v -0.223842 -0.448838 -0.458071
v -0.223842 -0.436923 -0.430159
v -0.223842 -0.448838 -0.428659
v -0.223842 -0.441523 -0.400172
v -0.223842 -0.430354 -0.404575
v -0.223842 -0.427354 -0.374398
v -0.223842 -0.417629 -0.381429
v -0.223842 -0.407220 -0.352957
v -0.223842 -0.399548 -0.362174
v -0.223842 -0.382386 -0.337198
v -0.223842 -0.377246 -0.348021
v -0.223842 -0.354414 -0.328109
v -0.223842 -0.352125 -0.339859
v -0.223842 -0.325060 -0.326262
v -0.223842 -0.325764 -0.338200
v -0.223842 -0.296169 -0.331773
v -0.223842 -0.299818 -0.343149
v -0.223842 -0.269556 -0.344296
v -0.223842 -0.275919 -0.354396
v -0.223842 -0.246894 -0.363044
v -0.223842 -0.255567 -0.371233
v -0.223842 -0.229606 -0.386839
v -0.223842 -0.240041 -0.392601
v -0.223842 -0.218779 -0.414186
v -0.223842 -0.230317 -0.417160
v -0.223842 -0.227007 -0.443365
v -0.223842 -0.215092 -0.443365
v -0.223842 -0.230317 -0.469571
v -0.223842 -0.218778 -0.472546
v -0.223842 -0.240041 -0.494130
v -0.223842 -0.229606 -0.499892
v -0.223842 -0.255567 -0.515499
v -0.223842 -0.246894 -0.523687
v -0.223842 -0.275919 -0.532336
v -0.223842 -0.269556 -0.542435
v -0.223842 -0.299818 -0.543582
v -0.223842 -0.296169 -0.554958
v -0.223842 -0.325764 -0.548531
v -0.223842 -0.325060 -0.560469
v -0.223842 -0.352125 -0.546873
v -0.223842 -0.354414 -0.558623
v -0.223842 -0.377246 -0.538710
v -0.223842 -0.382386 -0.549534
v -0.230699 -0.283435 -0.699669
v -0.230699 -0.283435 -0.760069
v -0.202622 -0.283435 -0.760068
v -0.202622 -0.318930 -0.760069
v -0.247422 -0.318932 -0.760069
v -0.247422 -0.318932 -0.699669
v -0.202622 -0.318930 -0.639727
v -0.247422 -0.318932 -0.639727
v -0.230699 -0.283435 -0.639726
v 0.069219 0.266305 -1.014173
v 0.026327 0.229416 -1.042161
v 0.031045 0.274446 -1.014174
v 0.055274 0.223243 -1.042160
v 0.020834 0.176978 -1.059281
v 0.039034 0.173097 -1.059281
v 0.014939 0.120705 -1.065398
v 0.021607 0.119283 -1.065398
v 0.012575 0.091393 -1.065398
v 0.011880 0.091504 -1.065398
v 0.026327 -0.053078 -1.042161
v 0.044557 -0.013813 -1.053181
v 0.055274 -0.046904 -1.042161
v 0.022214 -0.013813 -1.054775
v 0.240452 -0.013856 -0.676044
v 0.217047 -0.060978 -0.678066
v 0.243697 -0.014938 -0.677984
v 0.214115 -0.059382 -0.676044
v 0.202621 -0.077272 -0.679923
v 0.199456 -0.075630 -0.678013
v 0.194555 -0.086225 -0.685121
v 0.191053 -0.084943 -0.683422
v 0.188333 -0.093122 -0.693143
v 0.184534 -0.092169 -0.691827
v 0.184449 -0.097426 -0.703143
v 0.180429 -0.096719 -0.702396
v 0.182988 -0.099046 -0.714149
v 0.178869 -0.098448 -0.714151
v 0.180429 -0.096719 -0.725805
v 0.184448 -0.097427 -0.725056
v 0.184534 -0.092169 -0.736325
v 0.188335 -0.093120 -0.735016
v 0.191053 -0.084943 -0.744891
v 0.194549 -0.086232 -0.743181
v 0.199456 -0.075630 -0.749928
v 0.202611 -0.077281 -0.748019
v 0.214115 -0.059382 -0.752124
v 0.217047 -0.060978 -0.750092
v 0.240452 -0.013856 -0.752124
v 0.243694 -0.014937 -0.750185
v 0.246095 0.003583 -0.752124
v 0.249603 0.002611 -0.750186
v 0.249412 0.013754 -0.750411
v 0.252794 0.012404 -0.748537
v 0.252355 0.022753 -0.744891
v 0.255578 0.020951 -0.743295
v 0.254763 0.030157 -0.736325
v 0.257880 0.027992 -0.735146
v 0.256261 0.034745 -0.725857
v 0.259297 0.032329 -0.725248
v 0.256730 0.036141 -0.714381
v 0.259737 0.033653 -0.714374
v 0.259322 0.032346 -0.703001
v 0.256295 0.034763 -0.702398
v 0.257908 0.027989 -0.693018
v 0.254798 0.030150 -0.691827
v 0.255630 0.020963 -0.685032
v 0.252388 0.022757 -0.683422
v 0.252835 0.012376 -0.679882
v 0.249464 0.013736 -0.678013
v 0.249620 0.002607 -0.677958
v 0.246166 0.003586 -0.676015
v 0.008630 0.086082 -1.065398
v 0.007785 0.087370 -1.065398
v 0.010487 0.091393 -1.065398
v 0.009807 0.085173 -1.065398
v 0.010487 0.084946 -1.065398
v 0.011182 0.091504 -1.065398
v 0.011182 0.084834 -1.065398
v 0.011880 0.091504 -1.065398
v 0.011880 0.084834 -1.065398
v 0.012575 0.091393 -1.065398
v 0.012575 0.084946 -1.065398
v 0.013255 0.091165 -1.065398
v 0.013255 0.085173 -1.065398
v 0.013901 0.090811 -1.065398
v 0.014485 0.090323 -1.065398
v 0.014432 0.086082 -1.065398
v 0.014961 0.089701 -1.065398
v 0.015277 0.088968 -1.065398
v 0.015389 0.088169 -1.065398
v 0.015277 0.087370 -1.065398
v 0.007673 0.088169 -1.065398
v 0.007785 0.088968 -1.065398
v 0.008101 0.089701 -1.065398
v 0.008576 0.090323 -1.065398
v 0.009160 0.090811 -1.065398
v 0.009807 0.091165 -1.065398
v -0.021075 0.088169 -1.065398
v -0.020362 0.094971 -1.065398
v 0.007673 0.088169 -1.065398
v 0.007785 0.088968 -1.065398
v -0.077471 0.088169 -1.059281
v -0.020362 0.094971 -1.065398
v -0.021075 0.088169 -1.065398
v -0.075526 0.106736 -1.059281
v -0.130023 0.088169 -1.042161
v -0.126930 0.117698 -1.042160
v -0.175151 0.088170 -1.014174
v -0.171071 0.127112 -1.014173
v -0.209778 0.088170 -0.978149
v -0.204942 0.134335 -0.978149
v -0.231546 0.088170 -0.936251
v -0.226235 0.138876 -0.936251
v -0.238971 0.088170 -0.891652
v -0.233497 0.140425 -0.891652
v -0.216996 -0.013856 0.674302
v -0.193591 -0.060978 0.676324
v -0.220241 -0.014938 0.676242
v -0.190659 -0.059382 0.674302
v -0.179165 -0.077272 0.678182
v -0.175999 -0.075630 0.676271
v -0.171099 -0.086225 0.683380
v -0.167597 -0.084943 0.681680
v -0.164877 -0.093122 0.691402
v -0.161078 -0.092169 0.690086
v -0.160993 -0.097426 0.701401
v -0.156973 -0.096719 0.700655
v -0.159532 -0.099046 0.712407
v -0.155413 -0.098448 0.712409
v -0.156973 -0.096719 0.724063
v -0.160993 -0.097427 0.723314
v -0.161078 -0.092169 0.734584
v -0.164878 -0.093120 0.733275
v -0.167597 -0.084943 0.743149
v -0.171093 -0.086233 0.741439
v -0.176000 -0.075630 0.748186
v -0.179155 -0.077281 0.746278
v -0.190659 -0.059382 0.750382
v -0.193591 -0.060978 0.748350
v -0.216996 -0.013856 0.750382
v -0.220238 -0.014937 0.748443
v -0.222639 0.003583 0.750382
v -0.226147 0.002611 0.748444
v -0.225956 0.013754 0.748669
v -0.229338 0.012404 0.746795
v -0.228899 0.022753 0.743149
v -0.232122 0.020951 0.741553
v -0.231307 0.030157 0.734584
v -0.234424 0.027992 0.733405
v -0.232805 0.034745 0.724115
v -0.235841 0.032329 0.723506
v -0.233273 0.036140 0.712639
v -0.236281 0.033653 0.712633
v -0.235866 0.032346 0.701259
v -0.232839 0.034763 0.700656
v -0.234452 0.027988 0.691276
v -0.231342 0.030149 0.690086
v -0.232174 0.020963 0.683291
v -0.228932 0.022757 0.681680
v -0.229379 0.012376 0.678140
v -0.226008 0.013735 0.676271
v -0.226164 0.002607 0.676216
v -0.222709 0.003586 0.674274
v -0.128351 -0.013813 -1.022645
v -0.139191 -0.021718 -1.014173
v -0.143840 -0.013813 -1.014174
v -0.167199 -0.042150 -0.978148
v -0.183807 -0.013813 -0.978148
v -0.184803 -0.055000 -0.936250
v -0.208902 -0.013813 -0.936251
v -0.190806 -0.059385 -0.891652
v -0.217334 -0.013997 -0.891652
v 0.088941 0.327204 -0.604137
v 0.037715 0.338128 -0.891652
v 0.037715 0.338128 -0.604137
v 0.088941 0.327204 -0.891652
v 0.037715 0.338128 -0.891652
v -0.014654 0.338128 -0.604137
v 0.037715 0.338128 -0.604137
v -0.014654 0.338128 -0.891652
v -0.014654 -0.161789 -0.891652
v 0.037715 -0.161789 -0.604137
v -0.014654 -0.161789 -0.604137
v 0.037715 -0.161789 -0.891652
v 0.214192 0.235901 -0.891652
v 0.179149 0.274948 -0.604137
v 0.214192 0.235901 -0.604137
v 0.179149 0.274948 -0.891652
v 0.088941 0.327204 -0.271692
v 0.037715 0.338128 -0.604137
v 0.037715 0.338128 -0.271692
v 0.088941 0.327204 -0.604137
v 0.256558 0.035914 -0.271692
v 0.262033 0.088170 -0.604137
v 0.262033 0.088170 -0.271692
v 0.256558 0.035914 -0.604137
v 0.240376 -0.014058 -0.271692
v 0.240376 -0.014058 -0.604137
v 0.213868 -0.059385 -0.271692
v 0.213868 -0.059385 -0.604137
v 0.179149 -0.098609 -0.271692
v 0.179149 -0.098609 -0.604137
v 0.136782 -0.129493 -0.271691
v 0.136782 -0.129493 -0.604137
v 0.088940 -0.150865 -0.271692
v 0.088940 -0.150865 -0.604137
v 0.037715 -0.161789 -0.271692
v 0.037715 -0.161789 -0.604137
v 0.136782 0.305833 -0.271692
v 0.088941 0.327204 -0.604137
v 0.088941 0.327204 -0.271692
v 0.136782 0.305833 -0.604137
v 0.179149 0.274948 -0.271692
v 0.179149 0.274948 -0.604137
v 0.037715 0.338128 -0.271692
v -0.014654 0.338128 -0.604137
v -0.014654 0.338128 -0.271692
v 0.037715 0.338128 -0.604137
v -0.014654 -0.161789 -0.271692
v 0.037715 -0.161789 -0.604137
v 0.037715 -0.161789 -0.271692
v -0.014654 -0.161789 -0.604137
v 0.240376 0.190397 -0.271692
v 0.214192 0.235901 -0.604137
v 0.214192 0.235901 -0.271692
v 0.240376 0.190397 -0.604137
v 0.256559 0.140425 -0.271692
v 0.256559 0.140425 -0.604137
v 0.262033 0.088170 -0.271692
v 0.262033 0.088170 -0.604137
v 0.214192 0.235901 -0.271692
v 0.179149 0.274948 -0.604137
v 0.179149 0.274948 -0.271692
v 0.214192 0.235901 -0.604137
v 0.088941 0.327204 0.312592
v 0.037715 0.338128 0.030213
v 0.037715 0.338128 0.312592
v 0.088941 0.327204 0.030213
v 0.256558 0.035914 0.312592
v 0.262033 0.088170 0.030213
v 0.262033 0.088170 0.312592
v 0.256558 0.035914 0.030213
v 0.240376 -0.014058 0.312592
v 0.240376 -0.014058 0.030213
v 0.213868 -0.059385 0.312592
v 0.213868 -0.059385 0.030213
v 0.179149 -0.098609 0.312592
v 0.179149 -0.098609 0.030213
v 0.136782 -0.129494 0.312592
v 0.136782 -0.129494 0.030213
v 0.088940 -0.150865 0.312592
v 0.088940 -0.150865 0.030213
v 0.037715 -0.161789 0.312592
v 0.037715 -0.161789 0.030213
v 0.136782 0.305833 0.312592
v 0.088941 0.327204 0.030213
v 0.088941 0.327204 0.312592
v 0.136782 0.305833 0.030213
v 0.037715 0.338128 0.312592
v -0.014654 0.338128 0.030213
v -0.014654 0.338128 0.312592
v 0.037715 0.338128 0.030213
v -0.014654 -0.161789 0.312592
v 0.037715 -0.161789 0.030213
v 0.037715 -0.161789 0.312592
v -0.014654 -0.161789 0.030213
v 0.262033 0.088170 0.312592
v 0.256559 0.140425 0.030213
v 0.256559 0.140425 0.312592
v 0.262033 0.088170 0.030213
v 0.256559 0.140425 0.312592
v 0.240376 0.190397 0.030213
v 0.240376 0.190397 0.312592
v 0.256559 0.140425 0.030213
v 0.240376 0.190397 0.312592
v 0.214192 0.235901 0.030213
v 0.214192 0.235901 0.312592
v 0.240376 0.190397 0.030213
v 0.214192 0.235901 0.312592
v 0.179149 0.274948 0.030213
v 0.179149 0.274948 0.312592
v 0.214192 0.235901 0.030213
v 0.179149 0.274948 0.312592
v 0.136782 0.305833 0.030213
v 0.136782 0.305833 0.312592
v 0.179149 0.274948 0.030213
v 0.256558 0.035914 0.876071
v 0.262033 0.088169 0.603531
v 0.262033 0.088170 0.876071
v 0.256558 0.035914 0.603531
v 0.240402 -0.013977 0.876071
v 0.240376 -0.014058 0.603531
v 0.213868 -0.059385 0.876071
v 0.213868 -0.059385 0.603531
v 0.179149 -0.098609 0.876071
v 0.179149 -0.098609 0.603531
v 0.136782 -0.129494 0.876071
v 0.136782 -0.129494 0.603531
v 0.088940 -0.150865 0.876071
v 0.088940 -0.150865 0.603531
v 0.037715 -0.161789 0.876071
v 0.037715 -0.161789 0.603531
v 0.136782 0.305833 0.876071
v 0.088941 0.327204 0.603531
v 0.088941 0.327204 0.876071
v 0.136782 0.305833 0.603531
v 0.179149 0.274948 0.876071
v 0.179149 0.274948 0.603531
v 0.037715 0.338128 0.876071
v -0.014654 0.338128 0.603531
v -0.014654 0.338128 0.876071
v 0.037715 0.338128 0.603531
v 0.240376 0.190397 0.876071
v 0.214192 0.235901 0.603531
v 0.214192 0.235901 0.876071
v 0.240376 0.190397 0.603531
v 0.256559 0.140425 0.876071
v 0.256559 0.140425 0.603531
v 0.262033 0.088170 0.876071
v 0.262033 0.088169 0.603531
v 0.214192 0.235901 0.876071
v 0.179149 0.274948 0.603531
v 0.179149 0.274948 0.876071
v 0.214192 0.235901 0.603531
v 0.256558 0.035914 0.603531
v 0.262033 0.088170 0.312592
v 0.262033 0.088169 0.603531
v 0.256558 0.035914 0.312592
v 0.240376 -0.014058 0.603531
v 0.240376 -0.014058 0.312592
v 0.213868 -0.059385 0.603531
v 0.213868 -0.059385 0.312592
v 0.179149 -0.098609 0.603531
v 0.179149 -0.098609 0.312592
v 0.136782 -0.129494 0.603531
v 0.136782 -0.129494 0.312592
v 0.088940 -0.150865 0.603531
v 0.088940 -0.150865 0.312592
v 0.037715 -0.161789 0.603531
v 0.037715 -0.161789 0.312592
v 0.136782 0.305833 0.603531
v 0.088941 0.327204 0.312592
v 0.088941 0.327204 0.603531
v 0.136782 0.305833 0.312592
v 0.037715 0.338128 0.603531
v -0.014654 0.338128 0.312592
v -0.014654 0.338128 0.603531
v 0.037715 0.338128 0.312592
v 0.240376 0.190397 0.603531
v 0.214192 0.235901 0.312592
v 0.214192 0.235901 0.603531
v 0.240376 0.190397 0.312592
v 0.256559 0.140425 0.603531
v 0.256559 0.140425 0.312592
v 0.262033 0.088169 0.603531
v 0.262033 0.088170 0.312592
v 0.214192 0.235901 0.603531
v 0.179149 0.274948 0.312592
v 0.179149 0.274948 0.603531
v 0.214192 0.235901 0.312592
v 0.179149 0.274948 0.603531
v 0.136782 0.305833 0.312592
v 0.136782 0.305833 0.603531
v 0.179149 0.274948 0.312592
v -0.014654 -0.161789 0.030213
v 0.037715 -0.161789 -0.271692
v 0.037715 -0.161789 0.030213
v -0.014654 -0.161789 -0.271692
v 0.256558 0.035914 0.030213
v 0.262033 0.088170 -0.271692
v 0.262033 0.088170 0.030213
v 0.256558 0.035914 -0.271692
v 0.240376 -0.014058 0.030213
v 0.240376 -0.014058 -0.271692
v 0.213868 -0.059385 0.030213
v 0.213868 -0.059385 -0.271692
v 0.179149 -0.098609 0.030213
v 0.179149 -0.098609 -0.271692
v 0.136782 -0.129494 0.030213
v 0.136782 -0.129493 -0.271691
v 0.088940 -0.150865 0.030213
v 0.088940 -0.150865 -0.271692
v 0.037715 -0.161789 0.030213
v 0.037715 -0.161789 -0.271692
v 0.262033 0.088170 0.030213
v 0.256559 0.140425 -0.271692
v 0.256559 0.140425 0.030213
v 0.262033 0.088170 -0.271692
v 0.256559 0.140425 0.030213
v 0.240376 0.190397 -0.271692
v 0.240376 0.190397 0.030213
v 0.256559 0.140425 -0.271692
v 0.240376 0.190397 0.030213
v 0.214192 0.235901 -0.271692
v 0.214192 0.235901 0.030213
v 0.240376 0.190397 -0.271692
v 0.214192 0.235901 0.030213
v 0.179149 0.274948 -0.271692
v 0.179149 0.274948 0.030213
v 0.214192 0.235901 -0.271692
v 0.136782 0.305833 0.030213
v 0.088941 0.327204 -0.271692
v 0.088941 0.327204 0.030213
v 0.136782 0.305833 -0.271692
v 0.179149 0.274948 0.030213
v 0.179149 0.274948 -0.271692
v 0.088941 0.327204 0.030213
v 0.037715 0.338128 -0.271692
v 0.037715 0.338128 0.030213
v 0.088941 0.327204 -0.271692
v 0.037715 0.338128 0.030213
v -0.014654 0.338128 -0.271692
v -0.014654 0.338128 0.030213
v 0.037715 0.338128 -0.271692
v 0.088941 0.327204 0.876071
v 0.037715 0.338128 0.603531
v 0.037715 0.338128 0.876071
v 0.088941 0.327204 0.603531
v -0.014654 -0.161789 0.876071
v 0.037715 -0.161789 0.603531
v 0.037715 -0.161789 0.876071
v -0.014654 -0.161789 0.603531
v 0.088941 0.327204 0.603531
v 0.037715 0.338128 0.312592
v 0.037715 0.338128 0.603531
v 0.088941 0.327204 0.312592
v -0.014654 -0.161789 0.603531
v 0.037715 -0.161789 0.312592
v 0.037715 -0.161789 0.603531
v -0.014654 -0.161789 0.312592
v -0.014654 0.338128 -0.891652
v -0.065879 0.327204 -0.604137
v -0.014654 0.338128 -0.604137
v -0.065878 0.327204 -0.891652
v -0.065878 -0.150865 -0.604137
v -0.014654 -0.161789 -0.891652
v -0.014654 -0.161789 -0.604137
v -0.065878 -0.150865 -0.891652
v -0.113720 -0.129493 -0.604137
v -0.113720 -0.129493 -0.891652
v -0.156088 -0.098609 -0.891652
v -0.156088 -0.098609 -0.604137
v -0.190806 -0.059385 -0.891652
v -0.190806 -0.059385 -0.604137
v -0.217314 -0.014058 -0.604137
v -0.217334 -0.013997 -0.891652
v -0.233497 0.035914 -0.604137
v -0.233497 0.035914 -0.891652
v -0.238971 0.088170 -0.604137
v -0.238971 0.088170 -0.891652
v -0.233497 0.140425 -0.604137
v -0.238971 0.088170 -0.891652
v -0.238971 0.088170 -0.604137
v -0.233497 0.140425 -0.891652
v -0.217314 0.190397 -0.604137
v -0.217314 0.190397 -0.891652
v -0.191130 0.235901 -0.604137
v -0.191130 0.235901 -0.891652
v -0.156088 0.274948 -0.604137
v -0.191130 0.235901 -0.891652
v -0.191130 0.235901 -0.604137
v -0.156088 0.274948 -0.891652
v -0.014654 0.338128 -0.604137
v -0.065879 0.327204 -0.271692
v -0.014654 0.338128 -0.271692
v -0.065879 0.327204 -0.604137
v -0.190659 -0.059382 -0.752124
v -0.176000 -0.075630 -0.749928
v -0.167597 -0.084943 -0.744891
v -0.161078 -0.092169 -0.736325
v -0.156973 -0.096719 -0.725805
v -0.155413 -0.098448 -0.714150
v -0.156973 -0.096719 -0.702396
v -0.161078 -0.092169 -0.691827
v -0.167597 -0.084943 -0.683422
v -0.176000 -0.075630 -0.678013
v -0.190659 -0.059382 -0.676044
v -0.216996 -0.013856 -0.676044
v -0.222709 0.003586 -0.676015
v -0.226008 0.013735 -0.678013
v -0.228932 0.022757 -0.683422
v -0.231342 0.030150 -0.691827
v -0.232839 0.034763 -0.702398
v -0.233273 0.036140 -0.714380
v -0.232805 0.034745 -0.725857
v -0.231307 0.030157 -0.736325
v -0.228899 0.022753 -0.744891
v -0.225957 0.013754 -0.750411
v -0.222639 0.003583 -0.752124
v -0.216996 -0.013856 -0.752124
v -0.191130 0.235901 -0.604137
v -0.217314 0.190397 -0.271692
v -0.191130 0.235901 -0.271692
v -0.217314 0.190397 -0.604137
v -0.233497 0.140425 -0.271692
v -0.233497 0.140425 -0.604137
v -0.238971 0.088170 -0.271692
v -0.238971 0.088170 -0.604137
v -0.156088 0.274948 -0.604137
v -0.191130 0.235901 -0.271692
v -0.156088 0.274948 -0.271691
v -0.191130 0.235901 -0.604137
v -0.014654 0.338128 0.030213
v -0.065879 0.327204 0.312592
v -0.014654 0.338128 0.312592
v -0.065879 0.327204 0.030213
v -0.065879 0.327204 0.030213
v -0.113720 0.305833 0.312592
v -0.065879 0.327204 0.312592
v -0.113720 0.305833 0.030213
v -0.233497 0.140425 0.030213
v -0.238971 0.088170 0.312592
v -0.233497 0.140425 0.312592
v -0.238971 0.088170 0.030213
v -0.217314 0.190397 0.030213
v -0.233497 0.140425 0.312592
v -0.217314 0.190397 0.312592
v -0.233497 0.140425 0.030213
v -0.191130 0.235901 0.030213
v -0.217314 0.190397 0.312592
v -0.191130 0.235901 0.312592
v -0.217314 0.190397 0.030213
v -0.156088 0.274948 0.030213
v -0.191130 0.235901 0.312592
v -0.156088 0.274948 0.312592
v -0.191130 0.235901 0.030213
v -0.113720 0.305833 0.030213
v -0.156088 0.274948 0.312592
v -0.113720 0.305833 0.312592
v -0.156088 0.274948 0.030213
v -0.247873 0.311424 -0.158279
v -0.240147 0.311424 -0.150552
v -0.247873 0.406302 -0.158279
v -0.240147 0.406302 -0.150552
v -0.240147 0.406302 -0.166005
v -0.240147 0.311424 -0.166005
v -0.240147 0.427727 -0.169165
v -0.235633 0.440512 -0.261291
v -0.247873 0.448239 -0.236658
v -0.242007 0.448239 -0.264637
v -0.240147 0.440512 -0.236658
v -0.240147 0.455965 -0.236658
v -0.240147 0.440512 -0.197523
v -0.240147 0.455965 -0.197523
v -0.240147 0.437416 -0.178208
v -0.240147 0.450066 -0.171340
v -0.240147 0.434418 -0.156418
v -0.247873 0.443741 -0.174774
v -0.247873 0.431072 -0.162792
v -0.247873 0.448239 -0.197523
v -0.235633 0.455965 -0.261291
v -0.156325 0.448239 -0.286117
v -0.156325 0.440512 -0.278390
v -0.200902 0.448239 -0.286184
v -0.200902 0.440512 -0.278458
v -0.156325 0.455965 -0.278390
v -0.200902 0.455965 -0.278458
v -0.223652 0.455965 -0.273960
v -0.227085 0.448239 -0.280286
v -0.223652 0.440512 -0.273960
v -0.117080 0.311424 -0.286048
v -0.117080 0.406302 -0.286048
v -0.109354 0.311424 -0.278322
v -0.124806 0.406302 -0.278322
v -0.124806 0.311424 -0.278322
v -0.109354 0.406302 -0.278322
v -0.156325 0.448239 -0.286117
v -0.156325 0.455965 -0.278390
v -0.133575 0.443741 -0.286048
v -0.121594 0.431073 -0.286048
v -0.127967 0.427727 -0.278322
v -0.137010 0.437416 -0.278322
v -0.115220 0.434418 -0.278322
v -0.130141 0.450066 -0.278322
v -0.156325 0.440512 -0.278390
v 0.179387 0.455965 -0.278390
v 0.224157 0.448239 -0.286184
v 0.179387 0.448239 -0.286117
v 0.224157 0.455965 -0.278458
v 0.179387 0.440512 -0.278390
v 0.224157 0.440512 -0.278458
v 0.246907 0.440512 -0.273960
v 0.250341 0.448239 -0.280286
v 0.265262 0.448239 -0.264637
v 0.246907 0.455965 -0.273960
v 0.258889 0.455965 -0.261291
v 0.263402 0.427727 -0.169165
v 0.263402 0.434418 -0.156418
v 0.263402 0.437416 -0.178208
v 0.271129 0.431073 -0.162792
v 0.271129 0.406302 -0.158279
v 0.263402 0.406302 -0.150552
v 0.271129 0.311424 -0.158279
v 0.263402 0.311424 -0.150552
v 0.263402 0.406302 -0.166005
v 0.263402 0.311424 -0.166005
v 0.258888 0.440512 -0.261291
v 0.263402 0.440512 -0.236658
v 0.271128 0.448239 -0.236658
v 0.263402 0.440512 -0.197523
v 0.271129 0.448239 -0.197523
v 0.271129 0.443741 -0.174774
v 0.263402 0.455965 -0.236658
v 0.263402 0.455965 -0.197523
v 0.263402 0.450066 -0.171340
v 0.179387 0.448239 -0.286117
v 0.156637 0.443741 -0.286048
v 0.179387 0.455965 -0.278390
v 0.140142 0.406302 -0.286048
v 0.132415 0.311424 -0.278322
v 0.132415 0.406302 -0.278322
v 0.144655 0.431073 -0.286048
v 0.151029 0.427727 -0.278322
v 0.160071 0.437416 -0.278322
v 0.138282 0.434418 -0.278322
v 0.153203 0.450066 -0.278322
v 0.179387 0.440512 -0.278390
v 0.147868 0.406302 -0.278322
v 0.140142 0.311424 -0.286048
v 0.147868 0.311424 -0.278322
v -0.156325 0.448239 0.346856
v -0.133575 0.443741 0.346906
v -0.156325 0.455965 0.339130
v -0.117080 0.406302 0.346906
v -0.109354 0.311424 0.339180
v -0.109354 0.406302 0.339180
v -0.121594 0.431073 0.346906
v -0.127967 0.427727 0.339180
v -0.137010 0.437416 0.339180
v -0.115220 0.434418 0.339180
v -0.130141 0.450066 0.339180
v -0.156325 0.440512 0.339130
v -0.124806 0.406302 0.339180
v -0.117080 0.311424 0.346906
v -0.124806 0.311424 0.339180
v -0.191130 0.235901 0.603531
v -0.217314 0.190397 0.876071
v -0.191129 0.235901 0.876071
v -0.217314 0.190397 0.603531
v -0.233497 0.140425 0.876071
v -0.233497 0.140425 0.603531
v -0.238971 0.088170 0.876071
v -0.238971 0.088169 0.603531
v -0.156088 0.274948 0.603531
v -0.191129 0.235901 0.876071
v -0.156088 0.274948 0.876071
v -0.191130 0.235901 0.603531
v -0.065879 0.327204 0.312592
v -0.113720 0.305833 0.603531
v -0.065879 0.327204 0.603531
v -0.113720 0.305833 0.312592
v -0.240147 0.440512 0.149158
v -0.240147 0.455965 0.149158
v -0.240147 0.440512 0.297142
v -0.247873 0.448239 0.297142
v -0.240147 0.427727 0.120800
v -0.240147 0.437416 0.129842
v -0.247873 0.431072 0.114426
v -0.247873 0.443741 0.126409
v -0.247873 0.448239 0.149158
v -0.240147 0.455965 0.297142
v -0.235633 0.440512 0.321912
v -0.242007 0.448239 0.325258
v -0.235633 0.455965 0.321912
v -0.223652 0.455965 0.334582
v -0.223652 0.440512 0.334581
v -0.200902 0.440512 0.339079
v -0.200902 0.448239 0.346806
v -0.156325 0.448239 0.346856
v -0.156325 0.455965 0.339130
v -0.200902 0.455965 0.339079
v -0.156325 0.440512 0.339130
v -0.227086 0.448239 0.340907
v -0.240147 0.450066 0.122974
v -0.240147 0.434418 0.108053
v -0.240147 0.406302 0.102186
v -0.247873 0.406302 0.109913
v -0.247873 0.311424 0.109913
v -0.240147 0.311424 0.117640
v -0.240147 0.311424 0.102186
v -0.240147 0.406302 0.117640
v 0.140142 0.311424 0.346906
v 0.140142 0.406302 0.346906
v 0.132415 0.311424 0.339180
v 0.147868 0.406302 0.339180
v 0.147868 0.311424 0.339180
v 0.132415 0.406302 0.339180
v 0.179387 0.448239 0.346856
v 0.179387 0.455965 0.339130
v 0.156637 0.443741 0.346906
v 0.144655 0.431073 0.346906
v 0.151029 0.427727 0.339180
v 0.160071 0.437416 0.339180
v 0.138282 0.434418 0.339180
v 0.153203 0.450066 0.339180
v 0.179387 0.440512 0.339130
v -0.191130 0.235901 0.312592
v -0.217314 0.190397 0.603531
v -0.191130 0.235901 0.603531
v -0.217314 0.190397 0.312592
v -0.233497 0.140425 0.603531
v -0.233497 0.140425 0.312592
v -0.238971 0.088169 0.603531
v -0.238971 0.088170 0.312592
v -0.156088 0.274948 0.312592
v -0.191130 0.235901 0.603531
v -0.156088 0.274948 0.603531
v -0.191130 0.235901 0.312592
v -0.113720 0.305833 0.312592
v -0.156088 0.274948 0.603531
v -0.113720 0.305833 0.603531
v -0.156088 0.274948 0.312592
v 0.271129 0.311424 0.109913
v 0.263402 0.311424 0.102186
v 0.271129 0.406302 0.109913
v 0.263402 0.406302 0.102186
v 0.263402 0.406302 0.117640
v 0.263402 0.311424 0.117640
v 0.263402 0.427727 0.120800
v 0.258889 0.440512 0.321912
v 0.271129 0.448239 0.297142
v 0.265262 0.448239 0.325258
v 0.263402 0.440512 0.297142
v 0.263402 0.455965 0.297142
v 0.263402 0.440512 0.149158
v 0.263402 0.455965 0.149158
v 0.263402 0.437416 0.129842
v 0.263402 0.450066 0.122974
v 0.263402 0.434418 0.108053
v 0.271129 0.443741 0.126409
v 0.271129 0.431073 0.114426
v 0.271129 0.448239 0.149158
v 0.258889 0.455965 0.321912
v 0.179387 0.448239 0.346856
v 0.179387 0.440512 0.339130
v 0.224157 0.448239 0.346805
v 0.224157 0.440512 0.339079
v 0.179387 0.455965 0.339130
v 0.224157 0.455965 0.339079
v 0.246907 0.455965 0.334581
v 0.250341 0.448239 0.340907
v 0.246907 0.440512 0.334581
v -0.238971 0.088170 -0.271692
v -0.233497 0.035914 0.030213
v -0.238971 0.088170 0.030213
v -0.233497 0.035914 -0.271692
v -0.217314 -0.014058 0.030213
v -0.217314 -0.014058 -0.271692
v -0.190806 -0.059385 0.030213
v -0.190806 -0.059385 -0.271692
v -0.156088 -0.098609 0.030213
v -0.156088 -0.098609 -0.271692
v -0.113720 -0.129494 0.030213
v -0.113720 -0.129493 -0.271691
v -0.065878 -0.150865 0.030213
v -0.065878 -0.150865 -0.271692
v -0.014654 -0.161789 0.030213
v -0.014654 -0.161789 -0.271692
v -0.233497 0.140425 -0.271692
v -0.238971 0.088170 0.030213
v -0.233497 0.140425 0.030213
v -0.238971 0.088170 -0.271692
v -0.217314 0.190397 -0.271692
v -0.233497 0.140425 0.030213
v -0.217314 0.190397 0.030213
v -0.233497 0.140425 -0.271692
v -0.191130 0.235901 -0.271692
v -0.217314 0.190397 0.030213
v -0.191130 0.235901 0.030213
v -0.217314 0.190397 -0.271692
v -0.156088 0.274948 -0.271691
v -0.191130 0.235901 0.030213
v -0.156088 0.274948 0.030213
v -0.191130 0.235901 -0.271692
v 0.037715 0.338128 -0.891652
v 0.036939 0.330719 -0.936250
v -0.014654 0.338128 -0.891652
v -0.013878 0.330719 -0.936251
v -0.065878 0.327204 -0.891652
v -0.063584 0.320119 -0.936251
v -0.113720 0.305833 -0.891652
v -0.110008 0.299381 -0.936250
v -0.156088 0.274948 -0.891652
v -0.151120 0.269412 -0.936250
v -0.191130 0.235901 -0.891652
v -0.185123 0.231522 -0.936251
v -0.136554 0.253182 -0.978149
v -0.167512 0.218684 -0.978148
v -0.056857 0.299348 -0.978149
v -0.046157 0.266305 -1.014173
v -0.099124 0.280467 -0.978149
v -0.007982 0.274446 -1.014174
v -0.003266 0.229416 -1.042161
v -0.011602 0.308999 -0.978149
v 0.034664 0.308999 -0.978148
v 0.031045 0.274446 -1.014174
v 0.026327 0.229416 -1.042161
v 0.020834 0.176978 -1.059281
v 0.002228 0.176978 -1.059281
v -0.032212 0.223243 -1.042160
v -0.081810 0.250378 -1.014173
v -0.113384 0.227362 -1.014173
v -0.139498 0.198263 -1.014174
v -0.083187 0.193715 -1.042160
v -0.102989 0.171649 -1.042161
v -0.048023 0.154530 -1.059281
v -0.060473 0.140658 -1.059281
v -0.010287 0.112481 -1.065398
v -0.014848 0.107399 -1.065398
v 0.008576 0.090323 -1.065398
v 0.009160 0.090811 -1.065398
v -0.004772 0.116501 -1.065398
v 0.009807 0.091165 -1.065398
v 0.001455 0.119283 -1.065398
v 0.010487 0.091393 -1.065398
v 0.008123 0.120705 -1.065398
v 0.011182 0.091504 -1.065398
v 0.014939 0.120705 -1.065398
v 0.011880 0.091504 -1.065398
v -0.015972 0.173097 -1.059281
v -0.032970 0.165504 -1.059281
v -0.059246 0.211166 -1.042160
v -0.059246 0.211166 -1.042160
v -0.065879 0.327204 -0.271692
v -0.113720 0.305833 0.030213
v -0.065879 0.327204 0.030213
v -0.113721 0.305833 -0.271692
v -0.156088 0.274948 0.030213
v -0.156088 0.274948 -0.271691
v -0.014654 0.338128 -0.271692
v -0.065879 0.327204 0.030213
v -0.014654 0.338128 0.030213
v -0.065879 0.327204 -0.271692
v -0.014654 0.338128 0.603531
v -0.065878 0.327204 0.876071
v -0.014654 0.338128 0.876071
v -0.065879 0.327204 0.603531
v -0.014654 0.338128 0.312592
v -0.065879 0.327204 0.603531
v -0.014654 0.338128 0.603531
v -0.065879 0.327204 0.312592
v 0.031045 0.274446 0.998593
v 0.026327 0.229416 1.026580
v 0.069219 0.266305 0.998593
v 0.055274 0.223243 1.026580
v 0.020834 0.176978 1.043700
v 0.039034 0.173096 1.043701
v 0.014939 0.120705 1.049817
v 0.021607 0.119283 1.049817
v 0.012575 0.091393 1.049817
v 0.011880 0.091504 1.049817
v 0.162559 0.198263 -1.014174
v 0.106249 0.193715 -1.042161
v 0.136445 0.227362 -1.014174
v 0.126050 0.171650 -1.042161
v 0.182073 0.164352 -1.014174
v 0.140847 0.145936 -1.042161
v 0.194133 0.127112 -1.014174
v 0.149992 0.117698 -1.042160
v 0.092838 0.124490 -1.059281
v 0.098588 0.106736 -1.059281
v 0.041318 0.101476 -1.065398
v 0.037910 0.107399 -1.065398
v 0.014961 0.089701 -1.065398
v 0.014485 0.090323 -1.065398
v 0.033349 0.112481 -1.065398
v 0.013901 0.090811 -1.065398
v 0.027834 0.116501 -1.065398
v 0.013255 0.091165 -1.065398
v 0.021607 0.119283 -1.065398
v 0.012575 0.091393 -1.065398
v 0.082308 0.211166 -1.042161
v 0.039034 0.173097 -1.059281
v 0.055274 0.223243 -1.042160
v 0.056032 0.165504 -1.059281
v 0.071085 0.154530 -1.059281
v 0.083535 0.140658 -1.059281
v 0.104872 0.250378 -1.014174
v 0.043424 0.094971 -1.065398
v 0.044137 0.088170 -1.065398
v 0.015389 0.088169 -1.065398
v 0.015277 0.088968 -1.065398
v 0.159616 0.253182 -0.978149
v 0.122186 0.280467 -0.978149
v 0.190574 0.218684 -0.978149
v 0.213707 0.178483 -0.978149
v 0.228004 0.134335 -0.978148
v 0.198213 0.088170 -1.014174
v 0.153085 0.088170 -1.042160
v 0.100532 0.088170 -1.059281
v 0.208185 0.231522 -0.936251
v 0.174182 0.269412 -0.936251
v 0.133070 0.299381 -0.936251
v 0.079919 0.299348 -0.978148
v 0.086646 0.320119 -0.936250
v 0.232840 0.088170 -0.978149
v 0.249296 0.138876 -0.936250
v 0.233593 0.187367 -0.936250
v 0.214192 0.235901 -0.891652
v 0.179149 0.274948 -0.891652
v 0.136782 0.305833 -0.891652
v 0.088941 0.327204 -0.891652
v 0.037715 0.338128 -0.891652
v 0.036939 0.330719 -0.936250
v 0.034664 0.308999 -0.978148
v 0.240376 0.190397 -0.891652
v 0.256559 0.140425 -0.891652
v 0.254608 0.088170 -0.936251
v 0.262033 0.088170 -0.891652
v -0.191129 0.235901 0.876071
v -0.217314 0.190397 0.876071
v -0.185123 0.231522 0.920670
v -0.210531 0.187367 0.920670
v -0.167512 0.218684 0.962568
v -0.190645 0.178483 0.962568
v -0.139498 0.198263 0.998593
v -0.159011 0.164352 0.998593
v -0.102989 0.171649 1.026580
v -0.117785 0.145936 1.026580
v -0.060473 0.140658 1.043700
v -0.069776 0.124490 1.043700
v -0.014848 0.107399 1.049818
v -0.018256 0.101476 1.049817
v 0.008101 0.089701 1.049817
v 0.008577 0.090323 1.049817
v 0.026327 -0.053078 1.026580
v 0.044557 -0.013813 1.037601
v 0.022214 -0.013813 1.039194
v 0.055274 -0.046904 1.026580
v 0.037610 0.069159 1.049817
v 0.014432 0.086082 1.049817
v 0.033349 0.063858 1.049817
v 0.013255 0.085173 1.049817
v 0.027834 0.059838 1.049817
v 0.149992 0.058641 1.026580
v 0.198213 0.088170 0.998593
v 0.153085 0.088170 1.026580
v 0.098587 0.069603 1.043700
v 0.100532 0.088169 1.043700
v 0.043424 0.081368 1.049817
v 0.044137 0.088170 1.049818
v 0.015389 0.088169 1.049817
v 0.015277 0.087370 1.049817
v 0.041318 0.074863 1.049817
v 0.083234 0.035899 1.043700
v 0.071085 0.021808 1.043700
v 0.056032 0.010835 1.043700
v 0.021607 0.057056 1.049817
v 0.012575 0.084946 1.049817
v 0.092838 0.051849 1.043700
v 0.228004 0.042003 0.962568
v 0.254608 0.088169 0.920670
v 0.232841 0.088169 0.962568
v 0.194133 0.049227 0.998593
v 0.140847 0.030403 1.026580
v 0.125748 0.004903 1.026580
v 0.106223 -0.013795 1.027123
v 0.070215 -0.013813 1.034020
v 0.011880 0.084834 1.049817
v 0.151413 -0.013813 1.007064
v 0.182073 0.011986 0.998593
v 0.166901 -0.013813 0.998593
v 0.206868 -0.013813 0.962568
v 0.213707 -0.002145 0.962568
v 0.231963 -0.013813 0.920670
v 0.249296 0.037463 0.920670
v 0.240402 -0.013977 0.876071
v 0.256558 0.035914 0.876071
v 0.262033 0.088170 0.876071
v 0.013255 0.085173 1.049817
v 0.014432 0.086082 1.049817
v 0.013255 0.091165 1.049817
v 0.012575 0.084946 1.049817
v 0.012575 0.091393 1.049817
v 0.011880 0.084834 1.049817
v 0.011880 0.091504 1.049817
v 0.011182 0.084834 1.049817
v 0.011182 0.091504 1.049817
v 0.010487 0.084946 1.049817
v 0.010487 0.091393 1.049817
v 0.009807 0.085173 1.049817
v 0.009807 0.091165 1.049818
v 0.009160 0.090811 1.049817
v 0.008577 0.090323 1.049817
v 0.008631 0.086082 1.049818
v 0.008101 0.089701 1.049817
v 0.007785 0.088968 1.049817
v 0.007673 0.088169 1.049817
v 0.007785 0.087370 1.049818
v 0.015389 0.088169 1.049817
v 0.015277 0.088968 1.049817
v 0.015277 0.087370 1.049817
v 0.014961 0.089701 1.049817
v 0.014485 0.090323 1.049817
v 0.013902 0.090811 1.049817
v -0.021075 0.088169 1.049817
v 0.007673 0.088169 1.049817
v -0.020362 0.094971 1.049817
v 0.007785 0.088968 1.049817
v 0.088940 -0.150865 -0.891652
v 0.086646 -0.143780 -0.936250
v 0.136782 -0.129493 -0.891652
v 0.133069 -0.123042 -0.936250
v 0.179149 -0.098609 -0.891652
v 0.174181 -0.093074 -0.936250
v 0.213868 -0.059384 -0.891652
v 0.207864 -0.055000 -0.936251
v 0.122185 -0.104128 -0.978148
v 0.159616 -0.076843 -0.978148
v 0.079919 -0.123009 -0.978149
v 0.069219 -0.089966 -1.014174
v 0.104871 -0.074040 -1.014174
v 0.136445 -0.051024 -1.014174
v 0.190261 -0.042150 -0.978148
v 0.162253 -0.021718 -1.014174
v 0.151413 -0.013813 -1.022645
v 0.106222 -0.013795 -1.042704
v 0.082308 -0.034828 -1.042161
v 0.055274 -0.046904 -1.042161
v 0.026327 -0.053078 -1.042161
v 0.031045 -0.098107 -1.014174
v 0.034664 -0.132660 -0.978148
v 0.036939 -0.154381 -0.936250
v 0.037715 -0.161789 -0.891652
v 0.044557 -0.013813 -1.053181
v 0.070215 -0.013813 -1.049601
v -0.020362 0.094971 1.049817
v -0.077471 0.088169 1.043700
v -0.021075 0.088169 1.049817
v -0.075526 0.106736 1.043700
v -0.130023 0.088169 1.026580
v -0.126930 0.117698 1.026580
v -0.175151 0.088169 0.998593
v -0.171071 0.127112 0.998593
v -0.209778 0.088169 0.962568
v -0.204942 0.134335 0.962568
v -0.231546 0.088170 0.920670
v -0.226234 0.138876 0.920670
v -0.238971 0.088170 0.876071
v -0.233497 0.140425 0.876071
v -0.128351 -0.013813 1.007064
v -0.143840 -0.013813 0.998593
v -0.139191 -0.021718 0.998593
v -0.167199 -0.042150 0.962568
v -0.183807 -0.013813 0.962568
v -0.184803 -0.055000 0.920670
v -0.208902 -0.013813 0.920670
v -0.190806 -0.059385 0.876071
v -0.217334 -0.013997 0.876071
v 0.166901 -0.013813 -1.014174
v 0.162253 -0.021718 -1.014174
v 0.151413 -0.013813 -1.022645
v 0.190261 -0.042150 -0.978148
v 0.206868 -0.013813 -0.978149
v 0.207864 -0.055000 -0.936251
v 0.231963 -0.013813 -0.936250
v 0.213868 -0.059384 -0.891652
v 0.240402 -0.013977 -0.891652
v 0.037610 0.069159 -1.065398
v 0.033349 0.063858 -1.065398
v 0.014432 0.086082 -1.065398
v 0.013255 0.085173 -1.065398
v 0.027834 0.059838 -1.065398
v 0.012575 0.084946 -1.065398
v 0.021607 0.057056 -1.065398
v 0.056032 0.010835 -1.059281
v 0.071085 0.021808 -1.059281
v 0.083234 0.035899 -1.059281
v 0.041318 0.074863 -1.065398
v 0.015277 0.087370 -1.065398
v 0.043424 0.081368 -1.065398
v 0.015389 0.088169 -1.065398
v 0.044137 0.088170 -1.065398
v 0.100532 0.088170 -1.059281
v 0.098587 0.069603 -1.059281
v 0.153085 0.088170 -1.042160
v 0.149992 0.058641 -1.042161
v 0.198213 0.088170 -1.014174
v 0.092838 0.051849 -1.059281
v 0.020834 -0.000639 -1.059281
v 0.014939 0.055634 -1.065398
v 0.039034 0.003242 -1.059281
v 0.022214 -0.013813 -1.054775
v 0.044557 -0.013813 -1.053181
v 0.254608 0.088170 -0.936251
v 0.228004 0.042003 -0.978149
v 0.232840 0.088170 -0.978149
v 0.194133 0.049227 -1.014174
v 0.140847 0.030403 -1.042161
v 0.125747 0.004903 -1.042161
v 0.106222 -0.013795 -1.042704
v 0.070215 -0.013813 -1.049601
v 0.011880 0.084834 -1.065398
v 0.151413 -0.013813 -1.022645
v 0.182073 0.011986 -1.014174
v 0.166901 -0.013813 -1.014174
v 0.206868 -0.013813 -0.978149
v 0.213707 -0.002145 -0.978149
v 0.231963 -0.013813 -0.936250
v 0.249296 0.037463 -0.936250
v 0.240402 -0.013977 -0.891652
v 0.256558 0.035914 -0.891652
v 0.262033 0.088170 -0.891652
v -0.015972 0.003242 -1.059281
v 0.008123 0.055634 -1.065398
v 0.002228 -0.000639 -1.059281
v 0.001455 0.057056 -1.065398
v -0.032970 0.010835 -1.059281
v -0.004772 0.059838 -1.065398
v -0.048023 0.021808 -1.059281
v -0.010287 0.063858 -1.065398
v 0.009807 0.085173 -1.065398
v 0.010487 0.084946 -1.065398
v 0.011182 0.084834 -1.065398
v 0.011880 0.084834 -1.065398
v 0.008630 0.086082 -1.065398
v 0.014939 0.055634 -1.065398
v 0.020834 -0.000639 -1.059281
v 0.022214 -0.013813 -1.054775
v 0.000848 -0.013813 -1.054775
v -0.021495 -0.013813 -1.053181
v -0.047154 -0.013813 -1.049600
v -0.083161 -0.013795 -1.042704
v -0.060172 0.035899 -1.059281
v -0.014548 0.069159 -1.065398
v -0.018256 0.074863 -1.065399
v 0.007785 0.087370 -1.065398
v -0.020362 0.081368 -1.065398
v -0.209778 0.088170 -0.978149
v -0.175151 0.088170 -1.014174
v -0.204942 0.042003 -0.978149
v -0.231546 0.088170 -0.936251
v -0.226235 0.037463 -0.936251
v -0.190645 -0.002145 -0.978149
v 0.007673 0.088169 -1.065398
v -0.021075 0.088169 -1.065398
v -0.075526 0.069603 -1.059281
v -0.077471 0.088169 -1.059281
v -0.126930 0.058641 -1.042161
v -0.130023 0.088169 -1.042161
v -0.171071 0.049227 -1.014174
v -0.159011 0.011986 -1.014174
v -0.183807 -0.013813 -0.978148
v -0.208902 -0.013813 -0.936251
v -0.217334 -0.013997 -0.891652
v -0.233497 0.035914 -0.891652
v -0.238971 0.088170 -0.891652
v -0.102686 0.004903 -1.042161
v -0.128351 -0.013813 -1.022645
v -0.117785 0.030403 -1.042161
v -0.069776 0.051849 -1.059281
v -0.143840 -0.013813 -1.014174
v 0.263398 -0.201014 -0.006005
v 0.263398 0.319364 -0.006005
v 0.263398 0.319364 -0.006005
v 0.263398 -0.201014 -0.006005
v 0.269713 0.048151 0.072076
v 0.269713 0.036921 -0.001452
v 0.269713 0.048151 -0.001452
v 0.269713 0.036921 0.072076
v 0.263398 0.042536 0.076628
v 0.263398 0.042536 -0.006005
v 0.263398 0.042536 -0.006005
v 0.263398 0.042536 0.076628
v 0.026327 -0.053078 -1.042161
v 0.000848 -0.013813 -1.054775
v 0.022214 -0.013813 -1.054775
v -0.003266 -0.053078 -1.042161
v 0.031045 -0.098107 -1.014174
v -0.007982 -0.098107 -1.014174
v 0.034664 -0.132660 -0.978148
v -0.011602 -0.132660 -0.978149
v 0.036939 -0.154381 -0.936250
v -0.013878 -0.154381 -0.936251
v 0.037715 -0.161789 -0.891652
v -0.014654 -0.161789 -0.891652
v -0.063584 -0.143780 -0.936251
v -0.065878 -0.150865 -0.891652
v -0.110008 -0.123042 -0.936251
v -0.113720 -0.129493 -0.891652
v -0.156088 -0.098609 -0.891652
v -0.151119 -0.093074 -0.936251
v -0.190806 -0.059385 -0.891652
v -0.184803 -0.055000 -0.936250
v -0.021495 -0.013813 -1.053181
v -0.032212 -0.046904 -1.042160
v -0.047154 -0.013813 -1.049600
v -0.059246 -0.034828 -1.042161
v -0.083161 -0.013795 -1.042704
v -0.113384 -0.051024 -1.014173
v -0.128351 -0.013813 -1.022645
v -0.139191 -0.021718 -1.014173
v -0.167199 -0.042150 -0.978148
v -0.136554 -0.076843 -0.978148
v -0.099124 -0.104128 -0.978149
v -0.056857 -0.123008 -0.978149
v -0.046157 -0.089966 -1.014174
v -0.081810 -0.074040 -1.014174
v 0.262033 0.088170 -0.891652
v 0.262033 0.088170 -0.604137
v 0.256558 0.035914 -0.891652
v 0.256558 0.035914 -0.604137
v 0.240402 -0.013977 -0.891652
v 0.240376 -0.014058 -0.604137
v 0.213868 -0.059384 -0.891652
v 0.213868 -0.059385 -0.604137
v 0.179149 -0.098609 -0.604137
v 0.179149 -0.098609 -0.891652
v 0.136782 -0.129493 -0.604137
v 0.136782 -0.129493 -0.891652
v 0.088940 -0.150865 -0.891652
v 0.088940 -0.150865 -0.604137
v 0.037715 -0.161789 -0.891652
v 0.037715 -0.161789 -0.604137
v 0.136782 0.305833 -0.604137
v 0.088941 0.327204 -0.891652
v 0.088941 0.327204 -0.604137
v 0.136782 0.305833 -0.891652
v 0.179149 0.274948 -0.891652
v 0.179149 0.274948 -0.604137
v 0.214192 0.235901 -0.891652
v 0.214192 0.235901 -0.604137
v 0.240376 0.190397 -0.891652
v 0.240376 0.190397 -0.604137
v 0.256559 0.140425 -0.891652
v 0.256559 0.140425 -0.604137
v 0.262033 0.088170 -0.891652
v 0.262033 0.088170 -0.604137
v 0.263398 -0.201014 0.076628
v 0.263398 0.319364 0.076629
v 0.263398 0.319364 0.076629
v 0.263398 -0.201014 0.076628
v 0.269713 0.130239 0.072076
v 0.269713 0.119009 -0.001452
v 0.269713 0.130239 -0.001452
v 0.269713 0.119009 0.072076
v 0.263398 0.124624 0.076629
v 0.263398 0.124624 -0.006005
v 0.263398 0.124624 -0.006005
v 0.263398 0.124624 0.076629
v 0.269713 0.211886 0.072076
v 0.269713 0.200657 -0.001452
v 0.269713 0.211886 -0.001452
v 0.269713 0.200657 0.072076
v 0.263398 0.206272 0.076629
v 0.263398 0.206272 -0.006005
v 0.263398 0.206272 -0.006005
v 0.263398 0.206272 0.076629
v 0.269713 0.291773 0.072076
v 0.269713 0.280544 -0.001452
v 0.269713 0.291773 -0.001452
v 0.269713 0.280544 0.072076
v 0.263398 0.286159 0.076629
v 0.263398 0.286159 -0.006005
v 0.263398 0.286159 -0.006005
v 0.263398 0.286159 0.076629
v 0.269713 -0.036578 0.072076
v 0.269713 -0.047808 -0.001452
v 0.269713 -0.036578 -0.001452
v 0.269713 -0.047808 0.072076
v 0.263398 -0.042193 0.076628
v 0.263398 -0.042193 -0.006005
v 0.263398 -0.042193 -0.006005
v 0.263398 -0.042193 0.076628
v 0.269713 -0.121308 0.072076
v 0.269713 -0.132537 -0.001452
v 0.269713 -0.121308 -0.001452
v 0.269713 -0.132537 0.072076
v 0.263398 -0.126923 0.076628
v 0.263398 -0.126923 -0.006005
v 0.263398 -0.126923 -0.006005
v 0.263398 -0.126923 0.076628
v -0.113721 0.305833 -0.604137
v -0.156088 0.274948 -0.891652
v -0.156088 0.274948 -0.604137
v -0.113720 0.305833 -0.891652
v -0.065878 0.327204 -0.891652
v -0.065879 0.327204 -0.604137
v -0.014654 -0.161789 -0.604137
v -0.014654 -0.161789 -0.271692
v -0.065878 -0.150865 -0.604137
v -0.065878 -0.150865 -0.271692
v -0.113720 -0.129493 -0.604137
v -0.113720 -0.129493 -0.271691
v -0.156088 -0.098609 -0.604137
v -0.156088 -0.098609 -0.271692
v -0.190806 -0.059385 -0.604137
v -0.190806 -0.059385 -0.271692
v -0.217314 -0.014058 -0.604137
v -0.217314 -0.014058 -0.271692
v -0.233497 0.035914 -0.604137
v -0.233497 0.035914 -0.271692
v -0.238971 0.088170 -0.604137
v -0.238971 0.088170 -0.271692
v -0.156088 0.274948 -0.604137
v -0.156088 0.274948 -0.271691
v -0.113721 0.305833 -0.604137
v -0.113721 0.305833 -0.271692
v -0.065879 0.327204 -0.604137
v -0.065879 0.327204 -0.271692
v -0.014654 -0.161789 0.030213
v -0.014654 -0.161789 0.312592
v -0.065878 -0.150865 0.030213
v -0.065878 -0.150865 0.312592
v -0.113720 -0.129494 0.030213
v -0.113720 -0.129494 0.312592
v -0.156088 -0.098609 0.030213
v -0.156088 -0.098609 0.312592
v -0.190806 -0.059385 0.030213
v -0.190806 -0.059385 0.312592
v -0.217314 -0.014058 0.030213
v -0.217314 -0.014058 0.312592
v -0.233497 0.035914 0.030213
v -0.233497 0.035914 0.312592
v -0.238971 0.088170 0.030213
v -0.238971 0.088170 0.312592
v -0.014654 -0.161789 0.603531
v -0.014654 -0.161789 0.876071
v -0.065878 -0.150865 0.603531
v -0.065878 -0.150865 0.876071
v -0.113720 -0.129494 0.603531
v -0.113720 -0.129494 0.876071
v -0.156088 -0.098609 0.603531
v -0.156088 -0.098609 0.876071
v -0.190806 -0.059385 0.603531
v -0.190806 -0.059385 0.876071
v -0.217314 -0.014058 0.603531
v -0.217334 -0.013997 0.876071
v -0.233497 0.035914 0.603531
v -0.233497 0.035914 0.876071
v -0.238971 0.088169 0.603531
v -0.238971 0.088170 0.876071
v -0.156088 0.274948 0.603531
v -0.156088 0.274948 0.876071
v -0.113720 0.305833 0.603531
v -0.113720 0.305833 0.876071
v -0.065879 0.327204 0.603531
v -0.065878 0.327204 0.876071
v -0.014654 -0.161789 0.312592
v -0.014654 -0.161789 0.603531
v -0.065878 -0.150865 0.312592
v -0.065878 -0.150865 0.603531
v -0.113720 -0.129494 0.312592
v -0.113720 -0.129494 0.603531
v -0.156088 -0.098609 0.312592
v -0.156088 -0.098609 0.603531
v -0.190806 -0.059385 0.312592
v -0.190806 -0.059385 0.603531
v -0.217314 -0.014058 0.312592
v -0.217314 -0.014058 0.603531
v -0.233497 0.035914 0.312592
v -0.233497 0.035914 0.603531
v -0.238971 0.088170 0.312592
v -0.238971 0.088169 0.603531
v 0.020834 0.176978 1.043700
v 0.002228 0.176978 1.043700
v 0.014939 0.120705 1.049817
v -0.003266 0.229416 1.026580
v 0.026327 0.229416 1.026580
v -0.007982 0.274446 0.998593
v 0.031045 0.274446 0.998593
v 0.034664 0.308999 0.962568
v -0.011602 0.308999 0.962569
v -0.056857 0.299348 0.962568
v -0.046157 0.266305 0.998593
v -0.032211 0.223243 1.026580
v 0.008123 0.120705 1.049817
v 0.011880 0.091504 1.049817
v -0.015972 0.173097 1.043700
v -0.059246 0.211166 1.026580
v -0.081810 0.250378 0.998593
v -0.099124 0.280467 0.962568
v -0.110008 0.299381 0.920670
v -0.063584 0.320119 0.920670
v -0.013878 0.330719 0.920670
v 0.036939 0.330719 0.920670
v 0.011182 0.091504 1.049817
v 0.010487 0.091393 1.049817
v 0.001455 0.119282 1.049817
v 0.009807 0.091165 1.049818
v -0.004772 0.116501 1.049817
v 0.009160 0.090811 1.049817
v -0.010287 0.112481 1.049818
v 0.008577 0.090323 1.049817
v -0.014848 0.107399 1.049818
v -0.060473 0.140658 1.043700
v -0.048023 0.154530 1.043700
v -0.032970 0.165504 1.043700
v -0.083187 0.193714 1.026580
v -0.102989 0.171649 1.026580
v -0.139498 0.198263 0.998593
v -0.113383 0.227362 0.998593
v -0.167512 0.218684 0.962568
v -0.136554 0.253182 0.962568
v -0.185123 0.231522 0.920670
v -0.151119 0.269412 0.920670
v -0.191129 0.235901 0.876071
v -0.156088 0.274948 0.876071
v -0.113720 0.305833 0.876071
v -0.065878 0.327204 0.876071
v -0.014654 0.338128 0.876071
v 0.037715 0.338128 0.876071
v -0.059246 0.211166 1.026580
v 0.136445 0.227362 0.998593
v 0.106249 0.193715 1.026580
v 0.162560 0.198263 0.998593
v 0.126050 0.171649 1.026580
v 0.182073 0.164352 0.998593
v 0.140847 0.145936 1.026580
v 0.194133 0.127112 0.998593
v 0.149992 0.117698 1.026580
v 0.092838 0.124490 1.043700
v 0.098588 0.106736 1.043700
v 0.041318 0.101476 1.049817
v 0.037910 0.107399 1.049817
v 0.014961 0.089701 1.049817
v 0.014485 0.090323 1.049817
v 0.033349 0.112481 1.049817
v 0.013902 0.090811 1.049817
v 0.027834 0.116501 1.049817
v 0.013255 0.091165 1.049817
v 0.021607 0.119283 1.049817
v 0.012575 0.091393 1.049817
v 0.055274 0.223243 1.026580
v 0.039034 0.173096 1.043701
v 0.082308 0.211166 1.026580
v 0.056032 0.165504 1.043700
v 0.071085 0.154530 1.043700
v 0.083535 0.140657 1.043700
v 0.104872 0.250378 0.998593
v 0.043425 0.094971 1.049817
v 0.015389 0.088169 1.049817
v 0.044137 0.088170 1.049818
v 0.015277 0.088968 1.049817
v 0.122186 0.280467 0.962568
v 0.159616 0.253182 0.962568
v 0.190574 0.218684 0.962568
v 0.213707 0.178483 0.962568
v 0.228004 0.134335 0.962568
v 0.198213 0.088170 0.998593
v 0.153085 0.088170 1.026580
v 0.100532 0.088169 1.043700
v 0.240376 0.190397 0.876071
v 0.214192 0.235901 0.876071
v 0.233593 0.187367 0.920670
v 0.249296 0.138876 0.920670
v 0.256559 0.140425 0.876071
v 0.254608 0.088169 0.920670
v 0.262033 0.088170 0.876071
v 0.232841 0.088169 0.962568
v 0.208185 0.231522 0.920670
v 0.174182 0.269412 0.920670
v 0.179149 0.274948 0.876071
v 0.133070 0.299381 0.920670
v 0.136782 0.305833 0.876071
v 0.088941 0.327204 0.876071
v 0.086646 0.320119 0.920670
v 0.037715 0.338128 0.876071
v 0.036939 0.330719 0.920670
v 0.034664 0.308999 0.962568
v 0.079920 0.299348 0.962568
v -0.240337 -0.201014 -0.005885
v -0.240337 0.319364 -0.005885
v -0.240337 0.319364 -0.005885
v -0.240337 -0.201014 -0.005885
v -0.246652 0.036921 -0.001332
v -0.246652 0.048151 0.072196
v -0.246652 0.048151 -0.001332
v -0.246652 0.036921 0.072196
v -0.240337 0.042536 0.076748
v -0.240337 0.042536 -0.005885
v -0.240337 0.042536 -0.005885
v -0.240337 0.042536 0.076748
v 0.088940 -0.150865 0.876071
v 0.136782 -0.129494 0.876071
v 0.086646 -0.143780 0.920670
v 0.133069 -0.123042 0.920670
v 0.179149 -0.098609 0.876071
v 0.174182 -0.093074 0.920670
v 0.213868 -0.059385 0.876071
v 0.207865 -0.055000 0.920670
v 0.104872 -0.074040 0.998593
v 0.159616 -0.076843 0.962568
v 0.136445 -0.051024 0.998593
v 0.122185 -0.104128 0.962568
v 0.079920 -0.123009 0.962568
v 0.069219 -0.089966 0.998593
v 0.190261 -0.042150 0.962568
v 0.162253 -0.021718 0.998593
v 0.151413 -0.013813 1.007064
v 0.106223 -0.013795 1.027123
v 0.082308 -0.034828 1.026580
v 0.055274 -0.046904 1.026580
v 0.026327 -0.053078 1.026580
v 0.031045 -0.098107 0.998593
v 0.034664 -0.132660 0.962568
v 0.036939 -0.154381 0.920670
v 0.037715 -0.161789 0.876071
v 0.070215 -0.013813 1.034020
v 0.044557 -0.013813 1.037601
v 0.231963 -0.013813 0.920670
v 0.213868 -0.059385 0.876071
v 0.240402 -0.013977 0.876071
v 0.207865 -0.055000 0.920670
v 0.206868 -0.013813 0.962568
v 0.190261 -0.042150 0.962568
v 0.166901 -0.013813 0.998593
v 0.162253 -0.021718 0.998593
v 0.151413 -0.013813 1.007064
v -0.240337 -0.201014 0.076748
v -0.240337 0.319364 0.076748
v -0.240337 0.319364 0.076748
v -0.240337 -0.201014 0.076748
v -0.246652 0.119009 -0.001332
v -0.246652 0.130239 0.072196
v -0.246652 0.130239 -0.001332
v -0.246652 0.119009 0.072196
v -0.240337 0.124624 0.076748
v -0.240337 0.124624 -0.005885
v -0.240337 0.124624 -0.005885
v -0.240337 0.124624 0.076748
v -0.246652 0.200657 -0.001332
v -0.246652 0.211886 0.072196
v -0.246652 0.211886 -0.001332
v -0.246652 0.200657 0.072196
v -0.240337 0.206272 0.076748
v -0.240337 0.206272 -0.005885
v -0.240337 0.206272 -0.005885
v -0.240337 0.206272 0.076748
v -0.246652 0.280544 -0.001332
v -0.246652 0.291773 0.072196
v -0.246652 0.291773 -0.001332
v -0.246652 0.280544 0.072196
v -0.240337 0.286159 0.076748
v -0.240337 0.286159 -0.005885
v -0.240337 0.286159 -0.005885
v -0.240337 0.286159 0.076748
v -0.246652 -0.047808 -0.001332
v -0.246652 -0.036578 0.072196
v -0.246652 -0.036578 -0.001332
v -0.246652 -0.047808 0.072196
v -0.240337 -0.042193 0.076748
v -0.240337 -0.042193 -0.005885
v -0.240337 -0.042193 -0.005885
v -0.240337 -0.042193 0.076748
v -0.246652 -0.132537 -0.001332
v -0.246652 -0.121308 0.072196
v -0.246652 -0.121308 -0.001332
v -0.246652 -0.132537 0.072196
v -0.240337 -0.126923 0.076748
v -0.240337 -0.126923 -0.005885
v -0.240337 -0.126923 -0.005885
v -0.240337 -0.126923 0.076748
v -0.042235 -0.227620 1.207647
v -0.039618 -0.231545 1.214696
v -0.039618 -0.227620 1.214696
v -0.042235 -0.231545 1.207647
v -0.039618 -0.227620 1.200597
v -0.039618 -0.231545 1.200597
v -0.032992 -0.227620 1.196847
v -0.032992 -0.231545 1.196847
v -0.025457 -0.227620 1.198149
v -0.025457 -0.231545 1.198149
v -0.020539 -0.227620 1.203896
v -0.020539 -0.231545 1.203896
v -0.020539 -0.227620 1.211397
v -0.020539 -0.231545 1.211397
v -0.025457 -0.227620 1.217143
v -0.025457 -0.231545 1.217143
v -0.032992 -0.227620 1.218446
v -0.032992 -0.231545 1.218446
v -0.031050 -0.227620 1.207647
v -0.008552 -0.242370 1.130320
v -0.012241 -0.231545 1.120770
v -0.017280 -0.242370 1.123951
v -0.003513 -0.231545 1.127138
v -0.003329 -0.231545 1.156263
v -0.008595 -0.241696 1.156263
v -0.010958 -0.231545 1.180887
v -0.016223 -0.238701 1.180887
v -0.021153 -0.231545 1.192492
v -0.021740 -0.237294 1.190900
v -0.035496 -0.231545 1.190651
v -0.035496 -0.237294 1.189056
v 0.001455 0.057056 1.049818
v 0.009807 0.085173 1.049817
v -0.004772 0.059838 1.049817
v 0.010487 0.084946 1.049817
v 0.008123 0.055634 1.049818
v 0.011182 0.084834 1.049817
v 0.002228 -0.000639 1.043700
v -0.015972 0.003242 1.043700
v -0.032970 0.010835 1.043700
v -0.048023 0.021808 1.043700
v -0.010287 0.063858 1.049817
v 0.008631 0.086082 1.049818
v 0.007785 0.087370 1.049818
v -0.018256 0.074863 1.049818
v -0.014548 0.069159 1.049818
v -0.060172 0.035899 1.043700
v -0.083161 -0.013795 1.027123
v -0.047154 -0.013813 1.034020
v -0.021495 -0.013813 1.037601
v 0.000848 -0.013813 1.039195
v 0.022214 -0.013813 1.039194
v 0.020834 -0.000639 1.043700
v 0.014939 0.055634 1.049817
v 0.011880 0.084834 1.049817
v -0.209778 0.088169 0.962568
v -0.204942 0.042003 0.962568
v -0.175151 0.088169 0.998593
v -0.226234 0.037463 0.920670
v -0.190645 -0.002145 0.962568
v -0.231546 0.088170 0.920670
v -0.238971 0.088170 0.876071
v -0.233497 0.035914 0.876071
v -0.217334 -0.013997 0.876071
v -0.208902 -0.013813 0.920670
v -0.183807 -0.013813 0.962568
v -0.159011 0.011986 0.998593
v -0.171071 0.049227 0.998593
v -0.126930 0.058641 1.026580
v -0.130023 0.088169 1.026580
v -0.077471 0.088169 1.043700
v -0.075526 0.069603 1.043701
v -0.021075 0.088169 1.049817
v -0.020362 0.081368 1.049818
v 0.007673 0.088169 1.049817
v -0.143840 -0.013813 0.998593
v -0.128351 -0.013813 1.007064
v -0.117785 0.030403 1.026580
v -0.069776 0.051849 1.043700
v -0.102686 0.004903 1.026580
v -0.011602 -0.132660 0.962569
v -0.007982 -0.098107 0.998593
v -0.056857 -0.123008 0.962569
v -0.046157 -0.089966 0.998593
v -0.003266 -0.053078 1.026580
v -0.032211 -0.046904 1.026580
v -0.081810 -0.074040 0.998593
v -0.059246 -0.034828 1.026580
v -0.113383 -0.051024 0.998593
v -0.136554 -0.076843 0.962568
v -0.099124 -0.104128 0.962568
v -0.013878 -0.154381 0.920670
v -0.063584 -0.143780 0.920670
v -0.110008 -0.123042 0.920670
v -0.151119 -0.093074 0.920670
v -0.184803 -0.055000 0.920670
v -0.167199 -0.042150 0.962568
v -0.139191 -0.021718 0.998593
v -0.128351 -0.013813 1.007064
v -0.083161 -0.013795 1.027123
v -0.047154 -0.013813 1.034020
v -0.021495 -0.013813 1.037601
v 0.000848 -0.013813 1.039195
v -0.190806 -0.059385 0.876071
v -0.156088 -0.098609 0.876071
v -0.113720 -0.129494 0.876071
v -0.065878 -0.150865 0.876071
v -0.014654 -0.161789 0.876071
v 0.037715 -0.161789 0.876071
v 0.036939 -0.154381 0.920670
v 0.034664 -0.132660 0.962568
v 0.031045 -0.098107 0.998593
v 0.026327 -0.053078 1.026580
v 0.022214 -0.013813 1.039194
v 0.046555 -0.239839 1.129531
v 0.044673 -0.231540 1.115359
v 0.042509 -0.231545 1.127515
v 0.044745 -0.231545 1.146286
v 0.049167 -0.231545 1.157775
v 0.055917 -0.231545 1.165481
v 0.062974 -0.231545 1.170739
v 0.074297 -0.233045 1.183525
v 0.081640 -0.233742 1.194531
v 0.087571 -0.235193 1.213557
v -0.015606 -0.242370 1.113563
v -0.011290 -0.231544 1.114711
v -0.018300 -0.246342 1.122373
v -0.016450 -0.246146 1.112987
v -0.020599 -0.242370 1.126283
v -0.022182 -0.246342 1.124618
v -0.035782 -0.242370 1.130139
v -0.036406 -0.246342 1.128211
v -0.045384 -0.246342 1.133395
v -0.044582 -0.242370 1.134273
v -0.051099 -0.246348 1.140735
v -0.051099 -0.242370 1.140735
v -0.051980 -0.246346 1.151744
v -0.051980 -0.240580 1.151744
v 0.090157 -0.262063 1.158174
v 0.093227 -0.250712 1.176056
v 0.093227 -0.261380 1.176056
v 0.090157 -0.250030 1.158174
v 0.080979 -0.262611 1.142518
v 0.080979 -0.249480 1.142518
v 0.065223 -0.263455 1.126348
v 0.065223 -0.248637 1.126348
v 0.055276 -0.265585 1.115693
v 0.055276 -0.246447 1.115693
v 0.052683 -0.246135 1.105751
v 0.052683 -0.266293 1.105751
v 0.052683 -0.266293 1.096517
v 0.052683 -0.246135 1.096517
v 0.093227 -0.261380 1.176056
v 0.093684 -0.251906 1.211084
v 0.093684 -0.260187 1.211084
v 0.093227 -0.250712 1.176056
v 0.078540 -0.233743 1.199005
v 0.084161 -0.235193 1.213514
v 0.071464 -0.233072 1.187509
v 0.059566 -0.231545 1.175955
v 0.054297 -0.231545 1.174447
v 0.050838 -0.231545 1.173457
v 0.049030 -0.231545 1.172939
v -0.003139 -0.231545 1.186354
v -0.009515 -0.231545 1.194310
v -0.010095 -0.231545 1.199851
v -0.031050 -0.231545 1.207647
v -0.010120 -0.231545 1.207647
v -0.014117 -0.231545 1.219709
v -0.024582 -0.231545 1.227163
v -0.037518 -0.231545 1.227163
v -0.047983 -0.231545 1.219709
v -0.051980 -0.231545 1.207647
v -0.051980 -0.231545 1.194644
v -0.021767 -0.246136 1.096517
v 0.052683 -0.246135 1.105751
v 0.052683 -0.246135 1.096517
v -0.021767 -0.246136 1.105719
v -0.023167 -0.246136 1.111729
v -0.028299 -0.246342 1.118042
v -0.037913 -0.246342 1.122360
v -0.052006 -0.246342 1.125248
v -0.057449 -0.246342 1.136025
v 0.042509 -0.280820 1.127515
v 0.046555 -0.272526 1.129531
v 0.044745 -0.280820 1.146286
v 0.044673 -0.280825 1.115359
v 0.046636 -0.266294 1.113723
v 0.055822 -0.266293 1.126205
v 0.054658 -0.270968 1.133724
v 0.049167 -0.280820 1.157775
v 0.049030 -0.280820 1.172939
v 0.050838 -0.280820 1.173457
v 0.055917 -0.280820 1.165481
v 0.054297 -0.280820 1.174447
v 0.062974 -0.280820 1.170739
v 0.059566 -0.280820 1.175955
v 0.074297 -0.279321 1.183525
v 0.071464 -0.279293 1.187509
v 0.081640 -0.278623 1.194531
v 0.078540 -0.278622 1.199005
v 0.087571 -0.277172 1.213557
v 0.084161 -0.277172 1.213514
v 0.061875 -0.266326 1.138890
v 0.067704 -0.266326 1.163204
v 0.077315 -0.266326 1.177874
v 0.084758 -0.266326 1.189170
v 0.091451 -0.266326 1.213607
v -0.012241 -0.280820 1.120770
v -0.008552 -0.269995 1.130320
v -0.017280 -0.269995 1.123951
v -0.003513 -0.280820 1.127138
v -0.003329 -0.280820 1.156263
v -0.008595 -0.270669 1.156263
v -0.010958 -0.280820 1.180887
v -0.016223 -0.273664 1.180887
v -0.021153 -0.280820 1.192492
v -0.021740 -0.275071 1.190900
v -0.035496 -0.280820 1.190651
v -0.035496 -0.275071 1.189056
v -0.020599 -0.269995 1.126283
v -0.035782 -0.269995 1.130139
v -0.044582 -0.269995 1.134273
v -0.051099 -0.269995 1.140735
v -0.051980 -0.271785 1.151744
v -0.051980 -0.280820 1.194644
v -0.051980 -0.280820 1.207647
v -0.031050 -0.280820 1.207647
v -0.047983 -0.280820 1.219709
v -0.037518 -0.280820 1.227163
v -0.024582 -0.280820 1.227163
v -0.014117 -0.280820 1.219709
v -0.010120 -0.280820 1.207647
v -0.010095 -0.280820 1.199851
v -0.009515 -0.280820 1.194310
v -0.003139 -0.280820 1.186354
v -0.011290 -0.280821 1.114711
v -0.015606 -0.269995 1.113563
v -0.016450 -0.266292 1.112987
v 0.093684 -0.260187 1.211084
v 0.093227 -0.261380 1.176056
v 0.090157 -0.262063 1.158174
v 0.080979 -0.262611 1.142518
v 0.065223 -0.263455 1.126348
v 0.055276 -0.265585 1.115693
v 0.052683 -0.266293 1.105751
v -0.021767 -0.266293 1.105719
v -0.021767 -0.266293 1.096518
v 0.052683 -0.266293 1.096517
v -0.023167 -0.266293 1.111729
v -0.018300 -0.266274 1.122373
v -0.028299 -0.266284 1.118042
v -0.022182 -0.266274 1.124618
v -0.036406 -0.266274 1.128211
v -0.037913 -0.266284 1.122360
v -0.045384 -0.266274 1.133395
v -0.052006 -0.266284 1.125248
v -0.057449 -0.266284 1.136025
v -0.051099 -0.266274 1.140735
v -0.051980 -0.266283 1.151744
v 0.011531 -0.448838 0.030320
v 0.008705 -0.446011 0.033146
v 0.014357 -0.446011 0.033146
v 0.014357 -0.451664 0.033146
v 0.008705 -0.451664 0.033146
v 0.011248 -0.449120 0.041624
v 0.011813 -0.449120 0.041624
v 0.011813 -0.448555 0.041624
v 0.011248 -0.448555 0.041624
v 0.014357 -0.451664 0.033146
v 0.014357 -0.446011 0.033146
v 0.008705 -0.446011 0.033146
v 0.008705 -0.451664 0.033146
# num_vertices: 7889

vt 0.763400 0.539200
vt 0.747800 0.552400
vt 0.749100 0.538100
vt 0.682200 0.548600
vt 0.682200 0.581000
vt 0.681400 0.580400
vt 0.763700 0.539100
vt 0.748700 0.537700
vt 0.748000 0.552300
vt 0.708300 0.552200
vt 0.707600 0.538000
vt 0.693400 0.538200
vt 0.763700 0.539200
vt 0.748000 0.552500
vt 0.748700 0.537900
vt 0.763400 0.539200
vt 0.749100 0.538100
vt 0.747800 0.552400
vt 0.763700 0.539200
vt 0.748700 0.537900
vt 0.748000 0.552500
vt 0.763400 0.539200
vt 0.747800 0.552400
vt 0.749100 0.538100
vt 0.763700 0.539200
vt 0.748000 0.552500
vt 0.748700 0.537900
vt 0.763400 0.539200
vt 0.749100 0.538100
vt 0.747800 0.552400
vt 0.630400 0.594700
vt 0.628200 0.590100
vt 0.632800 0.587900
vt 0.630500 0.596200
vt 0.627500 0.589800
vt 0.633800 0.586800
vt 0.630400 0.594700
vt 0.632800 0.587900
vt 0.628200 0.590100
vt 0.630400 0.594700
vt 0.632800 0.587900
vt 0.628200 0.590100
vt 0.630400 0.594700
vt 0.628200 0.590100
vt 0.632800 0.587900
vt 0.630400 0.594700
vt 0.628200 0.590100
vt 0.632800 0.587900
vt 0.630400 0.594700
vt 0.632800 0.587900
vt 0.628200 0.590100
vt 0.363100 0.027100
vt 0.359300 0.025500
vt 0.363100 0.023900
vt 0.577400 0.024500
vt 0.573600 0.026100
vt 0.573600 0.022900
vt 0.363100 0.027100
vt 0.359300 0.025500
vt 0.363100 0.023900
vt 0.577400 0.024500
vt 0.573600 0.026100
vt 0.573600 0.022900
vt 0.363100 0.027100
vt 0.363100 0.023900
vt 0.359300 0.025500
vt 0.577400 0.024500
vt 0.573600 0.022900
vt 0.573600 0.026100
vt 0.363100 0.027100
vt 0.363100 0.023900
vt 0.359300 0.025500
vt 0.577400 0.024500
vt 0.573600 0.022900
vt 0.573600 0.026100
vt 0.682300 0.548700
vt 0.682300 0.581100
vt 0.681500 0.580500
vt 0.682300 0.548700
vt 0.681600 0.580500
vt 0.682300 0.581100
vt 0.682300 0.548700
vt 0.681600 0.580500
vt 0.682300 0.581100
vt 0.800100 0.375800
vt 0.808400 0.339000
vt 0.808400 0.375800
vt 0.800100 0.339000
vt 0.818200 0.348300
vt 0.802400 0.334100
vt 0.818200 0.334100
vt 0.802300 0.348300
vt 0.783900 0.461200
vt 0.773800 0.466000
vt 0.773800 0.461200
vt 0.783900 0.466000
vt 0.802400 0.317000
vt 0.818200 0.317000
vt 0.818300 0.306300
vt 0.802500 0.289300
vt 0.818300 0.289300
vt 0.802400 0.306300
vt 0.395400 0.058400
vt 0.398900 0.044000
vt 0.395400 0.044000
vt 0.398900 0.058400
vt 0.251800 0.044000
vt 0.251800 0.058400
vt 0.294100 0.058400
vt 0.303900 0.058400
vt 0.303900 0.044000
vt 0.354700 0.044000
vt 0.354700 0.058400
vt 0.438500 0.058400
vt 0.438500 0.044000
vt 0.451400 0.044000
vt 0.451400 0.058400
vt 0.466900 0.044000
vt 0.466900 0.058400
vt 0.480300 0.044000
vt 0.480300 0.058400
vt 0.493000 0.044000
vt 0.493000 0.058400
vt 0.674700 0.517500
vt 0.758600 0.318900
vt 0.758600 0.518400
vt 0.674700 0.319800
vt 0.001900 0.000100
vt 0.998200 0.042000
vt 0.001900 0.042000
vt 0.998200 0.000100
vt 0.674800 0.319600
vt 0.758700 0.518200
vt 0.674800 0.519100
vt 0.758700 0.320400
vt 0.001900 0.042000
vt 0.998200 0.000100
vt 0.001900 0.000100
vt 0.998200 0.042000
vt 0.960900 0.510900
vt 0.938400 0.290700
vt 0.938400 0.510900
vt 0.960900 0.290700
vt 0.769000 0.500300
vt 0.791200 0.280000
vt 0.791200 0.500300
vt 0.769000 0.280000
vt 0.779800 0.366300
vt 0.796200 0.357400
vt 0.784900 0.372900
vt 0.790500 0.353500
vt 0.792700 0.375700
vt 0.801600 0.361600
vt 0.766500 0.339700
vt 0.785000 0.342100
vt 0.766700 0.348000
vt 0.782700 0.335600
vt 0.771400 0.354800
vt 0.786900 0.348700
vt 0.771400 0.310400
vt 0.785000 0.323100
vt 0.766700 0.317300
vt 0.786900 0.316500
vt 0.766500 0.325500
vt 0.782700 0.329600
vt 0.792700 0.289500
vt 0.796200 0.307800
vt 0.784900 0.292300
vt 0.801600 0.303600
vt 0.779800 0.298900
vt 0.790500 0.311700
vt 0.822100 0.285100
vt 0.814200 0.302000
vt 0.814300 0.282800
vt 0.821000 0.301800
vt 0.806200 0.285100
vt 0.807300 0.301800
vt 0.848500 0.298900
vt 0.832200 0.307800
vt 0.843400 0.292300
vt 0.837800 0.311700
vt 0.835600 0.289500
vt 0.826700 0.303600
vt 0.861800 0.325500
vt 0.843300 0.323100
vt 0.861600 0.317200
vt 0.845600 0.329600
vt 0.856900 0.310400
vt 0.841400 0.316500
vt 0.856900 0.354800
vt 0.843300 0.342100
vt 0.861600 0.347900
vt 0.841400 0.348700
vt 0.861800 0.339700
vt 0.845600 0.335600
vt 0.848500 0.366300
vt 0.832200 0.357400
vt 0.837800 0.353500
vt 0.843400 0.372900
vt 0.835600 0.375700
vt 0.826700 0.361600
vt 0.822100 0.380100
vt 0.814200 0.363200
vt 0.821000 0.363500
vt 0.814000 0.382400
vt 0.806200 0.380100
vt 0.807300 0.363500
vt 0.805400 0.320600
vt 0.814200 0.317700
vt 0.822900 0.320600
vt 0.800000 0.328000
vt 0.800000 0.337200
vt 0.805400 0.344600
vt 0.828300 0.328000
vt 0.814200 0.347500
vt 0.822900 0.344600
vt 0.828300 0.337200
vt 0.237100 0.056400
vt 0.237100 0.044000
vt 0.238900 0.058400
vt 0.773800 0.420800
vt 0.783900 0.420800
vt 0.777100 0.461600
vt 0.785500 0.473800
vt 0.777100 0.473800
vt 0.785500 0.461600
vt 0.777100 0.454800
vt 0.785500 0.454800
vt 0.777100 0.448300
vt 0.785500 0.448300
vt 0.777100 0.436600
vt 0.785500 0.436600
vt 0.777100 0.427800
vt 0.785500 0.427800
vt 0.777100 0.419600
vt 0.785500 0.419600
vt 0.777100 0.399900
vt 0.785500 0.399900
vt 0.777100 0.386600
vt 0.785500 0.386600
vt 0.777100 0.376100
vt 0.785500 0.376100
vt 0.351300 0.171900
vt 0.315600 0.208800
vt 0.312800 0.171900
vt 0.351300 0.208800
vt 0.389900 0.171900
vt 0.389900 0.208800
vt 0.428400 0.171900
vt 0.428400 0.208800
vt 0.467000 0.171900
vt 0.467000 0.208800
vt 0.505500 0.171900
vt 0.505500 0.208800
vt 0.544100 0.171900
vt 0.544100 0.208800
vt 0.582600 0.171900
vt 0.582600 0.208800
vt 0.621200 0.171900
vt 0.621200 0.208800
vt 0.659700 0.171900
vt 0.657000 0.208800
vt 0.621500 0.172100
vt 0.657200 0.209100
vt 0.660000 0.172100
vt 0.621500 0.209100
vt 0.582900 0.172100
vt 0.582900 0.209100
vt 0.544400 0.172100
vt 0.544400 0.209100
vt 0.505800 0.172100
vt 0.505800 0.209100
vt 0.467300 0.172100
vt 0.467300 0.209100
vt 0.428700 0.172100
vt 0.428700 0.209100
vt 0.390200 0.172100
vt 0.390200 0.209100
vt 0.351600 0.172100
vt 0.351600 0.209100
vt 0.313100 0.172100
vt 0.315800 0.209100
vt 0.573600 0.060800
vt 0.555800 0.067900
vt 0.555800 0.060800
vt 0.573600 0.067900
vt 0.591300 0.060800
vt 0.591300 0.067900
vt 0.609100 0.060800
vt 0.609100 0.067900
vt 0.626800 0.060800
vt 0.626800 0.067900
vt 0.644600 0.060800
vt 0.644600 0.067900
vt 0.662400 0.060800
vt 0.662400 0.067900
vt 0.680100 0.060800
vt 0.680100 0.067900
vt 0.697900 0.060800
vt 0.697900 0.067900
vt 0.715600 0.060800
vt 0.715600 0.067900
vt 0.733400 0.060800
vt 0.733400 0.067900
vt 0.751200 0.060800
vt 0.751200 0.067900
vt 0.768900 0.060800
vt 0.768900 0.067900
vt 0.786700 0.060800
vt 0.786700 0.067900
vt 0.804500 0.060800
vt 0.804500 0.067900
vt 0.822200 0.060800
vt 0.822200 0.067900
vt 0.840000 0.060800
vt 0.840000 0.067900
vt 0.857700 0.060800
vt 0.857700 0.067900
vt 0.875500 0.060800
vt 0.875500 0.067900
vt 0.781400 0.362800
vt 0.774000 0.350200
vt 0.771500 0.335700
vt 0.792600 0.372300
vt 0.806400 0.377300
vt 0.821000 0.377300
vt 0.834800 0.372300
vt 0.846000 0.362800
vt 0.853300 0.350200
vt 0.855900 0.335700
vt 0.853300 0.321300
vt 0.846000 0.308600
vt 0.834800 0.299200
vt 0.821000 0.294200
vt 0.806400 0.294200
vt 0.792600 0.299200
vt 0.781400 0.308600
vt 0.774000 0.321300
vt 0.804600 0.373300
vt 0.790800 0.368300
vt 0.779600 0.358900
vt 0.819200 0.373300
vt 0.833000 0.368300
vt 0.844200 0.358900
vt 0.851500 0.346200
vt 0.854100 0.331800
vt 0.851500 0.317400
vt 0.844200 0.304700
vt 0.833000 0.295300
vt 0.819200 0.290200
vt 0.804600 0.290200
vt 0.790800 0.295300
vt 0.779600 0.304700
vt 0.772300 0.317400
vt 0.769700 0.331800
vt 0.772300 0.346200
vt 0.685300 0.601300
vt 0.677600 0.618300
vt 0.676900 0.607400
vt 0.670300 0.622300
vt 0.665400 0.607300
vt 0.639900 0.623200
vt 0.657900 0.601700
vt 0.646500 0.605200
vt 0.654900 0.592800
vt 0.637300 0.607200
vt 0.634100 0.608600
vt 0.634900 0.604400
vt 0.640100 0.606400
vt 0.640600 0.608500
vt 0.641900 0.611800
vt 0.640600 0.615100
vt 0.637300 0.616400
vt 0.632700 0.621900
vt 0.634100 0.615100
vt 0.627200 0.616800
vt 0.632700 0.611800
vt 0.625800 0.611900
vt 0.630200 0.604000
vt 0.626100 0.607200
vt 0.627200 0.604600
vt 0.775500 0.348600
vt 0.791300 0.334400
vt 0.791300 0.348600
vt 0.775500 0.334400
vt 0.791300 0.317500
vt 0.775500 0.317500
vt 0.791300 0.306800
vt 0.775500 0.306800
vt 0.791300 0.289600
vt 0.775500 0.289600
vt 0.773800 0.310300
vt 0.783900 0.315200
vt 0.773800 0.315200
vt 0.783900 0.310300
vt 0.773800 0.295900
vt 0.783900 0.295900
vt 0.773800 0.287200
vt 0.783900 0.287200
vt 0.777100 0.339400
vt 0.785500 0.339400
vt 0.773800 0.355600
vt 0.783900 0.355600
vt 0.623300 0.576500
vt 0.625100 0.572200
vt 0.623300 0.576500
vt 0.625100 0.572200
vt 0.629400 0.570400
vt 0.629400 0.570400
vt 0.633700 0.572200
vt 0.633700 0.572200
vt 0.635500 0.576500
vt 0.635500 0.576500
vt 0.633700 0.580900
vt 0.633700 0.580900
vt 0.629400 0.582700
vt 0.629400 0.582700
vt 0.625100 0.580900
vt 0.625100 0.580900
vt 0.677000 0.607400
vt 0.677800 0.618400
vt 0.685400 0.601400
vt 0.670400 0.622400
vt 0.665500 0.607400
vt 0.640000 0.623300
vt 0.658000 0.601800
vt 0.646600 0.605300
vt 0.655000 0.592800
vt 0.637400 0.607300
vt 0.635000 0.604400
vt 0.634200 0.608600
vt 0.640200 0.606500
vt 0.640700 0.608600
vt 0.642000 0.611900
vt 0.640700 0.615100
vt 0.637400 0.616500
vt 0.632800 0.621900
vt 0.634200 0.615100
vt 0.627300 0.616800
vt 0.632800 0.611900
vt 0.626000 0.612000
vt 0.630300 0.604000
vt 0.626200 0.607300
vt 0.627300 0.604600
vt 0.707900 0.537900
vt 0.708000 0.552400
vt 0.617400 0.245600
vt 0.624600 0.213100
vt 0.617400 0.213100
vt 0.624600 0.245600
vt 0.630500 0.213100
vt 0.630500 0.245600
vt 0.636000 0.213100
vt 0.636000 0.245600
vt 0.640600 0.213100
vt 0.640600 0.245600
vt 0.640300 0.593900
vt 0.640400 0.594300
vt 0.638900 0.594300
vt 0.642100 0.595000
vt 0.642400 0.595300
vt 0.642400 0.595300
vt 0.640300 0.593900
vt 0.615100 0.521100
vt 0.613600 0.519900
vt 0.656700 0.520600
vt 0.659900 0.519700
vt 0.660500 0.519300
vt 0.661900 0.526400
vt 0.661200 0.527600
vt 0.663600 0.529400
vt 0.664800 0.528100
vt 0.674900 0.532300
vt 0.675400 0.530800
vt 0.681500 0.535400
vt 0.682100 0.534700
vt 0.686300 0.540300
vt 0.686300 0.540300
vt 0.687000 0.548600
vt 0.687000 0.548600
vt 0.657400 0.525200
vt 0.693100 0.538300
vt 0.747800 0.523600
vt 0.707900 0.523800
vt 0.654700 0.532400
vt 0.650900 0.530000
vt 0.650800 0.552100
vt 0.654700 0.552100
vt 0.656500 0.570800
vt 0.660400 0.570800
vt 0.664100 0.579600
vt 0.664500 0.578400
vt 0.674800 0.578200
vt 0.674800 0.577000
vt 0.028300 0.333300
vt 0.104900 0.332600
vt 0.039200 0.381500
vt 0.022800 0.374600
vt 0.009700 0.361400
vt 0.001600 0.341500
vt 0.001700 0.323300
vt 0.024100 0.274400
vt 0.635600 0.213100
vt 0.640200 0.213100
vt 0.641200 0.220600
vt 0.641200 0.235000
vt 0.640400 0.242700
vt 0.640200 0.246300
vt 0.635600 0.246300
vt 0.183600 0.285300
vt 0.183100 0.291100
vt 0.168100 0.294400
vt 0.171700 0.298700
vt 0.157500 0.312300
vt 0.162900 0.313700
vt 0.157200 0.341100
vt 0.162800 0.340600
vt 0.164500 0.353900
vt 0.168500 0.350000
vt 0.177400 0.361100
vt 0.178800 0.355700
vt 0.195900 0.361200
vt 0.194900 0.355700
vt 0.203200 0.353500
vt 0.206200 0.358100
vt 0.210000 0.347800
vt 0.215500 0.349000
vt 0.219700 0.332200
vt 0.213700 0.332000
vt 0.220100 0.211700
vt 0.154800 0.282200
vt 0.153300 0.276300
vt 0.224200 0.215800
vt 0.245900 0.268600
vt 0.250000 0.276100
vt 0.241400 0.271600
vt 0.254600 0.273600
vt 0.615200 0.521200
vt 0.656800 0.520600
vt 0.613700 0.520000
vt 0.660000 0.519800
vt 0.660700 0.519300
vt 0.291700 0.166600
vt 0.302300 0.186400
vt 0.302300 0.166600
vt 0.291700 0.186400
vt 0.270800 0.203400
vt 0.281500 0.208900
vt 0.281500 0.203400
vt 0.270800 0.208900
vt 0.302300 0.208900
vt 0.291700 0.208900
vt 0.312500 0.203400
vt 0.312500 0.208900
vt 0.941500 0.734500
vt 0.950400 0.646100
vt 0.950400 0.734500
vt 0.941500 0.646100
vt 0.599100 0.852200
vt 0.591400 0.787900
vt 0.591400 0.852200
vt 0.599100 0.787900
vt 0.583600 0.852200
vt 0.583600 0.775000
vt 0.959200 0.660900
vt 0.959200 0.734500
vt 0.970200 0.968400
vt 0.989900 0.995200
vt 0.970200 0.997500
vt 0.989900 0.968400
vt 0.970200 0.939300
vt 0.989900 0.939300
vt 0.970200 0.910200
vt 0.989900 0.910200
vt 0.970200 0.881100
vt 0.989900 0.881100
vt 0.970200 0.852000
vt 0.989900 0.852000
vt 0.970200 0.822900
vt 0.989900 0.822900
vt 0.970200 0.793800
vt 0.989900 0.793800
vt 0.970200 0.764700
vt 0.989900 0.767000
vt 0.257500 0.348200
vt 0.305700 0.252600
vt 0.257500 0.252600
vt 0.305700 0.348200
vt 0.257500 0.334500
vt 0.305700 0.334500
vt 0.257500 0.320900
vt 0.305700 0.320900
vt 0.257500 0.307200
vt 0.305700 0.307200
vt 0.257500 0.293600
vt 0.305700 0.293600
vt 0.257500 0.279900
vt 0.305700 0.279900
vt 0.257500 0.266300
vt 0.305700 0.266300
vt 0.954500 0.924800
vt 0.938700 0.924800
vt 0.950000 0.924800
vt 0.934200 0.924800
vt 0.950000 0.744400
vt 0.938700 0.744400
vt 0.965800 0.744400
vt 0.954500 0.744400
vt 0.965800 0.924800
vt 0.938700 0.739800
vt 0.950000 0.739800
vt 0.934200 0.744400
vt 0.583600 0.383300
vt 0.591700 0.489800
vt 0.591700 0.383300
vt 0.583600 0.495600
vt 0.615300 0.489500
vt 0.591200 0.489500
vt 0.615300 0.383100
vt 0.591200 0.383100
vt 0.583100 0.383100
vt 0.583100 0.495400
vt 0.979800 0.754200
vt 0.986100 0.643500
vt 0.979800 0.643500
vt 0.986100 0.754200
vt 0.971500 0.643500
vt 0.971500 0.754200
vt 0.994400 0.643500
vt 0.994400 0.754200
vt 0.601500 0.865600
vt 0.586800 0.878800
vt 0.592700 0.870600
vt 0.584000 0.889000
vt 0.612000 0.863900
vt 0.623500 0.865900
vt 0.584500 0.900600
vt 0.589200 0.912300
vt 0.634800 0.871500
vt 0.650300 0.886400
vt 0.602000 0.929500
vt 0.637700 0.969500
vt 0.686100 0.926300
vt 0.650400 0.983700
vt 0.698800 0.940400
vt 0.658500 0.990600
vt 0.668200 0.994400
vt 0.678700 0.995200
vt 0.688500 0.992700
vt 0.696700 0.987300
vt 0.703400 0.979400
vt 0.704500 0.949500
vt 0.707300 0.959500
vt 0.707000 0.969900
vt 0.723200 0.468700
vt 0.743900 0.439900
vt 0.744000 0.475400
vt 0.723100 0.446800
vt 0.877500 0.185200
vt 0.998100 0.277400
vt 0.877500 0.277400
vt 0.998100 0.185200
vt 0.877500 0.139200
vt 0.998100 0.139200
vt 0.877500 0.093100
vt 0.998100 0.093100
vt 0.877500 0.047000
vt 0.998100 0.047000
vt 0.652300 0.582600
vt 0.650300 0.587900
vt 0.644000 0.582400
vt 0.650500 0.577200
vt 0.645700 0.574200
vt 0.640000 0.575100
vt 0.636300 0.579400
vt 0.636200 0.585100
vt 0.639700 0.589500
vt 0.645300 0.590600
vt 0.650300 0.587900
vt 0.652300 0.582600
vt 0.650500 0.577200
vt 0.645700 0.574200
vt 0.640000 0.575100
vt 0.636300 0.579400
vt 0.636200 0.585100
vt 0.639700 0.589500
vt 0.645300 0.590600
vt 0.302300 0.186400
vt 0.291700 0.166800
vt 0.302300 0.166800
vt 0.291700 0.186400
vt 0.281600 0.208700
vt 0.271000 0.203300
vt 0.281600 0.203300
vt 0.271000 0.208700
vt 0.302300 0.208700
vt 0.291700 0.208700
vt 0.312400 0.203300
vt 0.312400 0.208700
vt 0.950200 0.646500
vt 0.941400 0.734800
vt 0.950200 0.734800
vt 0.941400 0.646500
vt 0.591300 0.788400
vt 0.598900 0.852000
vt 0.591300 0.852000
vt 0.598900 0.788400
vt 0.583600 0.852000
vt 0.583600 0.775600
vt 0.959100 0.661200
vt 0.959100 0.734800
vt 0.291700 0.166800
vt 0.302300 0.186400
vt 0.302300 0.166800
vt 0.291700 0.186400
vt 0.271000 0.203300
vt 0.281600 0.208700
vt 0.281600 0.203300
vt 0.271000 0.208700
vt 0.302300 0.208700
vt 0.291700 0.208700
vt 0.312400 0.203300
vt 0.312400 0.208700
vt 0.941400 0.734800
vt 0.950200 0.646500
vt 0.950200 0.734800
vt 0.941400 0.646500
vt 0.598900 0.852000
vt 0.591300 0.788400
vt 0.591300 0.852000
vt 0.598900 0.788400
vt 0.583600 0.852000
vt 0.583600 0.775600
vt 0.959100 0.661200
vt 0.959100 0.734800
vt 0.302300 0.186400
vt 0.291700 0.166800
vt 0.302300 0.166800
vt 0.291700 0.186400
vt 0.281600 0.208700
vt 0.271000 0.203300
vt 0.281600 0.203300
vt 0.271000 0.208700
vt 0.302300 0.208700
vt 0.291700 0.208700
vt 0.312400 0.203300
vt 0.312400 0.208700
vt 0.950200 0.646500
vt 0.941400 0.734800
vt 0.950200 0.734800
vt 0.941400 0.646500
vt 0.591300 0.788400
vt 0.598900 0.852000
vt 0.591300 0.852000
vt 0.598900 0.788400
vt 0.583600 0.852000
vt 0.583600 0.775600
vt 0.959100 0.661200
vt 0.959100 0.734800
vt 0.979900 0.754100
vt 0.986200 0.643300
vt 0.979900 0.643300
vt 0.986200 0.754100
vt 0.971600 0.643300
vt 0.971600 0.754100
vt 0.994500 0.643300
vt 0.994500 0.754100
vt 0.929200 0.632000
vt 0.931300 0.281800
vt 0.931300 0.632000
vt 0.929200 0.281800
vt 0.926100 0.632000
vt 0.926100 0.281800
vt 0.922900 0.632000
vt 0.922900 0.281800
vt 0.919800 0.632000
vt 0.919700 0.281800
vt 0.986200 0.643300
vt 0.979900 0.754100
vt 0.979900 0.643300
vt 0.986200 0.754100
vt 0.971600 0.643300
vt 0.971600 0.754100
vt 0.994500 0.643300
vt 0.994500 0.754100
vt 0.866400 0.082200
vt 0.824700 0.082200
vt 0.866400 0.072000
vt 0.824700 0.072000
vt 0.803900 0.082200
vt 0.803900 0.072000
vt 0.783000 0.082200
vt 0.783000 0.072000
vt 0.762200 0.082200
vt 0.762200 0.072000
vt 0.741400 0.082200
vt 0.741400 0.072000
vt 0.720600 0.082200
vt 0.720600 0.072000
vt 0.699700 0.082200
vt 0.699700 0.072000
vt 0.678900 0.082200
vt 0.678900 0.072000
vt 0.658100 0.082200
vt 0.658100 0.072000
vt 0.637200 0.082200
vt 0.637200 0.072000
vt 0.616400 0.082200
vt 0.616400 0.072000
vt 0.574800 0.082200
vt 0.574800 0.072000
vt 0.858100 0.349000
vt 0.851500 0.365100
vt 0.839100 0.377400
vt 0.858100 0.331600
vt 0.851500 0.315500
vt 0.839100 0.303200
vt 0.823100 0.296500
vt 0.823100 0.384000
vt 0.805700 0.384000
vt 0.789600 0.377400
vt 0.777300 0.365100
vt 0.789600 0.303200
vt 0.770600 0.331600
vt 0.038300 0.313800
vt 0.080000 0.324000
vt 0.080000 0.313800
vt 0.038300 0.324000
vt 0.058800 0.201100
vt 0.074900 0.204400
vt 0.087000 0.212500
vt 0.044500 0.204000
vt 0.093700 0.226600
vt 0.096500 0.240900
vt 0.093600 0.255100
vt 0.086900 0.269200
vt 0.074800 0.277300
vt 0.058700 0.280500
vt 0.044400 0.277600
vt 0.019900 0.226300
vt 0.019800 0.255100
vt 0.398100 0.132700
vt 0.002200 0.144500
vt 0.398100 0.144500
vt 0.002200 0.132700
vt 0.397800 0.130900
vt 0.001900 0.086000
vt 0.001900 0.130900
vt 0.397800 0.086000
vt 0.037400 0.324600
vt 0.082300 0.312800
vt 0.037400 0.312800
vt 0.082300 0.324600
vt 0.002300 0.144400
vt 0.398200 0.132600
vt 0.002300 0.132600
vt 0.398200 0.144400
vt 0.001800 0.085900
vt 0.397700 0.130800
vt 0.397700 0.085900
vt 0.001800 0.130800
vt 0.036900 0.324500
vt 0.081800 0.312700
vt 0.036900 0.312700
vt 0.081800 0.324500
vt 0.805800 0.379000
vt 0.787200 0.403400
vt 0.805500 0.404300
vt 0.787100 0.379000
vt 0.805800 0.299600
vt 0.787100 0.324900
vt 0.805800 0.324900
vt 0.787100 0.299600
vt 0.805800 0.329700
vt 0.787100 0.333400
vt 0.805800 0.333400
vt 0.787100 0.329700
vt 0.787100 0.370400
vt 0.805800 0.370400
vt 0.787100 0.374200
vt 0.805800 0.374200
vt 0.716700 0.200800
vt 0.694000 0.200700
vt 0.673900 0.210500
vt 0.737100 0.210900
vt 0.751200 0.228700
vt 0.756100 0.250900
vt 0.750900 0.273100
vt 0.736600 0.290700
vt 0.716000 0.300500
vt 0.693300 0.300300
vt 0.672900 0.290300
vt 0.658800 0.272400
vt 0.659100 0.228100
vt 0.653900 0.250200
vt 0.693300 0.300300
vt 0.672900 0.290300
vt 0.658800 0.272400
vt 0.716000 0.300500
vt 0.736600 0.290700
vt 0.750900 0.273100
vt 0.756100 0.250900
vt 0.751200 0.228700
vt 0.737100 0.210900
vt 0.716700 0.200800
vt 0.694000 0.200700
vt 0.673400 0.210400
vt 0.659100 0.228100
vt 0.653900 0.250200
vt 0.744300 0.510900
vt 0.723400 0.482300
vt 0.723400 0.504200
vt 0.744100 0.475400
vt 0.399600 0.271500
vt 0.395100 0.268500
vt 0.396600 0.238200
vt 0.391700 0.240800
vt 0.378700 0.229100
vt 0.376700 0.234100
vt 0.331700 0.232900
vt 0.262200 0.229100
vt 0.309300 0.233000
vt 0.264300 0.234200
vt 0.249300 0.240800
vt 0.244400 0.238300
vt 0.254500 0.353600
vt 0.250000 0.357900
vt 0.877600 0.046900
vt 0.998300 0.092900
vt 0.998300 0.046900
vt 0.877600 0.092900
vt 0.998300 0.139000
vt 0.877600 0.139000
vt 0.998300 0.185000
vt 0.877600 0.185000
vt 0.877600 0.277200
vt 0.998300 0.277200
vt 0.744300 0.475400
vt 0.723400 0.446800
vt 0.723400 0.468700
vt 0.744100 0.439900
vt 0.877600 0.046900
vt 0.998300 0.092900
vt 0.998300 0.046900
vt 0.877600 0.092900
vt 0.998300 0.139000
vt 0.877600 0.139000
vt 0.998300 0.185000
vt 0.877600 0.185000
vt 0.877600 0.277200
vt 0.998300 0.277200
vt 0.723200 0.504200
vt 0.743900 0.475400
vt 0.744000 0.510900
vt 0.723100 0.482300
vt 0.877600 0.185000
vt 0.998300 0.277200
vt 0.877600 0.277200
vt 0.998300 0.185000
vt 0.877600 0.139000
vt 0.998300 0.139000
vt 0.877600 0.092900
vt 0.998300 0.092900
vt 0.877600 0.046900
vt 0.998300 0.046900
vt 0.723200 0.468700
vt 0.743900 0.439900
vt 0.744000 0.475400
vt 0.723100 0.446800
vt 0.783900 0.315200
vt 0.773800 0.355600
vt 0.783900 0.355600
vt 0.773800 0.315200
vt 0.250000 0.276000
vt 0.253800 0.353600
vt 0.249900 0.357900
vt 0.253800 0.273400
vt 0.787100 0.329700
vt 0.805800 0.324900
vt 0.805800 0.329700
vt 0.787100 0.324900
vt 0.787200 0.403400
vt 0.805800 0.379000
vt 0.805500 0.404300
vt 0.787100 0.379000
vt 0.805800 0.299600
vt 0.787100 0.299600
vt 0.787100 0.333400
vt 0.805800 0.333400
vt 0.805800 0.379000
vt 0.787200 0.403400
vt 0.805500 0.404300
vt 0.787100 0.379000
vt 0.805800 0.299600
vt 0.787100 0.324900
vt 0.805800 0.324900
vt 0.787100 0.299600
vt 0.805800 0.329700
vt 0.787100 0.333400
vt 0.805800 0.333400
vt 0.787100 0.329700
vt 0.787100 0.370400
vt 0.805800 0.370400
vt 0.787100 0.374200
vt 0.805800 0.374200
vt 0.693200 0.300500
vt 0.672900 0.290500
vt 0.658900 0.272700
vt 0.715800 0.300600
vt 0.736300 0.290900
vt 0.750600 0.273300
vt 0.755800 0.251300
vt 0.750900 0.229200
vt 0.736900 0.211300
vt 0.716600 0.201400
vt 0.693900 0.201200
vt 0.673400 0.210900
vt 0.659200 0.228500
vt 0.654000 0.250600
vt 0.716700 0.200800
vt 0.694000 0.200700
vt 0.673900 0.210500
vt 0.737100 0.210900
vt 0.751200 0.228700
vt 0.756100 0.250900
vt 0.750900 0.273100
vt 0.736600 0.290700
vt 0.716000 0.300500
vt 0.693300 0.300300
vt 0.672900 0.290300
vt 0.658800 0.272400
vt 0.659100 0.228100
vt 0.653900 0.250200
vt 0.744300 0.510900
vt 0.723400 0.482300
vt 0.723400 0.504200
vt 0.744100 0.475500
vt 0.748100 0.523500
vt 0.708200 0.523600
vt 0.309200 0.253400
vt 0.331700 0.253400
vt 0.260100 0.044000
vt 0.219400 0.058300
vt 0.219400 0.044000
vt 0.260100 0.058300
vt 0.263500 0.044000
vt 0.263500 0.058300
vt 0.001400 0.058300
vt 0.066300 0.044000
vt 0.066300 0.058300
vt 0.001400 0.044000
vt 0.168500 0.058300
vt 0.168500 0.044000
vt 0.420900 0.211600
vt 0.486200 0.282100
vt 0.416700 0.215700
vt 0.487700 0.276200
vt 0.391000 0.276000
vt 0.387100 0.273400
vt 0.503900 0.291800
vt 0.492800 0.280900
vt 0.508400 0.281900
vt 0.521100 0.296500
vt 0.521100 0.270600
vt 0.531900 0.303800
vt 0.540000 0.255500
vt 0.539400 0.315900
vt 0.521600 0.254900
vt 0.101800 0.056400
vt 0.092000 0.056400
vt 0.101800 0.044000
vt 0.092000 0.044000
vt 0.081100 0.056400
vt 0.081100 0.044000
vt 0.877600 0.046900
vt 0.998300 0.092900
vt 0.998300 0.046900
vt 0.877600 0.092900
vt 0.998300 0.139000
vt 0.877600 0.139000
vt 0.998300 0.185000
vt 0.877600 0.185000
vt 0.877600 0.277200
vt 0.998300 0.277200
vt 0.744300 0.475400
vt 0.723400 0.446800
vt 0.723400 0.468700
vt 0.744100 0.439900
vt 0.517400 0.268800
vt 0.517700 0.254500
vt 0.507300 0.278200
vt 0.877600 0.046900
vt 0.998300 0.092900
vt 0.998300 0.046900
vt 0.877600 0.092900
vt 0.998300 0.139000
vt 0.877600 0.139000
vt 0.998300 0.185000
vt 0.877600 0.185000
vt 0.877600 0.277200
vt 0.998300 0.277200
vt 0.723200 0.504200
vt 0.743900 0.475500
vt 0.744000 0.510900
vt 0.723100 0.482300
vt 0.805800 0.374200
vt 0.787100 0.379000
vt 0.787100 0.374200
vt 0.805800 0.379000
vt 0.934300 0.753200
vt 0.938400 0.924700
vt 0.938400 0.753200
vt 0.934300 0.924700
vt 0.954000 0.924700
vt 0.965600 0.753200
vt 0.954000 0.753200
vt 0.965600 0.924700
vt 0.950000 0.749200
vt 0.950000 0.753200
vt 0.938400 0.749200
vt 0.950000 0.924700
vt 0.753400 0.988600
vt 0.719100 0.975700
vt 0.722200 0.988600
vt 0.756500 0.975700
vt 0.767000 0.997400
vt 0.753400 0.995700
vt 0.767000 0.987000
vt 0.722200 0.995700
vt 0.708600 0.987000
vt 0.708600 0.997400
vt 0.756400 0.975400
vt 0.722100 0.988400
vt 0.718900 0.975400
vt 0.753200 0.988400
vt 0.934300 0.753200
vt 0.938400 0.924700
vt 0.938400 0.753200
vt 0.934300 0.924700
vt 0.954000 0.924700
vt 0.965600 0.753200
vt 0.954000 0.753200
vt 0.965600 0.924700
vt 0.950000 0.749200
vt 0.950000 0.753200
vt 0.938400 0.749200
vt 0.950000 0.924700
vt 0.719100 0.975700
vt 0.753400 0.988600
vt 0.722200 0.988600
vt 0.756500 0.975700
vt 0.767000 0.997400
vt 0.753400 0.995700
vt 0.767000 0.987000
vt 0.708600 0.987000
vt 0.722200 0.995700
vt 0.708600 0.997400
vt 0.722100 0.988400
vt 0.756400 0.975400
vt 0.718900 0.975400
vt 0.753200 0.988400
vt 0.822900 0.204500
vt 0.830300 0.193500
vt 0.833600 0.197600
vt 0.820000 0.200300
vt 0.843000 0.188500
vt 0.839200 0.184900
vt 0.814900 0.186400
vt 0.830900 0.180400
vt 0.818400 0.190300
vt 0.827900 0.176100
vt 0.848400 0.180900
vt 0.847900 0.167600
vt 0.852900 0.169000
vt 0.843600 0.179200
vt 0.855200 0.156200
vt 0.850100 0.155500
vt 0.831200 0.171000
vt 0.840700 0.156700
vt 0.836400 0.172000
vt 0.835700 0.154900
vt 0.846200 0.122800
vt 0.846900 0.136200
vt 0.841600 0.125100
vt 0.851800 0.134500
vt 0.840500 0.115300
vt 0.827700 0.111500
vt 0.830700 0.107300
vt 0.837200 0.119300
vt 0.825800 0.128500
vt 0.815200 0.115200
vt 0.828400 0.123900
vt 0.811900 0.119400
vt 0.829600 0.133300
vt 0.840300 0.146600
vt 0.835400 0.148900
vt 0.834700 0.131800
vt 0.819200 0.101100
vt 0.816900 0.105600
vt 0.810200 0.098300
vt 0.797700 0.102900
vt 0.797500 0.097700
vt 0.810000 0.103400
vt 0.806100 0.117700
vt 0.789600 0.113100
vt 0.805500 0.112500
vt 0.789500 0.118400
vt 0.855100 0.146800
vt 0.850100 0.148200
vt 0.775700 0.102500
vt 0.768300 0.113500
vt 0.765100 0.109400
vt 0.778600 0.106700
vt 0.755700 0.118400
vt 0.759400 0.122000
vt 0.783800 0.120600
vt 0.767700 0.126500
vt 0.780200 0.116700
vt 0.770700 0.130900
vt 0.750200 0.126000
vt 0.750700 0.139400
vt 0.745700 0.138000
vt 0.755000 0.127800
vt 0.743400 0.150800
vt 0.748600 0.151500
vt 0.767400 0.136000
vt 0.758000 0.150300
vt 0.762200 0.134900
vt 0.762900 0.152000
vt 0.752400 0.184200
vt 0.751700 0.170700
vt 0.757000 0.181900
vt 0.746800 0.172400
vt 0.772800 0.178500
vt 0.783500 0.191800
vt 0.770200 0.183100
vt 0.786700 0.187600
vt 0.769100 0.173700
vt 0.758400 0.160300
vt 0.763200 0.158100
vt 0.764000 0.175200
vt 0.788400 0.208600
vt 0.800900 0.204100
vt 0.801100 0.209300
vt 0.789000 0.203500
vt 0.792600 0.189200
vt 0.809000 0.193800
vt 0.793200 0.194500
vt 0.809200 0.188500
vt 0.743500 0.160100
vt 0.748600 0.158800
vt 0.784600 0.099500
vt 0.785500 0.104600
vt 0.814000 0.207500
vt 0.813100 0.202400
vt 0.858900 0.170700
vt 0.858600 0.185800
vt 0.850800 0.188100
vt 0.863700 0.172700
vt 0.866500 0.157500
vt 0.864100 0.171300
vt 0.861400 0.151200
vt 0.857700 0.132400
vt 0.866300 0.144800
vt 0.862800 0.131200
vt 0.856000 0.117200
vt 0.862200 0.129900
vt 0.848100 0.115200
vt 0.837600 0.098100
vt 0.848400 0.107100
vt 0.834100 0.102100
vt 0.816300 0.093800
vt 0.836300 0.097400
vt 0.823900 0.090800
vt 0.797700 0.086200
vt 0.811700 0.087100
vt 0.797300 0.091400
vt 0.778000 0.095200
vt 0.796200 0.086300
vt 0.782400 0.088300
vt 0.758500 0.100000
vt 0.770400 0.092500
vt 0.761200 0.104500
vt 0.747300 0.110700
vt 0.757400 0.101000
vt 0.747800 0.118900
vt 0.739700 0.136300
vt 0.740000 0.121200
vt 0.734900 0.134300
vt 0.732100 0.149500
vt 0.734500 0.135600
vt 0.737300 0.155800
vt 0.741000 0.174600
vt 0.732300 0.162200
vt 0.735900 0.175800
vt 0.742600 0.189700
vt 0.736400 0.177100
vt 0.750500 0.191800
vt 0.761100 0.208800
vt 0.750300 0.199900
vt 0.764500 0.204900
vt 0.782300 0.213100
vt 0.762300 0.209600
vt 0.774700 0.216100
vt 0.800900 0.220800
vt 0.786900 0.219800
vt 0.801400 0.215500
vt 0.837500 0.202400
vt 0.851300 0.196300
vt 0.841300 0.206000
vt 0.820600 0.211800
vt 0.840100 0.206900
vt 0.828300 0.214500
vt 0.802400 0.220700
vt 0.816300 0.218700
vt 0.814000 0.163200
vt 0.805500 0.170000
vt 0.794600 0.170400
vt 0.816900 0.152700
vt 0.813100 0.142500
vt 0.804000 0.136500
vt 0.785500 0.164400
vt 0.793200 0.137000
vt 0.784600 0.143800
vt 0.781700 0.154300
vt 0.657500 0.525200
vt 0.654800 0.532500
vt 0.661300 0.527600
vt 0.651100 0.530100
vt 0.664600 0.513800
vt 0.665700 0.518400
vt 0.662000 0.526500
vt 0.669500 0.523200
vt 0.664900 0.528100
vt 0.675500 0.530900
vt 0.676600 0.526400
vt 0.682200 0.534800
vt 0.687100 0.528600
vt 0.691200 0.536800
vt 0.686500 0.540300
vt 0.687100 0.548700
vt 0.585500 0.577200
vt 0.578800 0.593900
vt 0.580500 0.595800
vt 0.579100 0.567300
vt 0.591000 0.568700
vt 0.581400 0.553700
vt 0.598100 0.557500
vt 0.588200 0.541800
vt 0.602400 0.539100
vt 0.599900 0.529600
vt 0.606900 0.529400
vt 0.607300 0.521500
vt 0.609200 0.513900
vt 0.664600 0.491200
vt 0.609200 0.491200
vt 0.116500 0.044000
vt 0.116500 0.058300
vt 0.103600 0.058300
vt 0.387100 0.353600
vt 0.391000 0.357900
vt 0.158800 0.058300
vt 0.416800 0.215800
vt 0.220200 0.211700
vt 0.421000 0.211700
vt 0.224400 0.215800
vt 0.805800 0.370400
vt 0.787100 0.370400
vt 0.805800 0.333400
vt 0.787100 0.333400
vt 0.805800 0.329700
vt 0.787100 0.329700
vt 0.787100 0.324900
vt 0.805800 0.299600
vt 0.805800 0.324900
vt 0.787100 0.299600
vt 0.787200 0.403400
vt 0.805500 0.404300
vt 0.575800 0.282700
vt 0.579600 0.318700
vt 0.575800 0.318700
vt 0.579600 0.282700
vt 0.604500 0.323600
vt 0.579600 0.277800
vt 0.604500 0.277800
vt 0.579600 0.323600
vt 0.607800 0.535100
vt 0.611900 0.553400
vt 0.606900 0.559200
vt 0.601600 0.563200
vt 0.593200 0.572900
vt 0.587800 0.581300
vt 0.583400 0.595700
vt 0.616800 0.530400
vt 0.613800 0.532000
vt 0.615200 0.544700
vt 0.612000 0.564900
vt 0.610700 0.565300
vt 0.608100 0.566000
vt 0.604200 0.567200
vt 0.595300 0.576000
vt 0.590100 0.584700
vt 0.585900 0.595700
vt 0.350700 0.148700
vt 0.325900 0.167500
vt 0.325900 0.148700
vt 0.350700 0.167500
vt 0.356100 0.148700
vt 0.356100 0.167500
vt 0.362700 0.167300
vt 0.362700 0.148800
vt 0.370300 0.148800
vt 0.370300 0.167300
vt 0.379100 0.148800
vt 0.379100 0.167300
vt 0.387700 0.148800
vt 0.387700 0.167300
vt 0.399100 0.148800
vt 0.399100 0.167300
vt 0.587300 0.224300
vt 0.560300 0.235900
vt 0.560300 0.225200
vt 0.587300 0.236800
vt 0.559000 0.223700
vt 0.545400 0.236800
vt 0.545400 0.224300
vt 0.559000 0.237300
vt 0.573500 0.223300
vt 0.573500 0.237700
vt 0.591900 0.222700
vt 0.591900 0.238300
vt 0.603500 0.221100
vt 0.603500 0.240000
vt 0.612800 0.240200
vt 0.612800 0.220600
vt 0.640700 0.220600
vt 0.640700 0.240200
vt 0.550600 0.210600
vt 0.545500 0.248800
vt 0.545500 0.210600
vt 0.550600 0.248800
vt 0.557500 0.210600
vt 0.557500 0.248800
vt 0.595500 0.210600
vt 0.595500 0.248800
vt 0.597700 0.248800
vt 0.597700 0.210600
vt 0.599400 0.210600
vt 0.599400 0.248800
vt 0.604200 0.210600
vt 0.604200 0.248800
vt 0.615000 0.211600
vt 0.615000 0.247800
vt 0.625200 0.212100
vt 0.625200 0.247300
vt 0.800800 0.309200
vt 0.781400 0.309200
vt 0.800800 0.283800
vt 0.769800 0.283800
vt 0.769400 0.418800
vt 0.800800 0.418900
vt 0.769800 0.418900
vt 0.781400 0.393500
vt 0.801400 0.394000
vt 0.781900 0.351500
vt 0.801900 0.308900
vt 0.826500 0.309700
vt 0.826500 0.393000
vt 0.623300 0.576500
vt 0.625100 0.572200
vt 0.623300 0.576500
vt 0.625100 0.572200
vt 0.629400 0.570400
vt 0.629400 0.570400
vt 0.633700 0.572200
vt 0.633700 0.572200
vt 0.635500 0.576500
vt 0.635500 0.576500
vt 0.633700 0.580900
vt 0.633700 0.580900
vt 0.629400 0.582700
vt 0.629400 0.582700
vt 0.625100 0.580900
vt 0.625100 0.580900
vt 0.677000 0.607400
vt 0.677800 0.618400
vt 0.685400 0.601400
vt 0.670400 0.622400
vt 0.665500 0.607400
vt 0.640000 0.623300
vt 0.658000 0.601800
vt 0.646600 0.605300
vt 0.655000 0.592800
vt 0.637400 0.607300
vt 0.635000 0.604400
vt 0.634200 0.608600
vt 0.640200 0.606500
vt 0.640700 0.608600
vt 0.642000 0.611900
vt 0.640700 0.615100
vt 0.637400 0.616500
vt 0.632800 0.621900
vt 0.634200 0.615100
vt 0.627300 0.616800
vt 0.632800 0.611900
vt 0.626000 0.612000
vt 0.630300 0.604000
vt 0.626200 0.607300
vt 0.627300 0.604600
vt 0.685300 0.601400
vt 0.677700 0.618400
vt 0.677000 0.607500
vt 0.670300 0.622400
vt 0.665500 0.607400
vt 0.639900 0.623300
vt 0.657900 0.601800
vt 0.646600 0.605300
vt 0.655000 0.592800
vt 0.637400 0.607200
vt 0.634100 0.608600
vt 0.634900 0.604400
vt 0.640200 0.606400
vt 0.640600 0.608600
vt 0.642000 0.611800
vt 0.640600 0.615100
vt 0.637400 0.616400
vt 0.632700 0.621900
vt 0.634100 0.615100
vt 0.627300 0.616800
vt 0.632800 0.611800
vt 0.625900 0.612000
vt 0.630200 0.604000
vt 0.626100 0.607200
vt 0.627300 0.604600
vt 0.549800 0.285600
vt 0.545500 0.288200
vt 0.549800 0.255900
vt 0.546600 0.251100
vt 0.565400 0.255900
vt 0.570900 0.251100
vt 0.571800 0.288200
vt 0.565400 0.285600
vt 0.565400 0.290700
vt 0.549800 0.290700
vt 0.549800 0.320700
vt 0.546600 0.325500
vt 0.565400 0.320700
vt 0.570900 0.325500
vt 0.929800 0.560800
vt 0.914400 0.531200
vt 0.914400 0.560800
vt 0.929800 0.531200
vt 0.929800 0.566500
vt 0.914400 0.595800
vt 0.914400 0.566500
vt 0.929800 0.595800
vt 0.805800 0.370400
vt 0.787100 0.374200
vt 0.805800 0.374200
vt 0.787100 0.370400
vt 0.805800 0.333400
vt 0.787100 0.333400
vt 0.805800 0.329700
vt 0.787100 0.329700
vt 0.805800 0.299600
vt 0.787100 0.324900
vt 0.805800 0.324900
vt 0.787100 0.299600
vt 0.805800 0.379000
vt 0.787200 0.403400
vt 0.805500 0.404300
vt 0.787100 0.379000
vt 0.617500 0.245600
vt 0.624700 0.213000
vt 0.617500 0.213000
vt 0.624700 0.245600
vt 0.630500 0.213000
vt 0.630500 0.245600
vt 0.636100 0.213000
vt 0.636100 0.245600
vt 0.640700 0.213000
vt 0.640700 0.245600
vt 0.579700 0.318700
vt 0.576000 0.282700
vt 0.576000 0.318700
vt 0.579700 0.282700
vt 0.604600 0.323600
vt 0.579700 0.277700
vt 0.604600 0.277700
vt 0.579700 0.323600
vt 0.787200 0.446200
vt 0.805200 0.445600
vt 0.640300 0.593900
vt 0.642400 0.595300
vt 0.642400 0.595300
vt 0.642100 0.595000
vt 0.640300 0.593900
vt 0.640400 0.594300
vt 0.638900 0.594300
vt 0.027900 0.333500
vt 0.104800 0.332400
vt 0.039100 0.381300
vt 0.022700 0.374400
vt 0.009600 0.361200
vt 0.001500 0.341200
vt 0.001700 0.323100
vt 0.025100 0.273900
vt 0.641400 0.220500
vt 0.641400 0.234900
vt 0.640700 0.242700
vt 0.640400 0.246300
vt 0.640400 0.213000
vt 0.635800 0.213000
vt 0.635800 0.246300
vt 0.075500 0.200000
vt 0.099100 0.223600
vt 0.099100 0.257100
vt 0.042100 0.200000
vt 0.018500 0.223600
vt 0.018500 0.257000
vt 0.042100 0.280700
vt 0.075500 0.280700
vt 0.440300 0.085000
vt 0.403500 0.170500
vt 0.403500 0.085000
vt 0.440300 0.170500
vt 0.477100 0.085000
vt 0.477100 0.170500
vt 0.513900 0.085000
vt 0.513900 0.170500
vt 0.550600 0.085000
vt 0.550600 0.170500
vt 0.587400 0.085000
vt 0.587400 0.170500
vt 0.624200 0.085000
vt 0.624200 0.170500
vt 0.661000 0.085000
vt 0.661000 0.170500
vt 0.697800 0.085000
vt 0.697800 0.170500
vt 0.859400 0.326100
vt 0.852400 0.361500
vt 0.822400 0.381500
vt 0.839400 0.296100
vt 0.804000 0.289100
vt 0.774000 0.309100
vt 0.767000 0.344500
vt 0.787000 0.374500
vt 0.646100 0.441300
vt 0.664100 0.338200
vt 0.646100 0.338200
vt 0.664100 0.441300
vt 0.646100 0.426600
vt 0.664100 0.426600
vt 0.646100 0.411900
vt 0.664100 0.411900
vt 0.646100 0.397100
vt 0.664100 0.397100
vt 0.646100 0.382400
vt 0.664100 0.382400
vt 0.646100 0.367700
vt 0.664100 0.367700
vt 0.646100 0.353000
vt 0.664100 0.353000
vt 0.133400 0.244700
vt 0.130200 0.228600
vt 0.139300 0.214900
vt 0.147100 0.253800
vt 0.163200 0.250600
vt 0.172300 0.237000
vt 0.169100 0.220800
vt 0.155500 0.211700
vt 0.161200 0.258500
vt 0.139100 0.258400
vt 0.123500 0.242700
vt 0.176900 0.242900
vt 0.177000 0.220800
vt 0.161500 0.205100
vt 0.139300 0.205000
vt 0.123600 0.220600
vt 0.390900 0.276100
vt 0.399600 0.271600
vt 0.399600 0.333300
vt 0.402200 0.350200
vt 0.390900 0.357900
vt 0.930300 0.674400
vt 0.910800 0.697000
vt 0.910800 0.674400
vt 0.930300 0.697000
vt 0.910800 0.719500
vt 0.930300 0.719500
vt 0.910800 0.742100
vt 0.930300 0.742100
vt 0.910800 0.764600
vt 0.930300 0.764600
vt 0.910800 0.787200
vt 0.930300 0.787200
vt 0.910800 0.809700
vt 0.930300 0.809700
vt 0.910800 0.651900
vt 0.930300 0.651900
vt 0.784900 0.338700
vt 0.789200 0.317000
vt 0.807600 0.304700
vt 0.797200 0.357100
vt 0.818900 0.361400
vt 0.837300 0.349100
vt 0.841600 0.327400
vt 0.829300 0.309000
vt 0.625900 0.970700
vt 0.622300 0.988500
vt 0.607200 0.998600
vt 0.615800 0.955600
vt 0.598000 0.952000
vt 0.582800 0.962100
vt 0.579300 0.980000
vt 0.589400 0.995100
vt 0.877600 0.185000
vt 0.998300 0.277200
vt 0.877600 0.277200
vt 0.998300 0.185000
vt 0.877600 0.139000
vt 0.998300 0.139000
vt 0.877600 0.092900
vt 0.998300 0.092900
vt 0.877600 0.046900
vt 0.998300 0.046900
vt 0.877600 0.185000
vt 0.998300 0.277200
vt 0.877600 0.277200
vt 0.998300 0.185000
vt 0.877600 0.139000
vt 0.998300 0.139000
vt 0.877600 0.092900
vt 0.998300 0.092900
vt 0.877600 0.046900
vt 0.998300 0.046900
vt 0.350500 0.148900
vt 0.325700 0.167600
vt 0.325700 0.148900
vt 0.350500 0.167600
vt 0.356000 0.148900
vt 0.356000 0.167600
vt 0.362600 0.167500
vt 0.362600 0.148900
vt 0.370200 0.148900
vt 0.370200 0.167500
vt 0.379000 0.148900
vt 0.379000 0.167500
vt 0.387600 0.148900
vt 0.387600 0.167500
vt 0.399000 0.148900
vt 0.399000 0.167500
vt 0.550800 0.210500
vt 0.545600 0.248800
vt 0.545600 0.210500
vt 0.550800 0.248800
vt 0.557700 0.210500
vt 0.557700 0.248800
vt 0.595700 0.210500
vt 0.595700 0.248800
vt 0.597900 0.248800
vt 0.597900 0.210500
vt 0.599600 0.210500
vt 0.599600 0.248800
vt 0.604400 0.210500
vt 0.604400 0.248800
vt 0.615200 0.211500
vt 0.615200 0.247700
vt 0.625400 0.212000
vt 0.625400 0.247300
vt 0.021300 0.083600
vt 0.001600 0.059900
vt 0.001600 0.083600
vt 0.021300 0.059900
vt 0.041100 0.083600
vt 0.041100 0.059900
vt 0.060800 0.083600
vt 0.060800 0.059900
vt 0.080500 0.083600
vt 0.080500 0.059900
vt 0.100300 0.083600
vt 0.100300 0.059900
vt 0.120000 0.083600
vt 0.120000 0.059900
vt 0.139700 0.083600
vt 0.139700 0.059900
vt 0.159500 0.083600
vt 0.159500 0.059900
vt 0.179200 0.083600
vt 0.179200 0.059900
vt 0.198900 0.083600
vt 0.198900 0.059900
vt 0.218700 0.083600
vt 0.218700 0.059900
vt 0.238400 0.083600
vt 0.238400 0.059900
vt 0.258100 0.083600
vt 0.258100 0.059900
vt 0.277900 0.083600
vt 0.277900 0.059900
vt 0.297600 0.083600
vt 0.297600 0.059900
vt 0.317400 0.083600
vt 0.317400 0.059900
vt 0.337100 0.083600
vt 0.337100 0.059900
vt 0.356800 0.083600
vt 0.356800 0.059900
vt 0.376600 0.083600
vt 0.376600 0.059900
vt 0.396300 0.083600
vt 0.396300 0.059900
vt 0.416000 0.083600
vt 0.416000 0.059900
vt 0.435800 0.083600
vt 0.435800 0.059900
vt 0.455500 0.083600
vt 0.455500 0.059900
vt 0.475200 0.083600
vt 0.475200 0.059900
vt 0.495000 0.083600
vt 0.495000 0.059900
vt 0.023500 0.083300
vt 0.001500 0.059700
vt 0.001500 0.083300
vt 0.023500 0.059700
vt 0.045500 0.083300
vt 0.045500 0.059700
vt 0.067500 0.083300
vt 0.067500 0.059700
vt 0.089400 0.083300
vt 0.089400 0.059700
vt 0.111400 0.083300
vt 0.111400 0.059700
vt 0.133400 0.083300
vt 0.133400 0.059700
vt 0.155400 0.083300
vt 0.155400 0.059700
vt 0.177300 0.083300
vt 0.177300 0.059700
vt 0.199300 0.083300
vt 0.199300 0.059700
vt 0.221300 0.083300
vt 0.221300 0.059700
vt 0.243300 0.083300
vt 0.243300 0.059700
vt 0.265200 0.083300
vt 0.265200 0.059700
vt 0.287200 0.083300
vt 0.287200 0.059700
vt 0.309200 0.083300
vt 0.309200 0.059700
vt 0.331200 0.083300
vt 0.331200 0.059700
vt 0.353200 0.083300
vt 0.353200 0.059700
vt 0.375100 0.083300
vt 0.375100 0.059700
vt 0.397100 0.083300
vt 0.397100 0.059700
vt 0.419100 0.083300
vt 0.419100 0.059700
vt 0.441100 0.083300
vt 0.441100 0.059700
vt 0.463000 0.083300
vt 0.463000 0.059700
vt 0.485000 0.083300
vt 0.485000 0.059700
vt 0.507000 0.083300
vt 0.507000 0.059700
vt 0.529000 0.083300
vt 0.529000 0.059700
vt 0.550900 0.083300
vt 0.550900 0.059700
vt 0.398900 0.044000
vt 0.438500 0.058400
vt 0.398900 0.058400
vt 0.438500 0.044000
vt 0.451400 0.044000
vt 0.451400 0.058400
vt 0.466900 0.044000
vt 0.466900 0.058400
vt 0.480300 0.044000
vt 0.480300 0.058400
vt 0.493000 0.044000
vt 0.493000 0.058400
vt 0.808400 0.461300
vt 0.800100 0.473500
vt 0.808400 0.473500
vt 0.800100 0.461300
vt 0.808400 0.454500
vt 0.800100 0.454500
vt 0.808400 0.448000
vt 0.800100 0.448000
vt 0.808400 0.436300
vt 0.800100 0.436300
vt 0.808400 0.427500
vt 0.800100 0.427500
vt 0.808400 0.419200
vt 0.800100 0.419200
vt 0.808400 0.399600
vt 0.800100 0.399600
vt 0.808400 0.386200
vt 0.800100 0.386200
vt 0.808400 0.375800
vt 0.800100 0.375800
vt 0.354700 0.044000
vt 0.303900 0.058400
vt 0.303900 0.044000
vt 0.354700 0.058400
vt 0.395400 0.044000
vt 0.395400 0.058400
vt 0.800100 0.541400
vt 0.807200 0.530500
vt 0.816900 0.521700
vt 0.795800 0.553800
vt 0.794900 0.566800
vt 0.797100 0.579700
vt 0.802500 0.591600
vt 0.810700 0.601800
vt 0.821200 0.609600
vt 0.833300 0.614600
vt 0.846300 0.616400
vt 0.859300 0.614900
vt 0.871500 0.610300
vt 0.882100 0.602700
vt 0.890600 0.592800
vt 0.896300 0.581000
vt 0.899000 0.568200
vt 0.898300 0.555200
vt 0.894400 0.542700
vt 0.887600 0.531500
vt 0.878200 0.522500
vt 0.866800 0.516000
vt 0.854200 0.512600
vt 0.841100 0.512400
vt 0.828400 0.515500
vt 0.802500 0.289300
vt 0.818300 0.306300
vt 0.818300 0.289300
vt 0.802400 0.306300
vt 0.818200 0.317000
vt 0.802400 0.317000
vt 0.818200 0.334100
vt 0.802400 0.334100
vt 0.773800 0.466000
vt 0.783900 0.461200
vt 0.773800 0.461200
vt 0.783900 0.466000
vt 0.818200 0.348300
vt 0.802300 0.348300
vt 0.136700 0.058400
vt 0.201700 0.044000
vt 0.201700 0.058400
vt 0.136700 0.044000
vt 0.001800 0.058400
vt 0.001800 0.044000
vt 0.773800 0.480500
vt 0.783900 0.480500
vt 0.773800 0.489200
vt 0.783900 0.489200
vt 0.808400 0.339000
vt 0.800100 0.339000
vt 0.487600 0.276200
vt 0.492700 0.281000
vt 0.486200 0.282200
vt 0.498500 0.295100
vt 0.503800 0.291900
vt 0.514400 0.299800
vt 0.521100 0.296600
vt 0.526400 0.306100
vt 0.531900 0.304000
vt 0.533700 0.317100
vt 0.539400 0.316100
vt 0.538800 0.329400
vt 0.536100 0.332600
vt 0.220100 0.211600
vt 0.154700 0.282100
vt 0.153200 0.276100
vt 0.224200 0.215700
vt 0.420900 0.211700
vt 0.416700 0.215800
vt 0.395100 0.268600
vt 0.386300 0.273600
vt 0.241300 0.271500
vt 0.244400 0.238200
vt 0.245800 0.268500
vt 0.249300 0.240700
vt 0.262200 0.229000
vt 0.264300 0.234100
vt 0.309200 0.232900
vt 0.331700 0.232900
vt 0.378700 0.229100
vt 0.376700 0.234100
vt 0.391700 0.240800
vt 0.396600 0.238300
vt 0.508300 0.282000
vt 0.520900 0.270700
vt 0.539300 0.255500
vt 0.520900 0.255100
vt 0.237100 0.056400
vt 0.227400 0.056400
vt 0.237100 0.044000
vt 0.227400 0.044000
vt 0.216400 0.056400
vt 0.216400 0.044000
vt 0.294100 0.058400
vt 0.251800 0.058400
vt 0.251800 0.044000
vt 0.894300 0.586700
vt 0.887200 0.597700
vt 0.877500 0.606500
vt 0.898500 0.574300
vt 0.899500 0.561300
vt 0.897200 0.548400
vt 0.891800 0.536500
vt 0.883600 0.526300
vt 0.873200 0.518500
vt 0.861100 0.513600
vt 0.848100 0.511700
vt 0.835100 0.513200
vt 0.822900 0.517900
vt 0.812200 0.525400
vt 0.803800 0.535400
vt 0.798000 0.547100
vt 0.795400 0.559900
vt 0.796100 0.573000
vt 0.800000 0.585500
vt 0.806800 0.596600
vt 0.816200 0.605700
vt 0.827600 0.612100
vt 0.840200 0.615500
vt 0.853300 0.615700
vt 0.866000 0.612600
vt 0.026500 0.071900
vt 0.006600 0.063700
vt 0.006600 0.071900
vt 0.026500 0.063700
vt 0.046300 0.071900
vt 0.046300 0.063700
vt 0.066200 0.071900
vt 0.066200 0.063700
vt 0.086000 0.071900
vt 0.086000 0.063700
vt 0.105900 0.071900
vt 0.105900 0.063700
vt 0.125700 0.071900
vt 0.125700 0.063700
vt 0.145600 0.071900
vt 0.145600 0.063700
vt 0.165500 0.071900
vt 0.165500 0.063700
vt 0.185300 0.071900
vt 0.185300 0.063700
vt 0.205200 0.071900
vt 0.205200 0.063700
vt 0.225000 0.071900
vt 0.225000 0.063700
vt 0.244900 0.071900
vt 0.244900 0.063700
vt 0.264700 0.071900
vt 0.264700 0.063700
vt 0.284600 0.071900
vt 0.284600 0.063700
vt 0.304400 0.071900
vt 0.304400 0.063700
vt 0.324300 0.071900
vt 0.324300 0.063700
vt 0.344200 0.071900
vt 0.344200 0.063700
vt 0.364000 0.071900
vt 0.364000 0.063700
vt 0.383900 0.071900
vt 0.383900 0.063700
vt 0.403700 0.071900
vt 0.403700 0.063700
vt 0.423600 0.071900
vt 0.423600 0.063700
vt 0.443400 0.071900
vt 0.443400 0.063700
vt 0.463300 0.071900
vt 0.463300 0.063700
vt 0.483100 0.071900
vt 0.483100 0.063700
vt 0.503000 0.071900
vt 0.503000 0.063700
vt 0.517200 0.269000
vt 0.517000 0.254700
vt 0.507200 0.278200
vt 0.866800 0.516000
vt 0.854200 0.512600
vt 0.841100 0.512400
vt 0.878200 0.522500
vt 0.887600 0.531500
vt 0.894400 0.542700
vt 0.898300 0.555200
vt 0.899000 0.568200
vt 0.896300 0.581000
vt 0.890600 0.592800
vt 0.882100 0.602700
vt 0.871500 0.610300
vt 0.859300 0.614900
vt 0.846300 0.616400
vt 0.833300 0.614600
vt 0.821200 0.609600
vt 0.810700 0.601800
vt 0.802500 0.591600
vt 0.797100 0.579700
vt 0.794900 0.566800
vt 0.795800 0.553800
vt 0.800100 0.541400
vt 0.807200 0.530500
vt 0.816900 0.521700
vt 0.828400 0.515500
vt 0.238900 0.058400
vt 0.386400 0.353600
vt 0.773800 0.420800
vt 0.783900 0.420800
vt 0.827600 0.612100
vt 0.840200 0.615500
vt 0.853300 0.615700
vt 0.816200 0.605700
vt 0.806800 0.596600
vt 0.800000 0.585500
vt 0.796100 0.573000
vt 0.795400 0.559900
vt 0.798000 0.547100
vt 0.803800 0.535400
vt 0.812200 0.525400
vt 0.822900 0.517900
vt 0.835100 0.513200
vt 0.848100 0.511700
vt 0.861100 0.513600
vt 0.873200 0.518500
vt 0.883600 0.526300
vt 0.891800 0.536500
vt 0.897200 0.548400
vt 0.899500 0.561300
vt 0.898500 0.574300
vt 0.894300 0.586700
vt 0.887200 0.597700
vt 0.877500 0.606500
vt 0.866000 0.612600
vt 0.716700 0.200800
vt 0.694000 0.200700
vt 0.673900 0.210500
vt 0.737100 0.210900
vt 0.751200 0.228700
vt 0.756100 0.250900
vt 0.750900 0.273100
vt 0.736600 0.290700
vt 0.716000 0.300500
vt 0.693300 0.300300
vt 0.672900 0.290300
vt 0.658800 0.272400
vt 0.659100 0.228100
vt 0.653900 0.250200
vt 0.693300 0.300300
vt 0.672900 0.290300
vt 0.658800 0.272400
vt 0.716000 0.300500
vt 0.736600 0.290700
vt 0.750900 0.273100
vt 0.756100 0.250900
vt 0.751200 0.228700
vt 0.737100 0.210900
vt 0.716700 0.200800
vt 0.694000 0.200700
vt 0.673400 0.210400
vt 0.659100 0.228100
vt 0.653900 0.250200
vt 0.707600 0.538100
vt 0.708300 0.552400
vt 0.621900 0.824600
vt 0.595400 0.760900
vt 0.658300 0.804500
vt 0.635500 0.748600
vt 0.694000 0.783500
vt 0.675000 0.736000
vt 0.731400 0.760800
vt 0.716300 0.722300
vt 0.771200 0.736000
vt 0.760200 0.707600
vt 0.813100 0.709600
vt 0.806200 0.692100
vt 0.855700 0.682900
vt 0.853200 0.676200
vt 0.872600 0.669400
vt 0.873400 0.671500
vt 0.621900 0.824600
vt 0.658300 0.804500
vt 0.595400 0.760900
vt 0.635500 0.748600
vt 0.694000 0.783500
vt 0.675000 0.736000
vt 0.731400 0.760800
vt 0.716300 0.722300
vt 0.771200 0.736000
vt 0.760200 0.707600
vt 0.813100 0.709600
vt 0.806200 0.692100
vt 0.855700 0.682900
vt 0.853200 0.676200
vt 0.872600 0.669400
vt 0.873400 0.671500
vt 0.693400 0.538300
vt 0.748100 0.523700
vt 0.708200 0.523800
vt 0.331700 0.253400
vt 0.309200 0.253400
vt 0.219400 0.058400
vt 0.260100 0.044000
vt 0.219400 0.044000
vt 0.260100 0.058400
vt 0.263500 0.044000
vt 0.263500 0.058400
vt 0.791300 0.334400
vt 0.775500 0.348600
vt 0.791300 0.348600
vt 0.775500 0.334400
vt 0.791300 0.317500
vt 0.775500 0.317500
vt 0.791300 0.306800
vt 0.775500 0.306800
vt 0.791300 0.289600
vt 0.775500 0.289600
vt 0.783900 0.315200
vt 0.773800 0.310300
vt 0.773800 0.315200
vt 0.783900 0.310300
vt 0.066300 0.044000
vt 0.001400 0.058400
vt 0.066300 0.058400
vt 0.001400 0.044000
vt 0.168500 0.058400
vt 0.168500 0.044000
vt 0.785500 0.376100
vt 0.777100 0.339400
vt 0.777100 0.376100
vt 0.785500 0.339400
vt 0.663400 0.485000
vt 0.663400 0.308100
vt 0.647300 0.485000
vt 0.647300 0.459700
vt 0.663400 0.459700
vt 0.647300 0.434500
vt 0.663400 0.434500
vt 0.647300 0.409200
vt 0.663400 0.409200
vt 0.647300 0.383900
vt 0.663400 0.383900
vt 0.647300 0.358600
vt 0.663400 0.358600
vt 0.647300 0.333400
vt 0.663400 0.333400
vt 0.647300 0.308100
vt 0.021300 0.083600
vt 0.001600 0.059900
vt 0.001600 0.083600
vt 0.021300 0.059900
vt 0.041100 0.083600
vt 0.041100 0.059900
vt 0.060800 0.083600
vt 0.060800 0.059900
vt 0.080500 0.083600
vt 0.080500 0.059900
vt 0.100300 0.083600
vt 0.100300 0.059900
vt 0.120000 0.083600
vt 0.120000 0.059900
vt 0.139700 0.083600
vt 0.139700 0.059900
vt 0.159500 0.083600
vt 0.159500 0.059900
vt 0.179200 0.083600
vt 0.179200 0.059900
vt 0.198900 0.083600
vt 0.198900 0.059900
vt 0.218700 0.083600
vt 0.218700 0.059900
vt 0.238400 0.083600
vt 0.238400 0.059900
vt 0.258100 0.083600
vt 0.258100 0.059900
vt 0.277900 0.083600
vt 0.277900 0.059900
vt 0.297600 0.083600
vt 0.297600 0.059900
vt 0.317400 0.083600
vt 0.317400 0.059900
vt 0.337100 0.083600
vt 0.337100 0.059900
vt 0.356800 0.083600
vt 0.356800 0.059900
vt 0.376600 0.083600
vt 0.376600 0.059900
vt 0.396300 0.083600
vt 0.396300 0.059900
vt 0.416000 0.083600
vt 0.416000 0.059900
vt 0.435800 0.083600
vt 0.435800 0.059900
vt 0.455500 0.083600
vt 0.455500 0.059900
vt 0.475200 0.083600
vt 0.475200 0.059900
vt 0.495000 0.083600
vt 0.495000 0.059900
vt 0.023500 0.083300
vt 0.001500 0.059700
vt 0.001500 0.083300
vt 0.023500 0.059700
vt 0.045500 0.083300
vt 0.045500 0.059700
vt 0.067500 0.083300
vt 0.067500 0.059700
vt 0.089400 0.083300
vt 0.089400 0.059700
vt 0.111400 0.083300
vt 0.111400 0.059700
vt 0.133400 0.083300
vt 0.133400 0.059700
vt 0.155400 0.083300
vt 0.155400 0.059700
vt 0.177300 0.083300
vt 0.177300 0.059700
vt 0.199300 0.083300
vt 0.199300 0.059700
vt 0.221300 0.083300
vt 0.221300 0.059700
vt 0.243300 0.083300
vt 0.243300 0.059700
vt 0.265200 0.083300
vt 0.265200 0.059700
vt 0.287200 0.083300
vt 0.287200 0.059700
vt 0.309200 0.083300
vt 0.309200 0.059700
vt 0.331200 0.083300
vt 0.331200 0.059700
vt 0.353200 0.083300
vt 0.353200 0.059700
vt 0.375100 0.083300
vt 0.375100 0.059700
vt 0.397100 0.083300
vt 0.397100 0.059700
vt 0.419100 0.083300
vt 0.419100 0.059700
vt 0.441100 0.083300
vt 0.441100 0.059700
vt 0.463000 0.083300
vt 0.463000 0.059700
vt 0.485000 0.083300
vt 0.485000 0.059700
vt 0.507000 0.083300
vt 0.507000 0.059700
vt 0.529000 0.083300
vt 0.529000 0.059700
vt 0.550900 0.083300
vt 0.550900 0.059700
vt 0.183500 0.285200
vt 0.183000 0.291000
vt 0.168100 0.294300
vt 0.171600 0.298600
vt 0.157500 0.312200
vt 0.162800 0.313600
vt 0.157100 0.340900
vt 0.162700 0.340400
vt 0.164400 0.353800
vt 0.168400 0.349800
vt 0.177300 0.361000
vt 0.178700 0.355500
vt 0.195800 0.361100
vt 0.194800 0.355600
vt 0.203100 0.353400
vt 0.206100 0.358000
vt 0.209900 0.347700
vt 0.215400 0.349000
vt 0.219600 0.332100
vt 0.213600 0.331900
vt 0.800100 0.541400
vt 0.807200 0.530500
vt 0.816900 0.521700
vt 0.795800 0.553800
vt 0.794900 0.566800
vt 0.797100 0.579700
vt 0.802500 0.591600
vt 0.810700 0.601800
vt 0.821200 0.609600
vt 0.833300 0.614600
vt 0.846300 0.616400
vt 0.859300 0.614900
vt 0.871500 0.610300
vt 0.882100 0.602700
vt 0.890600 0.592800
vt 0.896300 0.581000
vt 0.899000 0.568200
vt 0.898300 0.555200
vt 0.894400 0.542700
vt 0.887600 0.531500
vt 0.878200 0.522500
vt 0.866800 0.516000
vt 0.854200 0.512600
vt 0.841100 0.512400
vt 0.828400 0.515500
vt 0.148100 0.280900
vt 0.142400 0.295000
vt 0.137000 0.291800
vt 0.126500 0.299700
vt 0.119800 0.296500
vt 0.114500 0.306000
vt 0.109100 0.303800
vt 0.107200 0.317000
vt 0.101500 0.315900
vt 0.102000 0.329300
vt 0.031700 0.329700
vt 0.030500 0.273000
vt 0.250000 0.276000
vt 0.253800 0.273400
vt 0.894300 0.586700
vt 0.887200 0.597700
vt 0.877500 0.606500
vt 0.898500 0.574300
vt 0.899500 0.561300
vt 0.897200 0.548400
vt 0.891800 0.536500
vt 0.883600 0.526300
vt 0.873200 0.518500
vt 0.861100 0.513600
vt 0.848100 0.511700
vt 0.835100 0.513200
vt 0.822900 0.517900
vt 0.812200 0.525400
vt 0.803800 0.535400
vt 0.798000 0.547100
vt 0.795400 0.559900
vt 0.796100 0.573000
vt 0.800000 0.585500
vt 0.806800 0.596600
vt 0.816200 0.605700
vt 0.827600 0.612100
vt 0.840200 0.615500
vt 0.853300 0.615700
vt 0.866000 0.612600
vt 0.101800 0.056400
vt 0.116400 0.044000
vt 0.101800 0.044000
vt 0.103600 0.058400
vt 0.116400 0.058400
vt 0.253800 0.353600
vt 0.249900 0.357900
vt 0.773800 0.355600
vt 0.783900 0.355600
vt 0.866800 0.516000
vt 0.854200 0.512600
vt 0.841100 0.512400
vt 0.878200 0.522500
vt 0.887600 0.531500
vt 0.894400 0.542700
vt 0.898300 0.555200
vt 0.899000 0.568200
vt 0.896300 0.581000
vt 0.890600 0.592800
vt 0.882100 0.602700
vt 0.871500 0.610300
vt 0.859300 0.614900
vt 0.846300 0.616400
vt 0.833300 0.614600
vt 0.821200 0.609600
vt 0.810700 0.601800
vt 0.802500 0.591600
vt 0.797100 0.579700
vt 0.794900 0.566800
vt 0.795800 0.553800
vt 0.800100 0.541400
vt 0.807200 0.530500
vt 0.816900 0.521700
vt 0.828400 0.515500
vt 0.707900 0.537900
vt 0.708000 0.552400
vt 0.827600 0.612100
vt 0.840200 0.615500
vt 0.853300 0.615700
vt 0.816200 0.605700
vt 0.806800 0.596600
vt 0.800000 0.585500
vt 0.796100 0.573000
vt 0.795400 0.559900
vt 0.798000 0.547100
vt 0.803800 0.535400
vt 0.812200 0.525400
vt 0.822900 0.517900
vt 0.835100 0.513200
vt 0.848100 0.511700
vt 0.861100 0.513600
vt 0.873200 0.518500
vt 0.883600 0.526300
vt 0.891800 0.536500
vt 0.897200 0.548400
vt 0.899500 0.561300
vt 0.898500 0.574300
vt 0.894300 0.586700
vt 0.887200 0.597700
vt 0.877500 0.606500
vt 0.866000 0.612600
vt 0.026500 0.071900
vt 0.006600 0.063700
vt 0.006600 0.071900
vt 0.026500 0.063700
vt 0.046300 0.071900
vt 0.046300 0.063700
vt 0.066200 0.071900
vt 0.066200 0.063700
vt 0.086000 0.071900
vt 0.086000 0.063700
vt 0.105900 0.071900
vt 0.105900 0.063700
vt 0.125700 0.071900
vt 0.125700 0.063700
vt 0.145600 0.071900
vt 0.145600 0.063700
vt 0.165500 0.071900
vt 0.165500 0.063700
vt 0.185300 0.071900
vt 0.185300 0.063700
vt 0.205200 0.071900
vt 0.205200 0.063700
vt 0.225000 0.071900
vt 0.225000 0.063700
vt 0.244900 0.071900
vt 0.244900 0.063700
vt 0.264700 0.071900
vt 0.264700 0.063700
vt 0.284600 0.071900
vt 0.284600 0.063700
vt 0.304400 0.071900
vt 0.304400 0.063700
vt 0.324300 0.071900
vt 0.324300 0.063700
vt 0.344200 0.071900
vt 0.344200 0.063700
vt 0.364000 0.071900
vt 0.364000 0.063700
vt 0.383900 0.071900
vt 0.383900 0.063700
vt 0.403700 0.071900
vt 0.403700 0.063700
vt 0.423600 0.071900
vt 0.423600 0.063700
vt 0.443400 0.071900
vt 0.443400 0.063700
vt 0.463300 0.071900
vt 0.463300 0.063700
vt 0.483100 0.071900
vt 0.483100 0.063700
vt 0.503000 0.071900
vt 0.503000 0.063700
vt 0.021300 0.083600
vt 0.001600 0.059900
vt 0.001600 0.083600
vt 0.021300 0.059900
vt 0.041100 0.083600
vt 0.041100 0.059900
vt 0.060800 0.083600
vt 0.060800 0.059900
vt 0.080500 0.083600
vt 0.080500 0.059900
vt 0.100300 0.083600
vt 0.100300 0.059900
vt 0.120000 0.083600
vt 0.120000 0.059900
vt 0.139700 0.083600
vt 0.139700 0.059900
vt 0.159500 0.083600
vt 0.159500 0.059900
vt 0.179200 0.083600
vt 0.179200 0.059900
vt 0.198900 0.083600
vt 0.198900 0.059900
vt 0.218700 0.083600
vt 0.218700 0.059900
vt 0.238400 0.083600
vt 0.238400 0.059900
vt 0.258100 0.083600
vt 0.258100 0.059900
vt 0.277900 0.083600
vt 0.277900 0.059900
vt 0.297600 0.083600
vt 0.297600 0.059900
vt 0.317400 0.083600
vt 0.317400 0.059900
vt 0.337100 0.083600
vt 0.337100 0.059900
vt 0.356800 0.083600
vt 0.356800 0.059900
vt 0.376600 0.083600
vt 0.376600 0.059900
vt 0.396300 0.083600
vt 0.396300 0.059900
vt 0.416000 0.083600
vt 0.416000 0.059900
vt 0.435800 0.083600
vt 0.435800 0.059900
vt 0.455500 0.083600
vt 0.455500 0.059900
vt 0.475200 0.083600
vt 0.475200 0.059900
vt 0.495000 0.083600
vt 0.495000 0.059900
vt 0.179200 0.059900
vt 0.179200 0.083600
vt 0.159500 0.059900
vt 0.159500 0.083600
vt 0.139700 0.059900
vt 0.139700 0.083600
vt 0.120000 0.059900
vt 0.120000 0.083600
vt 0.100300 0.059900
vt 0.100300 0.083600
vt 0.080500 0.059900
vt 0.080500 0.083600
vt 0.060800 0.059900
vt 0.060800 0.083600
vt 0.041100 0.059900
vt 0.041100 0.083600
vt 0.021300 0.059900
vt 0.021300 0.083600
vt 0.001600 0.059900
vt 0.001600 0.083600
vt 0.356800 0.059900
vt 0.356800 0.083600
vt 0.337100 0.059900
vt 0.337100 0.083600
vt 0.317400 0.059900
vt 0.317400 0.083600
vt 0.297600 0.059900
vt 0.297600 0.083600
vt 0.277900 0.059900
vt 0.277900 0.083600
vt 0.258100 0.059900
vt 0.258100 0.083600
vt 0.238400 0.059900
vt 0.238400 0.083600
vt 0.218700 0.059900
vt 0.218700 0.083600
vt 0.198900 0.059900
vt 0.198900 0.083600
vt 0.495000 0.059900
vt 0.495000 0.083600
vt 0.475200 0.059900
vt 0.475200 0.083600
vt 0.455500 0.059900
vt 0.455500 0.083600
vt 0.435800 0.059900
vt 0.435800 0.083600
vt 0.416000 0.059900
vt 0.416000 0.083600
vt 0.396300 0.059900
vt 0.396300 0.083600
vt 0.376600 0.059900
vt 0.376600 0.083600
vt 0.185300 0.063700
vt 0.185300 0.071900
vt 0.165500 0.063700
vt 0.165500 0.071900
vt 0.145600 0.063700
vt 0.145600 0.071900
vt 0.125700 0.063700
vt 0.125700 0.071900
vt 0.105900 0.063700
vt 0.105900 0.071900
vt 0.086000 0.063700
vt 0.086000 0.071900
vt 0.066200 0.063700
vt 0.066200 0.071900
vt 0.046300 0.063700
vt 0.046300 0.071900
vt 0.026500 0.063700
vt 0.026500 0.071900
vt 0.006600 0.063700
vt 0.006600 0.071900
vt 0.364000 0.063700
vt 0.364000 0.071900
vt 0.344200 0.063700
vt 0.344200 0.071900
vt 0.324300 0.063700
vt 0.324300 0.071900
vt 0.304400 0.063700
vt 0.304400 0.071900
vt 0.284600 0.063700
vt 0.284600 0.071900
vt 0.264700 0.063700
vt 0.264700 0.071900
vt 0.244900 0.063700
vt 0.244900 0.071900
vt 0.225000 0.063700
vt 0.225000 0.071900
vt 0.205200 0.063700
vt 0.205200 0.071900
vt 0.503000 0.063700
vt 0.503000 0.071900
vt 0.483100 0.063700
vt 0.483100 0.071900
vt 0.463300 0.063700
vt 0.463300 0.071900
vt 0.443400 0.063700
vt 0.443400 0.071900
vt 0.423600 0.063700
vt 0.423600 0.071900
vt 0.403700 0.063700
vt 0.403700 0.071900
vt 0.383900 0.063700
vt 0.383900 0.071900
vt 0.179200 0.059900
vt 0.179200 0.083600
vt 0.159500 0.059900
vt 0.159500 0.083600
vt 0.139700 0.059900
vt 0.139700 0.083600
vt 0.120000 0.059900
vt 0.120000 0.083600
vt 0.100300 0.059900
vt 0.100300 0.083600
vt 0.080500 0.059900
vt 0.080500 0.083600
vt 0.060800 0.059900
vt 0.060800 0.083600
vt 0.041100 0.059900
vt 0.041100 0.083600
vt 0.021300 0.059900
vt 0.021300 0.083600
vt 0.001600 0.059900
vt 0.001600 0.083600
vt 0.356800 0.059900
vt 0.356800 0.083600
vt 0.337100 0.059900
vt 0.337100 0.083600
vt 0.317400 0.059900
vt 0.317400 0.083600
vt 0.297600 0.059900
vt 0.297600 0.083600
vt 0.277900 0.059900
vt 0.277900 0.083600
vt 0.258100 0.059900
vt 0.258100 0.083600
vt 0.238400 0.059900
vt 0.238400 0.083600
vt 0.218700 0.059900
vt 0.218700 0.083600
vt 0.198900 0.059900
vt 0.198900 0.083600
vt 0.495000 0.059900
vt 0.495000 0.083600
vt 0.475200 0.059900
vt 0.475200 0.083600
vt 0.455500 0.059900
vt 0.455500 0.083600
vt 0.435800 0.059900
vt 0.435800 0.083600
vt 0.416000 0.059900
vt 0.416000 0.083600
vt 0.396300 0.059900
vt 0.396300 0.083600
vt 0.376600 0.059900
vt 0.376600 0.083600
vt 0.824900 0.485300
vt 0.824900 0.286300
vt 0.819100 0.485300
vt 0.819100 0.286300
vt 0.813300 0.485300
vt 0.813300 0.286300
vt 0.807500 0.485300
vt 0.807500 0.286300
vt 0.801700 0.485300
vt 0.801700 0.286300
vt 0.795900 0.485300
vt 0.795900 0.286300
vt 0.784400 0.286300
vt 0.784400 0.485300
vt 0.778600 0.485300
vt 0.778600 0.286300
vt 0.772800 0.485300
vt 0.772800 0.286300
vt 0.767000 0.485300
vt 0.767000 0.286300
vt 0.859600 0.485300
vt 0.859600 0.286300
vt 0.853800 0.485300
vt 0.853800 0.286300
vt 0.848000 0.485300
vt 0.848000 0.286300
vt 0.842200 0.485300
vt 0.842200 0.286300
vt 0.830700 0.286300
vt 0.830700 0.485300
vt 0.766300 0.261100
vt 0.760200 0.259900
vt 0.767300 0.245700
vt 0.761000 0.246100
vt 0.764400 0.230700
vt 0.758400 0.232600
vt 0.757800 0.216800
vt 0.752600 0.220100
vt 0.748100 0.205000
vt 0.743800 0.209500
vt 0.735700 0.196000
vt 0.732700 0.201400
vt 0.721400 0.190300
vt 0.719900 0.196300
vt 0.706200 0.194600
vt 0.706200 0.188400
vt 0.692500 0.196300
vt 0.691000 0.190300
vt 0.679700 0.201400
vt 0.676700 0.196000
vt 0.668600 0.209500
vt 0.664300 0.205000
vt 0.659800 0.220100
vt 0.654500 0.216800
vt 0.653900 0.232600
vt 0.648000 0.230700
vt 0.651400 0.246100
vt 0.645100 0.245700
vt 0.652200 0.259900
vt 0.646100 0.261100
vt 0.656500 0.273000
vt 0.650800 0.275600
vt 0.663900 0.284600
vt 0.659000 0.288600
vt 0.673900 0.294000
vt 0.670200 0.299100
vt 0.686000 0.300700
vt 0.683700 0.306500
vt 0.699300 0.304100
vt 0.698500 0.310300
vt 0.713100 0.304100
vt 0.713900 0.310300
vt 0.728700 0.306500
vt 0.726400 0.300700
vt 0.742200 0.299100
vt 0.738500 0.294000
vt 0.753300 0.288600
vt 0.748500 0.284600
vt 0.761600 0.275600
vt 0.755900 0.273000
vt 0.693100 0.538300
vt 0.747800 0.523600
vt 0.707900 0.523800
vt 0.660600 0.883300
vt 0.691700 0.855900
vt 0.622500 0.828000
vt 0.658700 0.807400
vt 0.721800 0.827500
vt 0.694100 0.786000
vt 0.753200 0.796400
vt 0.731100 0.762800
vt 0.786700 0.762300
vt 0.770600 0.737500
vt 0.822200 0.725800
vt 0.812100 0.710500
vt 0.858200 0.689200
vt 0.854400 0.683200
vt 0.871900 0.671600
vt 0.873200 0.673500
vt 0.185300 0.063700
vt 0.185300 0.071900
vt 0.165500 0.063700
vt 0.165500 0.071900
vt 0.145600 0.063700
vt 0.145600 0.071900
vt 0.125700 0.063700
vt 0.125700 0.071900
vt 0.105900 0.063700
vt 0.105900 0.071900
vt 0.086000 0.063700
vt 0.086000 0.071900
vt 0.066200 0.063700
vt 0.066200 0.071900
vt 0.046300 0.063700
vt 0.046300 0.071900
vt 0.026500 0.063700
vt 0.026500 0.071900
vt 0.006600 0.063700
vt 0.006600 0.071900
vt 0.364000 0.063700
vt 0.364000 0.071900
vt 0.344200 0.063700
vt 0.344200 0.071900
vt 0.324300 0.063700
vt 0.324300 0.071900
vt 0.304400 0.063700
vt 0.304400 0.071900
vt 0.284600 0.063700
vt 0.284600 0.071900
vt 0.264700 0.063700
vt 0.264700 0.071900
vt 0.244900 0.063700
vt 0.244900 0.071900
vt 0.225000 0.063700
vt 0.225000 0.071900
vt 0.205200 0.063700
vt 0.205200 0.071900
vt 0.503000 0.063700
vt 0.503000 0.071900
vt 0.483100 0.063700
vt 0.483100 0.071900
vt 0.463300 0.063700
vt 0.463300 0.071900
vt 0.443400 0.063700
vt 0.443400 0.071900
vt 0.423600 0.063700
vt 0.423600 0.071900
vt 0.403700 0.063700
vt 0.403700 0.071900
vt 0.383900 0.063700
vt 0.383900 0.071900
vt 0.199300 0.059700
vt 0.199300 0.083300
vt 0.177300 0.059700
vt 0.177300 0.083300
vt 0.155400 0.059700
vt 0.155400 0.083300
vt 0.133400 0.059700
vt 0.133400 0.083300
vt 0.111400 0.059700
vt 0.111400 0.083300
vt 0.089400 0.059700
vt 0.089400 0.083300
vt 0.067500 0.059700
vt 0.067500 0.083300
vt 0.045500 0.059700
vt 0.045500 0.083300
vt 0.023500 0.059700
vt 0.023500 0.083300
vt 0.001500 0.059700
vt 0.001500 0.083300
vt 0.397100 0.059700
vt 0.397100 0.083300
vt 0.375100 0.059700
vt 0.375100 0.083300
vt 0.353200 0.059700
vt 0.353200 0.083300
vt 0.331200 0.059700
vt 0.331200 0.083300
vt 0.309200 0.059700
vt 0.309200 0.083300
vt 0.287200 0.059700
vt 0.287200 0.083300
vt 0.265200 0.059700
vt 0.265200 0.083300
vt 0.243300 0.059700
vt 0.243300 0.083300
vt 0.221300 0.059700
vt 0.221300 0.083300
vt 0.550900 0.059700
vt 0.550900 0.083300
vt 0.529000 0.059700
vt 0.529000 0.083300
vt 0.507000 0.059700
vt 0.507000 0.083300
vt 0.485000 0.059700
vt 0.485000 0.083300
vt 0.463000 0.059700
vt 0.463000 0.083300
vt 0.441100 0.059700
vt 0.441100 0.083300
vt 0.419100 0.059700
vt 0.419100 0.083300
vt 0.158800 0.058400
vt 0.344200 0.071900
vt 0.324300 0.063700
vt 0.324300 0.071900
vt 0.344200 0.063700
vt 0.364000 0.071900
vt 0.364000 0.063700
vt 0.383900 0.071900
vt 0.383900 0.063700
vt 0.403700 0.071900
vt 0.403700 0.063700
vt 0.423600 0.071900
vt 0.423600 0.063700
vt 0.443400 0.071900
vt 0.443400 0.063700
vt 0.463300 0.071900
vt 0.463300 0.063700
vt 0.483100 0.071900
vt 0.483100 0.063700
vt 0.503000 0.071900
vt 0.503000 0.063700
vt 0.165500 0.071900
vt 0.145600 0.063700
vt 0.145600 0.071900
vt 0.165500 0.063700
vt 0.185300 0.071900
vt 0.185300 0.063700
vt 0.205200 0.071900
vt 0.205200 0.063700
vt 0.225000 0.071900
vt 0.225000 0.063700
vt 0.244900 0.071900
vt 0.244900 0.063700
vt 0.264700 0.071900
vt 0.264700 0.063700
vt 0.284600 0.071900
vt 0.284600 0.063700
vt 0.304400 0.071900
vt 0.304400 0.063700
vt 0.026500 0.071900
vt 0.006600 0.063700
vt 0.006600 0.071900
vt 0.026500 0.063700
vt 0.046300 0.071900
vt 0.046300 0.063700
vt 0.066200 0.071900
vt 0.066200 0.063700
vt 0.086000 0.071900
vt 0.086000 0.063700
vt 0.105900 0.071900
vt 0.105900 0.063700
vt 0.125700 0.071900
vt 0.125700 0.063700
vt 0.659000 0.288600
vt 0.673900 0.294000
vt 0.663900 0.284600
vt 0.670200 0.299100
vt 0.686000 0.300700
vt 0.683700 0.306500
vt 0.699300 0.304100
vt 0.698500 0.310300
vt 0.713100 0.304100
vt 0.713900 0.310300
vt 0.728700 0.306500
vt 0.726400 0.300700
vt 0.742200 0.299100
vt 0.738500 0.294000
vt 0.753300 0.288600
vt 0.748500 0.284600
vt 0.761600 0.275600
vt 0.755900 0.273000
vt 0.766300 0.261100
vt 0.760200 0.259900
vt 0.767300 0.245700
vt 0.761000 0.246100
vt 0.764400 0.230700
vt 0.758400 0.232600
vt 0.757800 0.216800
vt 0.752600 0.220100
vt 0.748100 0.205000
vt 0.743800 0.209500
vt 0.735700 0.196000
vt 0.732700 0.201400
vt 0.721400 0.190300
vt 0.719900 0.196300
vt 0.706200 0.194600
vt 0.706200 0.188400
vt 0.692500 0.196300
vt 0.691000 0.190300
vt 0.679700 0.201400
vt 0.676700 0.196000
vt 0.668600 0.209500
vt 0.664300 0.205000
vt 0.659800 0.220100
vt 0.654500 0.216800
vt 0.653900 0.232600
vt 0.648000 0.230700
vt 0.651400 0.246100
vt 0.645100 0.245700
vt 0.652200 0.259900
vt 0.646100 0.261100
vt 0.656500 0.273000
vt 0.650800 0.275600
vt 0.766300 0.261100
vt 0.760200 0.259900
vt 0.767300 0.245700
vt 0.761000 0.246100
vt 0.764400 0.230700
vt 0.758400 0.232600
vt 0.757800 0.216800
vt 0.752600 0.220100
vt 0.748100 0.205000
vt 0.743800 0.209500
vt 0.735700 0.196000
vt 0.732700 0.201400
vt 0.721400 0.190300
vt 0.719900 0.196300
vt 0.706200 0.194600
vt 0.706200 0.188400
vt 0.692500 0.196300
vt 0.691000 0.190300
vt 0.679700 0.201400
vt 0.676700 0.196000
vt 0.668600 0.209500
vt 0.664300 0.205000
vt 0.659800 0.220100
vt 0.654500 0.216800
vt 0.653900 0.232600
vt 0.648000 0.230700
vt 0.651400 0.246100
vt 0.645100 0.245700
vt 0.652200 0.259900
vt 0.646100 0.261100
vt 0.656500 0.273000
vt 0.650800 0.275600
vt 0.663900 0.284600
vt 0.659000 0.288600
vt 0.673900 0.294000
vt 0.670200 0.299100
vt 0.686000 0.300700
vt 0.683700 0.306500
vt 0.699300 0.304100
vt 0.698500 0.310300
vt 0.713100 0.304100
vt 0.713900 0.310300
vt 0.728700 0.306500
vt 0.726400 0.300700
vt 0.742200 0.299100
vt 0.738500 0.294000
vt 0.753300 0.288600
vt 0.748500 0.284600
vt 0.761600 0.275600
vt 0.755900 0.273000
vt 0.883600 0.526300
vt 0.891800 0.536500
vt 0.877500 0.606500
vt 0.873200 0.518500
vt 0.861100 0.513600
vt 0.848100 0.511700
vt 0.835100 0.513200
vt 0.822900 0.517900
vt 0.812200 0.525400
vt 0.803800 0.535400
vt 0.798000 0.547100
vt 0.795400 0.559900
vt 0.796100 0.573000
vt 0.800000 0.585500
vt 0.806800 0.596600
vt 0.816200 0.605700
vt 0.827600 0.612100
vt 0.840200 0.615500
vt 0.853300 0.615700
vt 0.866000 0.612600
vt 0.894300 0.586700
vt 0.887200 0.597700
vt 0.898500 0.574300
vt 0.899500 0.561300
vt 0.897200 0.548400
vt 0.581900 0.595700
vt 0.580500 0.595300
vt 0.586900 0.579200
vt 0.584900 0.576400
vt 0.592300 0.570600
vt 0.590500 0.568000
vt 0.599800 0.559800
vt 0.597600 0.556700
vt 0.607500 0.541400
vt 0.602500 0.535000
vt 0.610700 0.535700
vt 0.607200 0.529200
vt 0.613800 0.519900
vt 0.607200 0.525100
vt 0.607400 0.521400
vt 0.600000 0.529500
vt 0.600600 0.531700
vt 0.588300 0.541700
vt 0.592300 0.549100
vt 0.581400 0.553600
vt 0.586200 0.562200
vt 0.579100 0.567200
vt 0.581900 0.573200
vt 0.578800 0.593800
vt 0.579100 0.594100
vt 0.457300 0.242500
vt 0.457300 0.238500
vt 0.484500 0.248800
vt 0.457300 0.220500
vt 0.457300 0.216700
vt 0.484500 0.210500
vt 0.493200 0.248800
vt 0.493200 0.210500
vt 0.502300 0.210500
vt 0.502300 0.248800
vt 0.512300 0.248800
vt 0.512300 0.210500
vt 0.520500 0.210500
vt 0.520500 0.248800
vt 0.531300 0.210500
vt 0.531300 0.248800
vt 0.540900 0.210500
vt 0.540900 0.248800
vt 0.603600 0.245600
vt 0.603600 0.213000
vt 0.596100 0.245600
vt 0.596100 0.213000
vt 0.592300 0.245600
vt 0.592300 0.213000
vt 0.586500 0.245600
vt 0.586500 0.213000
vt 0.584300 0.245600
vt 0.584300 0.213000
vt 0.580600 0.245600
vt 0.580600 0.213000
vt 0.575100 0.245600
vt 0.575100 0.213000
vt 0.568900 0.245600
vt 0.568900 0.213000
vt 0.561400 0.245600
vt 0.561400 0.213000
vt 0.546300 0.245600
vt 0.546300 0.213000
vt 0.600100 0.245600
vt 0.600100 0.213000
vt 0.590800 0.245600
vt 0.590800 0.213000
vt 0.554900 0.245600
vt 0.554900 0.213000
vt 0.546100 0.245600
vt 0.546100 0.213000
vt 0.457300 0.242600
vt 0.457300 0.238600
vt 0.484400 0.248800
vt 0.457300 0.220600
vt 0.457300 0.216800
vt 0.484400 0.210600
vt 0.493100 0.248800
vt 0.493100 0.210600
vt 0.502200 0.210600
vt 0.502200 0.248800
vt 0.512200 0.248800
vt 0.512200 0.210600
vt 0.520400 0.210600
vt 0.520400 0.248800
vt 0.531100 0.210600
vt 0.531100 0.248800
vt 0.540700 0.210600
vt 0.540700 0.248800
vt 0.810700 0.601800
vt 0.802500 0.591600
vt 0.816900 0.521700
vt 0.821200 0.609600
vt 0.833300 0.614600
vt 0.846300 0.616400
vt 0.859300 0.614900
vt 0.871500 0.610300
vt 0.882100 0.602700
vt 0.890600 0.592800
vt 0.896300 0.581000
vt 0.899000 0.568200
vt 0.898300 0.555200
vt 0.894400 0.542700
vt 0.887600 0.531500
vt 0.878200 0.522500
vt 0.866800 0.516000
vt 0.854200 0.512600
vt 0.841100 0.512400
vt 0.828400 0.515500
vt 0.800100 0.541400
vt 0.807200 0.530500
vt 0.795800 0.553800
vt 0.794900 0.566800
vt 0.797100 0.579700
vt 0.375100 0.083300
vt 0.353200 0.059700
vt 0.353200 0.083300
vt 0.375100 0.059700
vt 0.397100 0.083300
vt 0.397100 0.059700
vt 0.419100 0.083300
vt 0.419100 0.059700
vt 0.441100 0.083300
vt 0.441100 0.059700
vt 0.463000 0.083300
vt 0.463000 0.059700
vt 0.485000 0.083300
vt 0.485000 0.059700
vt 0.507000 0.083300
vt 0.507000 0.059700
vt 0.529000 0.083300
vt 0.529000 0.059700
vt 0.550900 0.083300
vt 0.550900 0.059700
vt 0.177300 0.083300
vt 0.155400 0.059700
vt 0.155400 0.083300
vt 0.177300 0.059700
vt 0.199300 0.083300
vt 0.199300 0.059700
vt 0.221300 0.083300
vt 0.221300 0.059700
vt 0.243300 0.083300
vt 0.243300 0.059700
vt 0.265200 0.083300
vt 0.265200 0.059700
vt 0.287200 0.083300
vt 0.287200 0.059700
vt 0.309200 0.083300
vt 0.309200 0.059700
vt 0.331200 0.083300
vt 0.331200 0.059700
vt 0.023500 0.083300
vt 0.001500 0.059700
vt 0.001500 0.083300
vt 0.023500 0.059700
vt 0.045500 0.083300
vt 0.045500 0.059700
vt 0.067500 0.083300
vt 0.067500 0.059700
vt 0.089400 0.083300
vt 0.089400 0.059700
vt 0.111400 0.083300
vt 0.111400 0.059700
vt 0.133400 0.083300
vt 0.133400 0.059700
vt 0.116400 0.058400
vt 0.116400 0.044000
vt 0.103600 0.058400
vt 0.101800 0.056400
vt 0.101800 0.044000
vt 0.579700 0.318700
vt 0.576000 0.282700
vt 0.576000 0.318700
vt 0.579700 0.282700
vt 0.604600 0.323600
vt 0.579700 0.277700
vt 0.604600 0.277700
vt 0.579700 0.323600
vt 0.787200 0.446200
vt 0.805200 0.445600
vt 0.549700 0.255800
vt 0.545400 0.288100
vt 0.549700 0.285600
vt 0.546500 0.250900
vt 0.565300 0.255800
vt 0.570800 0.250900
vt 0.571700 0.288100
vt 0.565300 0.285600
vt 0.565300 0.290600
vt 0.549700 0.290600
vt 0.549700 0.320800
vt 0.546500 0.325600
vt 0.565300 0.320800
vt 0.570800 0.325600
vt 0.914200 0.531100
vt 0.929600 0.560800
vt 0.914200 0.560800
vt 0.929600 0.531100
vt 0.914200 0.595900
vt 0.929600 0.566500
vt 0.914200 0.566500
vt 0.929600 0.595900
vt 0.826500 0.309700
vt 0.801400 0.394000
vt 0.826500 0.393000
vt 0.801900 0.308900
vt 0.787100 0.374200
vt 0.805800 0.370400
vt 0.805800 0.374200
vt 0.787100 0.370400
vt 0.576000 0.282700
vt 0.579700 0.318700
vt 0.576000 0.318700
vt 0.579700 0.282700
vt 0.604600 0.323600
vt 0.579700 0.277700
vt 0.604600 0.277700
vt 0.579700 0.323600
vt 0.787200 0.446200
vt 0.805200 0.445600
vt 0.862800 0.772200
vt 0.866400 0.753600
vt 0.882800 0.770300
vt 0.883000 0.756200
vt 0.883800 0.700800
vt 0.028200 0.333300
vt 0.104800 0.332600
vt 0.039100 0.381500
vt 0.022700 0.374600
vt 0.009600 0.361400
vt 0.001500 0.341500
vt 0.001700 0.323300
vt 0.024000 0.274400
vt 0.241300 0.333300
vt 0.241300 0.271600
vt 0.249900 0.276100
vt 0.238700 0.350200
vt 0.250000 0.357900
vt 0.438500 0.058400
vt 0.398900 0.044000
vt 0.398900 0.058400
vt 0.438500 0.044000
vt 0.451400 0.044000
vt 0.451400 0.058400
vt 0.466900 0.044000
vt 0.466900 0.058400
vt 0.480300 0.044000
vt 0.480300 0.058400
vt 0.493000 0.044000
vt 0.493000 0.058400
vt 0.650900 0.552200
vt 0.654900 0.552200
vt 0.656600 0.570900
vt 0.660600 0.570800
vt 0.664200 0.579600
vt 0.664700 0.578400
vt 0.674900 0.578200
vt 0.674900 0.577000
vt 0.303900 0.058400
vt 0.354700 0.044000
vt 0.303900 0.044000
vt 0.354700 0.058400
vt 0.395400 0.044000
vt 0.395400 0.058400
vt 0.818300 0.306300
vt 0.802500 0.289300
vt 0.818300 0.289300
vt 0.802400 0.306300
vt 0.818200 0.317000
vt 0.802400 0.317000
vt 0.818200 0.334100
vt 0.802400 0.334100
vt 0.783900 0.461200
vt 0.773800 0.466000
vt 0.773800 0.461200
vt 0.783900 0.466000
vt 0.818200 0.348300
vt 0.802300 0.348300
vt 0.800100 0.375800
vt 0.808400 0.339000
vt 0.808400 0.375800
vt 0.800100 0.339000
vt 0.663800 0.529400
vt 0.675100 0.532300
vt 0.681600 0.535500
vt 0.686500 0.540300
vt 0.687100 0.548700
vt 0.687200 0.581200
vt 0.687200 0.591100
vt 0.671600 0.591100
vt 0.684200 0.600300
vt 0.676500 0.605900
vt 0.666800 0.605900
vt 0.659000 0.600300
vt 0.656100 0.591200
vt 0.656000 0.585200
vt 0.655600 0.581000
vt 0.650800 0.575000
vt 0.183500 0.285200
vt 0.183000 0.291100
vt 0.168000 0.294400
vt 0.171600 0.298700
vt 0.157500 0.312300
vt 0.162800 0.313700
vt 0.157100 0.341100
vt 0.162700 0.340500
vt 0.164400 0.353900
vt 0.168400 0.349900
vt 0.177300 0.361100
vt 0.178700 0.355600
vt 0.195800 0.361100
vt 0.194800 0.355700
vt 0.203100 0.353400
vt 0.206100 0.358100
vt 0.209900 0.347800
vt 0.215400 0.349000
vt 0.219600 0.332200
vt 0.213600 0.331900
vt 0.245800 0.268600
vt 0.254500 0.273600
vt 0.761400 0.187600
vt 0.770900 0.195500
vt 0.758100 0.191600
vt 0.768000 0.199700
vt 0.779400 0.205900
vt 0.781800 0.201300
vt 0.914100 0.282400
vt 0.909000 0.282300
vt 0.914800 0.359400
vt 0.909700 0.359000
vt 0.906400 0.282200
vt 0.907100 0.359100
vt 0.914100 0.369300
vt 0.909500 0.369100
vt 0.913900 0.372700
vt 0.909500 0.364900
vt 0.914400 0.365100
vt 0.909500 0.372600
vt 0.914000 0.376000
vt 0.907300 0.372600
vt 0.907300 0.369100
vt 0.907300 0.364900
vt 0.903800 0.282200
vt 0.904500 0.359200
vt 0.904800 0.365000
vt 0.904900 0.369100
vt 0.904900 0.372600
vt 0.904900 0.375900
vt 0.907300 0.376000
vt 0.909400 0.376000
vt 0.909400 0.380100
vt 0.914100 0.380100
vt 0.909300 0.385900
vt 0.914400 0.385700
vt 0.915300 0.527700
vt 0.907800 0.533200
vt 0.905500 0.537200
vt 0.907900 0.537200
vt 0.905400 0.533200
vt 0.907700 0.527500
vt 0.905100 0.527600
vt 0.904200 0.385600
vt 0.910100 0.533200
vt 0.910000 0.537200
vt 0.910200 0.527400
vt 0.906800 0.385700
vt 0.904600 0.380000
vt 0.907100 0.380100
vt 0.915000 0.533400
vt 0.914600 0.537400
vt 0.910000 0.540600
vt 0.907800 0.540600
vt 0.905500 0.540500
vt 0.907700 0.544000
vt 0.905300 0.543900
vt 0.907500 0.548200
vt 0.904900 0.548100
vt 0.907100 0.554100
vt 0.904500 0.553900
vt 0.907900 0.630900
vt 0.905400 0.630900
vt 0.914500 0.540800
vt 0.909900 0.544100
vt 0.909800 0.548300
vt 0.909700 0.554200
vt 0.910500 0.631000
vt 0.914400 0.544200
vt 0.914500 0.548300
vt 0.914800 0.554000
vt 0.915700 0.631000
vt 0.399500 0.271500
vt 0.395000 0.268500
vt 0.396500 0.238200
vt 0.391600 0.240700
vt 0.378600 0.229000
vt 0.376600 0.234100
vt 0.331600 0.232900
vt 0.262200 0.229100
vt 0.309200 0.232900
vt 0.264200 0.234100
vt 0.249200 0.240800
vt 0.244300 0.238300
vt 0.909000 0.282300
vt 0.914100 0.282400
vt 0.909700 0.359000
vt 0.914800 0.359400
vt 0.914400 0.365100
vt 0.909500 0.364900
vt 0.914100 0.369300
vt 0.909500 0.369100
vt 0.913900 0.372700
vt 0.909500 0.372600
vt 0.907300 0.372600
vt 0.907300 0.376000
vt 0.904900 0.375900
vt 0.907100 0.380100
vt 0.904600 0.380000
vt 0.906800 0.385700
vt 0.904200 0.385600
vt 0.907700 0.527500
vt 0.905100 0.527600
vt 0.905400 0.533200
vt 0.907300 0.364900
vt 0.907100 0.359100
vt 0.907300 0.369100
vt 0.904900 0.372600
vt 0.904900 0.369100
vt 0.904800 0.365000
vt 0.904500 0.359200
vt 0.903800 0.282200
vt 0.906400 0.282200
vt 0.805200 0.445600
vt 0.787200 0.446200
vt 0.824900 0.485300
vt 0.824900 0.286300
vt 0.819100 0.485300
vt 0.819100 0.286300
vt 0.813300 0.485300
vt 0.813300 0.286300
vt 0.807500 0.485300
vt 0.807500 0.286300
vt 0.801700 0.485300
vt 0.801700 0.286300
vt 0.795900 0.485300
vt 0.795900 0.286300
vt 0.784400 0.286300
vt 0.784400 0.485300
vt 0.778600 0.485300
vt 0.778600 0.286300
vt 0.772800 0.485300
vt 0.772800 0.286300
vt 0.767000 0.485300
vt 0.767000 0.286300
vt 0.859600 0.485300
vt 0.859600 0.286300
vt 0.853800 0.485300
vt 0.853800 0.286300
vt 0.848000 0.485300
vt 0.848000 0.286300
vt 0.842200 0.485300
vt 0.842200 0.286300
vt 0.830700 0.286300
vt 0.830700 0.485300
vt 0.824900 0.485300
vt 0.824900 0.286300
vt 0.819100 0.485300
vt 0.819100 0.286300
vt 0.813300 0.485300
vt 0.813300 0.286300
vt 0.807500 0.485300
vt 0.807500 0.286300
vt 0.801700 0.485300
vt 0.801700 0.286300
vt 0.795900 0.485300
vt 0.795900 0.286300
vt 0.784400 0.286300
vt 0.784400 0.485300
vt 0.778600 0.485300
vt 0.778600 0.286300
vt 0.772800 0.485300
vt 0.772800 0.286300
vt 0.767000 0.485300
vt 0.767000 0.286300
vt 0.859600 0.485300
vt 0.859600 0.286300
vt 0.853800 0.485300
vt 0.853800 0.286300
vt 0.848000 0.485300
vt 0.848000 0.286300
vt 0.842200 0.485300
vt 0.842200 0.286300
vt 0.830700 0.286300
vt 0.830700 0.485300
vt 0.919700 0.281800
vt 0.919800 0.632000
vt 0.922900 0.281800
vt 0.922900 0.632000
vt 0.926100 0.281800
vt 0.926100 0.632000
vt 0.929200 0.281800
vt 0.929200 0.632000
vt 0.931300 0.281800
vt 0.931300 0.632000
vt 0.251800 0.044000
vt 0.251800 0.058400
vt 0.294100 0.058400
vt 0.599300 0.931900
vt 0.585900 0.914200
vt 0.580900 0.901400
vt 0.580300 0.888600
vt 0.583500 0.877100
vt 0.590200 0.867900
vt 0.600300 0.862100
vt 0.612000 0.860100
vt 0.624600 0.862300
vt 0.637000 0.868500
vt 0.652900 0.883900
vt 0.688700 0.923900
vt 0.701700 0.938200
vt 0.707900 0.948000
vt 0.711000 0.959000
vt 0.710600 0.970600
vt 0.706600 0.981300
vt 0.699200 0.990100
vt 0.690000 0.996200
vt 0.679100 0.998900
vt 0.667400 0.998000
vt 0.656600 0.993800
vt 0.647700 0.986400
vt 0.635000 0.971900
vt 0.996400 0.767500
vt 0.996400 0.793800
vt 0.996400 0.822900
vt 0.996400 0.852000
vt 0.996400 0.881100
vt 0.996400 0.910200
vt 0.996400 0.939300
vt 0.996400 0.968400
vt 0.996400 0.994700
vt 0.237100 0.056400
vt 0.237100 0.044000
vt 0.238900 0.058400
vt 0.254400 0.353600
vt 0.773800 0.420800
vt 0.783900 0.420800
vt 0.607000 0.529200
vt 0.600400 0.531700
vt 0.607000 0.525100
vt 0.602400 0.535000
vt 0.592100 0.549200
vt 0.597500 0.556700
vt 0.586000 0.562200
vt 0.581300 0.553700
vt 0.579000 0.567200
vt 0.588100 0.541800
vt 0.599800 0.529500
vt 0.607200 0.521400
vt 0.610500 0.535700
vt 0.607300 0.541400
vt 0.599700 0.559800
vt 0.590400 0.568000
vt 0.581800 0.573200
vt 0.578700 0.593800
vt 0.592200 0.570700
vt 0.584800 0.576400
vt 0.579000 0.594100
vt 0.581900 0.595700
vt 0.580400 0.595300
vt 0.586800 0.579300
vt 0.613700 0.531900
vt 0.616700 0.530400
vt 0.615000 0.544600
vt 0.611800 0.553300
vt 0.606800 0.559200
vt 0.601500 0.563200
vt 0.593100 0.572900
vt 0.587700 0.581200
vt 0.583300 0.595700
vt 0.707600 0.538100
vt 0.708300 0.552400
vt 0.590000 0.584600
vt 0.585800 0.595600
vt 0.595200 0.575900
vt 0.604100 0.567100
vt 0.608000 0.566000
vt 0.610500 0.565200
vt 0.611900 0.564800
vt 0.650700 0.574900
vt 0.655500 0.581000
vt 0.655900 0.585200
vt 0.671500 0.591100
vt 0.655900 0.591100
vt 0.658900 0.600200
vt 0.666700 0.605900
vt 0.676300 0.605900
vt 0.684100 0.600200
vt 0.687100 0.591000
vt 0.687000 0.581200
vt 0.664400 0.491100
vt 0.609100 0.513900
vt 0.609100 0.491200
vt 0.664500 0.513800
vt 0.665500 0.518300
vt 0.669300 0.523100
vt 0.676500 0.526400
vt 0.687000 0.528500
vt 0.691000 0.536700
vt 0.603500 0.245600
vt 0.603500 0.213100
vt 0.596000 0.245600
vt 0.596000 0.213100
vt 0.592300 0.245600
vt 0.592300 0.213100
vt 0.586400 0.245600
vt 0.586400 0.213100
vt 0.584300 0.245600
vt 0.584300 0.213100
vt 0.580500 0.245600
vt 0.580500 0.213100
vt 0.575100 0.245600
vt 0.575100 0.213100
vt 0.568800 0.245600
vt 0.568800 0.213100
vt 0.561300 0.245600
vt 0.561300 0.213100
vt 0.546200 0.245600
vt 0.546200 0.213100
vt 0.600000 0.245600
vt 0.600000 0.213100
vt 0.590700 0.245600
vt 0.590700 0.213100
vt 0.554800 0.245600
vt 0.554800 0.213100
vt 0.546100 0.245600
vt 0.546100 0.213100
vt 0.693400 0.538300
vt 0.748100 0.523700
vt 0.708200 0.523800
vt 0.309200 0.253400
vt 0.331600 0.253400
vt 0.777100 0.461600
vt 0.785500 0.473800
vt 0.777100 0.473800
vt 0.785500 0.461600
vt 0.777100 0.454800
vt 0.785500 0.454800
vt 0.777100 0.448300
vt 0.785500 0.448300
vt 0.777100 0.436600
vt 0.785500 0.436600
vt 0.777100 0.427800
vt 0.785500 0.427800
vt 0.777100 0.419600
vt 0.785500 0.419600
vt 0.777100 0.399900
vt 0.785500 0.399900
vt 0.777100 0.386600
vt 0.785500 0.386600
vt 0.777100 0.376100
vt 0.785500 0.376100
vt 0.260100 0.044000
vt 0.219400 0.058400
vt 0.219400 0.044000
vt 0.260100 0.058400
vt 0.263500 0.044000
vt 0.263500 0.058400
vt 0.386100 0.317600
vt 0.372200 0.340900
vt 0.361300 0.273300
vt 0.381700 0.291000
vt 0.308200 0.316600
vt 0.313300 0.290000
vt 0.321400 0.340200
vt 0.346700 0.349800
vt 0.334200 0.272900
vt 0.775500 0.348600
vt 0.791300 0.334400
vt 0.791300 0.348600
vt 0.775500 0.334400
vt 0.791300 0.317500
vt 0.775500 0.317500
vt 0.791300 0.306800
vt 0.775500 0.306800
vt 0.791300 0.289600
vt 0.775500 0.289600
vt 0.773800 0.310300
vt 0.783900 0.315200
vt 0.773800 0.315200
vt 0.783900 0.310300
vt 0.001400 0.058400
vt 0.066300 0.044000
vt 0.066300 0.058400
vt 0.001400 0.044000
vt 0.773800 0.295900
vt 0.783900 0.295900
vt 0.773800 0.287200
vt 0.783900 0.287200
vt 0.168500 0.058400
vt 0.168500 0.044000
vt 0.777100 0.339400
vt 0.785500 0.339400
vt 0.390900 0.276000
vt 0.387000 0.273400
vt 0.503800 0.291800
vt 0.492700 0.280900
vt 0.508300 0.281800
vt 0.521100 0.296500
vt 0.521000 0.270600
vt 0.531800 0.303800
vt 0.539900 0.255400
vt 0.539400 0.315900
vt 0.521600 0.254900
vt 0.101800 0.056400
vt 0.092000 0.056400
vt 0.101800 0.044000
vt 0.092000 0.044000
vt 0.081000 0.056400
vt 0.081000 0.044000
vt 0.333500 0.273800
vt 0.360500 0.273800
vt 0.308100 0.317800
vt 0.312800 0.291200
vt 0.372400 0.341200
vt 0.347000 0.350500
vt 0.385900 0.317800
vt 0.381200 0.291200
vt 0.321600 0.341200
vt 0.517300 0.268800
vt 0.517600 0.254500
vt 0.507300 0.278100
vt 0.487600 0.276100
vt 0.907800 0.533200
vt 0.910200 0.527400
vt 0.910100 0.533200
vt 0.907900 0.537200
vt 0.910000 0.537200
vt 0.910000 0.540600
vt 0.914600 0.537400
vt 0.915000 0.533400
vt 0.915300 0.527700
vt 0.914400 0.385700
vt 0.909300 0.385900
vt 0.914100 0.380100
vt 0.909400 0.380100
vt 0.914000 0.376000
vt 0.909400 0.376000
vt 0.914500 0.540800
vt 0.914400 0.544200
vt 0.909900 0.544100
vt 0.907800 0.540600
vt 0.905500 0.537200
vt 0.915700 0.631000
vt 0.910500 0.631000
vt 0.914800 0.554000
vt 0.909700 0.554200
vt 0.914500 0.548300
vt 0.909800 0.548300
vt 0.905400 0.630900
vt 0.904500 0.553900
vt 0.907900 0.630900
vt 0.907100 0.554100
vt 0.907500 0.548200
vt 0.907700 0.544000
vt 0.905500 0.540500
vt 0.904900 0.548100
vt 0.905300 0.543900
vt 0.800100 0.386200
vt 0.808400 0.386200
vt 0.800100 0.399600
vt 0.808400 0.399600
vt 0.800100 0.419200
vt 0.808400 0.419200
vt 0.800100 0.427500
vt 0.808400 0.427500
vt 0.800100 0.436300
vt 0.808400 0.436300
vt 0.800100 0.448000
vt 0.808400 0.448000
vt 0.800100 0.454500
vt 0.808400 0.454500
vt 0.800100 0.461300
vt 0.808400 0.461300
vt 0.800100 0.473500
vt 0.808400 0.473500
vt 0.001800 0.058400
vt 0.136700 0.044000
vt 0.001800 0.044000
vt 0.136700 0.058400
vt 0.201700 0.044000
vt 0.201700 0.058400
vt 0.783900 0.489200
vt 0.773800 0.489200
vt 0.783900 0.480500
vt 0.773800 0.480500
vt 0.116400 0.044000
vt 0.116400 0.058400
vt 0.103600 0.058400
vt 0.387000 0.353600
vt 0.390900 0.357900
vt 0.773800 0.355600
vt 0.783900 0.355600
vt 0.216400 0.056400
vt 0.216400 0.044000
vt 0.227400 0.044000
vt 0.227400 0.056400
vt 0.707900 0.537900
vt 0.708000 0.552400
vt 0.807900 0.462900
vt 0.809200 0.455700
vt 0.781000 0.419700
vt 0.810800 0.419700
vt 0.812000 0.423100
vt 0.832300 0.431700
vt 0.822600 0.421900
vt 0.825300 0.416100
vt 0.832300 0.359600
vt 0.825700 0.399700
vt 0.825700 0.391600
vt 0.825300 0.375200
vt 0.822600 0.369500
vt 0.809200 0.335600
vt 0.812000 0.368200
vt 0.789900 0.317000
vt 0.807900 0.328400
vt 0.811700 0.324600
vt 0.816700 0.317000
vt 0.816700 0.324600
vt 0.816700 0.466700
vt 0.811700 0.466700
vt 0.816700 0.474300
vt 0.789900 0.474300
vt 0.810600 0.501000
vt 0.790100 0.500400
vt 0.810700 0.502800
vt 0.792400 0.511200
vt 0.785800 0.511200
vt 0.778400 0.508200
vt 0.773500 0.503300
vt 0.771100 0.497300
vt 0.771100 0.294000
vt 0.781000 0.371600
vt 0.810800 0.371600
vt 0.773500 0.288000
vt 0.790100 0.290900
vt 0.778400 0.283100
vt 0.785800 0.280100
vt 0.792400 0.280100
vt 0.810700 0.288500
vt 0.810600 0.290300
vt 0.107300 0.317200
vt 0.114500 0.306100
vt 0.126500 0.299800
vt 0.142400 0.295200
vt 0.613000 0.333500
vt 0.615800 0.274000
vt 0.639300 0.323100
vt 0.639400 0.341200
vt 0.631400 0.361200
vt 0.618300 0.374400
vt 0.601800 0.381300
vt 0.536100 0.332400
vt 0.402300 0.350200
vt 0.399700 0.333200
vt 0.413800 0.333200
vt 0.421300 0.332200
vt 0.413000 0.350100
vt 0.425600 0.349000
vt 0.434800 0.358000
vt 0.445200 0.361100
vt 0.463600 0.361000
vt 0.476500 0.353800
vt 0.483800 0.340900
vt 0.483500 0.312200
vt 0.238800 0.350200
vt 0.228100 0.350200
vt 0.241400 0.333300
vt 0.227200 0.333300
vt 0.457400 0.285200
vt 0.533800 0.317000
vt 0.526500 0.306000
vt 0.514500 0.299700
vt 0.498600 0.295000
vt 0.472900 0.294300
vt 0.148200 0.281000
vt 0.137100 0.292000
vt 0.119800 0.296600
vt 0.109100 0.304000
vt 0.101600 0.316100
vt 0.102100 0.329400
vt 0.693100 0.538300
vt 0.747800 0.523600
vt 0.707900 0.523800
vt 0.158800 0.058400
vt 0.787100 0.374200
vt 0.805800 0.370400
vt 0.805800 0.374200
vt 0.787100 0.370400
vt 0.805800 0.333400
vt 0.787100 0.333400
vt 0.805800 0.329700
vt 0.787100 0.329700
vt 0.787100 0.324900
vt 0.805800 0.299600
vt 0.805800 0.324900
vt 0.787100 0.299600
vt 0.787200 0.403400
vt 0.805800 0.379000
vt 0.805500 0.404300
vt 0.787100 0.379000
vt 0.576000 0.282700
vt 0.579700 0.318700
vt 0.576000 0.318700
vt 0.579700 0.282700
vt 0.604600 0.323600
vt 0.579700 0.277700
vt 0.604600 0.277700
vt 0.579700 0.323600
vt 0.787200 0.446200
vt 0.805200 0.445600
vt 0.031400 0.328900
vt 0.030500 0.271900
vt 0.800800 0.309200
vt 0.781400 0.309200
vt 0.800800 0.283800
vt 0.769800 0.283800
vt 0.769400 0.418800
vt 0.800800 0.418900
vt 0.769800 0.418900
vt 0.781400 0.393500
vt 0.801400 0.394000
vt 0.781900 0.351500
vt 0.801900 0.308900
vt 0.101700 0.255600
vt 0.120000 0.255100
vt 0.120100 0.270700
vt 0.132700 0.282000
vt 0.549700 0.285600
vt 0.545400 0.288100
vt 0.549700 0.255800
vt 0.546500 0.250900
vt 0.565300 0.255800
vt 0.570800 0.250900
vt 0.571700 0.288100
vt 0.565300 0.285600
vt 0.565300 0.290600
vt 0.549700 0.290600
vt 0.549700 0.320800
vt 0.546500 0.325600
vt 0.565300 0.320800
vt 0.570800 0.325600
vt 0.929600 0.560800
vt 0.914200 0.531100
vt 0.914200 0.560800
vt 0.929600 0.531100
vt 0.929600 0.566500
vt 0.914200 0.595900
vt 0.914200 0.566500
vt 0.929600 0.595900
vt 0.826500 0.309700
vt 0.826500 0.393000
vt 0.805800 0.370400
vt 0.787100 0.374200
vt 0.805800 0.374200
vt 0.787100 0.370400
vt 0.805800 0.333400
vt 0.787100 0.333400
vt 0.805800 0.329700
vt 0.787100 0.329700
vt 0.805800 0.299600
vt 0.787100 0.324900
vt 0.805800 0.324900
vt 0.787100 0.299600
vt 0.805800 0.379000
vt 0.787200 0.403400
vt 0.805500 0.404300
vt 0.787100 0.379000
vt 0.123800 0.269000
vt 0.123900 0.254700
vt 0.133800 0.278300
vt 0.579700 0.318700
vt 0.576000 0.282700
vt 0.576000 0.318700
vt 0.579700 0.282700
vt 0.604600 0.323600
vt 0.579700 0.277700
vt 0.604600 0.277700
vt 0.579700 0.323600
vt 0.787200 0.446200
vt 0.805200 0.445600
vt 0.357600 0.058300
vt 0.752600 0.044000
vt 0.752600 0.058300
vt 0.357600 0.044000
vt 0.344900 0.058300
vt 0.344900 0.044000
vt 0.331500 0.058300
vt 0.331500 0.044000
vt 0.316000 0.058300
vt 0.316000 0.044000
vt 0.303100 0.058300
vt 0.303100 0.044000
vt 0.027900 0.333500
vt 0.104800 0.332400
vt 0.039100 0.381300
vt 0.022700 0.374400
vt 0.009600 0.361200
vt 0.001500 0.341200
vt 0.001700 0.323100
vt 0.025100 0.273900
vt 0.457900 0.291000
vt 0.469300 0.298600
vt 0.478100 0.313600
vt 0.478200 0.340400
vt 0.472500 0.349800
vt 0.462300 0.355600
vt 0.446200 0.355600
vt 0.437900 0.353400
vt 0.431100 0.347700
vt 0.427400 0.331900
vt 0.390900 0.276100
vt 0.399600 0.271600
vt 0.399600 0.333300
vt 0.402200 0.350200
vt 0.390900 0.357900
vt 0.538900 0.329300
vt 0.609200 0.329700
vt 0.610400 0.273000
vt 0.612600 0.333300
vt 0.616900 0.274400
vt 0.639200 0.323300
vt 0.639300 0.341500
vt 0.631300 0.361400
vt 0.618200 0.374600
vt 0.601700 0.381500
vt 0.413700 0.333300
vt 0.421200 0.332200
vt 0.412900 0.350200
vt 0.425500 0.349000
vt 0.434700 0.358100
vt 0.445100 0.361100
vt 0.463500 0.361100
vt 0.476400 0.353900
vt 0.483700 0.341100
vt 0.483400 0.312300
vt 0.238700 0.350200
vt 0.228000 0.350100
vt 0.457400 0.285200
vt 0.241300 0.333200
vt 0.227100 0.333200
vt 0.472800 0.294400
vt 0.398900 0.044000
vt 0.438500 0.058400
vt 0.398900 0.058400
vt 0.438500 0.044000
vt 0.451400 0.044000
vt 0.451400 0.058400
vt 0.466900 0.044000
vt 0.466900 0.058400
vt 0.480300 0.044000
vt 0.480300 0.058400
vt 0.493000 0.044000
vt 0.493000 0.058400
vt 0.808400 0.461300
vt 0.800100 0.473500
vt 0.808400 0.473500
vt 0.800100 0.461300
vt 0.808400 0.454500
vt 0.800100 0.454500
vt 0.808400 0.448000
vt 0.800100 0.448000
vt 0.808400 0.436300
vt 0.800100 0.436300
vt 0.808400 0.427500
vt 0.800100 0.427500
vt 0.808400 0.419200
vt 0.800100 0.419200
vt 0.808400 0.399600
vt 0.800100 0.399600
vt 0.808400 0.386200
vt 0.800100 0.386200
vt 0.808400 0.375800
vt 0.800100 0.375800
vt 0.354700 0.044000
vt 0.303900 0.058400
vt 0.303900 0.044000
vt 0.354700 0.058400
vt 0.395400 0.044000
vt 0.395400 0.058400
vt 0.457900 0.291100
vt 0.469300 0.298700
vt 0.478100 0.313700
vt 0.478100 0.340500
vt 0.472400 0.349900
vt 0.462200 0.355600
vt 0.446100 0.355700
vt 0.437800 0.353400
vt 0.431000 0.347800
vt 0.427300 0.331900
vt 0.802500 0.289300
vt 0.818300 0.306300
vt 0.818300 0.289300
vt 0.802400 0.306300
vt 0.818200 0.317000
vt 0.802400 0.317000
vt 0.818200 0.334100
vt 0.802400 0.334100
vt 0.773800 0.466000
vt 0.783900 0.461200
vt 0.773800 0.461200
vt 0.783900 0.466000
vt 0.818200 0.348300
vt 0.802300 0.348300
vt 0.136700 0.058400
vt 0.201700 0.044000
vt 0.201700 0.058400
vt 0.136700 0.044000
vt 0.001800 0.058400
vt 0.001800 0.044000
vt 0.773800 0.480500
vt 0.783900 0.480500
vt 0.773800 0.489200
vt 0.783900 0.489200
vt 0.808400 0.339000
vt 0.800100 0.339000
vt 0.487600 0.276200
vt 0.492700 0.281000
vt 0.486200 0.282200
vt 0.498500 0.295100
vt 0.503800 0.291900
vt 0.514400 0.299800
vt 0.521100 0.296600
vt 0.526400 0.306100
vt 0.531900 0.304000
vt 0.533700 0.317100
vt 0.539400 0.316100
vt 0.538800 0.329400
vt 0.536100 0.332600
vt 0.220100 0.211600
vt 0.154700 0.282100
vt 0.153200 0.276100
vt 0.224200 0.215700
vt 0.420900 0.211700
vt 0.416700 0.215800
vt 0.395100 0.268600
vt 0.386300 0.273600
vt 0.241300 0.271500
vt 0.244400 0.238200
vt 0.245800 0.268500
vt 0.249300 0.240700
vt 0.262200 0.229000
vt 0.264300 0.234100
vt 0.309200 0.232900
vt 0.331700 0.232900
vt 0.378700 0.229100
vt 0.376700 0.234100
vt 0.391700 0.240800
vt 0.396600 0.238300
vt 0.508300 0.282000
vt 0.520900 0.270700
vt 0.539300 0.255500
vt 0.520900 0.255100
vt 0.237100 0.056400
vt 0.227400 0.056400
vt 0.237100 0.044000
vt 0.227400 0.044000
vt 0.216400 0.056400
vt 0.216400 0.044000
vt 0.294100 0.058400
vt 0.251800 0.058400
vt 0.251800 0.044000
vt 0.609600 0.328900
vt 0.610500 0.271900
vt 0.517200 0.269000
vt 0.517000 0.254700
vt 0.507200 0.278200
vt 0.303100 0.058400
vt 0.303100 0.044000
vt 0.316000 0.044000
vt 0.316000 0.058400
vt 0.331500 0.044000
vt 0.331500 0.058400
vt 0.344900 0.044000
vt 0.344900 0.058400
vt 0.357600 0.044000
vt 0.357600 0.058400
vt 0.752600 0.044000
vt 0.752600 0.058400
vt 0.785500 0.386600
vt 0.777100 0.386600
vt 0.785500 0.399900
vt 0.777100 0.399900
vt 0.785500 0.419600
vt 0.777100 0.419600
vt 0.785500 0.427800
vt 0.777100 0.427800
vt 0.785500 0.436600
vt 0.777100 0.436600
vt 0.785500 0.448300
vt 0.777100 0.448300
vt 0.785500 0.454800
vt 0.777100 0.454800
vt 0.785500 0.461600
vt 0.777100 0.461600
vt 0.785500 0.473800
vt 0.777100 0.473800
vt 0.783900 0.287200
vt 0.773800 0.287200
vt 0.783900 0.295900
vt 0.773800 0.295900
vt 0.238900 0.058400
vt 0.386400 0.353600
vt 0.773800 0.420800
vt 0.783900 0.420800
vt 0.101000 0.255400
vt 0.119300 0.254900
vt 0.119900 0.270600
vt 0.132500 0.281800
vt 0.707600 0.538100
vt 0.708300 0.552400
vt 0.081000 0.056400
vt 0.081000 0.044000
vt 0.092000 0.044000
vt 0.092000 0.056400
vt 0.693400 0.538300
vt 0.748100 0.523700
vt 0.708200 0.523800
vt 0.331700 0.253400
vt 0.309200 0.253400
vt 0.219400 0.058400
vt 0.260100 0.044000
vt 0.219400 0.044000
vt 0.260100 0.058400
vt 0.263500 0.044000
vt 0.263500 0.058400
vt 0.791300 0.334400
vt 0.775500 0.348600
vt 0.791300 0.348600
vt 0.775500 0.334400
vt 0.791300 0.317500
vt 0.775500 0.317500
vt 0.791300 0.306800
vt 0.775500 0.306800
vt 0.791300 0.289600
vt 0.775500 0.289600
vt 0.773800 0.310300
vt 0.783900 0.310300
vt 0.066300 0.044000
vt 0.001400 0.058400
vt 0.066300 0.058400
vt 0.001400 0.044000
vt 0.168500 0.058400
vt 0.168500 0.044000
vt 0.785500 0.376100
vt 0.777100 0.339400
vt 0.777100 0.376100
vt 0.785500 0.339400
vt 0.123600 0.268800
vt 0.123200 0.254500
vt 0.133600 0.278100
vt 0.183500 0.285200
vt 0.183000 0.291000
vt 0.168100 0.294300
vt 0.171600 0.298600
vt 0.157500 0.312200
vt 0.162800 0.313600
vt 0.157100 0.340900
vt 0.162700 0.340400
vt 0.164400 0.353800
vt 0.168400 0.349800
vt 0.177300 0.361000
vt 0.178700 0.355500
vt 0.195800 0.361100
vt 0.194800 0.355600
vt 0.203100 0.353400
vt 0.206100 0.358000
vt 0.209900 0.347700
vt 0.215400 0.349000
vt 0.219600 0.332100
vt 0.213600 0.331900
vt 0.810600 0.290300
vt 0.790100 0.290900
vt 0.810700 0.288500
vt 0.792400 0.280100
vt 0.785800 0.280100
vt 0.778400 0.283100
vt 0.773500 0.288000
vt 0.789900 0.317000
vt 0.771100 0.294000
vt 0.812000 0.368200
vt 0.807900 0.328400
vt 0.809200 0.335600
vt 0.811700 0.324600
vt 0.816700 0.317000
vt 0.816700 0.324600
vt 0.822600 0.369500
vt 0.832300 0.359600
vt 0.825300 0.375200
vt 0.825700 0.391600
vt 0.825700 0.399700
vt 0.825300 0.416100
vt 0.832300 0.431700
vt 0.822600 0.421900
vt 0.812000 0.423100
vt 0.809200 0.455700
vt 0.810800 0.419700
vt 0.781000 0.419700
vt 0.807900 0.462900
vt 0.789900 0.474300
vt 0.811700 0.466700
vt 0.816700 0.474300
vt 0.816700 0.466700
vt 0.810800 0.371600
vt 0.781000 0.371600
vt 0.771100 0.497300
vt 0.773500 0.503300
vt 0.790100 0.500400
vt 0.778400 0.508200
vt 0.785800 0.511200
vt 0.792400 0.511200
vt 0.810700 0.502800
vt 0.810600 0.501000
vt 0.179200 0.059900
vt 0.179200 0.083600
vt 0.159500 0.059900
vt 0.159500 0.083600
vt 0.139700 0.059900
vt 0.139700 0.083600
vt 0.120000 0.059900
vt 0.120000 0.083600
vt 0.100300 0.059900
vt 0.100300 0.083600
vt 0.080500 0.059900
vt 0.080500 0.083600
vt 0.060800 0.059900
vt 0.060800 0.083600
vt 0.041100 0.059900
vt 0.041100 0.083600
vt 0.021300 0.059900
vt 0.021300 0.083600
vt 0.001600 0.059900
vt 0.001600 0.083600
vt 0.356800 0.059900
vt 0.356800 0.083600
vt 0.337100 0.059900
vt 0.337100 0.083600
vt 0.317400 0.059900
vt 0.317400 0.083600
vt 0.297600 0.059900
vt 0.297600 0.083600
vt 0.277900 0.059900
vt 0.277900 0.083600
vt 0.258100 0.059900
vt 0.258100 0.083600
vt 0.238400 0.059900
vt 0.238400 0.083600
vt 0.218700 0.059900
vt 0.218700 0.083600
vt 0.198900 0.059900
vt 0.198900 0.083600
vt 0.495000 0.059900
vt 0.495000 0.083600
vt 0.475200 0.059900
vt 0.475200 0.083600
vt 0.455500 0.059900
vt 0.455500 0.083600
vt 0.435800 0.059900
vt 0.435800 0.083600
vt 0.416000 0.059900
vt 0.416000 0.083600
vt 0.396300 0.059900
vt 0.396300 0.083600
vt 0.376600 0.059900
vt 0.376600 0.083600
vt 0.199200 0.059900
vt 0.199200 0.083500
vt 0.177300 0.059900
vt 0.177300 0.083500
vt 0.155300 0.059900
vt 0.155300 0.083500
vt 0.133300 0.059900
vt 0.133300 0.083500
vt 0.111300 0.059900
vt 0.111300 0.083500
vt 0.089400 0.059900
vt 0.089400 0.083500
vt 0.067400 0.059900
vt 0.067400 0.083500
vt 0.045400 0.059900
vt 0.045400 0.083500
vt 0.023400 0.059900
vt 0.023400 0.083500
vt 0.001500 0.059900
vt 0.001500 0.083500
vt 0.397000 0.059900
vt 0.397000 0.083500
vt 0.375100 0.059900
vt 0.375100 0.083500
vt 0.353100 0.059900
vt 0.353100 0.083500
vt 0.331100 0.059900
vt 0.331100 0.083500
vt 0.309100 0.059900
vt 0.309100 0.083500
vt 0.287100 0.059900
vt 0.287100 0.083500
vt 0.265200 0.059900
vt 0.265200 0.083500
vt 0.243200 0.059900
vt 0.243200 0.083500
vt 0.221200 0.059900
vt 0.221200 0.083500
vt 0.550900 0.059900
vt 0.550900 0.083500
vt 0.528900 0.059900
vt 0.528900 0.083500
vt 0.506900 0.059900
vt 0.506900 0.083500
vt 0.484900 0.059900
vt 0.484900 0.083500
vt 0.463000 0.059900
vt 0.463000 0.083500
vt 0.441000 0.059900
vt 0.441000 0.083500
vt 0.419000 0.059900
vt 0.419000 0.083500
vt 0.761000 0.246200
vt 0.760200 0.259900
vt 0.767200 0.245800
vt 0.764400 0.230700
vt 0.758400 0.232600
vt 0.757800 0.216800
vt 0.752600 0.220200
vt 0.748100 0.205000
vt 0.743800 0.209600
vt 0.735700 0.196000
vt 0.732700 0.201500
vt 0.721400 0.190400
vt 0.719900 0.196400
vt 0.706200 0.194700
vt 0.706200 0.188500
vt 0.692500 0.196400
vt 0.691000 0.190400
vt 0.679700 0.201500
vt 0.676700 0.196000
vt 0.668600 0.209600
vt 0.664300 0.205000
vt 0.659800 0.220200
vt 0.654500 0.216800
vt 0.653900 0.232600
vt 0.648000 0.230700
vt 0.651400 0.246200
vt 0.645100 0.245800
vt 0.652200 0.259900
vt 0.646100 0.261100
vt 0.656500 0.273000
vt 0.650800 0.275700
vt 0.663900 0.284600
vt 0.659000 0.288600
vt 0.673900 0.294100
vt 0.670200 0.299100
vt 0.686000 0.300700
vt 0.683700 0.306500
vt 0.699300 0.304100
vt 0.698500 0.310300
vt 0.713100 0.304100
vt 0.713900 0.310300
vt 0.728700 0.306500
vt 0.726400 0.300700
vt 0.742200 0.299100
vt 0.738500 0.294100
vt 0.753300 0.288600
vt 0.748500 0.284600
vt 0.761500 0.275700
vt 0.755900 0.273000
vt 0.766300 0.261100
vt 0.766300 0.261100
vt 0.760200 0.259900
vt 0.767300 0.245700
vt 0.761000 0.246100
vt 0.764400 0.230700
vt 0.758400 0.232600
vt 0.757800 0.216800
vt 0.752600 0.220100
vt 0.748100 0.205000
vt 0.743800 0.209500
vt 0.735700 0.196000
vt 0.732700 0.201400
vt 0.721400 0.190300
vt 0.719900 0.196300
vt 0.706200 0.194600
vt 0.706200 0.188400
vt 0.692500 0.196300
vt 0.691000 0.190300
vt 0.679700 0.201400
vt 0.676700 0.196000
vt 0.668600 0.209500
vt 0.664300 0.205000
vt 0.659800 0.220100
vt 0.654500 0.216800
vt 0.653900 0.232600
vt 0.648000 0.230700
vt 0.651400 0.246100
vt 0.645100 0.245700
vt 0.652200 0.259900
vt 0.646100 0.261100
vt 0.656500 0.273000
vt 0.650800 0.275600
vt 0.663900 0.284600
vt 0.659000 0.288600
vt 0.673900 0.294000
vt 0.670200 0.299100
vt 0.686000 0.300700
vt 0.683700 0.306500
vt 0.699300 0.304100
vt 0.698500 0.310300
vt 0.713100 0.304100
vt 0.713900 0.310300
vt 0.728700 0.306500
vt 0.726400 0.300700
vt 0.742200 0.299100
vt 0.738500 0.294000
vt 0.753300 0.288600
vt 0.748500 0.284600
vt 0.761600 0.275600
vt 0.755900 0.273000
vt 0.781900 0.351500
vt 0.781400 0.309200
vt 0.800800 0.309200
vt 0.800800 0.283800
vt 0.769800 0.283800
vt 0.769400 0.418800
vt 0.800800 0.418900
vt 0.769800 0.418900
vt 0.781400 0.393500
vt 0.148100 0.280900
vt 0.142400 0.295000
vt 0.137000 0.291800
vt 0.126500 0.299700
vt 0.119800 0.296500
vt 0.114500 0.306000
vt 0.109100 0.303800
vt 0.107200 0.317000
vt 0.101500 0.315900
vt 0.102000 0.329300
vt 0.031700 0.329700
vt 0.030500 0.273000
vt 0.612900 0.333500
vt 0.615700 0.273900
vt 0.639200 0.323100
vt 0.639300 0.341200
vt 0.631300 0.361200
vt 0.618200 0.374400
vt 0.601800 0.381300
vt 0.536100 0.332400
vt 0.402200 0.350200
vt 0.399600 0.333200
vt 0.413700 0.333200
vt 0.421200 0.332100
vt 0.412900 0.350100
vt 0.425500 0.349000
vt 0.434700 0.358000
vt 0.445100 0.361100
vt 0.463600 0.361000
vt 0.476400 0.353800
vt 0.483700 0.340900
vt 0.483400 0.312200
vt 0.228000 0.350200
vt 0.227100 0.333300
vt 0.107200 0.317100
vt 0.114500 0.306100
vt 0.126400 0.299800
vt 0.142300 0.295100
vt 0.154700 0.282200
vt 0.224200 0.215800
vt 0.416600 0.215700
vt 0.457400 0.285200
vt 0.533700 0.317000
vt 0.526400 0.306000
vt 0.514400 0.299700
vt 0.498500 0.295000
vt 0.472800 0.294300
vt 0.486100 0.282100
vt 0.800100 0.386200
vt 0.808400 0.386200
vt 0.800100 0.399600
vt 0.808400 0.399600
vt 0.800100 0.419200
vt 0.808400 0.419200
vt 0.800100 0.427500
vt 0.808400 0.427500
vt 0.800100 0.436300
vt 0.808400 0.436300
vt 0.800100 0.448000
vt 0.808400 0.448000
vt 0.800100 0.454500
vt 0.808400 0.454500
vt 0.800100 0.461300
vt 0.808400 0.461300
vt 0.800100 0.473500
vt 0.808400 0.473500
vt 0.001800 0.058400
vt 0.136700 0.044000
vt 0.001800 0.044000
vt 0.136700 0.058400
vt 0.201700 0.044000
vt 0.201700 0.058400
vt 0.783900 0.489200
vt 0.773800 0.489200
vt 0.783900 0.480500
vt 0.773800 0.480500
vt 0.153200 0.276200
vt 0.148100 0.281000
vt 0.137000 0.291900
vt 0.119800 0.296600
vt 0.109000 0.304000
vt 0.101500 0.316100
vt 0.102000 0.329400
vt 0.707900 0.537900
vt 0.708000 0.552400
vt 0.220000 0.211700
vt 0.420800 0.211600
vt 0.693100 0.538300
vt 0.747800 0.523600
vt 0.707900 0.523800
vt 0.031300 0.328900
vt 0.030400 0.271900
vt 0.158800 0.058400
vt 0.344200 0.071900
vt 0.324300 0.063700
vt 0.324300 0.071900
vt 0.344200 0.063700
vt 0.364000 0.071900
vt 0.364000 0.063700
vt 0.383900 0.071900
vt 0.383900 0.063700
vt 0.403700 0.071900
vt 0.403700 0.063700
vt 0.423600 0.071900
vt 0.423600 0.063700
vt 0.443400 0.071900
vt 0.443400 0.063700
vt 0.463300 0.071900
vt 0.463300 0.063700
vt 0.483100 0.071900
vt 0.483100 0.063700
vt 0.503000 0.071900
vt 0.503000 0.063700
vt 0.165500 0.071900
vt 0.145600 0.063700
vt 0.145600 0.071900
vt 0.165500 0.063700
vt 0.185300 0.071900
vt 0.185300 0.063700
vt 0.205200 0.071900
vt 0.205200 0.063700
vt 0.225000 0.071900
vt 0.225000 0.063700
vt 0.244900 0.071900
vt 0.244900 0.063700
vt 0.264700 0.071900
vt 0.264700 0.063700
vt 0.284600 0.071900
vt 0.284600 0.063700
vt 0.304400 0.071900
vt 0.304400 0.063700
vt 0.026500 0.071900
vt 0.006600 0.063700
vt 0.006600 0.071900
vt 0.026500 0.063700
vt 0.046300 0.071900
vt 0.046300 0.063700
vt 0.066200 0.071900
vt 0.066200 0.063700
vt 0.086000 0.071900
vt 0.086000 0.063700
vt 0.105900 0.071900
vt 0.105900 0.063700
vt 0.125700 0.071900
vt 0.125700 0.063700
vt 0.101600 0.255500
vt 0.119900 0.255100
vt 0.120000 0.270700
vt 0.132600 0.282000
vt 0.883600 0.526300
vt 0.891800 0.536500
vt 0.877500 0.606500
vt 0.873200 0.518500
vt 0.861100 0.513600
vt 0.848100 0.511700
vt 0.835100 0.513200
vt 0.822900 0.517900
vt 0.812200 0.525400
vt 0.803800 0.535400
vt 0.798000 0.547100
vt 0.795400 0.559900
vt 0.796100 0.573000
vt 0.800000 0.585500
vt 0.806800 0.596600
vt 0.816200 0.605700
vt 0.827600 0.612100
vt 0.840200 0.615500
vt 0.853300 0.615700
vt 0.866000 0.612600
vt 0.894300 0.586700
vt 0.887200 0.597700
vt 0.898500 0.574300
vt 0.899500 0.561300
vt 0.897200 0.548400
vt 0.216400 0.056400
vt 0.216400 0.044000
vt 0.227400 0.044000
vt 0.227400 0.056400
vt 0.810700 0.601800
vt 0.802500 0.591600
vt 0.816900 0.521700
vt 0.821200 0.609600
vt 0.833300 0.614600
vt 0.846300 0.616400
vt 0.859300 0.614900
vt 0.871500 0.610300
vt 0.882100 0.602700
vt 0.890600 0.592800
vt 0.896300 0.581000
vt 0.899000 0.568200
vt 0.898300 0.555200
vt 0.894400 0.542700
vt 0.887600 0.531500
vt 0.878200 0.522500
vt 0.866800 0.516000
vt 0.854200 0.512600
vt 0.841100 0.512400
vt 0.828400 0.515500
vt 0.800100 0.541400
vt 0.807200 0.530500
vt 0.795800 0.553800
vt 0.794900 0.566800
vt 0.797100 0.579700
vt 0.375100 0.083300
vt 0.353200 0.059700
vt 0.353200 0.083300
vt 0.375100 0.059700
vt 0.397100 0.083300
vt 0.397100 0.059700
vt 0.419100 0.083300
vt 0.419100 0.059700
vt 0.441100 0.083300
vt 0.441100 0.059700
vt 0.463000 0.083300
vt 0.463000 0.059700
vt 0.485000 0.083300
vt 0.485000 0.059700
vt 0.507000 0.083300
vt 0.507000 0.059700
vt 0.529000 0.083300
vt 0.529000 0.059700
vt 0.550900 0.083300
vt 0.550900 0.059700
vt 0.177300 0.083300
vt 0.155400 0.059700
vt 0.155400 0.083300
vt 0.177300 0.059700
vt 0.199300 0.083300
vt 0.199300 0.059700
vt 0.221300 0.083300
vt 0.221300 0.059700
vt 0.243300 0.083300
vt 0.243300 0.059700
vt 0.265200 0.083300
vt 0.265200 0.059700
vt 0.287200 0.083300
vt 0.287200 0.059700
vt 0.309200 0.083300
vt 0.309200 0.059700
vt 0.331200 0.083300
vt 0.331200 0.059700
vt 0.023500 0.083300
vt 0.001500 0.059700
vt 0.001500 0.083300
vt 0.023500 0.059700
vt 0.045500 0.083300
vt 0.045500 0.059700
vt 0.067500 0.083300
vt 0.067500 0.059700
vt 0.089400 0.083300
vt 0.089400 0.059700
vt 0.111400 0.083300
vt 0.111400 0.059700
vt 0.133400 0.083300
vt 0.133400 0.059700
vt 0.337100 0.083600
vt 0.317400 0.059900
vt 0.317400 0.083600
vt 0.337100 0.059900
vt 0.356800 0.083600
vt 0.356800 0.059900
vt 0.376600 0.083600
vt 0.376600 0.059900
vt 0.396300 0.083600
vt 0.396300 0.059900
vt 0.416000 0.083600
vt 0.416000 0.059900
vt 0.435800 0.083600
vt 0.435800 0.059900
vt 0.455500 0.083600
vt 0.455500 0.059900
vt 0.475200 0.083600
vt 0.475200 0.059900
vt 0.495000 0.083600
vt 0.495000 0.059900
vt 0.159500 0.083600
vt 0.139700 0.059900
vt 0.139700 0.083600
vt 0.159500 0.059900
vt 0.179200 0.083600
vt 0.179200 0.059900
vt 0.198900 0.083600
vt 0.198900 0.059900
vt 0.218700 0.083600
vt 0.218700 0.059900
vt 0.238400 0.083600
vt 0.238400 0.059900
vt 0.258100 0.083600
vt 0.258100 0.059900
vt 0.277900 0.083600
vt 0.277900 0.059900
vt 0.297600 0.083600
vt 0.297600 0.059900
vt 0.021300 0.083600
vt 0.001600 0.059900
vt 0.001600 0.083600
vt 0.021300 0.059900
vt 0.041100 0.083600
vt 0.041100 0.059900
vt 0.060800 0.083600
vt 0.060800 0.059900
vt 0.080500 0.083600
vt 0.080500 0.059900
vt 0.100300 0.083600
vt 0.100300 0.059900
vt 0.120000 0.083600
vt 0.120000 0.059900
vt 0.123700 0.269000
vt 0.123900 0.254700
vt 0.133700 0.278200
vt 0.795400 0.559900
vt 0.796100 0.573000
vt 0.853300 0.615700
vt 0.798000 0.547100
vt 0.803800 0.535400
vt 0.812200 0.525400
vt 0.822900 0.517900
vt 0.835100 0.513200
vt 0.848100 0.511700
vt 0.861100 0.513600
vt 0.873200 0.518500
vt 0.883600 0.526300
vt 0.891800 0.536500
vt 0.897200 0.548400
vt 0.899500 0.561300
vt 0.898500 0.574300
vt 0.894300 0.586700
vt 0.887200 0.597700
vt 0.877500 0.606500
vt 0.866000 0.612600
vt 0.827600 0.612100
vt 0.840200 0.615500
vt 0.816200 0.605700
vt 0.806800 0.596600
vt 0.800000 0.585500
vt 0.357600 0.058400
vt 0.752600 0.044000
vt 0.752600 0.058400
vt 0.357600 0.044000
vt 0.344900 0.058400
vt 0.344900 0.044000
vt 0.331500 0.058400
vt 0.331500 0.044000
vt 0.316000 0.058400
vt 0.316000 0.044000
vt 0.303100 0.058400
vt 0.303100 0.044000
vt 0.899000 0.568200
vt 0.898300 0.555200
vt 0.841100 0.512400
vt 0.896300 0.581000
vt 0.890600 0.592800
vt 0.882100 0.602700
vt 0.871500 0.610300
vt 0.859300 0.614900
vt 0.846300 0.616400
vt 0.833300 0.614600
vt 0.821200 0.609600
vt 0.810700 0.601800
vt 0.802500 0.591600
vt 0.797100 0.579700
vt 0.794900 0.566800
vt 0.795800 0.553800
vt 0.800100 0.541400
vt 0.807200 0.530500
vt 0.816900 0.521700
vt 0.828400 0.515500
vt 0.866800 0.516000
vt 0.854200 0.512600
vt 0.878200 0.522500
vt 0.887600 0.531500
vt 0.894400 0.542700
vt 0.693300 0.300300
vt 0.672900 0.290300
vt 0.658800 0.272400
vt 0.716000 0.300500
vt 0.736600 0.290700
vt 0.750900 0.273100
vt 0.756100 0.250900
vt 0.751200 0.228700
vt 0.737100 0.210900
vt 0.716700 0.200800
vt 0.694000 0.200700
vt 0.673400 0.210400
vt 0.659100 0.228100
vt 0.653900 0.250200
vt 0.716700 0.200800
vt 0.694000 0.200700
vt 0.673900 0.210500
vt 0.737100 0.210900
vt 0.751200 0.228700
vt 0.756100 0.250900
vt 0.750900 0.273100
vt 0.736600 0.290700
vt 0.716000 0.300500
vt 0.693300 0.300300
vt 0.672900 0.290300
vt 0.658800 0.272400
vt 0.659100 0.228100
vt 0.653900 0.250200
vt 0.457800 0.291000
vt 0.469300 0.298600
vt 0.478100 0.313600
vt 0.478100 0.340400
vt 0.472400 0.349800
vt 0.462200 0.355500
vt 0.446100 0.355600
vt 0.437800 0.353400
vt 0.431000 0.347700
vt 0.427300 0.331900
vt 0.795400 0.559900
vt 0.796100 0.573000
vt 0.853300 0.615700
vt 0.798000 0.547100
vt 0.803800 0.535400
vt 0.812200 0.525400
vt 0.822900 0.517900
vt 0.835100 0.513200
vt 0.848100 0.511700
vt 0.861100 0.513600
vt 0.873200 0.518500
vt 0.883600 0.526300
vt 0.891800 0.536500
vt 0.897200 0.548400
vt 0.899500 0.561300
vt 0.898500 0.574300
vt 0.894300 0.586700
vt 0.887200 0.597700
vt 0.877500 0.606500
vt 0.866000 0.612600
vt 0.827600 0.612100
vt 0.840200 0.615500
vt 0.816200 0.605700
vt 0.806800 0.596600
vt 0.800000 0.585500
vt 0.538800 0.329300
vt 0.609200 0.329700
vt 0.610400 0.273000
vt 0.899000 0.568200
vt 0.898300 0.555200
vt 0.841100 0.512400
vt 0.896300 0.581000
vt 0.890600 0.592800
vt 0.882100 0.602700
vt 0.871500 0.610300
vt 0.859300 0.614900
vt 0.846300 0.616400
vt 0.833300 0.614600
vt 0.821200 0.609600
vt 0.810700 0.601800
vt 0.802500 0.591600
vt 0.797100 0.579700
vt 0.794900 0.566800
vt 0.795800 0.553800
vt 0.800100 0.541400
vt 0.807200 0.530500
vt 0.816900 0.521700
vt 0.828400 0.515500
vt 0.866800 0.516000
vt 0.854200 0.512600
vt 0.878200 0.522500
vt 0.887600 0.531500
vt 0.894400 0.542700
vt 0.807900 0.462900
vt 0.809200 0.455700
vt 0.781000 0.419700
vt 0.810800 0.419700
vt 0.812000 0.423100
vt 0.832300 0.431700
vt 0.822600 0.421900
vt 0.825300 0.416100
vt 0.832300 0.359600
vt 0.825700 0.399700
vt 0.825700 0.391600
vt 0.825300 0.375200
vt 0.822600 0.369500
vt 0.809200 0.335600
vt 0.812000 0.368200
vt 0.789900 0.317000
vt 0.807900 0.328400
vt 0.811700 0.324600
vt 0.816700 0.317000
vt 0.816700 0.324600
vt 0.816700 0.466700
vt 0.811700 0.466700
vt 0.816700 0.474300
vt 0.789900 0.474300
vt 0.810600 0.501000
vt 0.790100 0.500400
vt 0.810700 0.502800
vt 0.792400 0.511200
vt 0.785800 0.511200
vt 0.778400 0.508200
vt 0.773500 0.503300
vt 0.771100 0.497300
vt 0.771100 0.294000
vt 0.781000 0.371600
vt 0.810800 0.371600
vt 0.773500 0.288000
vt 0.790100 0.290900
vt 0.778400 0.283100
vt 0.785800 0.280100
vt 0.792400 0.280100
vt 0.810700 0.288500
vt 0.810600 0.290300
vt 0.612600 0.333300
vt 0.616900 0.274400
vt 0.639200 0.323300
vt 0.639300 0.341500
vt 0.631300 0.361400
vt 0.618200 0.374600
vt 0.601700 0.381500
vt 0.413700 0.333300
vt 0.421200 0.332200
vt 0.412900 0.350200
vt 0.425500 0.349000
vt 0.434700 0.358100
vt 0.445100 0.361100
vt 0.463500 0.361100
vt 0.476400 0.353900
vt 0.483700 0.341100
vt 0.483400 0.312300
vt 0.238700 0.350200
vt 0.228000 0.350100
vt 0.457400 0.285200
vt 0.241300 0.333200
vt 0.227100 0.333200
vt 0.472800 0.294400
vt 0.579700 0.318700
vt 0.576000 0.282700
vt 0.576000 0.318700
vt 0.579700 0.282700
vt 0.604600 0.323600
vt 0.579700 0.277700
vt 0.604600 0.277700
vt 0.579700 0.323600
vt 0.787200 0.446200
vt 0.805200 0.445600
vt 0.549700 0.255800
vt 0.545400 0.288100
vt 0.549700 0.285600
vt 0.546500 0.250900
vt 0.565300 0.255800
vt 0.570800 0.250900
vt 0.571700 0.288100
vt 0.565300 0.285600
vt 0.565300 0.290600
vt 0.549700 0.290600
vt 0.549700 0.320800
vt 0.546500 0.325600
vt 0.565300 0.320800
vt 0.570800 0.325600
vt 0.914200 0.531100
vt 0.929600 0.560800
vt 0.914200 0.560800
vt 0.929600 0.531100
vt 0.914200 0.595900
vt 0.929600 0.566500
vt 0.914200 0.566500
vt 0.929600 0.595900
vt 0.826500 0.309700
vt 0.801400 0.394000
vt 0.826500 0.393000
vt 0.801900 0.308900
vt 0.787100 0.374200
vt 0.805800 0.370400
vt 0.805800 0.374200
vt 0.787100 0.370400
vt 0.805800 0.333400
vt 0.787100 0.333400
vt 0.805800 0.329700
vt 0.787100 0.329700
vt 0.787100 0.324900
vt 0.805800 0.299600
vt 0.805800 0.324900
vt 0.787100 0.299600
vt 0.787200 0.403400
vt 0.805800 0.379000
vt 0.805500 0.404300
vt 0.787100 0.379000
vt 0.576000 0.282700
vt 0.579700 0.318700
vt 0.576000 0.318700
vt 0.579700 0.282700
vt 0.604600 0.323600
vt 0.579700 0.277700
vt 0.604600 0.277700
vt 0.579700 0.323600
vt 0.787200 0.446200
vt 0.805200 0.445600
vt 0.584400 0.900700
vt 0.583800 0.889000
vt 0.623200 0.865800
vt 0.589000 0.912300
vt 0.634600 0.871500
vt 0.650100 0.886300
vt 0.601900 0.929500
vt 0.637600 0.969500
vt 0.685900 0.926100
vt 0.650300 0.983600
vt 0.698700 0.940300
vt 0.658500 0.990500
vt 0.668200 0.994300
vt 0.678700 0.995100
vt 0.688400 0.992600
vt 0.696700 0.987200
vt 0.703400 0.979300
vt 0.704400 0.949300
vt 0.707200 0.959300
vt 0.706900 0.969800
vt 0.601300 0.865600
vt 0.586600 0.878800
vt 0.592500 0.870600
vt 0.611800 0.863900
vt 0.979100 0.289100
vt 0.993900 0.522100
vt 0.993900 0.289100
vt 0.979100 0.521600
vt 0.766200 0.279600
vt 0.998600 0.633500
vt 0.766200 0.633500
vt 0.998600 0.279600
vt 0.979700 0.292300
vt 0.994500 0.524800
vt 0.994500 0.292300
vt 0.979700 0.525400
vt 0.766200 0.279600
vt 0.998600 0.633500
vt 0.766200 0.633500
vt 0.998700 0.279600
vt 0.881100 0.629200
vt 0.894000 0.289200
vt 0.894000 0.629200
vt 0.881100 0.289200
vt 0.881200 0.289200
vt 0.894100 0.629200
vt 0.894100 0.289200
vt 0.881200 0.629200
vt 0.998600 0.279600
vt 0.998600 0.633500
vt 0.979100 0.521600
vt 0.993900 0.522100
vt 0.766200 0.279600
vt 0.998600 0.633500
vt 0.766200 0.633600
vt 0.998600 0.279600
vt 0.979700 0.525500
vt 0.994500 0.292500
vt 0.994500 0.525000
vt 0.979700 0.292500
vt 0.774900 0.253700
vt 0.849600 0.242800
vt 0.777200 0.242800
vt 0.851800 0.253700
vt 0.851900 0.253600
vt 0.777300 0.242700
vt 0.849700 0.242700
vt 0.775000 0.253600
vt 0.772600 0.282900
vt 0.849400 0.359700
vt 0.772600 0.359700
vt 0.849400 0.282900
vt 0.907400 0.653300
vt 0.896500 0.727900
vt 0.896500 0.655500
vt 0.907400 0.730100
vt 0.851800 0.253800
vt 0.777100 0.242900
vt 0.849500 0.242900
vt 0.774900 0.253800
vt 0.763900 0.555200
vt 0.688200 0.630900
vt 0.688200 0.555200
vt 0.763900 0.630900
vt 0.591100 0.489600
vt 0.583000 0.383400
vt 0.583100 0.495400
vt 0.591100 0.383400
vt 0.615200 0.489600
vt 0.591100 0.383400
vt 0.591100 0.489600
vt 0.615200 0.383400
vt 0.620000 0.482700
vt 0.631600 0.380500
vt 0.620000 0.380500
vt 0.631600 0.488300
vt 0.615200 0.489600
vt 0.591100 0.489600
vt 0.615200 0.383400
vt 0.591100 0.383400
vt 0.583000 0.383400
vt 0.583100 0.495400
vt 0.631500 0.380400
vt 0.620000 0.482600
vt 0.619900 0.380400
vt 0.631600 0.488200
vt 0.591100 0.489600
vt 0.583000 0.383400
vt 0.583100 0.495400
vt 0.591100 0.383400
vt 0.615200 0.489600
vt 0.615200 0.383400
vt 0.620000 0.482600
vt 0.631500 0.380400
vt 0.619900 0.380400
vt 0.631600 0.488200
vt 0.993900 0.522100
vt 0.979100 0.289100
vt 0.993900 0.289100
vt 0.979100 0.521600
vt 0.994500 0.524800
vt 0.979700 0.292300
vt 0.994500 0.292300
vt 0.979700 0.525400
vt 0.998600 0.633500
vt 0.766200 0.279600
vt 0.766200 0.633500
vt 0.998700 0.279600
vt 0.894000 0.289200
vt 0.881100 0.629200
vt 0.894000 0.629200
vt 0.881100 0.289200
vt 0.894100 0.629200
vt 0.881200 0.289200
vt 0.894100 0.289200
vt 0.881200 0.629200
vt 0.766200 0.633500
vt 0.998600 0.279600
vt 0.998600 0.633500
vt 0.766200 0.279600
vt 0.979100 0.521600
vt 0.993900 0.522100
vt 0.998600 0.633500
vt 0.766200 0.279600
vt 0.766200 0.633600
vt 0.998600 0.279600
vt 0.994500 0.292500
vt 0.979700 0.525500
vt 0.994500 0.525000
vt 0.979700 0.292500
vt 0.998700 0.633600
vt 0.766200 0.633600
vt 0.998700 0.279600
vt 0.994500 0.643300
vt 0.986200 0.754100
vt 0.986200 0.643300
vt 0.994500 0.754100
vt 0.971600 0.643300
vt 0.979900 0.754100
vt 0.971600 0.754100
vt 0.979900 0.643300
vt 0.934200 0.924800
vt 0.938700 0.744400
vt 0.934200 0.744400
vt 0.938700 0.924800
vt 0.938700 0.739800
vt 0.950000 0.744400
vt 0.950000 0.739800
vt 0.954500 0.744400
vt 0.950000 0.924800
vt 0.954500 0.924800
vt 0.965800 0.744400
vt 0.965800 0.924800
vt 0.938700 0.744400
vt 0.934200 0.924800
vt 0.934200 0.744400
vt 0.938700 0.924800
vt 0.950000 0.744400
vt 0.938700 0.739800
vt 0.950000 0.739800
vt 0.950000 0.924800
vt 0.954500 0.744400
vt 0.954500 0.924800
vt 0.965800 0.744400
vt 0.965800 0.924800
vt 0.934200 0.924800
vt 0.938700 0.744400
vt 0.934200 0.744400
vt 0.938700 0.924800
vt 0.938700 0.739800
vt 0.950000 0.744400
vt 0.950000 0.739800
vt 0.954500 0.744400
vt 0.950000 0.924800
vt 0.954500 0.924800
vt 0.965800 0.744400
vt 0.965800 0.924800
vt 0.082000 0.312700
vt 0.037100 0.324600
vt 0.037100 0.312700
vt 0.082000 0.324600
vt 0.397700 0.131000
vt 0.001800 0.086100
vt 0.397700 0.086100
vt 0.001800 0.131000
vt 0.037700 0.324600
vt 0.082700 0.312700
vt 0.082700 0.324600
vt 0.037700 0.312700
vt 0.001900 0.086000
vt 0.397800 0.130900
vt 0.001900 0.130900
vt 0.397800 0.086000
vt 0.002300 0.144700
vt 0.398200 0.132900
vt 0.398200 0.144700
vt 0.002300 0.132900
vt 0.398200 0.132600
vt 0.002300 0.144400
vt 0.002300 0.132600
vt 0.398200 0.144400
vt 0.241500 0.147400
vt 0.201500 0.198900
vt 0.201500 0.147400
vt 0.241500 0.198900
vt 0.041500 0.147300
vt 0.001500 0.198800
vt 0.001500 0.147300
vt 0.041500 0.198800
vt 0.081500 0.147300
vt 0.081500 0.198800
vt 0.121500 0.147300
vt 0.121500 0.198800
vt 0.161500 0.147300
vt 0.161500 0.198800
vt 0.201500 0.147300
vt 0.201500 0.198800
vt 0.241600 0.147300
vt 0.241600 0.198800
vt 0.281600 0.147300
vt 0.281600 0.198800
vt 0.839400 0.314700
vt 0.844200 0.339000
vt 0.830500 0.359600
vt 0.818800 0.300900
vt 0.794500 0.305700
vt 0.780700 0.326300
vt 0.785500 0.350600
vt 0.806200 0.364400
vt 0.457900 0.291100
vt 0.469300 0.298700
vt 0.478100 0.313700
vt 0.478100 0.340500
vt 0.472400 0.349900
vt 0.462200 0.355600
vt 0.446100 0.355700
vt 0.437800 0.353400
vt 0.431000 0.347800
vt 0.427300 0.331900
vt 0.633800 0.586900
vt 0.630400 0.596300
vt 0.627400 0.589900
vt 0.609600 0.328900
vt 0.610500 0.271900
vt 0.303100 0.058400
vt 0.303100 0.044000
vt 0.316000 0.044000
vt 0.316000 0.058400
vt 0.331500 0.044000
vt 0.331500 0.058400
vt 0.344900 0.044000
vt 0.344900 0.058400
vt 0.357600 0.044000
vt 0.357600 0.058400
vt 0.752600 0.044000
vt 0.752600 0.058400
vt 0.785500 0.386600
vt 0.777100 0.386600
vt 0.785500 0.399900
vt 0.777100 0.399900
vt 0.785500 0.419600
vt 0.777100 0.419600
vt 0.785500 0.427800
vt 0.777100 0.427800
vt 0.785500 0.436600
vt 0.777100 0.436600
vt 0.785500 0.448300
vt 0.777100 0.448300
vt 0.785500 0.454800
vt 0.777100 0.454800
vt 0.785500 0.461600
vt 0.777100 0.461600
vt 0.785500 0.473800
vt 0.777100 0.473800
vt 0.783900 0.287200
vt 0.773800 0.287200
vt 0.783900 0.295900
vt 0.773800 0.295900
vt 0.101000 0.255400
vt 0.119300 0.254900
vt 0.119900 0.270600
vt 0.132500 0.281800
vt 0.081000 0.056400
vt 0.081000 0.044000
vt 0.092000 0.044000
vt 0.092000 0.056400
vt 0.123600 0.268800
vt 0.123200 0.254500
vt 0.133600 0.278100
vt 0.810600 0.290300
vt 0.790100 0.290900
vt 0.810700 0.288500
vt 0.792400 0.280100
vt 0.785800 0.280100
vt 0.778400 0.283100
vt 0.773500 0.288000
vt 0.789900 0.317000
vt 0.771100 0.294000
vt 0.812000 0.368200
vt 0.807900 0.328400
vt 0.809200 0.335600
vt 0.811700 0.324600
vt 0.816700 0.317000
vt 0.816700 0.324600
vt 0.822600 0.369500
vt 0.832300 0.359600
vt 0.825300 0.375200
vt 0.825700 0.391600
vt 0.825700 0.399700
vt 0.825300 0.416100
vt 0.832300 0.431700
vt 0.822600 0.421900
vt 0.812000 0.423100
vt 0.809200 0.455700
vt 0.810800 0.419700
vt 0.781000 0.419700
vt 0.807900 0.462900
vt 0.789900 0.474300
vt 0.811700 0.466700
vt 0.816700 0.474300
vt 0.816700 0.466700
vt 0.810800 0.371600
vt 0.781000 0.371600
vt 0.771100 0.497300
vt 0.773500 0.503300
vt 0.790100 0.500400
vt 0.778400 0.508200
vt 0.785800 0.511200
vt 0.792400 0.511200
vt 0.810700 0.502800
vt 0.810600 0.501000
vt 0.199300 0.059700
vt 0.199300 0.083300
vt 0.177300 0.059700
vt 0.177300 0.083300
vt 0.155400 0.059700
vt 0.155400 0.083300
vt 0.133400 0.059700
vt 0.133400 0.083300
vt 0.111400 0.059700
vt 0.111400 0.083300
vt 0.089400 0.059700
vt 0.089400 0.083300
vt 0.067500 0.059700
vt 0.067500 0.083300
vt 0.045500 0.059700
vt 0.045500 0.083300
vt 0.023500 0.059700
vt 0.023500 0.083300
vt 0.001500 0.059700
vt 0.001500 0.083300
vt 0.397100 0.059700
vt 0.397100 0.083300
vt 0.375100 0.059700
vt 0.375100 0.083300
vt 0.353200 0.059700
vt 0.353200 0.083300
vt 0.331200 0.059700
vt 0.331200 0.083300
vt 0.309200 0.059700
vt 0.309200 0.083300
vt 0.287200 0.059700
vt 0.287200 0.083300
vt 0.265200 0.059700
vt 0.265200 0.083300
vt 0.243300 0.059700
vt 0.243300 0.083300
vt 0.221300 0.059700
vt 0.221300 0.083300
vt 0.550900 0.059700
vt 0.550900 0.083300
vt 0.529000 0.059700
vt 0.529000 0.083300
vt 0.507000 0.059700
vt 0.507000 0.083300
vt 0.485000 0.059700
vt 0.485000 0.083300
vt 0.463000 0.059700
vt 0.463000 0.083300
vt 0.441100 0.059700
vt 0.441100 0.083300
vt 0.419100 0.059700
vt 0.419100 0.083300
vt 0.659000 0.288600
vt 0.673900 0.294000
vt 0.663900 0.284600
vt 0.670200 0.299100
vt 0.686000 0.300700
vt 0.683700 0.306500
vt 0.699300 0.304100
vt 0.698500 0.310300
vt 0.713100 0.304100
vt 0.713900 0.310300
vt 0.728700 0.306500
vt 0.726400 0.300700
vt 0.742200 0.299100
vt 0.738500 0.294000
vt 0.753300 0.288600
vt 0.748500 0.284600
vt 0.761600 0.275600
vt 0.755900 0.273000
vt 0.766300 0.261100
vt 0.760200 0.259900
vt 0.767300 0.245700
vt 0.761000 0.246100
vt 0.764400 0.230700
vt 0.758400 0.232600
vt 0.757800 0.216800
vt 0.752600 0.220100
vt 0.748100 0.205000
vt 0.743800 0.209500
vt 0.735700 0.196000
vt 0.732700 0.201400
vt 0.721400 0.190300
vt 0.719900 0.196300
vt 0.706200 0.194600
vt 0.706200 0.188400
vt 0.692500 0.196300
vt 0.691000 0.190300
vt 0.679700 0.201400
vt 0.676700 0.196000
vt 0.668600 0.209500
vt 0.664300 0.205000
vt 0.659800 0.220100
vt 0.654500 0.216800
vt 0.653900 0.232600
vt 0.648000 0.230700
vt 0.651400 0.246100
vt 0.645100 0.245700
vt 0.652200 0.259900
vt 0.646100 0.261100
vt 0.656500 0.273000
vt 0.650800 0.275600
vt 0.179200 0.059900
vt 0.179200 0.083600
vt 0.159500 0.059900
vt 0.159500 0.083600
vt 0.139700 0.059900
vt 0.139700 0.083600
vt 0.120000 0.059900
vt 0.120000 0.083600
vt 0.100300 0.059900
vt 0.100300 0.083600
vt 0.080500 0.059900
vt 0.080500 0.083600
vt 0.060800 0.059900
vt 0.060800 0.083600
vt 0.041100 0.059900
vt 0.041100 0.083600
vt 0.021300 0.059900
vt 0.021300 0.083600
vt 0.001600 0.059900
vt 0.001600 0.083600
vt 0.356800 0.059900
vt 0.356800 0.083600
vt 0.337100 0.059900
vt 0.337100 0.083600
vt 0.317400 0.059900
vt 0.317400 0.083600
vt 0.297600 0.059900
vt 0.297600 0.083600
vt 0.277900 0.059900
vt 0.277900 0.083600
vt 0.258100 0.059900
vt 0.258100 0.083600
vt 0.238400 0.059900
vt 0.238400 0.083600
vt 0.218700 0.059900
vt 0.218700 0.083600
vt 0.198900 0.059900
vt 0.198900 0.083600
vt 0.495000 0.059900
vt 0.495000 0.083600
vt 0.475200 0.059900
vt 0.475200 0.083600
vt 0.455500 0.059900
vt 0.455500 0.083600
vt 0.435800 0.059900
vt 0.435800 0.083600
vt 0.416000 0.059900
vt 0.416000 0.083600
vt 0.396300 0.059900
vt 0.396300 0.083600
vt 0.376600 0.059900
vt 0.376600 0.083600
vt 0.766300 0.261100
vt 0.760200 0.259900
vt 0.767300 0.245700
vt 0.761000 0.246100
vt 0.764400 0.230700
vt 0.758400 0.232600
vt 0.757800 0.216800
vt 0.752600 0.220100
vt 0.748100 0.205000
vt 0.743800 0.209500
vt 0.735700 0.196000
vt 0.732700 0.201400
vt 0.721400 0.190300
vt 0.719900 0.196300
vt 0.706200 0.194600
vt 0.706200 0.188400
vt 0.692500 0.196300
vt 0.691000 0.190300
vt 0.679700 0.201400
vt 0.676700 0.196000
vt 0.668600 0.209500
vt 0.664300 0.205000
vt 0.659800 0.220100
vt 0.654500 0.216800
vt 0.653900 0.232600
vt 0.648000 0.230700
vt 0.651400 0.246100
vt 0.645100 0.245700
vt 0.652200 0.259900
vt 0.646100 0.261100
vt 0.656500 0.273000
vt 0.650800 0.275600
vt 0.663900 0.284600
vt 0.659000 0.288600
vt 0.673900 0.294000
vt 0.670200 0.299100
vt 0.686000 0.300700
vt 0.683700 0.306500
vt 0.699300 0.304100
vt 0.698500 0.310300
vt 0.713100 0.304100
vt 0.713900 0.310300
vt 0.728700 0.306500
vt 0.726400 0.300700
vt 0.742200 0.299100
vt 0.738500 0.294000
vt 0.753300 0.288600
vt 0.748500 0.284600
vt 0.761600 0.275600
vt 0.755900 0.273000
vt 0.185300 0.063700
vt 0.185300 0.071900
vt 0.165500 0.063700
vt 0.165500 0.071900
vt 0.145600 0.063700
vt 0.145600 0.071900
vt 0.125700 0.063700
vt 0.125700 0.071900
vt 0.105900 0.063700
vt 0.105900 0.071900
vt 0.086000 0.063700
vt 0.086000 0.071900
vt 0.066200 0.063700
vt 0.066200 0.071900
vt 0.046300 0.063700
vt 0.046300 0.071900
vt 0.026500 0.063700
vt 0.026500 0.071900
vt 0.006600 0.063700
vt 0.006600 0.071900
vt 0.364000 0.063700
vt 0.364000 0.071900
vt 0.344200 0.063700
vt 0.344200 0.071900
vt 0.324300 0.063700
vt 0.324300 0.071900
vt 0.304400 0.063700
vt 0.304400 0.071900
vt 0.284600 0.063700
vt 0.284600 0.071900
vt 0.264700 0.063700
vt 0.264700 0.071900
vt 0.244900 0.063700
vt 0.244900 0.071900
vt 0.225000 0.063700
vt 0.225000 0.071900
vt 0.205200 0.063700
vt 0.205200 0.071900
vt 0.503000 0.063700
vt 0.503000 0.071900
vt 0.483100 0.063700
vt 0.483100 0.071900
vt 0.463300 0.063700
vt 0.463300 0.071900
vt 0.443400 0.063700
vt 0.443400 0.071900
vt 0.423600 0.063700
vt 0.423600 0.071900
vt 0.403700 0.063700
vt 0.403700 0.071900
vt 0.383900 0.063700
vt 0.383900 0.071900
vt 0.824900 0.485300
vt 0.824900 0.286300
vt 0.819100 0.485300
vt 0.819100 0.286300
vt 0.813300 0.485300
vt 0.813300 0.286300
vt 0.807500 0.485300
vt 0.807500 0.286300
vt 0.801700 0.485300
vt 0.801700 0.286300
vt 0.795900 0.485300
vt 0.795900 0.286300
vt 0.784400 0.286300
vt 0.784400 0.485300
vt 0.778600 0.485300
vt 0.778600 0.286300
vt 0.772800 0.485300
vt 0.772800 0.286300
vt 0.767000 0.485300
vt 0.767000 0.286300
vt 0.859600 0.485300
vt 0.859600 0.286300
vt 0.853800 0.485300
vt 0.853800 0.286300
vt 0.848000 0.485300
vt 0.848000 0.286300
vt 0.842200 0.485300
vt 0.842200 0.286300
vt 0.830700 0.286300
vt 0.830700 0.485300
vt 0.185300 0.063700
vt 0.185300 0.071900
vt 0.165500 0.063700
vt 0.165500 0.071900
vt 0.145600 0.063700
vt 0.145600 0.071900
vt 0.125700 0.063700
vt 0.125700 0.071900
vt 0.105900 0.063700
vt 0.105900 0.071900
vt 0.086000 0.063700
vt 0.086000 0.071900
vt 0.066200 0.063700
vt 0.066200 0.071900
vt 0.046300 0.063700
vt 0.046300 0.071900
vt 0.026500 0.063700
vt 0.026500 0.071900
vt 0.006600 0.063700
vt 0.006600 0.071900
vt 0.364000 0.063700
vt 0.364000 0.071900
vt 0.344200 0.063700
vt 0.344200 0.071900
vt 0.324300 0.063700
vt 0.324300 0.071900
vt 0.304400 0.063700
vt 0.304400 0.071900
vt 0.284600 0.063700
vt 0.284600 0.071900
vt 0.264700 0.063700
vt 0.264700 0.071900
vt 0.244900 0.063700
vt 0.244900 0.071900
vt 0.225000 0.063700
vt 0.225000 0.071900
vt 0.205200 0.063700
vt 0.205200 0.071900
vt 0.503000 0.063700
vt 0.503000 0.071900
vt 0.483100 0.063700
vt 0.483100 0.071900
vt 0.463300 0.063700
vt 0.463300 0.071900
vt 0.443400 0.063700
vt 0.443400 0.071900
vt 0.423600 0.063700
vt 0.423600 0.071900
vt 0.403700 0.063700
vt 0.403700 0.071900
vt 0.383900 0.063700
vt 0.383900 0.071900
vt 0.199300 0.059700
vt 0.199300 0.083300
vt 0.177300 0.059700
vt 0.177300 0.083300
vt 0.155400 0.059700
vt 0.155400 0.083300
vt 0.133400 0.059700
vt 0.133400 0.083300
vt 0.111400 0.059700
vt 0.111400 0.083300
vt 0.089400 0.059700
vt 0.089400 0.083300
vt 0.067500 0.059700
vt 0.067500 0.083300
vt 0.045500 0.059700
vt 0.045500 0.083300
vt 0.023500 0.059700
vt 0.023500 0.083300
vt 0.001500 0.059700
vt 0.001500 0.083300
vt 0.397100 0.059700
vt 0.397100 0.083300
vt 0.375100 0.059700
vt 0.375100 0.083300
vt 0.353200 0.059700
vt 0.353200 0.083300
vt 0.331200 0.059700
vt 0.331200 0.083300
vt 0.309200 0.059700
vt 0.309200 0.083300
vt 0.287200 0.059700
vt 0.287200 0.083300
vt 0.265200 0.059700
vt 0.265200 0.083300
vt 0.243300 0.059700
vt 0.243300 0.083300
vt 0.221300 0.059700
vt 0.221300 0.083300
vt 0.550900 0.059700
vt 0.550900 0.083300
vt 0.529000 0.059700
vt 0.529000 0.083300
vt 0.507000 0.059700
vt 0.507000 0.083300
vt 0.485000 0.059700
vt 0.485000 0.083300
vt 0.463000 0.059700
vt 0.463000 0.083300
vt 0.441100 0.059700
vt 0.441100 0.083300
vt 0.419100 0.059700
vt 0.419100 0.083300
vt 0.659000 0.288600
vt 0.673900 0.294000
vt 0.663900 0.284600
vt 0.670200 0.299100
vt 0.686000 0.300700
vt 0.683700 0.306500
vt 0.699300 0.304100
vt 0.698500 0.310300
vt 0.713100 0.304100
vt 0.713900 0.310300
vt 0.728700 0.306500
vt 0.726400 0.300700
vt 0.742200 0.299100
vt 0.738500 0.294000
vt 0.753300 0.288600
vt 0.748500 0.284600
vt 0.761600 0.275600
vt 0.755900 0.273000
vt 0.766300 0.261100
vt 0.760200 0.259900
vt 0.767300 0.245700
vt 0.761000 0.246100
vt 0.764400 0.230700
vt 0.758400 0.232600
vt 0.757800 0.216800
vt 0.752600 0.220100
vt 0.748100 0.205000
vt 0.743800 0.209500
vt 0.735700 0.196000
vt 0.732700 0.201400
vt 0.721400 0.190300
vt 0.719900 0.196300
vt 0.706200 0.194600
vt 0.706200 0.188400
vt 0.692500 0.196300
vt 0.691000 0.190300
vt 0.679700 0.201400
vt 0.676700 0.196000
vt 0.668600 0.209500
vt 0.664300 0.205000
vt 0.659800 0.220100
vt 0.654500 0.216800
vt 0.653900 0.232600
vt 0.648000 0.230700
vt 0.651400 0.246100
vt 0.645100 0.245700
vt 0.652200 0.259900
vt 0.646100 0.261100
vt 0.656500 0.273000
vt 0.650800 0.275600
vt 0.781900 0.351500
vt 0.781400 0.309200
vt 0.800800 0.309200
vt 0.800800 0.283800
vt 0.769800 0.283800
vt 0.769400 0.418800
vt 0.800800 0.418900
vt 0.769800 0.418900
vt 0.781400 0.393500
vt 0.846000 0.856300
vt 0.881600 0.810600
vt 0.881400 0.861700
vt 0.855700 0.806500
vt 0.882100 0.758000
vt 0.865600 0.754900
vt 0.884500 0.703100
vt 0.878100 0.701600
vt 0.884100 0.678800
vt 0.886300 0.679100
vt 0.359400 0.439400
vt 0.332300 0.477300
vt 0.358900 0.481600
vt 0.339400 0.441300
vt 0.688600 0.923700
vt 0.650100 0.886300
vt 0.685900 0.926100
vt 0.652700 0.883800
vt 0.634600 0.871500
vt 0.636800 0.868500
vt 0.623200 0.865800
vt 0.624400 0.862300
vt 0.611800 0.863900
vt 0.611800 0.860100
vt 0.601300 0.865600
vt 0.600100 0.862100
vt 0.592500 0.870600
vt 0.590000 0.867900
vt 0.583300 0.877100
vt 0.586600 0.878800
vt 0.580100 0.888600
vt 0.583800 0.889000
vt 0.580700 0.901400
vt 0.584400 0.900700
vt 0.585800 0.914200
vt 0.589000 0.912300
vt 0.599200 0.931900
vt 0.601900 0.929500
vt 0.634900 0.971800
vt 0.637600 0.969500
vt 0.647700 0.986300
vt 0.650300 0.983600
vt 0.656600 0.993700
vt 0.658500 0.990500
vt 0.667300 0.997900
vt 0.668200 0.994300
vt 0.679000 0.998800
vt 0.678700 0.995100
vt 0.690000 0.996000
vt 0.688400 0.992600
vt 0.699200 0.989900
vt 0.696700 0.987200
vt 0.703400 0.979300
vt 0.706600 0.981200
vt 0.706900 0.969800
vt 0.710600 0.970500
vt 0.707200 0.959300
vt 0.710900 0.958900
vt 0.704400 0.949300
vt 0.707800 0.947800
vt 0.698700 0.940300
vt 0.701600 0.938000
vt 0.857000 0.695400
vt 0.855200 0.693100
vt 0.860800 0.679600
vt 0.859700 0.697500
vt 0.862200 0.698200
vt 0.863000 0.678900
vt 0.864800 0.698400
vt 0.865200 0.678600
vt 0.867400 0.698100
vt 0.867400 0.678800
vt 0.869700 0.697300
vt 0.869500 0.679500
vt 0.871800 0.696000
vt 0.871300 0.680500
vt 0.872900 0.682000
vt 0.873800 0.693500
vt 0.874100 0.683700
vt 0.874800 0.685700
vt 0.875000 0.687900
vt 0.875000 0.690400
vt 0.854600 0.690800
vt 0.854500 0.688500
vt 0.854900 0.686200
vt 0.855800 0.684100
vt 0.857100 0.682300
vt 0.858800 0.680700
vt 0.853200 0.674200
vt 0.851700 0.667200
vt 0.872900 0.668400
vt 0.872300 0.666200
vt 0.803800 0.672900
vt 0.854300 0.675900
vt 0.853100 0.668900
vt 0.807200 0.691700
vt 0.755700 0.676600
vt 0.761100 0.706900
vt 0.709700 0.680100
vt 0.717100 0.721400
vt 0.666300 0.683500
vt 0.675800 0.734800
vt 0.624900 0.686800
vt 0.636300 0.747200
vt 0.582800 0.690300
vt 0.596100 0.759300
vt 0.688600 0.923700
vt 0.650100 0.886300
vt 0.685900 0.926100
vt 0.652700 0.883800
vt 0.634600 0.871500
vt 0.636800 0.868500
vt 0.623200 0.865800
vt 0.624400 0.862300
vt 0.611800 0.863900
vt 0.611800 0.860100
vt 0.601300 0.865600
vt 0.600100 0.862100
vt 0.592500 0.870600
vt 0.590000 0.867900
vt 0.583300 0.877100
vt 0.586600 0.878800
vt 0.580100 0.888600
vt 0.583800 0.889000
vt 0.580700 0.901400
vt 0.584400 0.900700
vt 0.585800 0.914200
vt 0.589000 0.912300
vt 0.599200 0.931900
vt 0.601900 0.929500
vt 0.634900 0.971800
vt 0.637600 0.969500
vt 0.647700 0.986300
vt 0.650300 0.983600
vt 0.656600 0.993700
vt 0.658500 0.990500
vt 0.667300 0.997900
vt 0.668200 0.994300
vt 0.679000 0.998800
vt 0.678700 0.995100
vt 0.690000 0.996000
vt 0.688400 0.992600
vt 0.699200 0.989900
vt 0.696700 0.987200
vt 0.703400 0.979300
vt 0.706600 0.981200
vt 0.706900 0.969800
vt 0.710600 0.970500
vt 0.707200 0.959300
vt 0.710900 0.958900
vt 0.704400 0.949300
vt 0.707800 0.947800
vt 0.698700 0.940300
vt 0.701600 0.938000
vt 0.227400 0.449900
vt 0.215400 0.457900
vt 0.222400 0.464500
vt 0.178000 0.483500
vt 0.204100 0.508500
vt 0.143400 0.508500
vt 0.185400 0.548900
vt 0.110500 0.534900
vt 0.160800 0.581500
vt 0.271700 0.824400
vt 0.001400 0.882800
vt 0.271700 0.882800
vt 0.001400 0.824400
vt 0.001300 0.817300
vt 0.271600 0.876400
vt 0.271600 0.817300
vt 0.001300 0.876400
vt 0.999100 0.390300
vt 0.269900 0.441600
vt 0.269900 0.390300
vt 0.999100 0.441600
vt 0.301400 0.770100
vt 0.572100 0.825900
vt 0.572100 0.770100
vt 0.301400 0.825900
vt 0.272500 0.824400
vt 0.575900 0.882800
vt 0.272500 0.882800
vt 0.575900 0.824400
vt 0.272500 0.686900
vt 0.575900 0.745100
vt 0.272500 0.745100
vt 0.575900 0.686900
vt 0.272500 0.651200
vt 0.575900 0.651200
vt 0.272500 0.594800
vt 0.575900 0.594800
vt 0.272500 0.541100
vt 0.575900 0.541100
vt 0.272500 0.488600
vt 0.575900 0.488600
vt 0.272500 0.437200
vt 0.575900 0.437200
vt 0.272500 0.386100
vt 0.575900 0.386100
vt 0.273000 0.744100
vt 0.576300 0.742900
vt 0.273000 0.742900
vt 0.576300 0.744100
vt 0.273000 0.802200
vt 0.576300 0.802200
vt 0.272500 0.822500
vt 0.575900 0.881600
vt 0.272500 0.881600
vt 0.575900 0.822500
vt 0.272500 0.390400
vt 0.575900 0.441700
vt 0.272500 0.441700
vt 0.575900 0.390400
vt 0.273000 0.741000
vt 0.576300 0.795700
vt 0.273000 0.795700
vt 0.576300 0.741000
vt 0.273000 0.800000
vt 0.576300 0.800000
vt 0.273000 0.741500
vt 0.576300 0.741500
vt 0.273000 0.770100
vt 0.576300 0.825900
vt 0.273000 0.825900
vt 0.576300 0.770100
vt 0.013900 0.822900
vt 0.258500 0.881000
vt 0.013900 0.881000
vt 0.258500 0.822900
vt 0.319400 0.686900
vt 0.564100 0.745100
vt 0.319400 0.745100
vt 0.564100 0.686900
vt 0.319400 0.651200
vt 0.564100 0.651200
vt 0.319400 0.594800
vt 0.564100 0.594800
vt 0.319400 0.541100
vt 0.564100 0.541100
vt 0.319400 0.488600
vt 0.564100 0.488600
vt 0.319400 0.437200
vt 0.564100 0.437200
vt 0.319400 0.386100
vt 0.564100 0.386100
vt 0.013700 0.769400
vt 0.258300 0.768300
vt 0.013700 0.768300
vt 0.258300 0.769400
vt 0.013900 0.823400
vt 0.258500 0.882700
vt 0.013900 0.882700
vt 0.258500 0.823400
vt 0.319500 0.390500
vt 0.564100 0.441700
vt 0.319500 0.441700
vt 0.564100 0.390500
vt 0.566400 0.892600
vt 0.321800 0.942100
vt 0.566400 0.942100
vt 0.321800 0.892600
vt 0.566400 0.942300
vt 0.321800 0.991200
vt 0.566400 0.991200
vt 0.321800 0.942300
vt 0.311900 0.765000
vt 0.556600 0.817100
vt 0.311900 0.817100
vt 0.556600 0.765000
vt 0.311900 0.826500
vt 0.556600 0.882300
vt 0.311900 0.882300
vt 0.556600 0.826500
vt 0.013700 0.878600
vt 0.258300 0.820500
vt 0.013700 0.820500
vt 0.258300 0.878600
vt 0.001400 0.686900
vt 0.271300 0.745100
vt 0.001400 0.745100
vt 0.271300 0.686900
vt 0.001400 0.651200
vt 0.271300 0.651200
vt 0.001400 0.594800
vt 0.271300 0.594800
vt 0.001400 0.541100
vt 0.271300 0.541100
vt 0.001400 0.488600
vt 0.271300 0.488600
vt 0.001400 0.437200
vt 0.271300 0.437200
vt 0.001400 0.386100
vt 0.271300 0.386100
vt 0.001300 0.768700
vt 0.271100 0.767600
vt 0.001300 0.767600
vt 0.271100 0.768700
vt 0.001300 0.826800
vt 0.271100 0.826800
vt 0.002700 0.821600
vt 0.270800 0.877700
vt 0.002700 0.877700
vt 0.270800 0.821600
vt 0.001300 0.741000
vt 0.271100 0.795700
vt 0.001300 0.795700
vt 0.271100 0.741000
vt 0.001300 0.800000
vt 0.271100 0.800000
vt 0.001300 0.741500
vt 0.271100 0.741500
vt 0.001300 0.770100
vt 0.271100 0.825900
vt 0.001300 0.825900
vt 0.271100 0.770100
vt 0.301800 0.686900
vt 0.575800 0.745100
vt 0.301800 0.745100
vt 0.575800 0.686900
vt 0.301800 0.651200
vt 0.575800 0.651200
vt 0.301800 0.594800
vt 0.575800 0.594800
vt 0.301800 0.541100
vt 0.575800 0.541100
vt 0.301800 0.488600
vt 0.575800 0.488600
vt 0.301800 0.437200
vt 0.575800 0.437200
vt 0.301800 0.386100
vt 0.575800 0.386100
vt 0.301800 0.837400
vt 0.576500 0.883200
vt 0.301800 0.883200
vt 0.576500 0.837400
vt 0.301200 0.745200
vt 0.575900 0.801300
vt 0.301200 0.801300
vt 0.575900 0.745200
vt 0.301800 0.741000
vt 0.576500 0.795700
vt 0.301800 0.795700
vt 0.576500 0.741000
vt 0.301800 0.800000
vt 0.576500 0.800000
vt 0.301800 0.741500
vt 0.576500 0.741500
vt 0.301800 0.770100
vt 0.576500 0.825900
vt 0.301800 0.825900
vt 0.576500 0.770100
vt 0.301800 0.837600
vt 0.576500 0.779400
vt 0.301800 0.779400
vt 0.576500 0.837600
vt 0.273800 0.390400
vt 0.518500 0.441700
vt 0.273800 0.441700
vt 0.518500 0.390400
vt 0.273800 0.686900
vt 0.518500 0.745100
vt 0.273800 0.745100
vt 0.518500 0.686900
vt 0.273800 0.651200
vt 0.518500 0.651200
vt 0.273800 0.594800
vt 0.518500 0.594800
vt 0.273800 0.541100
vt 0.518500 0.541100
vt 0.273800 0.488600
vt 0.518500 0.488600
vt 0.273800 0.437200
vt 0.518500 0.437200
vt 0.273800 0.386100
vt 0.518500 0.386100
vt 0.337500 0.892600
vt 0.092800 0.942100
vt 0.337500 0.942100
vt 0.092800 0.892600
vt 0.337500 0.942300
vt 0.092800 0.991200
vt 0.337500 0.991200
vt 0.092800 0.942300
vt 0.274100 0.741000
vt 0.518700 0.795700
vt 0.274100 0.795700
vt 0.518700 0.741000
vt 0.274100 0.770100
vt 0.518700 0.825900
vt 0.274100 0.825900
vt 0.518700 0.770100
vt 0.274200 0.745300
vt 0.518800 0.744200
vt 0.274200 0.744200
vt 0.518800 0.745300
vt 0.274200 0.803500
vt 0.518800 0.803500
vt 0.273600 0.824000
vt 0.518900 0.882100
vt 0.273600 0.882100
vt 0.518900 0.824000
vt 0.273600 0.823100
vt 0.518900 0.882400
vt 0.273600 0.882400
vt 0.518900 0.823100
vt 0.001200 0.829900
vt 0.271100 0.881500
vt 0.001200 0.881500
vt 0.271100 0.829900
vt 0.001800 0.389700
vt 0.272100 0.440900
vt 0.001800 0.440900
vt 0.272100 0.389700
vt 0.301200 0.804500
vt 0.576700 0.856100
vt 0.301200 0.856100
vt 0.576700 0.804500
vt 0.301400 0.390200
vt 0.576100 0.441500
vt 0.272100 0.441500
vt 0.576100 0.390200
vt 0.001400 0.882800
vt 0.271700 0.824400
vt 0.271700 0.882800
vt 0.001400 0.824400
vt 0.572300 0.437200
vt 0.301500 0.386100
vt 0.572300 0.386100
vt 0.301500 0.437200
vt 0.572300 0.488600
vt 0.301500 0.488600
vt 0.301500 0.541100
vt 0.572300 0.541100
vt 0.301500 0.594800
vt 0.572300 0.594800
vt 0.572300 0.651200
vt 0.301500 0.651200
vt 0.572300 0.686900
vt 0.301500 0.686900
vt 0.572300 0.745100
vt 0.301500 0.745100
vt 0.572100 0.800000
vt 0.301400 0.741500
vt 0.572100 0.741500
vt 0.301400 0.800000
vt 0.572100 0.741000
vt 0.301400 0.741000
vt 0.572100 0.795700
vt 0.301400 0.795700
vt 0.572100 0.825900
vt 0.301400 0.770100
vt 0.572100 0.770100
vt 0.301400 0.825900
vt 0.575900 0.882800
vt 0.272500 0.824400
vt 0.272500 0.882800
vt 0.575900 0.824400
vt 0.599200 0.931900
vt 0.585800 0.914200
vt 0.580700 0.901400
vt 0.580100 0.888600
vt 0.583300 0.877100
vt 0.590000 0.867900
vt 0.600100 0.862100
vt 0.611800 0.860100
vt 0.624400 0.862300
vt 0.636800 0.868500
vt 0.652700 0.883800
vt 0.688600 0.923700
vt 0.701600 0.938000
vt 0.707800 0.947800
vt 0.710900 0.958900
vt 0.710600 0.970500
vt 0.706600 0.981200
vt 0.699200 0.989900
vt 0.690000 0.996000
vt 0.679000 0.998800
vt 0.667300 0.997900
vt 0.656600 0.993700
vt 0.647700 0.986300
vt 0.634900 0.971800
vt 0.576300 0.795700
vt 0.273000 0.741000
vt 0.273000 0.795700
vt 0.576300 0.741000
vt 0.273000 0.800000
vt 0.576300 0.800000
vt 0.273000 0.741500
vt 0.576300 0.741500
vt 0.576300 0.825900
vt 0.273000 0.770100
vt 0.273000 0.825900
vt 0.576300 0.770100
vt 0.258500 0.881000
vt 0.013900 0.822900
vt 0.013900 0.881000
vt 0.258500 0.822900
vt 0.258300 0.768300
vt 0.013700 0.769400
vt 0.013700 0.768300
vt 0.258300 0.769400
vt 0.321800 0.942100
vt 0.566400 0.892600
vt 0.566400 0.942100
vt 0.321800 0.892600
vt 0.321800 0.991200
vt 0.566400 0.942300
vt 0.566400 0.991200
vt 0.321800 0.942300
vt 0.556600 0.817100
vt 0.311900 0.765000
vt 0.311900 0.817100
vt 0.556600 0.765000
vt 0.556600 0.882300
vt 0.311900 0.826500
vt 0.311900 0.882300
vt 0.556600 0.826500
vt 0.258300 0.820500
vt 0.013700 0.878600
vt 0.013700 0.820500
vt 0.258300 0.878600
vt 0.016400 0.880800
vt 0.016300 0.885800
vt 0.092100 0.880100
vt 0.091700 0.884900
vt 0.092400 0.875200
vt 0.016500 0.875900
vt 0.103900 0.875400
vt 0.172000 0.876500
vt 0.161600 0.880200
vt 0.171900 0.880100
vt 0.161800 0.875600
vt 0.161900 0.884700
vt 0.122300 0.875300
vt 0.122900 0.885100
vt 0.111800 0.875400
vt 0.112000 0.885000
vt 0.103700 0.884900
vt 0.111900 0.880800
vt 0.103800 0.880700
vt 0.122700 0.880300
vt 0.171900 0.883900
vt 0.225000 0.879700
vt 0.224800 0.875200
vt 0.188100 0.880300
vt 0.187700 0.875800
vt 0.224800 0.884100
vt 0.187700 0.884600
vt 0.178500 0.883900
vt 0.178700 0.880200
vt 0.178600 0.876600
vt 0.268400 0.878100
vt 0.189700 0.878300
vt 0.268600 0.874100
vt 0.189200 0.882300
vt 0.268200 0.882100
vt 0.190300 0.874400
vt 0.149100 0.877800
vt 0.148700 0.873900
vt 0.163400 0.877500
vt 0.174100 0.877700
vt 0.173900 0.882000
vt 0.163500 0.882000
vt 0.174400 0.874200
vt 0.163400 0.874000
vt 0.149500 0.881900
vt 0.021500 0.885100
vt 0.057600 0.880300
vt 0.021400 0.880800
vt 0.058000 0.884600
vt 0.021500 0.876300
vt 0.058000 0.875800
vt 0.067200 0.876700
vt 0.067000 0.880300
vt 0.073800 0.880500
vt 0.067000 0.884000
vt 0.073600 0.884200
vt 0.141600 0.874700
vt 0.142100 0.884400
vt 0.133700 0.874900
vt 0.142000 0.880100
vt 0.153700 0.879300
vt 0.154100 0.884000
vt 0.229300 0.876500
vt 0.229600 0.881400
vt 0.153200 0.874400
vt 0.229100 0.871700
vt 0.073800 0.876800
vt 0.083800 0.876100
vt 0.084100 0.880500
vt 0.123200 0.875000
vt 0.123000 0.880000
vt 0.133900 0.880300
vt 0.083800 0.885100
vt 0.122800 0.884900
vt 0.133800 0.884600
vt 0.149100 0.877800
vt 0.163400 0.877500
vt 0.148700 0.873900
vt 0.189700 0.878300
vt 0.268600 0.874100
vt 0.190300 0.874400
vt 0.174100 0.877700
vt 0.173900 0.882000
vt 0.163500 0.882000
vt 0.174400 0.874200
vt 0.163400 0.874000
vt 0.149500 0.881900
vt 0.189200 0.882300
vt 0.268400 0.878100
vt 0.268200 0.882100
vt 0.149100 0.877800
vt 0.163400 0.877500
vt 0.148700 0.873900
vt 0.189700 0.878300
vt 0.268600 0.874100
vt 0.190300 0.874400
vt 0.174100 0.877700
vt 0.173900 0.882000
vt 0.163500 0.882000
vt 0.174400 0.874200
vt 0.163400 0.874000
vt 0.149500 0.881900
vt 0.189200 0.882300
vt 0.268400 0.878100
vt 0.268200 0.882100
vt 0.271100 0.795700
vt 0.001300 0.741000
vt 0.001300 0.795700
vt 0.271100 0.741000
vt 0.001300 0.800000
vt 0.271100 0.800000
vt 0.001300 0.741500
vt 0.271100 0.741500
vt 0.271100 0.825900
vt 0.001300 0.770100
vt 0.001300 0.825900
vt 0.271100 0.770100
vt 0.576500 0.742900
vt 0.301800 0.744100
vt 0.301800 0.742900
vt 0.576500 0.744100
vt 0.133900 0.884600
vt 0.135000 0.876500
vt 0.233000 0.883500
vt 0.232800 0.879700
vt 0.109600 0.884300
vt 0.120000 0.884400
vt 0.109300 0.879900
vt 0.120100 0.879900
vt 0.134500 0.880500
vt 0.233100 0.875800
vt 0.241400 0.883000
vt 0.241400 0.879900
vt 0.241700 0.876800
vt 0.247200 0.877100
vt 0.246900 0.883200
vt 0.254700 0.884100
vt 0.255000 0.880400
vt 0.282900 0.880100
vt 0.282800 0.876400
vt 0.254800 0.876700
vt 0.282700 0.883900
vt 0.247100 0.880200
vt 0.120400 0.876400
vt 0.109300 0.876300
vt 0.093400 0.876300
vt 0.093800 0.880200
vt 0.015000 0.881200
vt 0.015000 0.885200
vt 0.015100 0.877200
vt 0.094100 0.884200
vt 0.268400 0.878100
vt 0.189700 0.878300
vt 0.268600 0.874100
vt 0.189200 0.882300
vt 0.268200 0.882100
vt 0.190300 0.874400
vt 0.149100 0.877800
vt 0.148700 0.873900
vt 0.163400 0.877500
vt 0.174100 0.877700
vt 0.173900 0.882000
vt 0.163500 0.882000
vt 0.174400 0.874200
vt 0.163400 0.874000
vt 0.149500 0.881900
vt 0.576500 0.795700
vt 0.301800 0.741000
vt 0.301800 0.795700
vt 0.576500 0.741000
vt 0.301800 0.800000
vt 0.576500 0.800000
vt 0.301800 0.741500
vt 0.576500 0.741500
vt 0.576500 0.825900
vt 0.301800 0.770100
vt 0.301800 0.825900
vt 0.576500 0.770100
vt 0.576500 0.779400
vt 0.301800 0.837600
vt 0.301800 0.779400
vt 0.576500 0.837600
vt 0.283600 0.878100
vt 0.283800 0.874100
vt 0.204900 0.878300
vt 0.205500 0.874400
vt 0.204400 0.882300
vt 0.283400 0.882100
vt 0.189100 0.882000
vt 0.057200 0.881900
vt 0.066000 0.878900
vt 0.057400 0.878800
vt 0.065700 0.882700
vt 0.065800 0.875100
vt 0.164700 0.881900
vt 0.163900 0.873900
vt 0.178700 0.882000
vt 0.178500 0.874000
vt 0.189500 0.874200
vt 0.178500 0.877500
vt 0.189300 0.877700
vt 0.164300 0.877800
vt 0.057400 0.875600
vt 0.016400 0.878800
vt 0.016400 0.882600
vt 0.043800 0.878500
vt 0.044000 0.882300
vt 0.016600 0.875100
vt 0.044100 0.874800
vt 0.051800 0.875600
vt 0.051600 0.878700
vt 0.051700 0.881700
vt 0.518500 0.745100
vt 0.273800 0.686900
vt 0.273800 0.745100
vt 0.518500 0.686900
vt 0.273800 0.651200
vt 0.518500 0.651200
vt 0.273800 0.594800
vt 0.518500 0.594800
vt 0.273800 0.541100
vt 0.518500 0.541100
vt 0.273800 0.488600
vt 0.518500 0.488600
vt 0.273800 0.437200
vt 0.518500 0.437200
vt 0.273800 0.386100
vt 0.518500 0.386100
vt 0.092800 0.942100
vt 0.337500 0.892600
vt 0.337500 0.942100
vt 0.092800 0.892600
vt 0.092800 0.991200
vt 0.337500 0.942300
vt 0.337500 0.991200
vt 0.092800 0.942300
vt 0.518700 0.795700
vt 0.274100 0.741000
vt 0.274100 0.795700
vt 0.518700 0.741000
vt 0.518700 0.825900
vt 0.274100 0.770100
vt 0.274100 0.825900
vt 0.518700 0.770100
vt 0.881100 0.990500
vt 0.881600 0.948800
vt 0.821200 0.983900
vt 0.830200 0.943400
vt 0.764000 0.964500
vt 0.780900 0.926800
vt 0.711300 0.932800
vt 0.735500 0.899400
vt 0.665200 0.889900
vt 0.695600 0.862000
vt 0.627400 0.837000
vt 0.663000 0.815700
vt 0.725100 0.832700
vt 0.697700 0.793200
vt 0.797200 0.888100
vt 0.814100 0.845600
vt 0.758800 0.864700
vt 0.847800 0.857000
vt 0.856700 0.805600
vt 0.838800 0.902200
vt 0.882400 0.906600
vt 0.883000 0.860500
vt 0.882400 0.807900
vt 0.884400 0.753700
vt 0.868200 0.752800
vt 0.832300 0.798200
vt 0.783100 0.826500
vt 0.756100 0.800400
vt 0.734200 0.768200
vt 0.789400 0.764700
vt 0.773400 0.740900
vt 0.825000 0.726100
vt 0.814900 0.711400
vt 0.860700 0.687800
vt 0.856900 0.681900
vt 0.874500 0.669100
vt 0.875800 0.671000
vt 0.865700 0.692700
vt 0.877500 0.672500
vt 0.871500 0.696200
vt 0.879500 0.673700
vt 0.877800 0.698200
vt 0.881600 0.674400
vt 0.884400 0.698700
vt 0.883900 0.674700
vt 0.853400 0.748400
vt 0.839000 0.739600
vt 0.809500 0.784200
vt 0.809400 0.784100
vt 0.518800 0.744200
vt 0.274200 0.745300
vt 0.274200 0.744200
vt 0.518800 0.745300
vt 0.274200 0.803500
vt 0.518800 0.803500
vt 0.518900 0.882100
vt 0.273600 0.824000
vt 0.273600 0.882100
vt 0.518900 0.824000
vt 0.271100 0.881500
vt 0.001200 0.829900
vt 0.001200 0.881500
vt 0.271100 0.829900
vt 0.576700 0.856100
vt 0.301200 0.804500
vt 0.301200 0.856100
vt 0.576700 0.804500
vt 0.881400 0.861700
vt 0.881600 0.810600
vt 0.846000 0.856300
vt 0.855700 0.806500
vt 0.882100 0.758000
vt 0.865600 0.754900
vt 0.884500 0.703100
vt 0.878100 0.701600
vt 0.884100 0.678800
vt 0.886300 0.679100
vt 0.753600 0.793400
vt 0.806100 0.779500
vt 0.780700 0.821700
vt 0.787600 0.759500
vt 0.731900 0.759300
vt 0.771800 0.734200
vt 0.716900 0.720700
vt 0.760900 0.705800
vt 0.813800 0.707900
vt 0.807100 0.690300
vt 0.856900 0.681000
vt 0.860500 0.686900
vt 0.875000 0.670800
vt 0.876100 0.672500
vt 0.865000 0.691900
vt 0.877700 0.674000
vt 0.870400 0.696000
vt 0.879500 0.675100
vt 0.876400 0.698700
vt 0.881600 0.675700
vt 0.831000 0.796900
vt 0.866700 0.754100
vt 0.855700 0.806800
vt 0.850900 0.747900
vt 0.835000 0.738500
vt 0.823600 0.723400
vt 0.812000 0.842900
vt 0.854400 0.674500
vt 0.853000 0.667800
vt 0.874000 0.666500
vt 0.874200 0.668800
vt 0.756000 0.859500
vt 0.795200 0.885300
vt 0.721900 0.824800
vt 0.694500 0.782600
vt 0.675500 0.734700
vt 0.709500 0.679300
vt 0.755600 0.675400
vt 0.803800 0.671600
vt 0.691600 0.853900
vt 0.732500 0.894400
vt 0.779100 0.924400
vt 0.837500 0.901600
vt 0.829400 0.943000
vt 0.666000 0.683200
vt 0.635800 0.747800
vt 0.658700 0.804300
vt 0.660000 0.881800
vt 0.707500 0.928300
vt 0.761800 0.962600
vt 0.820500 0.983900
vt 0.881000 0.991800
vt 0.881300 0.950100
vt 0.881200 0.907900
vt 0.622000 0.825100
vt 0.595400 0.760600
vt 0.624300 0.687100
vt 0.582000 0.691100
vt 0.660600 0.883300
vt 0.622500 0.828000
vt 0.691700 0.855900
vt 0.658700 0.807400
vt 0.721800 0.827500
vt 0.694100 0.786000
vt 0.753200 0.796400
vt 0.731100 0.762800
vt 0.786700 0.762300
vt 0.770600 0.737500
vt 0.822200 0.725800
vt 0.812100 0.710500
vt 0.858200 0.689200
vt 0.854400 0.683200
vt 0.871900 0.671600
vt 0.873200 0.673500
vt 0.359400 0.439400
vt 0.332300 0.477300
vt 0.339400 0.441300
vt 0.358900 0.481600
vt 0.860100 0.687900
vt 0.876300 0.671400
vt 0.864800 0.693400
vt 0.878700 0.673500
vt 0.870600 0.697300
vt 0.760900 0.706100
vt 0.709600 0.678900
vt 0.755700 0.675600
vt 0.807100 0.690800
vt 0.803900 0.672000
vt 0.854000 0.675200
vt 0.853200 0.668100
vt 0.874100 0.666100
vt 0.874600 0.668500
vt 0.856300 0.682100
vt 0.823900 0.724000
vt 0.836100 0.737400
vt 0.850600 0.747200
vt 0.877000 0.699800
vt 0.880900 0.674500
vt 0.813700 0.708500
vt 0.674800 0.733500
vt 0.624300 0.684400
vt 0.666000 0.681800
vt 0.716600 0.720400
vt 0.771600 0.734800
vt 0.787400 0.760100
vt 0.807000 0.779200
vt 0.839700 0.774500
vt 0.883400 0.674900
vt 0.763000 0.783900
vt 0.731400 0.759300
vt 0.747700 0.785800
vt 0.701200 0.794500
vt 0.693400 0.782000
vt 0.657900 0.804500
vt 0.634600 0.745600
vt 0.619600 0.822800
vt 0.593400 0.757100
vt 0.581900 0.686900
vt 0.871800 0.696000
vt 0.873800 0.693500
vt 0.869500 0.679500
vt 0.869700 0.697300
vt 0.867400 0.678800
vt 0.867400 0.698100
vt 0.865200 0.678600
vt 0.864800 0.698400
vt 0.863000 0.678900
vt 0.862200 0.698200
vt 0.860800 0.679600
vt 0.859700 0.697500
vt 0.858800 0.680700
vt 0.857100 0.682300
vt 0.855800 0.684100
vt 0.857000 0.695400
vt 0.854900 0.686200
vt 0.854500 0.688500
vt 0.854600 0.690800
vt 0.855200 0.693100
vt 0.875000 0.687900
vt 0.874800 0.685700
vt 0.875000 0.690400
vt 0.874100 0.683700
vt 0.872900 0.682000
vt 0.871300 0.680500
vt 0.853200 0.674200
vt 0.872900 0.668400
vt 0.851700 0.667200
vt 0.872300 0.666200
vt 0.167100 0.641800
vt 0.178200 0.600800
vt 0.108800 0.618000
vt 0.127900 0.580400
vt 0.055700 0.582000
vt 0.081700 0.549200
vt 0.010000 0.535200
vt 0.041600 0.508100
vt 0.145600 0.541800
vt 0.106500 0.515100
vt 0.188200 0.559000
vt 0.198100 0.513300
vt 0.163700 0.499300
vt 0.132300 0.477600
vt 0.072700 0.479700
vt 0.105300 0.448600
vt 0.115600 0.438600
vt 0.159600 0.433900
vt 0.183000 0.452500
vt 0.208400 0.462900
vt 0.234900 0.467100
vt 0.236200 0.517400
vt 0.236400 0.564800
vt 0.236900 0.608200
vt 0.237100 0.651500
vt 0.215400 0.426900
vt 0.192300 0.429200
vt 0.854300 0.675900
vt 0.803800 0.672900
vt 0.853100 0.668900
vt 0.807200 0.691700
vt 0.755700 0.676600
vt 0.761100 0.706900
vt 0.709700 0.680100
vt 0.717100 0.721400
vt 0.666300 0.683500
vt 0.675800 0.734800
vt 0.624900 0.686800
vt 0.636300 0.747200
vt 0.582800 0.690300
vt 0.596100 0.759300
vt 0.227400 0.449900
vt 0.222400 0.464500
vt 0.215400 0.457900
vt 0.178000 0.483500
vt 0.204100 0.508500
vt 0.143400 0.508500
vt 0.185400 0.548900
vt 0.110500 0.534900
vt 0.160800 0.581500
vt 0.222500 0.463500
vt 0.215600 0.457000
vt 0.227500 0.448900
vt 0.178600 0.482700
vt 0.204700 0.507300
vt 0.144500 0.507400
vt 0.186200 0.547800
vt 0.111700 0.532900
vt 0.160600 0.581600
vt 0.860100 0.687900
vt 0.864800 0.693400
vt 0.876300 0.671400
vt 0.878700 0.673500
vt 0.870600 0.697300
vt 0.880900 0.674500
vt 0.877000 0.699800
vt 0.850600 0.747200
vt 0.836100 0.737400
vt 0.823900 0.724000
vt 0.856300 0.682100
vt 0.874600 0.668500
vt 0.854000 0.675200
vt 0.874100 0.666100
vt 0.853200 0.668100
vt 0.803900 0.672000
vt 0.807100 0.690800
vt 0.755700 0.675600
vt 0.760900 0.706100
vt 0.709600 0.678900
vt 0.813700 0.708500
vt 0.883000 0.756200
vt 0.883800 0.700800
vt 0.866400 0.753600
vt 0.882800 0.770300
vt 0.862800 0.772200
vt 0.624300 0.684400
vt 0.674800 0.733500
vt 0.666000 0.681800
vt 0.716600 0.720400
vt 0.771600 0.734800
vt 0.787400 0.760100
vt 0.807000 0.779200
vt 0.839700 0.774500
vt 0.883400 0.674900
vt 0.763000 0.783900
vt 0.731400 0.759300
vt 0.747700 0.785800
vt 0.701200 0.794500
vt 0.693400 0.782000
vt 0.657900 0.804500
vt 0.634600 0.745600
vt 0.619600 0.822800
vt 0.593400 0.757100
vt 0.581900 0.686900
vt 0.866400 0.753900
vt 0.882900 0.700900
vt 0.883000 0.756300
vt 0.876200 0.699900
vt 0.850500 0.747600
vt 0.869900 0.697500
vt 0.835900 0.737700
vt 0.864200 0.693700
vt 0.878100 0.674100
vt 0.880700 0.674900
vt 0.883300 0.675100
vt 0.885900 0.674800
vt 0.875500 0.672100
vt 0.889700 0.700400
vt 0.899500 0.754900
vt 0.902000 0.768800
vt 0.882900 0.770500
vt 0.862900 0.772500
vt 0.839700 0.775000
vt 0.807000 0.779700
vt 0.823500 0.724400
vt 0.859500 0.688200
vt 0.855900 0.682400
vt 0.873700 0.669700
vt 0.853700 0.675700
vt 0.665800 0.683000
vt 0.709200 0.679600
vt 0.674400 0.734700
vt 0.624300 0.686100
vt 0.634500 0.747100
vt 0.692700 0.783300
vt 0.873100 0.667400
vt 0.852600 0.668700
vt 0.806500 0.691100
vt 0.803300 0.672300
vt 0.760300 0.706600
vt 0.755200 0.676100
vt 0.716100 0.721200
vt 0.730700 0.760300
vt 0.700600 0.795900
vt 0.657300 0.806000
vt 0.620400 0.823600
vt 0.593800 0.758900
vt 0.582200 0.689200
vt 0.787200 0.760700
vt 0.762800 0.784800
vt 0.771100 0.735300
vt 0.813300 0.708900
vt 0.747400 0.786800
vt 0.573500 0.018800
vt 0.363000 0.019800
vt 0.363100 0.031200
vt 0.573600 0.030200
vt 0.452100 0.022000
vt 0.498800 0.026100
vt 0.498800 0.022000
vt 0.452100 0.026100
vt 0.450100 0.016700
vt 0.500900 0.016700
vt 0.500900 0.031400
vt 0.450100 0.031400
vt 0.261200 0.464000
vt 0.234700 0.424100
vt 0.253800 0.422500
vt 0.234600 0.466300
vt 0.270600 0.515100
vt 0.234500 0.518300
vt 0.279500 0.561400
vt 0.234800 0.565700
vt 0.288300 0.603700
vt 0.235200 0.609200
vt 0.297700 0.645600
vt 0.235500 0.652400
vt 0.181500 0.602300
vt 0.172400 0.644900
vt 0.129300 0.582800
vt 0.110900 0.622700
vt 0.054100 0.585900
vt 0.081400 0.550900
vt 0.007800 0.536000
vt 0.040300 0.509000
vt 0.214700 0.426200
vt 0.207900 0.462200
vt 0.191600 0.428600
vt 0.182400 0.452000
vt 0.158900 0.433400
vt 0.131900 0.477500
vt 0.114600 0.438500
vt 0.104300 0.448600
vt 0.071700 0.480100
vt 0.106300 0.515600
vt 0.146200 0.542600
vt 0.189700 0.559400
vt 0.198400 0.513000
vt 0.163600 0.499200
vt 0.301500 0.745100
vt 0.572300 0.745100
vt 0.301500 0.686900
vt 0.572300 0.686900
vt 0.301500 0.651200
vt 0.572300 0.651200
vt 0.301500 0.594800
vt 0.572300 0.594800
vt 0.572300 0.541100
vt 0.301500 0.541100
vt 0.572300 0.488600
vt 0.301500 0.488600
vt 0.301500 0.437200
vt 0.572300 0.437200
vt 0.301500 0.386100
vt 0.572300 0.386100
vt 0.572100 0.744100
vt 0.301400 0.742900
vt 0.572100 0.742900
vt 0.301400 0.744100
vt 0.301400 0.802200
vt 0.572100 0.802200
vt 0.301400 0.795700
vt 0.572100 0.795700
vt 0.301400 0.741000
vt 0.572100 0.741000
vt 0.301400 0.800000
vt 0.572100 0.800000
vt 0.301400 0.741500
vt 0.572100 0.741500
vt 0.573500 0.018800
vt 0.363000 0.019800
vt 0.363100 0.031200
vt 0.573600 0.030200
vt 0.452100 0.022000
vt 0.498800 0.026100
vt 0.498800 0.022000
vt 0.452100 0.026100
vt 0.450100 0.016700
vt 0.500900 0.016700
vt 0.500900 0.031400
vt 0.450100 0.031400
vt 0.452100 0.022000
vt 0.498800 0.026100
vt 0.498800 0.022000
vt 0.452100 0.026100
vt 0.450100 0.016700
vt 0.500900 0.016700
vt 0.500900 0.031400
vt 0.450100 0.031400
vt 0.452100 0.022000
vt 0.498800 0.026100
vt 0.498800 0.022000
vt 0.452100 0.026100
vt 0.450100 0.016700
vt 0.500900 0.016700
vt 0.500900 0.031400
vt 0.450100 0.031400
vt 0.452100 0.022000
vt 0.498800 0.026100
vt 0.498800 0.022000
vt 0.452100 0.026100
vt 0.450100 0.016700
vt 0.500900 0.016700
vt 0.500900 0.031400
vt 0.450100 0.031400
vt 0.452100 0.022000
vt 0.498800 0.026100
vt 0.498800 0.022000
vt 0.452100 0.026100
vt 0.450100 0.016700
vt 0.500900 0.016700
vt 0.500900 0.031400
vt 0.450100 0.031400
vt 0.572100 0.744100
vt 0.301400 0.802200
vt 0.572100 0.802200
vt 0.301400 0.744100
vt 0.301400 0.742900
vt 0.572100 0.742900
vt 0.575900 0.386100
vt 0.272500 0.386100
vt 0.575900 0.437200
vt 0.272500 0.437200
vt 0.575900 0.488600
vt 0.272500 0.488600
vt 0.575900 0.541100
vt 0.272500 0.541100
vt 0.575900 0.594800
vt 0.272500 0.594800
vt 0.575900 0.651200
vt 0.272500 0.651200
vt 0.575900 0.686900
vt 0.272500 0.686900
vt 0.575900 0.745100
vt 0.272500 0.745100
vt 0.576300 0.802200
vt 0.273000 0.802200
vt 0.576300 0.744100
vt 0.273000 0.744100
vt 0.576300 0.742900
vt 0.273000 0.742900
vt 0.564100 0.386100
vt 0.319400 0.386100
vt 0.564100 0.437200
vt 0.319400 0.437200
vt 0.564100 0.488600
vt 0.319400 0.488600
vt 0.564100 0.541100
vt 0.319400 0.541100
vt 0.564100 0.594800
vt 0.319400 0.594800
vt 0.564100 0.651200
vt 0.319400 0.651200
vt 0.564100 0.686900
vt 0.319400 0.686900
vt 0.564100 0.745100
vt 0.319400 0.745100
vt 0.271300 0.386100
vt 0.001400 0.386100
vt 0.271300 0.437200
vt 0.001400 0.437200
vt 0.271300 0.488600
vt 0.001400 0.488600
vt 0.271300 0.541100
vt 0.001400 0.541100
vt 0.271300 0.594800
vt 0.001400 0.594800
vt 0.271300 0.651200
vt 0.001400 0.651200
vt 0.271300 0.686900
vt 0.001400 0.686900
vt 0.271300 0.745100
vt 0.001400 0.745100
vt 0.271100 0.826800
vt 0.001300 0.826800
vt 0.271100 0.768700
vt 0.001300 0.768700
vt 0.271100 0.767600
vt 0.001300 0.767600
vt 0.575800 0.386100
vt 0.301800 0.386100
vt 0.575800 0.437200
vt 0.301800 0.437200
vt 0.575800 0.488600
vt 0.301800 0.488600
vt 0.575800 0.541100
vt 0.301800 0.541100
vt 0.575800 0.594800
vt 0.301800 0.594800
vt 0.575800 0.651200
vt 0.301800 0.651200
vt 0.575800 0.686900
vt 0.301800 0.686900
vt 0.575800 0.745100
vt 0.301800 0.745100
vt 0.884400 0.753700
vt 0.868200 0.752800
vt 0.884400 0.698700
vt 0.856700 0.805600
vt 0.882400 0.807900
vt 0.847800 0.857000
vt 0.883000 0.860500
vt 0.882400 0.906600
vt 0.838800 0.902200
vt 0.797200 0.888100
vt 0.814100 0.845600
vt 0.832300 0.798200
vt 0.877800 0.698200
vt 0.883900 0.674700
vt 0.853400 0.748400
vt 0.809500 0.784200
vt 0.783100 0.826500
vt 0.758800 0.864700
vt 0.735500 0.899400
vt 0.780900 0.926800
vt 0.830200 0.943400
vt 0.881600 0.948800
vt 0.881600 0.674400
vt 0.879500 0.673700
vt 0.871500 0.696200
vt 0.877500 0.672500
vt 0.865700 0.692700
vt 0.875800 0.671000
vt 0.860700 0.687800
vt 0.874500 0.669100
vt 0.856900 0.681900
vt 0.814900 0.711400
vt 0.825000 0.726100
vt 0.839000 0.739600
vt 0.789400 0.764700
vt 0.773400 0.740900
vt 0.734200 0.768200
vt 0.756100 0.800400
vt 0.697700 0.793200
vt 0.725100 0.832700
vt 0.663000 0.815700
vt 0.695600 0.862000
vt 0.627400 0.837000
vt 0.665200 0.889900
vt 0.711300 0.932800
vt 0.764000 0.964500
vt 0.821200 0.983900
vt 0.881100 0.990500
vt 0.809400 0.784100
vt 0.780700 0.821700
vt 0.806100 0.779500
vt 0.753600 0.793400
vt 0.787600 0.759500
vt 0.731900 0.759300
vt 0.771800 0.734200
vt 0.716900 0.720700
vt 0.760900 0.705800
vt 0.813800 0.707900
vt 0.807100 0.690300
vt 0.856900 0.681000
vt 0.860500 0.686900
vt 0.875000 0.670800
vt 0.876100 0.672500
vt 0.865000 0.691900
vt 0.877700 0.674000
vt 0.870400 0.696000
vt 0.879500 0.675100
vt 0.876400 0.698700
vt 0.881600 0.675700
vt 0.855700 0.806800
vt 0.866700 0.754100
vt 0.831000 0.796900
vt 0.850900 0.747900
vt 0.835000 0.738500
vt 0.823600 0.723400
vt 0.812000 0.842900
vt 0.854400 0.674500
vt 0.874000 0.666500
vt 0.853000 0.667800
vt 0.874200 0.668800
vt 0.795200 0.885300
vt 0.756000 0.859500
vt 0.721900 0.824800
vt 0.694500 0.782600
vt 0.675500 0.734700
vt 0.709500 0.679300
vt 0.755600 0.675400
vt 0.803800 0.671600
vt 0.622000 0.825100
vt 0.660000 0.881800
vt 0.658700 0.804300
vt 0.635800 0.747800
vt 0.595400 0.760600
vt 0.624300 0.687100
vt 0.582000 0.691100
vt 0.666000 0.683200
vt 0.691600 0.853900
vt 0.732500 0.894400
vt 0.707500 0.928300
vt 0.779100 0.924400
vt 0.761800 0.962600
vt 0.820500 0.983900
vt 0.829400 0.943000
vt 0.881000 0.991800
vt 0.881300 0.950100
vt 0.881200 0.907900
vt 0.837500 0.901600
vt 0.573500 0.018800
vt 0.363000 0.019800
vt 0.363100 0.031200
vt 0.573600 0.030200
vt 0.498800 0.026100
vt 0.452100 0.022000
vt 0.498800 0.022000
vt 0.452100 0.026100
vt 0.450100 0.016700
vt 0.500900 0.016700
vt 0.500900 0.031400
vt 0.450100 0.031400
vt 0.167100 0.641800
vt 0.108800 0.618000
vt 0.178200 0.600800
vt 0.127900 0.580400
vt 0.055700 0.582000
vt 0.081700 0.549200
vt 0.010000 0.535200
vt 0.041600 0.508100
vt 0.163700 0.499300
vt 0.106500 0.515100
vt 0.132300 0.477600
vt 0.145600 0.541800
vt 0.188200 0.559000
vt 0.198100 0.513300
vt 0.072700 0.479700
vt 0.105300 0.448600
vt 0.115600 0.438600
vt 0.159600 0.433900
vt 0.183000 0.452500
vt 0.208400 0.462900
vt 0.234900 0.467100
vt 0.236200 0.517400
vt 0.236400 0.564800
vt 0.236900 0.608200
vt 0.237100 0.651500
vt 0.192300 0.429200
vt 0.215400 0.426900
vt 0.186200 0.547800
vt 0.111700 0.532900
vt 0.160600 0.581600
vt 0.144500 0.507400
vt 0.204700 0.507300
vt 0.178600 0.482700
vt 0.222500 0.463500
vt 0.215600 0.457000
vt 0.227500 0.448900
vt 0.573500 0.018800
vt 0.363000 0.019800
vt 0.363100 0.031200
vt 0.573600 0.030200
vt 0.498800 0.026100
vt 0.452100 0.022000
vt 0.498800 0.022000
vt 0.452100 0.026100
vt 0.450100 0.016700
vt 0.500900 0.016700
vt 0.500900 0.031400
vt 0.450100 0.031400
vt 0.498800 0.026100
vt 0.452100 0.022000
vt 0.498800 0.022000
vt 0.452100 0.026100
vt 0.450100 0.016700
vt 0.500900 0.016700
vt 0.500900 0.031400
vt 0.450100 0.031400
vt 0.498800 0.026100
vt 0.452100 0.022000
vt 0.498800 0.022000
vt 0.452100 0.026100
vt 0.450100 0.016700
vt 0.500900 0.016700
vt 0.500900 0.031400
vt 0.450100 0.031400
vt 0.498800 0.026100
vt 0.452100 0.022000
vt 0.498800 0.022000
vt 0.452100 0.026100
vt 0.450100 0.016700
vt 0.500900 0.016700
vt 0.500900 0.031400
vt 0.450100 0.031400
vt 0.498800 0.026100
vt 0.452100 0.022000
vt 0.498800 0.022000
vt 0.452100 0.026100
vt 0.450100 0.016700
vt 0.500900 0.016700
vt 0.500900 0.031400
vt 0.450100 0.031400
vt 0.652400 0.582600
vt 0.650300 0.587900
vt 0.650300 0.587900
vt 0.652400 0.582600
vt 0.650600 0.577200
vt 0.650600 0.577200
vt 0.645700 0.574200
vt 0.645700 0.574200
vt 0.640100 0.575000
vt 0.640100 0.575000
vt 0.636300 0.579300
vt 0.636300 0.579300
vt 0.636200 0.585000
vt 0.636200 0.585000
vt 0.639700 0.589400
vt 0.639700 0.589400
vt 0.645300 0.590600
vt 0.645300 0.590600
vt 0.644100 0.582300
vt 0.654800 0.532500
vt 0.657600 0.525300
vt 0.661300 0.527700
vt 0.651100 0.530100
vt 0.651000 0.552200
vt 0.654900 0.552200
vt 0.656600 0.570900
vt 0.660600 0.570900
vt 0.664200 0.579700
vt 0.664700 0.578500
vt 0.674900 0.578300
vt 0.674900 0.577100
vt 0.876200 0.699900
vt 0.878100 0.674100
vt 0.869900 0.697500
vt 0.880700 0.674900
vt 0.882900 0.700900
vt 0.883300 0.675100
vt 0.883000 0.756300
vt 0.866400 0.753900
vt 0.850500 0.747600
vt 0.835900 0.737700
vt 0.864200 0.693700
vt 0.875500 0.672100
vt 0.873700 0.669700
vt 0.855900 0.682400
vt 0.859500 0.688200
vt 0.823500 0.724400
vt 0.807000 0.779700
vt 0.839700 0.775000
vt 0.862900 0.772500
vt 0.882900 0.770500
vt 0.902000 0.768800
vt 0.899500 0.754900
vt 0.889700 0.700400
vt 0.885900 0.674800
vt 0.665800 0.683000
vt 0.674400 0.734700
vt 0.709200 0.679600
vt 0.634500 0.747100
vt 0.692700 0.783300
vt 0.624300 0.686100
vt 0.582200 0.689200
vt 0.593800 0.758900
vt 0.620400 0.823600
vt 0.657300 0.806000
vt 0.700600 0.795900
vt 0.730700 0.760300
vt 0.716100 0.721200
vt 0.760300 0.706600
vt 0.755200 0.676100
vt 0.803300 0.672300
vt 0.806500 0.691100
vt 0.852600 0.668700
vt 0.853700 0.675700
vt 0.873100 0.667400
vt 0.747400 0.786800
vt 0.762800 0.784800
vt 0.771100 0.735300
vt 0.813300 0.708900
vt 0.787200 0.760700
vt 0.234800 0.565700
vt 0.234500 0.518300
vt 0.189700 0.559400
vt 0.198400 0.513000
vt 0.234600 0.466300
vt 0.207900 0.462200
vt 0.163600 0.499200
vt 0.182400 0.452000
vt 0.131900 0.477500
vt 0.106300 0.515600
vt 0.146200 0.542600
vt 0.235200 0.609200
vt 0.181500 0.602300
vt 0.129300 0.582800
vt 0.081400 0.550900
vt 0.040300 0.509000
vt 0.071700 0.480100
vt 0.104300 0.448600
vt 0.114600 0.438500
vt 0.158900 0.433400
vt 0.191600 0.428600
vt 0.214700 0.426200
vt 0.234700 0.424100
vt 0.007800 0.536000
vt 0.054100 0.585900
vt 0.110900 0.622700
vt 0.172400 0.644900
vt 0.235500 0.652400
vt 0.297700 0.645600
vt 0.288300 0.603700
vt 0.279500 0.561400
vt 0.270600 0.515100
vt 0.261200 0.464000
vt 0.253800 0.422500
vt 0.613900 0.531900
vt 0.615300 0.521100
vt 0.616900 0.530400
vt 0.615200 0.544600
vt 0.611900 0.553300
vt 0.606900 0.559200
vt 0.601600 0.563200
vt 0.593200 0.572900
vt 0.587800 0.581200
vt 0.583300 0.595600
vt 0.660100 0.519800
vt 0.656900 0.520700
vt 0.662100 0.526500
vt 0.660700 0.519400
vt 0.663800 0.529400
vt 0.665000 0.528200
vt 0.675100 0.532400
vt 0.675600 0.530900
vt 0.682200 0.534800
vt 0.681600 0.535500
vt 0.686500 0.540400
vt 0.686500 0.540400
vt 0.687100 0.548800
vt 0.687100 0.548800
vt 0.559000 0.223700
vt 0.545300 0.236700
vt 0.545300 0.224200
vt 0.559000 0.237300
vt 0.573400 0.223300
vt 0.573400 0.237700
vt 0.591900 0.222700
vt 0.591900 0.238300
vt 0.603400 0.221100
vt 0.603400 0.239900
vt 0.612700 0.240200
vt 0.612700 0.220500
vt 0.640600 0.220500
vt 0.640600 0.240200
vt 0.587200 0.224200
vt 0.560300 0.235800
vt 0.560300 0.225100
vt 0.587200 0.236700
vt 0.590100 0.584600
vt 0.585900 0.595600
vt 0.595300 0.575900
vt 0.604200 0.567100
vt 0.608100 0.566000
vt 0.610700 0.565200
vt 0.612000 0.564800
vt 0.650800 0.575000
vt 0.655600 0.581000
vt 0.656000 0.585300
vt 0.671600 0.591200
vt 0.656000 0.591200
vt 0.659000 0.600300
vt 0.666800 0.606000
vt 0.676400 0.606000
vt 0.684200 0.600300
vt 0.687100 0.591200
vt 0.687100 0.581300
vt 0.664700 0.491200
vt 0.609300 0.513900
vt 0.609300 0.491200
vt 0.664700 0.513800
vt 0.665700 0.518400
vt 0.669500 0.523200
vt 0.676700 0.526500
vt 0.687200 0.528700
vt 0.691200 0.536800
vt 0.616800 0.530400
vt 0.613800 0.532000
vt 0.615200 0.544700
vt 0.615200 0.521200
vt 0.613700 0.520000
vt 0.606900 0.529400
vt 0.607800 0.535100
vt 0.611900 0.553400
vt 0.612000 0.564900
vt 0.610700 0.565300
vt 0.606900 0.559200
vt 0.608100 0.566000
vt 0.601600 0.563200
vt 0.604200 0.567200
vt 0.593200 0.572900
vt 0.595300 0.576000
vt 0.587800 0.581300
vt 0.590100 0.584700
vt 0.583400 0.595700
vt 0.585900 0.595700
vt 0.602400 0.539100
vt 0.598100 0.557500
vt 0.591000 0.568700
vt 0.585500 0.577200
vt 0.580500 0.595800
vt 0.657500 0.525200
vt 0.654800 0.532500
vt 0.661300 0.527600
vt 0.651100 0.530100
vt 0.650900 0.552200
vt 0.654900 0.552200
vt 0.656600 0.570900
vt 0.660600 0.570800
vt 0.664200 0.579600
vt 0.664700 0.578400
vt 0.674900 0.578200
vt 0.674900 0.577000
vt 0.663800 0.529400
vt 0.675100 0.532300
vt 0.681600 0.535500
vt 0.686500 0.540300
vt 0.687100 0.548700
vt 0.687200 0.581200
vt 0.687200 0.591100
vt 0.671600 0.591100
vt 0.684200 0.600300
vt 0.676500 0.605900
vt 0.666800 0.605900
vt 0.659000 0.600300
vt 0.656100 0.591200
vt 0.656000 0.585200
vt 0.655600 0.581000
vt 0.650800 0.575000
vt 0.656800 0.520600
vt 0.660000 0.519800
vt 0.660700 0.519300
vt 0.578800 0.593900
vt 0.579100 0.567300
vt 0.581400 0.553700
vt 0.588200 0.541800
vt 0.599900 0.529600
vt 0.607300 0.521500
vt 0.609200 0.513900
vt 0.664600 0.513800
vt 0.664600 0.491200
vt 0.609200 0.491200
vt 0.665700 0.518400
vt 0.662000 0.526500
vt 0.669500 0.523200
vt 0.664900 0.528100
vt 0.675500 0.530900
vt 0.676600 0.526400
vt 0.682200 0.534800
vt 0.687100 0.528600
vt 0.691200 0.536800
vt 0.686500 0.540300
vt 0.687100 0.548700
vt 0.800100 0.375800
vt 0.800100 0.375800
vt 0.800100 0.375800
vt 0.800100 0.375800
vt 0.800100 0.375800
vt 0.763400 0.539200
vt 0.763400 0.539200
vt 0.763400 0.539200
vt 0.763400 0.539200
vt 0.763400 0.539200
vt 0.763400 0.539200
vt 0.763400 0.539200
vt 0.763400 0.539200
# num_vertices: 7889


g Object_train_tank.jpg

usemtl mat_0-train_tank.jpg

f 1/1 2/2 3/3
f 4/4 5/5 6/6
f 7/7 8/8 9/9
f 10/10 11/11 12/12
f 13/13 14/14 15/15
f 16/16 17/17 18/18
f 19/19 20/20 21/21
f 22/22 23/23 24/24
f 25/25 26/26 27/27
f 28/28 29/29 30/30
f 31/31 32/32 33/33
f 34/34 35/35 36/36
f 37/37 38/38 39/39
f 40/40 41/41 42/42
f 43/43 44/44 45/45
f 46/46 47/47 48/48
f 49/49 50/50 51/51
f 52/52 53/53 54/54
f 55/55 56/56 57/57
f 58/58 59/59 60/60
f 61/61 62/62 63/63
f 64/64 65/65 66/66
f 67/67 68/68 69/69
f 70/70 71/71 72/72
f 73/73 74/74 75/75
f 76/76 77/77 78/78
f 79/79 80/80 81/81
f 82/82 83/83 84/84
f 85/85 86/86 87/87
f 86/86 85/85 88/88
f 89/89 90/90 91/91
f 92/92 90/90 89/89
f 93/93 94/94 95/95
f 96/96 94/94 93/93
f 91/91 97/97 98/98
f 90/90 97/97 91/91
f 99/99 100/100 101/101
f 102/102 100/100 99/99
f 98/98 102/102 99/99
f 97/97 102/102 98/98
f 103/103 104/104 105/105
f 106/106 104/104 103/103
f 107/107 108/108 109/109
f 110/110 107/107 109/109
f 111/111 107/107 110/110
f 110/110 112/112 111/111
f 113/113 112/112 110/110
f 113/113 105/105 112/112
f 103/103 105/105 113/113
f 114/114 104/104 106/106
f 115/115 104/104 114/114
f 114/114 116/116 115/115
f 117/117 116/116 114/114
f 117/117 118/118 116/116
f 119/119 118/118 117/117
f 119/119 120/120 118/118
f 121/121 120/120 119/119
f 121/121 122/122 120/120
f 123/123 122/122 121/121
f 124/124 125/125 126/126
f 127/127 125/125 124/124
f 128/128 129/129 130/130
f 131/131 129/129 128/128
f 132/132 133/133 134/134
f 135/135 133/133 132/132
f 136/136 137/137 138/138
f 139/139 137/137 136/136
f 140/140 141/141 142/142
f 143/143 141/141 140/140
f 144/144 145/145 146/146
f 147/147 145/145 144/144
f 148/148 149/149 150/150
f 151/151 149/149 148/148
f 152/152 149/149 153/153
f 150/150 149/149 152/152
f 154/154 155/155 156/156
f 157/157 155/155 154/154
f 158/158 155/155 159/159
f 156/156 155/155 158/158
f 160/160 161/161 162/162
f 163/163 161/161 160/160
f 164/164 161/161 165/165
f 162/162 161/161 164/164
f 166/166 167/167 168/168
f 169/169 167/167 166/166
f 170/170 167/167 171/171
f 168/168 167/167 170/170
f 172/172 173/173 174/174
f 175/175 173/173 172/172
f 176/176 173/173 177/177
f 174/174 173/173 176/176
f 178/178 179/179 180/180
f 181/181 179/179 178/178
f 182/182 179/179 183/183
f 180/180 179/179 182/182
f 184/184 185/185 186/186
f 187/187 185/185 184/184
f 188/188 185/185 189/189
f 186/186 185/185 188/188
f 190/190 191/191 192/192
f 193/193 191/191 190/190
f 194/194 191/191 195/195
f 192/192 191/191 194/194
f 196/196 197/197 198/198
f 199/199 197/197 196/196
f 200/200 197/197 199/199
f 201/201 197/197 200/200
f 202/202 203/203 204/204
f 205/205 203/203 202/202
f 206/206 203/203 205/205
f 207/207 203/203 206/206
f 208/208 209/209 210/210
f 211/211 208/208 210/210
f 212/212 211/211 210/210
f 213/213 212/212 210/210
f 214/214 213/213 210/210
f 215/215 213/213 214/214
f 216/216 215/215 214/214
f 217/217 216/216 214/214
f 218/218 107/107 219/219
f 220/220 107/107 218/218
f 108/108 107/107 220/220
f 93/93 221/221 222/222
f 95/95 221/221 93/93
f 223/223 224/224 225/225
f 226/226 224/224 223/223
f 227/227 226/226 223/223
f 228/228 226/226 227/227
f 229/229 228/228 227/227
f 230/230 228/228 229/229
f 231/231 230/230 229/229
f 232/232 230/230 231/231
f 233/233 232/232 231/231
f 234/234 232/232 233/233
f 235/235 234/234 233/233
f 236/236 234/234 235/235
f 237/237 236/236 235/235
f 238/238 236/236 237/237
f 239/239 238/238 237/237
f 240/240 238/238 239/239
f 241/241 240/240 239/239
f 242/242 240/240 241/241
f 149/149 212/212 213/213
f 155/155 212/212 149/149
f 155/155 211/211 212/212
f 161/161 211/211 155/155
f 167/167 211/211 161/161
f 208/208 211/211 167/167
f 167/167 209/209 208/208
f 173/173 209/209 167/167
f 173/173 210/210 209/209
f 179/179 210/210 173/173
f 179/179 214/214 210/210
f 185/185 214/214 179/179
f 185/185 217/217 214/214
f 191/191 217/217 185/185
f 197/197 217/217 191/191
f 216/216 217/217 197/197
f 197/197 215/215 216/216
f 203/203 215/215 197/197
f 203/203 213/213 215/215
f 149/149 213/213 203/203
f 243/243 244/244 245/245
f 246/246 244/244 243/243
f 247/247 246/246 243/243
f 248/248 246/246 247/247
f 249/249 248/248 247/247
f 250/250 248/248 249/249
f 251/251 250/250 249/249
f 252/252 250/250 251/251
f 253/253 252/252 251/251
f 254/254 252/252 253/253
f 255/255 254/254 253/253
f 256/256 254/254 255/255
f 257/257 256/256 255/255
f 258/258 256/256 257/257
f 259/259 258/258 257/257
f 260/260 258/258 259/259
f 261/261 260/260 259/259
f 262/262 260/260 261/261
f 263/263 264/264 265/265
f 266/266 264/264 263/263
f 267/267 266/266 263/263
f 268/268 266/266 267/267
f 269/269 268/268 267/267
f 270/270 268/268 269/269
f 271/271 270/270 269/269
f 272/272 270/270 271/271
f 273/273 272/272 271/271
f 274/274 272/272 273/273
f 275/275 274/274 273/273
f 276/276 274/274 275/275
f 277/277 276/276 275/275
f 278/278 276/276 277/277
f 279/279 278/278 277/277
f 280/280 278/278 279/279
f 281/281 280/280 279/279
f 282/282 280/280 281/281
f 283/283 284/284 285/285
f 286/286 284/284 283/283
f 287/287 286/286 283/283
f 288/288 286/286 287/287
f 289/289 288/288 287/287
f 290/290 288/288 289/289
f 291/291 290/290 289/289
f 292/292 290/290 291/291
f 293/293 292/292 291/291
f 294/294 292/292 293/293
f 295/295 294/294 293/293
f 296/296 294/294 295/295
f 297/297 296/296 295/295
f 298/298 296/296 297/297
f 299/299 298/298 297/297
f 300/300 298/298 299/299
f 301/301 300/300 299/299
f 302/302 300/300 301/301
f 303/303 302/302 301/301
f 304/304 302/302 303/303
f 305/305 304/304 303/303
f 306/306 304/304 305/305
f 307/307 306/306 305/305
f 308/308 306/306 307/307
f 309/309 308/308 307/307
f 310/310 308/308 309/309
f 311/311 310/310 309/309
f 312/312 310/310 311/311
f 313/313 312/312 311/311
f 314/314 312/312 313/313
f 315/315 314/314 313/313
f 316/316 314/314 315/315
f 317/317 316/316 315/315
f 318/318 316/316 317/317
f 319/319 318/318 317/317
f 320/320 318/318 319/319
f 321/321 322/322 323/323
f 324/324 321/321 323/323
f 325/325 324/324 323/323
f 326/326 325/325 323/323
f 327/327 326/326 323/323
f 328/328 327/327 323/323
f 329/329 328/328 323/323
f 330/330 329/329 323/323
f 331/331 330/330 323/323
f 332/332 331/331 323/323
f 333/333 332/332 323/323
f 334/334 333/333 323/323
f 335/335 334/334 323/323
f 336/336 335/335 323/323
f 337/337 336/336 323/323
f 338/338 337/337 323/323
f 339/339 340/340 341/341
f 342/342 339/339 341/341
f 343/343 342/342 341/341
f 344/344 343/343 341/341
f 345/345 344/344 341/341
f 346/346 345/345 341/341
f 347/347 346/346 341/341
f 348/348 347/347 341/341
f 349/349 348/348 341/341
f 350/350 349/349 341/341
f 351/351 350/350 341/341
f 352/352 351/351 341/341
f 353/353 352/352 341/341
f 354/354 353/353 341/341
f 355/355 354/354 341/341
f 356/356 355/355 341/341
f 357/357 358/358 359/359
f 359/359 358/358 360/360
f 361/361 359/359 360/360
f 360/360 362/362 361/361
f 363/363 361/361 362/362
f 364/364 363/363 362/362
f 365/365 363/363 364/364
f 366/366 367/367 368/368
f 369/369 366/366 368/368
f 370/370 366/366 369/369
f 369/369 364/364 370/370
f 371/371 370/370 364/364
f 372/372 371/371 364/364
f 362/362 372/372 364/364
f 373/373 372/372 362/362
f 374/374 373/373 362/362
f 373/373 374/374 375/375
f 374/374 376/376 375/375
f 377/377 375/375 376/376
f 367/367 377/377 376/376
f 368/368 367/367 376/376
f 376/376 378/378 368/368
f 368/368 378/378 379/379
f 378/378 380/380 379/379
f 379/379 380/380 381/381
f 382/382 383/383 384/384
f 385/385 383/383 382/382
f 385/385 386/386 383/383
f 387/387 386/386 385/385
f 387/387 388/388 386/386
f 389/389 388/388 387/387
f 389/389 390/390 388/388
f 391/391 390/390 389/389
f 392/392 393/393 394/394
f 395/395 393/393 392/392
f 396/396 395/395 392/392
f 397/397 395/395 396/396
f 398/398 397/397 396/396
f 399/399 397/397 398/398
f 400/400 242/242 241/241
f 401/401 242/242 400/400
f 402/402 393/393 403/403
f 394/394 393/393 402/402
f 404/404 405/405 406/406
f 407/407 405/405 404/404
f 407/407 408/408 405/405
f 409/409 408/408 407/407
f 409/409 410/410 408/408
f 408/408 410/410 411/411
f 410/410 412/412 411/411
f 413/413 412/412 410/410
f 413/413 414/414 412/412
f 415/415 414/414 413/413
f 415/415 416/416 414/414
f 417/417 416/416 415/415
f 417/417 418/418 416/416
f 419/419 418/418 417/417
f 419/419 406/406 418/418
f 404/404 406/406 419/419
f 420/420 421/421 422/422
f 423/423 421/421 420/420
f 424/424 423/423 420/420
f 423/423 424/424 425/425
f 426/426 425/425 424/424
f 426/426 427/427 425/425
f 428/428 427/427 426/426
f 429/429 430/430 431/431
f 432/432 430/430 429/429
f 433/433 432/432 429/429
f 432/432 433/433 427/427
f 434/434 427/427 433/433
f 435/435 427/427 434/434
f 425/425 427/427 435/435
f 436/436 425/425 435/435
f 437/437 425/425 436/436
f 436/436 438/438 437/437
f 437/437 438/438 439/439
f 439/439 438/438 440/440
f 431/431 439/439 440/440
f 430/430 439/439 431/431
f 430/430 441/441 439/439
f 442/442 441/441 430/430
f 442/442 443/443 441/441
f 444/444 443/443 442/442
f 2/2 445/445 3/3
f 446/446 445/445 2/2
f 447/447 448/448 449/449
f 450/450 448/448 447/447
f 450/450 451/451 448/448
f 452/452 451/451 450/450
f 452/452 453/453 451/451
f 454/454 453/453 452/452
f 454/454 455/455 453/453
f 456/456 455/455 454/454
f 457/457 458/458 459/459
f 457/457 460/460 458/458
f 460/460 457/457 461/461
f 457/457 462/462 461/461
f 463/463 462/462 457/457
f 464/464 465/465 466/466
f 467/467 466/466 465/465
f 468/468 467/467 465/465
f 469/469 467/467 468/468
f 470/470 467/467 469/469
f 470/470 469/469 471/471
f 471/471 469/469 472/472
f 471/471 472/472 473/473
f 473/473 472/472 474/474
f 473/473 474/474 475/475
f 475/475 474/474 476/476
f 477/477 475/475 476/476
f 478/478 475/475 477/477
f 479/479 478/478 477/477
f 480/480 478/478 479/479
f 481/481 467/467 470/470
f 466/466 467/467 481/481
f 446/446 482/482 445/445
f 445/445 483/483 3/3
f 484/484 483/483 445/445
f 403/403 221/221 402/402
f 222/222 221/221 403/403
f 485/485 481/481 470/470
f 486/486 481/481 485/485
f 486/486 485/485 487/487
f 487/487 485/485 488/488
f 487/487 488/488 489/489
f 489/489 488/488 490/490
f 489/489 490/490 491/491
f 491/491 490/490 492/492
f 491/491 492/492 493/493
f 493/493 492/492 494/494
f 6/6 493/493 494/494
f 5/5 493/493 6/6
f 495/495 496/496 497/497
f 498/498 495/495 497/497
f 498/498 499/499 495/495
f 499/499 500/500 495/495
f 495/495 500/500 501/501
f 495/495 501/501 502/502
f 503/503 504/504 505/505
f 506/506 503/503 505/505
f 507/507 503/503 506/506
f 508/508 503/503 507/507
f 509/509 503/503 508/508
f 510/510 511/511 512/512
f 512/512 511/511 513/513
f 512/512 513/513 514/514
f 514/514 513/513 515/515
f 514/514 515/515 516/516
f 516/516 515/515 517/517
f 517/517 518/518 516/516
f 519/519 518/518 517/517
f 519/519 520/520 518/518
f 521/521 520/520 519/519
f 521/521 522/522 520/520
f 523/523 522/522 521/521
f 523/523 524/524 522/522
f 522/522 524/524 525/525
f 524/524 526/526 525/525
f 525/525 526/526 527/527
f 526/526 528/528 527/527
f 529/529 528/528 526/526
f 511/511 528/528 529/529
f 528/528 511/511 510/510
f 530/530 531/531 532/532
f 533/533 531/531 530/530
f 534/534 535/535 536/536
f 537/537 535/535 534/534
f 538/538 539/539 540/540
f 541/541 540/540 539/539
f 542/542 540/540 541/541
f 543/543 544/544 545/545
f 546/546 544/544 543/543
f 547/547 548/548 549/549
f 550/550 548/548 547/547
f 546/546 551/551 544/544
f 552/552 551/551 546/546
f 553/553 551/551 554/554
f 544/544 551/551 553/553
f 549/549 552/552 546/546
f 548/548 552/552 549/549
f 555/555 556/556 557/557
f 558/558 556/556 555/555
f 559/559 560/560 561/561
f 562/562 560/560 559/559
f 563/563 560/560 564/564
f 561/561 560/560 563/563
f 557/557 565/565 566/566
f 556/556 565/565 557/557
f 567/567 568/568 569/569
f 570/570 568/568 567/567
f 571/571 570/570 567/567
f 572/572 570/570 571/571
f 573/573 572/572 571/571
f 574/574 572/572 573/573
f 575/575 574/574 573/573
f 576/576 574/574 575/575
f 577/577 576/576 575/575
f 578/578 576/576 577/577
f 579/579 578/578 577/577
f 580/580 578/578 579/579
f 581/581 580/580 579/579
f 582/582 580/580 581/581
f 583/583 582/582 581/581
f 584/584 582/582 583/583
f 585/585 586/586 587/587
f 588/588 586/586 585/585
f 589/589 588/588 585/585
f 590/590 588/588 589/589
f 591/591 590/590 589/589
f 592/592 590/590 591/591
f 593/593 592/592 591/591
f 594/594 592/592 593/593
f 595/595 594/594 593/593
f 596/596 594/594 595/595
f 597/597 596/596 595/595
f 598/598 596/596 597/597
f 599/599 598/598 597/597
f 600/600 598/598 599/599
f 587/587 600/600 599/599
f 586/586 600/600 587/587
f 601/601 602/602 603/603
f 604/604 602/602 601/601
f 605/605 602/602 606/606
f 603/603 602/602 605/605
f 607/607 601/601 608/608
f 609/609 601/601 607/607
f 603/603 608/608 601/601
f 605/605 608/608 603/603
f 605/605 610/610 611/611
f 606/606 610/610 605/605
f 606/606 604/604 612/612
f 602/602 604/604 606/606
f 613/613 614/614 615/615
f 616/616 614/614 613/613
f 617/617 618/618 619/619
f 619/619 618/618 620/620
f 618/618 621/621 620/620
f 622/622 621/621 618/618
f 623/623 624/624 625/625
f 626/626 624/624 623/623
f 627/627 623/623 625/625
f 628/628 623/623 627/627
f 626/626 629/629 624/624
f 630/630 629/629 626/626
f 631/631 632/632 633/633
f 634/634 632/632 631/631
f 635/635 634/634 631/631
f 636/636 634/634 635/635
f 637/637 634/634 636/636
f 638/638 637/637 636/636
f 639/639 638/638 636/636
f 640/640 638/638 639/639
f 641/641 638/638 640/640
f 641/641 640/640 642/642
f 642/642 640/640 643/643
f 642/642 643/643 644/644
f 643/643 645/645 644/644
f 644/644 645/645 646/646
f 646/646 645/645 647/647
f 647/647 645/645 648/648
f 648/648 645/645 649/649
f 649/649 645/645 650/650
f 650/650 645/645 651/651
f 645/645 652/652 651/651
f 652/652 653/653 651/651
f 653/653 654/654 651/651
f 655/655 656/656 657/657
f 658/658 656/656 655/655
f 659/659 660/660 661/661
f 662/662 660/660 659/659
f 659/659 663/663 662/662
f 662/662 663/663 664/664
f 663/663 665/665 664/664
f 664/664 665/665 666/666
f 665/665 667/667 666/666
f 666/666 667/667 668/668
f 669/669 670/670 671/671
f 672/672 669/669 671/671
f 673/673 672/672 671/671
f 674/674 673/673 671/671
f 675/675 674/674 671/671
f 676/676 675/675 671/671
f 677/677 676/676 671/671
f 678/678 677/677 671/671
f 670/670 678/678 671/671
f 669/669 679/679 670/670
f 680/680 679/679 669/669
f 672/672 680/680 669/669
f 681/681 680/680 672/672
f 673/673 681/681 672/672
f 682/682 681/681 673/673
f 674/674 682/682 673/673
f 683/683 682/682 674/674
f 675/675 683/683 674/674
f 684/684 683/683 675/675
f 676/676 684/684 675/675
f 685/685 684/684 676/676
f 677/677 685/685 676/676
f 686/686 685/685 677/677
f 678/678 686/686 677/677
f 687/687 686/686 678/678
f 670/670 687/687 678/678
f 679/679 687/687 670/670
f 688/688 689/689 690/690
f 691/691 689/689 688/688
f 692/692 693/693 694/694
f 695/695 693/693 692/692
f 696/696 691/691 688/688
f 697/697 691/691 696/696
f 698/698 696/696 688/688
f 699/699 696/696 698/698
f 697/697 694/694 691/691
f 692/692 694/694 697/697
f 700/700 701/701 702/702
f 703/703 701/701 700/700
f 704/704 705/705 706/706
f 707/707 705/705 704/704
f 708/708 704/704 706/706
f 709/709 704/704 708/708
f 710/710 702/702 711/711
f 700/700 702/702 710/710
f 712/712 713/713 714/714
f 715/715 713/713 712/712
f 716/716 717/717 718/718
f 719/719 717/717 716/716
f 715/715 720/720 713/713
f 721/721 720/720 715/715
f 722/722 720/720 723/723
f 713/713 720/720 722/722
f 718/718 721/721 715/715
f 717/717 721/721 718/718
f 724/724 725/725 726/726
f 727/727 725/725 724/724
f 728/728 729/729 730/730
f 731/731 729/729 728/728
f 732/732 729/729 733/733
f 730/730 729/729 732/732
f 726/726 734/734 735/735
f 725/725 734/734 726/726
f 736/736 737/737 738/738
f 739/739 737/737 736/736
f 740/740 741/741 742/742
f 743/743 741/741 740/740
f 744/744 739/739 736/736
f 745/745 739/739 744/744
f 746/746 744/744 736/736
f 747/747 744/744 746/746
f 745/745 742/742 739/739
f 740/740 742/742 745/745
f 748/748 749/749 750/750
f 751/751 749/749 748/748
f 752/752 753/753 754/754
f 755/755 753/753 752/752
f 756/756 752/752 754/754
f 757/757 752/752 756/756
f 758/758 750/750 759/759
f 748/748 750/750 758/758
f 760/760 761/761 762/762
f 763/763 761/761 760/760
f 764/764 760/760 762/762
f 765/765 760/760 764/764
f 763/763 766/766 761/761
f 767/767 766/766 763/763
f 768/768 769/769 770/770
f 771/771 769/769 768/768
f 772/772 771/771 768/768
f 773/773 771/771 772/772
f 774/774 773/773 772/772
f 775/775 773/773 774/774
f 776/776 775/775 774/774
f 777/777 775/775 776/776
f 778/778 779/779 780/780
f 781/781 779/779 778/778
f 782/782 779/779 783/783
f 780/780 779/779 782/782
f 784/784 781/781 778/778
f 785/785 781/781 784/784
f 786/786 787/787 788/788
f 788/788 787/787 789/789
f 790/790 789/789 787/787
f 791/791 789/789 790/790
f 792/792 791/791 790/790
f 793/793 791/791 792/792
f 794/794 793/793 792/792
f 795/795 793/793 794/794
f 796/796 795/795 794/794
f 797/797 795/795 796/796
f 798/798 797/797 796/796
f 799/799 797/797 798/798
f 800/800 799/799 798/798
f 801/801 799/799 800/800
f 802/802 801/801 800/800
f 803/803 801/801 802/802
f 804/804 803/803 802/802
f 805/805 803/803 804/804
f 806/806 805/805 804/804
f 807/807 805/805 806/806
f 808/808 807/807 806/806
f 809/809 807/807 808/808
f 808/808 810/810 809/809
f 809/809 810/810 811/811
f 812/812 813/813 814/814
f 815/815 812/812 814/814
f 816/816 815/815 814/814
f 817/817 816/816 814/814
f 818/818 817/817 814/814
f 819/819 818/818 814/814
f 820/820 818/818 819/819
f 821/821 818/818 820/820
f 822/822 818/818 821/821
f 823/823 818/818 822/822
f 824/824 823/823 822/822
f 825/825 826/826 827/827
f 828/828 826/826 825/825
f 829/829 830/830 831/831
f 832/832 829/829 831/831
f 833/833 832/832 831/831
f 834/834 832/832 833/833
f 835/835 832/832 834/834
f 836/836 832/832 835/835
f 837/837 832/832 836/836
f 838/838 832/832 837/837
f 839/839 832/832 838/838
f 840/840 832/832 839/839
f 841/841 840/840 839/839
f 842/842 843/843 844/844
f 845/845 843/843 842/842
f 846/846 847/847 848/848
f 849/849 847/847 846/846
f 850/850 851/851 852/852
f 853/853 851/851 850/850
f 854/854 855/855 856/856
f 857/857 855/855 854/854
f 858/858 859/859 860/860
f 861/861 859/859 858/858
f 862/862 863/863 864/864
f 865/865 863/863 862/862
f 866/866 867/867 868/868
f 869/869 867/867 866/866
f 870/870 871/871 872/872
f 873/873 871/871 870/870
f 874/874 875/875 876/876
f 877/877 875/875 874/874
f 876/876 878/878 879/879
f 875/875 878/878 876/876
f 879/879 880/880 881/881
f 878/878 880/880 879/879
f 882/882 883/883 884/884
f 885/885 882/882 884/884
f 886/886 885/885 884/884
f 887/887 886/886 884/884
f 888/888 887/887 884/884
f 889/889 888/888 884/884
f 890/890 889/889 884/884
f 891/891 890/890 884/884
f 892/892 891/891 884/884
f 893/893 892/892 884/884
f 894/894 893/893 884/884
f 895/895 893/893 894/894
f 896/896 897/897 898/898
f 899/899 896/896 898/898
f 900/900 899/899 898/898
f 901/901 900/900 898/898
f 902/902 901/901 898/898
f 903/903 902/902 898/898
f 904/904 903/903 898/898
f 905/905 904/904 898/898
f 906/906 905/905 898/898
f 907/907 906/906 898/898
f 908/908 907/907 898/898
f 909/909 908/908 898/898
f 910/910 911/911 912/912
f 913/913 911/911 910/910
f 914/914 915/915 916/916
f 916/916 915/915 917/917
f 916/916 917/917 918/918
f 918/918 917/917 919/919
f 919/919 920/920 918/918
f 918/918 920/920 921/921
f 920/920 922/922 921/921
f 921/921 922/922 923/923
f 924/924 921/921 923/923
f 925/925 921/921 924/924
f 534/534 925/925 924/924
f 536/536 925/925 534/534
f 535/535 926/926 927/927
f 537/537 926/926 535/535
f 928/928 929/929 930/930
f 931/931 929/929 928/928
f 931/931 932/932 929/929
f 933/933 932/932 931/931
f 933/933 934/934 932/932
f 935/935 934/934 933/933
f 936/936 934/934 935/935
f 937/937 934/934 936/936
f 938/938 939/939 940/940
f 941/941 939/939 938/938
f 9/9 11/11 10/10
f 8/8 11/11 9/9
f 942/942 943/943 944/944
f 945/945 943/943 942/942
f 945/945 946/946 943/943
f 947/947 946/946 945/945
f 947/947 948/948 946/946
f 949/949 948/948 947/947
f 950/950 948/948 949/949
f 951/951 948/948 950/950
f 952/952 953/953 954/954
f 955/955 953/953 952/952
f 956/956 957/957 958/958
f 959/959 957/957 956/956
f 956/956 960/960 959/959
f 959/959 960/960 961/961
f 960/960 962/962 961/961
f 961/961 962/962 963/963
f 962/962 964/964 963/963
f 963/963 964/964 965/965
f 966/966 967/967 968/968
f 969/969 967/967 966/966
f 970/970 971/971 972/972
f 973/973 971/971 970/970
f 974/974 975/975 976/976
f 977/977 975/975 974/974
f 978/978 979/979 980/980
f 981/981 979/979 978/978
f 982/982 983/983 984/984
f 985/985 983/983 982/982
f 981/981 986/986 979/979
f 987/987 986/986 981/981
f 988/988 980/980 989/989
f 978/978 980/980 988/988
f 990/990 991/991 992/992
f 993/993 991/991 990/990
f 994/994 995/995 996/996
f 997/997 995/995 994/994
f 998/998 999/999 1000/1000
f 1001/1001 999/999 998/998
f 1000/1000 1002/1002 1003/1003
f 999/999 1002/1002 1000/1000
f 1003/1003 1004/1004 1005/1005
f 1002/1002 1004/1004 1003/1003
f 1006/1006 1007/1007 1008/1008
f 1009/1009 1006/1006 1008/1008
f 1010/1010 1009/1009 1008/1008
f 1011/1011 1010/1010 1008/1008
f 1012/1012 1011/1011 1008/1008
f 1013/1013 1012/1012 1008/1008
f 1014/1014 1013/1013 1008/1008
f 1015/1015 1014/1014 1008/1008
f 1016/1016 1015/1015 1008/1008
f 1017/1017 1016/1016 1008/1008
f 1018/1018 1017/1017 1008/1008
f 1019/1019 1018/1018 1008/1008
f 1020/1020 1021/1021 1022/1022
f 1023/1023 1020/1020 1022/1022
f 1024/1024 1023/1023 1022/1022
f 1025/1025 1024/1024 1022/1022
f 1026/1026 1025/1025 1022/1022
f 1027/1027 1026/1026 1022/1022
f 1028/1028 1027/1027 1022/1022
f 1029/1029 1028/1028 1022/1022
f 1030/1030 1029/1029 1022/1022
f 1031/1031 1030/1030 1022/1022
f 1032/1032 1031/1031 1022/1022
f 1033/1033 1031/1031 1032/1032
f 1034/1034 1035/1035 1036/1036
f 1037/1037 1035/1035 1034/1034
f 1038/1038 11/11 8/8
f 1039/1039 11/11 1038/1038
f 1040/1040 920/920 1041/1041
f 922/922 920/920 1040/1040
f 1042/1042 1043/1043 1044/1044
f 1045/1045 1043/1043 1042/1042
f 1046/1046 1045/1045 1042/1042
f 1047/1047 1045/1045 1046/1046
f 1048/1048 1049/1049 1050/1050
f 1051/1051 1049/1049 1048/1048
f 1044/1044 1052/1052 1053/1053
f 1043/1043 1052/1052 1044/1044
f 1054/1054 1055/1055 1056/1056
f 1057/1057 1055/1055 1054/1054
f 915/915 1058/1058 1059/1059
f 914/914 1058/1058 915/915
f 1060/1060 1061/1061 1062/1062
f 1063/1063 1060/1060 1062/1062
f 1064/1064 1063/1063 1062/1062
f 1065/1065 1063/1063 1064/1064
f 1065/1065 1064/1064 1066/1066
f 1067/1067 1065/1065 1066/1066
f 1066/1066 1064/1064 1068/1068
f 1069/1069 1070/1070 1071/1071
f 1071/1071 1070/1070 1072/1072
f 1070/1070 1073/1073 1072/1072
f 1072/1072 1073/1073 1074/1074
f 1073/1073 1049/1049 1074/1074
f 1050/1050 1049/1049 1073/1073
f 1075/1075 1076/1076 1077/1077
f 1078/1078 1076/1076 1075/1075
f 1078/1078 1079/1079 1076/1076
f 1080/1080 1079/1079 1078/1078
f 1080/1080 1081/1081 1079/1079
f 1082/1082 1081/1081 1080/1080
f 1083/1083 1081/1081 1082/1082
f 1084/1084 1081/1081 1083/1083
f 1085/1085 1086/1086 1087/1087
f 1088/1088 1086/1086 1085/1085
f 1068/1068 1089/1089 1090/1090
f 1064/1064 1089/1089 1068/1068
f 1064/1064 1091/1091 1089/1089
f 1062/1062 1091/1091 1064/1064
f 1061/1061 1091/1091 1062/1062
f 1057/1057 1091/1091 1061/1061
f 1092/1092 1093/1093 1094/1094
f 1095/1095 1093/1093 1092/1092
f 1095/1095 1096/1096 1093/1093
f 1097/1097 1096/1096 1095/1095
f 1097/1097 1098/1098 1096/1096
f 1099/1099 1098/1098 1097/1097
f 1100/1100 1098/1098 1099/1099
f 1101/1101 1098/1098 1100/1100
f 1102/1102 1103/1103 1104/1104
f 1105/1105 1103/1103 1102/1102
f 1106/1106 1107/1107 1108/1108
f 1109/1109 1107/1107 1106/1106
f 1110/1110 1111/1111 1112/1112
f 1113/1113 1111/1111 1110/1110
f 1114/1114 1115/1115 1116/1116
f 1117/1117 1115/1115 1114/1114
f 1118/1118 1112/1112 1119/1119
f 1120/1120 1112/1112 1118/1118
f 1119/1119 1111/1111 1121/1121
f 1112/1112 1111/1111 1119/1119
f 1119/1119 1114/1114 1116/1116
f 1121/1121 1114/1114 1119/1119
f 1122/1122 1123/1123 1124/1124
f 1125/1125 1123/1123 1122/1122
f 1126/1126 1122/1122 1127/1127
f 1128/1128 1122/1122 1126/1126
f 1129/1129 1130/1130 1131/1131
f 1124/1124 1130/1130 1129/1129
f 1127/1127 1124/1124 1129/1129
f 1122/1122 1124/1124 1127/1127
f 1132/1132 1133/1133 1134/1134
f 1135/1135 1133/1133 1132/1132
f 1136/1136 1137/1137 1138/1138
f 1139/1139 1137/1137 1136/1136
f 1140/1140 1141/1141 1142/1142
f 1143/1143 1141/1141 1140/1140
f 1144/1144 1138/1138 1145/1145
f 1146/1146 1138/1138 1144/1144
f 1145/1145 1137/1137 1147/1147
f 1138/1138 1137/1137 1145/1145
f 1145/1145 1140/1140 1142/1142
f 1147/1147 1140/1140 1145/1145
f 1148/1148 1149/1149 1150/1150
f 1151/1151 1149/1149 1148/1148
f 1149/1149 1152/1152 1153/1153
f 1154/1154 1152/1152 1149/1149
f 1155/1155 1156/1156 1157/1157
f 1150/1150 1156/1156 1155/1155
f 1150/1150 1153/1153 1156/1156
f 1149/1149 1153/1153 1150/1150
f 1158/1158 1159/1159 1160/1160
f 1161/1161 1159/1159 1158/1158
f 1162/1162 1163/1163 1164/1164
f 1165/1165 1163/1163 1162/1162
f 1166/1166 1163/1163 1167/1167
f 1164/1164 1163/1163 1166/1166
f 1168/1168 1169/1169 1170/1170
f 1171/1171 1169/1169 1168/1168
f 1172/1172 1173/1173 1174/1174
f 1175/1175 1173/1173 1172/1172
f 1176/1176 1173/1173 1177/1177
f 1174/1174 1173/1173 1176/1176
f 1178/1178 1179/1179 1180/1180
f 1181/1181 1179/1179 1178/1178
f 1182/1182 1183/1183 1184/1184
f 1185/1185 1183/1183 1182/1182
f 1186/1186 1187/1187 1188/1188
f 1189/1189 1187/1187 1186/1186
f 1190/1190 1191/1191 1192/1192
f 1193/1193 1191/1191 1190/1190
f 1194/1194 1195/1195 1196/1196
f 1197/1197 1195/1195 1194/1194
f 1198/1198 1187/1187 1199/1199
f 1188/1188 1187/1187 1198/1198
f 1200/1200 1201/1201 1202/1202
f 1203/1203 1201/1201 1200/1200
f 1204/1204 1205/1205 1206/1206
f 1207/1207 1205/1205 1204/1204
f 1208/1208 1183/1183 1185/1185
f 1209/1209 1183/1183 1208/1208
f 1210/1210 1211/1211 1212/1212
f 1213/1213 1211/1211 1210/1210
f 1214/1214 1211/1211 1215/1215
f 1212/1212 1211/1211 1214/1214
f 1216/1216 1217/1217 1218/1218
f 1219/1219 1217/1217 1216/1216
f 1220/1220 1221/1221 1222/1222
f 1223/1223 1221/1221 1220/1220
f 1224/1224 1221/1221 1225/1225
f 1222/1222 1221/1221 1224/1224
f 1226/1226 1227/1227 1228/1228
f 1229/1229 1227/1227 1226/1226
f 1230/1230 1231/1231 1232/1232
f 1233/1233 1231/1231 1230/1230
f 1234/1234 1235/1235 1236/1236
f 1237/1237 1235/1235 1234/1234
f 1238/1238 1239/1239 1240/1240
f 1241/1241 1239/1239 1238/1238
f 1242/1242 1243/1243 1244/1244
f 1245/1245 1243/1243 1242/1242
f 1246/1246 1247/1247 1248/1248
f 1249/1249 1247/1247 1246/1246
f 1250/1250 1231/1231 1233/1233
f 1251/1251 1231/1231 1250/1250
f 1252/1252 1201/1201 1253/1253
f 1202/1202 1201/1201 1252/1252
f 1254/1254 1243/1243 1255/1255
f 1244/1244 1243/1243 1254/1254
f 1256/1256 1257/1257 1258/1258
f 1259/1259 1257/1257 1256/1256
f 1256/1256 1260/1260 1261/1261
f 1262/1262 1260/1260 1256/1256
f 1263/1263 1264/1264 1262/1262
f 1265/1265 1264/1264 1263/1263
f 1263/1263 1266/1266 1267/1267
f 1268/1268 1266/1266 1263/1263
f 1268/1268 1269/1269 1270/1270
f 1271/1271 1269/1269 1268/1268
f 1272/1272 1273/1273 1271/1271
f 1274/1274 1273/1273 1272/1272
f 1272/1272 1275/1275 1276/1276
f 1277/1277 1275/1275 1272/1272
f 1278/1278 1279/1279 1277/1277
f 1280/1280 1279/1279 1278/1278
f 1278/1278 1281/1281 1282/1282
f 1283/1283 1281/1281 1278/1278
f 1283/1283 1284/1284 1285/1285
f 1286/1286 1284/1284 1283/1283
f 1287/1287 1288/1288 1286/1286
f 1289/1289 1288/1288 1287/1287
f 1287/1287 1290/1290 1291/1291
f 1292/1292 1290/1290 1287/1287
f 1293/1293 1294/1294 1292/1292
f 1295/1295 1294/1294 1293/1293
f 1293/1293 1296/1296 1297/1297
f 1298/1298 1296/1296 1293/1293
f 1298/1298 1299/1299 1300/1300
f 1301/1301 1299/1299 1298/1298
f 1302/1302 1303/1303 1301/1301
f 1304/1304 1303/1303 1302/1302
f 1302/1302 1305/1305 1306/1306
f 1307/1307 1305/1305 1302/1302
f 1308/1308 1309/1309 1310/1310
f 1258/1258 1309/1309 1308/1308
f 1311/1311 1312/1312 1313/1313
f 1308/1308 1312/1312 1311/1311
f 1311/1311 1314/1314 1307/1307
f 1315/1315 1314/1314 1311/1311
f 1316/1316 1317/1317 1318/1318
f 1319/1319 1316/1316 1318/1318
f 1320/1320 1319/1319 1318/1318
f 1321/1321 1320/1320 1318/1318
f 1322/1322 1321/1321 1318/1318
f 1323/1323 1321/1321 1322/1322
f 1324/1324 1323/1323 1322/1322
f 1325/1325 1324/1324 1322/1322
f 1326/1326 1327/1327 1328/1328
f 1329/1329 1327/1327 1326/1326
f 542/542 1330/1330 540/540
f 1331/1331 1330/1330 542/542
f 1332/1332 1331/1331 542/542
f 1333/1333 1331/1331 1332/1332
f 1332/1332 1334/1334 1333/1333
f 1335/1335 1333/1333 1334/1334
f 1336/1336 1333/1333 1335/1335
f 1337/1337 1336/1336 1335/1335
f 1338/1338 1336/1336 1337/1337
f 1337/1337 1339/1339 1338/1338
f 1340/1340 1339/1339 1337/1337
f 1341/1341 1339/1339 1340/1340
f 1342/1342 1343/1343 1344/1344
f 1345/1345 1343/1343 1342/1342
f 1342/1342 1346/1346 1345/1345
f 1345/1345 1346/1346 1347/1347
f 1348/1348 1347/1347 1346/1346
f 1349/1349 1347/1347 1348/1348
f 1350/1350 1349/1349 1348/1348
f 1351/1351 1349/1349 1350/1350
f 1352/1352 1351/1351 1350/1350
f 1353/1353 1351/1351 1352/1352
f 540/540 1353/1353 1352/1352
f 540/540 1354/1354 1353/1353
f 540/540 1330/1330 1354/1354
f 1330/1330 1355/1355 1354/1354
f 1354/1354 1355/1355 1356/1356
f 1357/1357 1358/1358 1359/1359
f 1069/1069 1357/1357 1359/1359
f 1071/1071 1357/1357 1069/1069
f 1360/1360 1058/1058 1361/1361
f 1059/1059 1058/1058 1360/1360
f 1362/1362 1358/1358 1357/1357
f 1052/1052 1362/1362 1357/1357
f 1053/1053 1052/1052 1357/1357
f 1361/1361 926/926 1360/1360
f 927/927 926/926 1361/1361
f 1363/1363 1364/1364 1365/1365
f 1366/1366 1364/1364 1363/1363
f 1108/1108 1367/1367 1106/1106
f 1368/1368 1367/1367 1108/1108
f 1368/1368 1369/1369 1367/1367
f 1370/1370 1369/1369 1368/1368
f 1370/1370 1371/1371 1369/1369
f 1372/1372 1371/1371 1370/1370
f 1373/1373 1374/1374 1375/1375
f 1376/1376 1374/1374 1373/1373
f 1377/1377 1109/1109 1378/1378
f 1107/1107 1109/1109 1377/1377
f 1372/1372 1375/1375 1371/1371
f 1373/1373 1375/1375 1372/1372
f 1379/1379 1380/1380 1381/1381
f 1382/1382 1380/1380 1379/1379
f 1383/1383 1380/1380 1382/1382
f 1384/1384 1383/1383 1382/1382
f 1385/1385 1383/1383 1384/1384
f 1386/1386 1380/1380 1383/1383
f 1352/1352 1350/1350 1387/1387
f 1350/1350 1388/1388 1387/1387
f 1389/1389 1388/1388 1350/1350
f 1350/1350 1348/1348 1389/1389
f 1389/1389 1348/1348 1390/1390
f 1348/1348 1346/1346 1390/1390
f 1390/1390 1346/1346 1391/1391
f 1342/1342 1391/1391 1346/1346
f 1392/1392 1391/1391 1342/1342
f 1342/1342 1344/1344 1392/1392
f 1392/1392 1344/1344 1393/1393
f 1394/1394 1395/1395 1396/1396
f 538/538 1395/1395 1394/1394
f 540/540 1395/1395 538/538
f 540/540 1352/1352 1395/1395
f 1395/1395 1352/1352 1387/1387
f 1387/1387 1396/1396 1395/1395
f 1388/1388 1396/1396 1387/1387
f 1396/1396 1388/1388 1397/1397
f 1397/1397 1388/1388 1398/1398
f 1388/1388 1389/1389 1398/1398
f 1398/1398 1389/1389 1399/1399
f 1389/1389 1390/1390 1399/1399
f 1399/1399 1390/1390 1400/1400
f 1390/1390 1391/1391 1400/1400
f 1400/1400 1391/1391 1401/1401
f 1392/1392 1401/1401 1391/1391
f 1402/1402 1401/1401 1392/1392
f 1392/1392 1393/1393 1402/1402
f 1402/1402 1393/1393 1403/1403
f 1404/1404 1405/1405 1406/1406
f 1407/1407 1405/1405 1404/1404
f 1408/1408 1407/1407 1404/1404
f 1409/1409 1407/1407 1408/1408
f 1409/1409 1408/1408 1410/1410
f 1410/1410 1408/1408 1411/1411
f 1412/1412 1410/1410 1411/1411
f 1413/1413 1410/1410 1412/1412
f 1414/1414 1413/1413 1412/1412
f 1415/1415 1413/1413 1414/1414
f 1416/1416 1415/1415 1414/1414
f 1417/1417 1415/1415 1416/1416
f 1418/1418 1417/1417 1416/1416
f 1419/1419 1417/1417 1418/1418
f 1420/1420 1421/1421 1422/1422
f 1423/1423 1421/1421 1420/1420
f 1424/1424 1425/1425 1426/1426
f 1427/1427 1425/1425 1424/1424
f 1428/1428 1427/1427 1424/1424
f 1429/1429 1427/1427 1428/1428
f 1430/1430 1429/1429 1428/1428
f 1431/1431 1429/1429 1430/1430
f 1432/1432 1431/1431 1430/1430
f 1433/1433 1431/1431 1432/1432
f 1433/1433 1432/1432 1434/1434
f 1434/1434 1432/1432 1435/1435
f 1436/1436 1434/1434 1435/1435
f 1437/1437 1434/1434 1436/1436
f 1438/1438 1439/1439 1440/1440
f 1441/1441 1439/1439 1438/1438
f 1438/1438 1442/1442 1441/1441
f 1441/1441 1442/1442 1443/1443
f 1444/1444 1443/1443 1442/1442
f 1445/1445 1443/1443 1444/1444
f 1444/1444 1446/1446 1445/1445
f 1447/1447 1446/1446 1444/1444
f 1448/1448 1446/1446 1447/1447
f 1449/1449 1446/1446 1448/1448
f 1450/1450 1449/1449 1448/1448
f 1451/1451 1449/1449 1450/1450
f 1452/1452 1451/1451 1450/1450
f 1453/1453 1451/1451 1452/1452
f 1454/1454 1453/1453 1452/1452
f 1455/1455 1453/1453 1454/1454
f 503/503 1455/1455 1454/1454
f 509/509 1455/1455 503/503
f 1456/1456 1457/1457 1458/1458
f 1458/1458 1457/1457 1459/1459
f 1459/1459 1460/1460 1458/1458
f 1458/1458 1460/1460 1461/1461
f 1460/1460 1462/1462 1461/1461
f 1463/1463 1461/1461 1462/1462
f 1464/1464 1461/1461 1463/1463
f 1465/1465 1464/1464 1463/1463
f 1466/1466 1464/1464 1465/1465
f 1457/1457 1466/1466 1465/1465
f 1464/1464 1467/1467 1468/1468
f 1466/1466 1467/1467 1464/1464
f 1469/1469 1470/1470 1471/1471
f 1472/1472 1470/1470 1469/1469
f 1472/1472 1473/1473 1470/1470
f 1474/1474 1473/1473 1472/1472
f 1474/1474 1475/1475 1473/1473
f 1473/1473 1475/1475 1476/1476
f 1475/1475 1477/1477 1476/1476
f 1478/1478 1477/1477 1475/1475
f 1478/1478 1479/1479 1477/1477
f 1480/1480 1479/1479 1478/1478
f 1480/1480 1481/1481 1479/1479
f 1482/1482 1481/1481 1480/1480
f 1482/1482 1483/1483 1481/1481
f 1484/1484 1483/1483 1482/1482
f 1484/1484 1471/1471 1483/1483
f 1469/1469 1471/1471 1484/1484
f 1485/1485 1486/1486 1487/1487
f 1488/1488 1486/1486 1485/1485
f 1489/1489 1488/1488 1485/1485
f 1488/1488 1489/1489 1490/1490
f 1491/1491 1490/1490 1489/1489
f 1491/1491 1492/1492 1490/1490
f 1493/1493 1492/1492 1491/1491
f 1494/1494 1495/1495 1496/1496
f 1497/1497 1495/1495 1494/1494
f 1498/1498 1497/1497 1494/1494
f 1497/1497 1498/1498 1492/1492
f 1499/1499 1492/1492 1498/1498
f 1500/1500 1492/1492 1499/1499
f 1490/1490 1492/1492 1500/1500
f 1501/1501 1490/1490 1500/1500
f 1502/1502 1490/1490 1501/1501
f 1501/1501 1503/1503 1502/1502
f 1502/1502 1503/1503 1504/1504
f 1504/1504 1503/1503 1505/1505
f 1496/1496 1504/1504 1505/1505
f 1495/1495 1504/1504 1496/1496
f 1495/1495 1506/1506 1504/1504
f 1507/1507 1506/1506 1495/1495
f 1507/1507 1508/1508 1506/1506
f 1509/1509 1508/1508 1507/1507
f 1510/1510 1511/1511 1512/1512
f 1512/1512 1511/1511 1513/1513
f 1514/1514 1512/1512 1513/1513
f 1513/1513 1515/1515 1514/1514
f 1516/1516 1514/1514 1515/1515
f 1517/1517 1516/1516 1515/1515
f 1518/1518 1516/1516 1517/1517
f 1519/1519 1520/1520 1521/1521
f 1522/1522 1519/1519 1521/1521
f 1523/1523 1519/1519 1522/1522
f 1522/1522 1517/1517 1523/1523
f 1524/1524 1523/1523 1517/1517
f 1525/1525 1524/1524 1517/1517
f 1515/1515 1525/1525 1517/1517
f 1526/1526 1525/1525 1515/1515
f 1527/1527 1526/1526 1515/1515
f 1526/1526 1527/1527 1528/1528
f 1527/1527 1529/1529 1528/1528
f 1530/1530 1528/1528 1529/1529
f 1520/1520 1530/1530 1529/1529
f 1521/1521 1520/1520 1529/1529
f 1529/1529 1531/1531 1521/1521
f 1521/1521 1531/1531 1532/1532
f 1531/1531 1533/1533 1532/1532
f 1532/1532 1533/1533 1534/1534
f 1535/1535 1536/1536 1537/1537
f 1537/1537 1536/1536 1538/1538
f 1537/1537 1538/1538 1539/1539
f 1539/1539 1538/1538 1540/1540
f 1541/1541 1539/1539 1540/1540
f 1542/1542 1539/1539 1541/1541
f 1541/1541 1543/1543 1542/1542
f 1542/1542 1543/1543 1544/1544
f 1535/1535 1542/1542 1544/1544
f 1536/1536 1535/1535 1544/1544
f 1545/1545 1536/1536 1544/1544
f 1546/1546 1536/1536 1545/1545
f 1547/1547 1546/1546 1545/1545
f 1548/1548 1546/1546 1547/1547
f 1547/1547 1541/1541 1548/1548
f 1543/1543 1541/1541 1547/1547
f 1549/1549 1550/1550 1551/1551
f 1552/1552 1550/1550 1549/1549
f 1553/1553 1554/1554 1555/1555
f 1556/1556 1554/1554 1553/1553
f 1557/1557 1558/1558 1559/1559
f 1560/1560 1558/1558 1557/1557
f 1561/1561 1560/1560 1557/1557
f 1562/1562 1560/1560 1561/1561
f 1563/1563 1562/1562 1561/1561
f 1564/1564 1562/1562 1563/1563
f 1565/1565 1566/1566 1567/1567
f 1568/1568 1566/1566 1565/1565
f 1569/1569 1570/1570 1571/1571
f 1572/1572 1570/1570 1569/1569
f 1567/1567 1564/1564 1563/1563
f 1566/1566 1564/1564 1567/1567
f 1573/1573 1574/1574 1575/1575
f 1576/1576 1574/1574 1573/1573
f 1576/1576 1577/1577 1574/1574
f 1578/1578 1577/1577 1576/1576
f 1578/1578 1579/1579 1577/1577
f 1580/1580 1579/1579 1578/1578
f 1580/1580 1581/1581 1579/1579
f 1582/1582 1581/1581 1580/1580
f 1583/1583 1584/1584 1585/1585
f 1586/1586 1584/1584 1583/1583
f 1586/1586 1583/1583 1587/1587
f 1588/1588 1586/1586 1587/1587
f 1589/1589 1588/1588 1587/1587
f 1590/1590 1587/1587 1583/1583
f 1591/1591 1571/1571 1570/1570
f 1592/1592 1571/1571 1591/1591
f 1572/1572 1559/1559 1558/1558
f 1569/1569 1559/1559 1572/1572
f 1593/1593 1594/1594 1595/1595
f 1596/1596 1593/1593 1595/1595
f 1597/1597 1593/1593 1596/1596
f 1597/1597 1596/1596 1598/1598
f 1597/1597 1598/1598 1599/1599
f 1600/1600 1601/1601 1602/1602
f 1603/1603 1600/1600 1602/1602
f 1603/1603 1604/1604 1600/1600
f 1604/1604 1605/1605 1600/1600
f 1600/1600 1605/1605 1606/1606
f 1600/1600 1606/1606 1607/1607
f 1608/1608 1609/1609 1610/1610
f 1611/1611 1608/1608 1610/1610
f 1612/1612 1608/1608 1611/1611
f 1613/1613 1612/1612 1611/1611
f 1614/1614 1613/1613 1611/1611
f 1615/1615 1616/1616 1617/1617
f 1618/1618 1615/1615 1617/1617
f 1619/1619 1618/1618 1617/1617
f 1620/1620 1619/1619 1617/1617
f 1621/1621 1620/1620 1617/1617
f 1622/1622 1621/1621 1617/1617
f 1623/1623 1624/1624 1625/1625
f 1626/1626 1624/1624 1623/1623
f 1627/1627 1626/1626 1623/1623
f 1628/1628 1626/1626 1627/1627
f 1629/1629 1628/1628 1627/1627
f 1630/1630 1628/1628 1629/1629
f 1631/1631 1630/1630 1629/1629
f 1632/1632 1630/1630 1631/1631
f 1633/1633 1632/1632 1631/1631
f 1634/1634 1632/1632 1633/1633
f 1635/1635 1634/1634 1633/1633
f 1636/1636 1634/1634 1635/1635
f 1637/1637 1636/1636 1635/1635
f 1638/1638 1636/1636 1637/1637
f 1639/1639 1638/1638 1637/1637
f 1640/1640 1638/1638 1639/1639
f 1641/1641 1642/1642 1643/1643
f 1644/1644 1641/1641 1643/1643
f 1645/1645 1644/1644 1643/1643
f 1646/1646 1645/1645 1643/1643
f 1647/1647 1646/1646 1643/1643
f 1648/1648 1647/1647 1643/1643
f 1649/1649 1650/1650 1651/1651
f 1652/1652 1650/1650 1649/1649
f 1653/1653 1652/1652 1649/1649
f 1654/1654 1652/1652 1653/1653
f 1655/1655 1654/1654 1653/1653
f 1656/1656 1654/1654 1655/1655
f 1657/1657 1656/1656 1655/1655
f 1658/1658 1656/1656 1657/1657
f 1659/1659 1658/1658 1657/1657
f 1660/1660 1658/1658 1659/1659
f 1661/1661 1660/1660 1659/1659
f 1662/1662 1660/1660 1661/1661
f 1663/1663 1662/1662 1661/1661
f 1664/1664 1662/1662 1663/1663
f 1651/1651 1664/1664 1663/1663
f 1650/1650 1664/1664 1651/1651
f 1665/1665 1666/1666 1667/1667
f 1668/1668 1665/1665 1667/1667
f 1669/1669 1668/1668 1667/1667
f 1670/1670 1669/1669 1667/1667
f 1671/1671 1670/1670 1667/1667
f 1672/1672 1671/1671 1667/1667
f 1673/1673 1674/1674 1675/1675
f 1676/1676 1673/1673 1675/1675
f 1677/1677 1676/1676 1675/1675
f 1678/1678 1677/1677 1675/1675
f 1679/1679 1678/1678 1675/1675
f 1680/1680 1679/1679 1675/1675
f 1681/1681 1682/1682 1683/1683
f 1684/1684 1681/1681 1683/1683
f 1685/1685 1681/1681 1684/1684
f 1686/1686 1687/1687 1688/1688
f 1689/1689 1687/1687 1686/1686
f 1689/1689 1690/1690 1687/1687
f 1691/1691 1690/1690 1689/1689
f 1691/1691 1692/1692 1690/1690
f 1693/1693 1692/1692 1691/1691
f 1693/1693 1694/1694 1692/1692
f 1695/1695 1694/1694 1693/1693
f 1695/1695 1696/1696 1694/1694
f 1697/1697 1696/1696 1695/1695
f 1697/1697 1698/1698 1696/1696
f 1699/1699 1698/1698 1697/1697
f 1699/1699 1700/1700 1698/1698
f 1701/1701 1700/1700 1699/1699
f 1701/1701 1688/1688 1700/1700
f 1686/1686 1688/1688 1701/1701
f 1702/1702 1703/1703 1704/1704
f 1705/1705 1702/1702 1704/1704
f 1706/1706 1705/1705 1704/1704
f 1707/1707 1706/1706 1704/1704
f 1708/1708 1707/1707 1704/1704
f 1709/1709 1708/1708 1704/1704
f 1710/1710 1711/1711 1712/1712
f 1713/1713 1710/1710 1712/1712
f 1714/1714 1713/1713 1712/1712
f 1715/1715 1714/1714 1712/1712
f 1716/1716 1715/1715 1712/1712
f 1717/1717 1716/1716 1712/1712
f 1718/1718 1719/1719 1720/1720
f 1721/1721 1719/1719 1718/1718
f 1718/1718 1722/1722 1721/1721
f 1721/1721 1722/1722 1723/1723
f 1722/1722 1724/1724 1723/1723
f 1723/1723 1724/1724 1725/1725
f 1724/1724 1726/1726 1725/1725
f 1725/1725 1726/1726 1727/1727
f 1728/1728 1729/1729 1730/1730
f 1731/1731 1729/1729 1728/1728
f 1728/1728 1732/1732 1731/1731
f 1731/1731 1732/1732 1733/1733
f 1732/1732 1734/1734 1733/1733
f 1733/1733 1734/1734 1735/1735
f 1734/1734 1736/1736 1735/1735
f 1735/1735 1736/1736 1737/1737
f 1738/1738 1739/1739 1740/1740
f 1741/1741 1739/1739 1738/1738
f 1742/1742 1741/1741 1738/1738
f 1743/1743 1741/1741 1742/1742
f 1743/1743 1742/1742 1744/1744
f 1744/1744 1742/1742 1745/1745
f 1746/1746 1744/1744 1745/1745
f 1747/1747 1744/1744 1746/1746
f 1748/1748 1747/1747 1746/1746
f 1749/1749 1747/1747 1748/1748
f 1750/1750 1749/1749 1748/1748
f 1751/1751 1749/1749 1750/1750
f 1752/1752 1751/1751 1750/1750
f 1753/1753 1751/1751 1752/1752
f 1754/1754 1755/1755 1756/1756
f 1757/1757 1755/1755 1754/1754
f 1754/1754 1758/1758 1757/1757
f 1757/1757 1758/1758 1759/1759
f 1760/1760 1759/1759 1758/1758
f 1761/1761 1759/1759 1760/1760
f 1760/1760 1762/1762 1761/1761
f 1763/1763 1762/1762 1760/1760
f 1764/1764 1762/1762 1763/1763
f 1765/1765 1762/1762 1764/1764
f 1766/1766 1765/1765 1764/1764
f 1767/1767 1765/1765 1766/1766
f 1768/1768 1767/1767 1766/1766
f 1769/1769 1767/1767 1768/1768
f 1770/1770 1769/1769 1768/1768
f 1771/1771 1769/1769 1770/1770
f 1613/1613 1771/1771 1770/1770
f 1614/1614 1771/1771 1613/1613
f 1772/1772 1773/1773 1774/1774
f 1775/1775 1773/1773 1772/1772
f 1776/1776 1775/1775 1772/1772
f 1777/1777 1775/1775 1776/1776
f 1778/1778 1777/1777 1776/1776
f 1779/1779 1777/1777 1778/1778
f 1780/1780 1779/1779 1778/1778
f 1781/1781 1779/1779 1780/1780
f 1782/1782 1781/1781 1780/1780
f 1783/1783 1781/1781 1782/1782
f 1784/1784 1783/1783 1782/1782
f 1785/1785 1783/1783 1784/1784
f 1786/1786 1785/1785 1784/1784
f 1787/1787 1785/1785 1786/1786
f 1788/1788 1787/1787 1786/1786
f 1789/1789 1787/1787 1788/1788
f 1790/1790 1789/1789 1788/1788
f 1791/1791 1789/1789 1790/1790
f 1792/1792 1791/1791 1790/1790
f 1793/1793 1791/1791 1792/1792
f 1794/1794 1793/1793 1792/1792
f 1795/1795 1793/1793 1794/1794
f 1796/1796 1795/1795 1794/1794
f 1797/1797 1795/1795 1796/1796
f 1798/1798 1797/1797 1796/1796
f 1799/1799 1797/1797 1798/1798
f 1800/1800 1799/1799 1798/1798
f 1801/1801 1799/1799 1800/1800
f 1802/1802 1801/1801 1800/1800
f 1803/1803 1801/1801 1802/1802
f 1804/1804 1803/1803 1802/1802
f 1805/1805 1803/1803 1804/1804
f 1806/1806 1805/1805 1804/1804
f 1807/1807 1805/1805 1806/1806
f 1808/1808 1807/1807 1806/1806
f 1809/1809 1807/1807 1808/1808
f 1810/1810 1809/1809 1808/1808
f 1811/1811 1809/1809 1810/1810
f 1812/1812 1811/1811 1810/1810
f 1813/1813 1811/1811 1812/1812
f 1814/1814 1813/1813 1812/1812
f 1815/1815 1813/1813 1814/1814
f 1816/1816 1815/1815 1814/1814
f 1817/1817 1815/1815 1816/1816
f 1818/1818 1817/1817 1816/1816
f 1819/1819 1817/1817 1818/1818
f 1820/1820 1819/1819 1818/1818
f 1821/1821 1819/1819 1820/1820
f 1822/1822 1821/1821 1820/1820
f 1823/1823 1821/1821 1822/1822
f 1824/1824 1825/1825 1826/1826
f 1827/1827 1825/1825 1824/1824
f 1828/1828 1827/1827 1824/1824
f 1829/1829 1827/1827 1828/1828
f 1830/1830 1829/1829 1828/1828
f 1831/1831 1829/1829 1830/1830
f 1832/1832 1831/1831 1830/1830
f 1833/1833 1831/1831 1832/1832
f 1834/1834 1833/1833 1832/1832
f 1835/1835 1833/1833 1834/1834
f 1836/1836 1835/1835 1834/1834
f 1837/1837 1835/1835 1836/1836
f 1838/1838 1837/1837 1836/1836
f 1839/1839 1837/1837 1838/1838
f 1840/1840 1839/1839 1838/1838
f 1841/1841 1839/1839 1840/1840
f 1842/1842 1841/1841 1840/1840
f 1843/1843 1841/1841 1842/1842
f 1844/1844 1843/1843 1842/1842
f 1845/1845 1843/1843 1844/1844
f 1846/1846 1845/1845 1844/1844
f 1847/1847 1845/1845 1846/1846
f 1848/1848 1847/1847 1846/1846
f 1849/1849 1847/1847 1848/1848
f 1850/1850 1849/1849 1848/1848
f 1851/1851 1849/1849 1850/1850
f 1852/1852 1851/1851 1850/1850
f 1853/1853 1851/1851 1852/1852
f 1854/1854 1853/1853 1852/1852
f 1855/1855 1853/1853 1854/1854
f 1856/1856 1855/1855 1854/1854
f 1857/1857 1855/1855 1856/1856
f 1858/1858 1857/1857 1856/1856
f 1859/1859 1857/1857 1858/1858
f 1860/1860 1859/1859 1858/1858
f 1861/1861 1859/1859 1860/1860
f 1862/1862 1861/1861 1860/1860
f 1863/1863 1861/1861 1862/1862
f 1864/1864 1863/1863 1862/1862
f 1865/1865 1863/1863 1864/1864
f 1866/1866 1865/1865 1864/1864
f 1867/1867 1865/1865 1866/1866
f 1868/1868 1867/1867 1866/1866
f 1869/1869 1867/1867 1868/1868
f 1870/1870 1869/1869 1868/1868
f 1871/1871 1869/1869 1870/1870
f 1872/1872 1871/1871 1870/1870
f 1873/1873 1871/1871 1872/1872
f 1874/1874 1873/1873 1872/1872
f 1875/1875 1873/1873 1874/1874
f 1876/1876 1877/1877 1878/1878
f 1879/1879 1877/1877 1876/1876
f 1880/1880 1877/1877 1879/1879
f 1881/1881 1877/1877 1880/1880
f 1882/1882 1881/1881 1880/1880
f 1883/1883 1881/1881 1882/1882
f 1884/1884 1883/1883 1882/1882
f 1885/1885 1883/1883 1884/1884
f 1886/1886 1885/1885 1884/1884
f 1887/1887 1885/1885 1886/1886
f 1888/1888 1889/1889 1890/1890
f 1891/1891 1889/1889 1888/1888
f 1892/1892 1891/1891 1888/1888
f 1893/1893 1891/1891 1892/1892
f 1894/1894 1893/1893 1892/1892
f 1895/1895 1893/1893 1894/1894
f 1896/1896 1895/1895 1894/1894
f 1897/1897 1895/1895 1896/1896
f 1898/1898 1897/1897 1896/1896
f 1899/1899 1897/1897 1898/1898
f 1900/1900 1899/1899 1898/1898
f 1901/1901 1899/1899 1900/1900
f 1902/1902 1901/1901 1900/1900
f 1903/1903 1901/1901 1902/1902
f 1904/1904 1903/1903 1902/1902
f 1905/1905 1903/1903 1904/1904
f 1906/1906 1905/1905 1904/1904
f 1907/1907 1905/1905 1906/1906
f 1908/1908 1909/1909 1910/1910
f 1911/1911 1909/1909 1908/1908
f 1912/1912 1911/1911 1908/1908
f 1913/1913 1911/1911 1912/1912
f 1876/1876 1913/1913 1912/1912
f 1878/1878 1913/1913 1876/1876
f 1914/1914 1915/1915 1916/1916
f 1917/1917 1914/1914 1916/1916
f 1918/1918 1917/1917 1916/1916
f 1919/1919 1918/1918 1916/1916
f 1920/1920 1919/1919 1916/1916
f 1921/1921 1920/1920 1916/1916
f 1922/1922 1921/1921 1916/1916
f 1923/1923 1922/1922 1916/1916
f 1924/1924 1923/1923 1916/1916
f 1925/1925 1924/1924 1916/1916
f 1926/1926 1925/1925 1916/1916
f 1927/1927 1926/1926 1916/1916
f 1928/1928 1927/1927 1916/1916
f 1929/1929 1928/1928 1916/1916
f 1930/1930 1929/1929 1916/1916
f 1931/1931 1930/1930 1916/1916
f 1932/1932 1931/1931 1916/1916
f 1933/1933 1932/1932 1916/1916
f 1934/1934 1933/1933 1916/1916
f 1935/1935 1934/1934 1916/1916
f 1936/1936 1935/1935 1916/1916
f 1937/1937 1936/1936 1916/1916
f 1938/1938 1937/1937 1916/1916
f 1939/1939 1940/1940 1941/1941
f 1942/1942 1940/1940 1939/1939
f 1942/1942 1943/1943 1940/1940
f 1944/1944 1943/1943 1942/1942
f 1944/1944 1945/1945 1943/1943
f 1946/1946 1945/1945 1944/1944
f 1947/1947 1948/1948 1949/1949
f 1950/1950 1948/1948 1947/1947
f 1946/1946 1951/1951 1945/1945
f 1952/1952 1951/1951 1946/1946
f 1953/1953 1954/1954 1955/1955
f 1956/1956 1954/1954 1953/1953
f 1953/1953 1957/1957 1956/1956
f 1956/1956 1957/1957 1958/1958
f 1959/1959 1950/1950 1947/1947
f 1960/1960 1950/1950 1959/1959
f 1961/1961 1960/1960 1959/1959
f 1962/1962 1960/1960 1961/1961
f 1963/1963 1907/1907 1906/1906
f 1964/1964 1907/1907 1963/1963
f 1965/1965 1966/1966 1967/1967
f 1966/1966 1968/1968 1967/1967
f 1969/1969 1968/1968 1966/1966
f 1969/1969 1970/1970 1968/1968
f 1971/1971 1970/1970 1969/1969
f 1971/1971 1972/1972 1970/1970
f 1973/1973 1972/1972 1971/1971
f 1973/1973 1974/1974 1972/1972
f 1975/1975 1974/1974 1973/1973
f 1976/1976 1974/1974 1975/1975
f 1977/1977 1974/1974 1976/1976
f 1978/1978 1979/1979 1980/1980
f 1981/1981 1979/1979 1978/1978
f 1982/1982 1981/1981 1978/1978
f 1983/1983 1981/1981 1982/1982
f 1982/1982 1967/1967 1983/1983
f 1965/1965 1967/1967 1982/1982
f 1984/1984 1681/1681 1985/1985
f 1682/1682 1681/1681 1984/1984
f 1986/1986 1987/1987 1988/1988
f 1988/1988 1987/1987 1989/1989
f 1987/1987 1990/1990 1989/1989
f 1989/1989 1990/1990 1991/1991
f 1992/1992 1991/1991 1990/1990
f 1993/1993 1992/1992 1990/1990
f 1994/1994 1993/1993 1990/1990
f 1995/1995 1993/1993 1994/1994
f 1994/1994 1996/1996 1995/1995
f 1997/1997 1996/1996 1994/1994
f 1997/1997 1984/1984 1996/1996
f 1682/1682 1984/1984 1997/1997
f 1969/1969 1966/1966 1998/1998
f 1971/1971 1969/1969 1998/1998
f 1999/1999 1971/1971 1998/1998
f 1973/1973 1971/1971 1999/1999
f 1973/1973 1999/1999 2000/2000
f 1975/1975 1973/1973 2000/2000
f 2000/2000 1999/1999 2001/2001
f 2002/2002 2003/2003 2004/2004
f 2004/2004 2003/2003 2005/2005
f 2003/2003 2006/2006 2005/2005
f 2005/2005 2006/2006 2007/2007
f 2006/2006 1954/1954 2007/2007
f 1955/1955 1954/1954 2006/2006
f 2008/2008 2009/2009 2010/2010
f 1909/1909 2008/2008 2010/2010
f 1910/1910 1909/1909 2010/2010
f 2011/2011 2012/2012 2013/2013
f 2014/2014 2011/2011 2013/2013
f 2015/2015 2014/2014 2013/2013
f 2016/2016 2015/2015 2013/2013
f 2017/2017 2016/2016 2013/2013
f 2018/2018 2017/2017 2013/2013
f 2019/2019 2018/2018 2013/2013
f 2020/2020 2019/2019 2013/2013
f 2021/2021 2020/2020 2013/2013
f 2022/2022 2021/2021 2013/2013
f 2023/2023 2022/2022 2013/2013
f 2024/2024 2023/2023 2013/2013
f 2025/2025 2024/2024 2013/2013
f 2026/2026 2025/2025 2013/2013
f 2027/2027 2026/2026 2013/2013
f 2028/2028 2027/2027 2013/2013
f 2029/2029 2028/2028 2013/2013
f 2030/2030 2029/2029 2013/2013
f 2031/2031 2030/2030 2013/2013
f 2032/2032 2031/2031 2013/2013
f 2033/2033 2032/2032 2013/2013
f 2034/2034 2033/2033 2013/2013
f 2035/2035 2034/2034 2013/2013
f 2036/2036 2037/2037 2038/2038
f 2039/2039 2037/2037 2036/2036
f 2040/2040 2039/2039 2036/2036
f 2041/2041 2039/2039 2040/2040
f 2042/2042 2041/2041 2040/2040
f 2043/2043 2041/2041 2042/2042
f 2044/2044 2043/2043 2042/2042
f 2045/2045 2043/2043 2044/2044
f 2046/2046 2045/2045 2044/2044
f 2047/2047 2045/2045 2046/2046
f 2048/2048 2047/2047 2046/2046
f 2049/2049 2047/2047 2048/2048
f 2050/2050 2049/2049 2048/2048
f 2051/2051 2049/2049 2050/2050
f 2052/2052 2051/2051 2050/2050
f 2053/2053 2051/2051 2052/2052
f 2054/2054 2053/2053 2052/2052
f 2055/2055 2053/2053 2054/2054
f 2056/2056 2055/2055 2054/2054
f 2057/2057 2055/2055 2056/2056
f 2058/2058 2057/2057 2056/2056
f 2059/2059 2057/2057 2058/2058
f 2060/2060 2059/2059 2058/2058
f 2061/2061 2059/2059 2060/2060
f 2062/2062 2061/2061 2060/2060
f 2063/2063 2061/2061 2062/2062
f 2064/2064 2063/2063 2062/2062
f 2065/2065 2063/2063 2064/2064
f 2066/2066 2065/2065 2064/2064
f 2067/2067 2065/2065 2066/2066
f 2068/2068 2067/2067 2066/2066
f 2069/2069 2067/2067 2068/2068
f 2070/2070 2069/2069 2068/2068
f 2071/2071 2069/2069 2070/2070
f 2072/2072 2071/2071 2070/2070
f 2073/2073 2071/2071 2072/2072
f 2074/2074 2073/2073 2072/2072
f 2075/2075 2073/2073 2074/2074
f 2076/2076 2075/2075 2074/2074
f 2077/2077 2075/2075 2076/2076
f 2078/2078 2077/2077 2076/2076
f 2079/2079 2077/2077 2078/2078
f 2080/2080 2079/2079 2078/2078
f 2081/2081 2079/2079 2080/2080
f 2082/2082 2081/2081 2080/2080
f 2083/2083 2081/2081 2082/2082
f 2084/2084 2083/2083 2082/2082
f 2085/2085 2083/2083 2084/2084
f 2086/2086 2085/2085 2084/2084
f 2087/2087 2085/2085 2086/2086
f 2001/2001 2088/2088 2089/2089
f 1999/1999 2088/2088 2001/2001
f 1999/1999 2090/2090 2088/2088
f 1998/1998 2090/2090 1999/1999
f 1966/1966 2090/2090 1998/1998
f 1965/1965 2090/2090 1966/1966
f 2091/2091 2092/2092 2093/2093
f 2094/2094 2091/2091 2093/2093
f 2095/2095 2094/2094 2093/2093
f 2096/2096 2095/2095 2093/2093
f 2097/2097 2096/2096 2093/2093
f 2098/2098 2097/2097 2093/2093
f 2099/2099 2098/2098 2093/2093
f 2100/2100 2099/2099 2093/2093
f 2101/2101 2100/2100 2093/2093
f 2102/2102 2101/2101 2093/2093
f 2103/2103 2102/2102 2093/2093
f 2104/2104 2103/2103 2093/2093
f 2105/2105 2104/2104 2093/2093
f 2106/2106 2105/2105 2093/2093
f 2107/2107 2106/2106 2093/2093
f 2108/2108 2107/2107 2093/2093
f 2109/2109 2108/2108 2093/2093
f 2110/2110 2109/2109 2093/2093
f 2111/2111 2110/2110 2093/2093
f 2112/2112 2111/2111 2093/2093
f 2113/2113 2112/2112 2093/2093
f 2114/2114 2113/2113 2093/2093
f 2115/2115 2114/2114 2093/2093
f 2010/2010 2009/2009 2116/2116
f 2002/2002 2010/2010 2116/2116
f 2004/2004 2010/2010 2002/2002
f 2117/2117 1681/1681 1685/1685
f 1985/1985 1681/1681 2117/2117
f 2118/2118 1948/1948 2119/2119
f 1949/1949 1948/1948 2118/2118
f 2120/2120 2121/2121 2122/2122
f 2123/2123 2120/2120 2122/2122
f 2124/2124 2123/2123 2122/2122
f 2125/2125 2124/2124 2122/2122
f 2126/2126 2125/2125 2122/2122
f 2127/2127 2126/2126 2122/2122
f 2128/2128 2127/2127 2122/2122
f 2129/2129 2128/2128 2122/2122
f 2130/2130 2129/2129 2122/2122
f 2131/2131 2130/2130 2122/2122
f 2132/2132 2131/2131 2122/2122
f 2133/2133 2132/2132 2122/2122
f 2134/2134 2133/2133 2122/2122
f 2135/2135 2134/2134 2122/2122
f 2136/2136 2135/2135 2122/2122
f 2137/2137 2136/2136 2122/2122
f 2138/2138 2137/2137 2122/2122
f 2139/2139 2138/2138 2122/2122
f 2140/2140 2139/2139 2122/2122
f 2141/2141 2140/2140 2122/2122
f 2142/2142 2141/2141 2122/2122
f 2143/2143 2142/2142 2122/2122
f 2144/2144 2143/2143 2122/2122
f 2145/2145 2146/2146 2147/2147
f 2148/2148 2145/2145 2147/2147
f 2149/2149 2148/2148 2147/2147
f 2150/2150 2149/2149 2147/2147
f 2151/2151 2150/2150 2147/2147
f 2152/2152 2151/2151 2147/2147
f 2153/2153 2152/2152 2147/2147
f 2154/2154 2153/2153 2147/2147
f 2155/2155 2154/2154 2147/2147
f 2156/2156 2155/2155 2147/2147
f 2157/2157 2156/2156 2147/2147
f 2158/2158 2156/2156 2157/2157
f 2159/2159 2160/2160 2161/2161
f 2162/2162 2159/2159 2161/2161
f 2163/2163 2162/2162 2161/2161
f 2164/2164 2163/2163 2161/2161
f 2165/2165 2164/2164 2161/2161
f 2166/2166 2165/2165 2161/2161
f 2167/2167 2166/2166 2161/2161
f 2168/2168 2167/2167 2161/2161
f 2169/2169 2168/2168 2161/2161
f 2170/2170 2169/2169 2161/2161
f 2171/2171 2170/2170 2161/2161
f 2172/2172 2171/2171 2161/2161
f 14/14 2173/2173 15/15
f 2174/2174 2173/2173 14/14
f 2175/2175 2176/2176 2177/2177
f 2177/2177 2176/2176 2178/2178
f 2177/2177 2178/2178 2179/2179
f 2179/2179 2178/2178 2180/2180
f 2179/2179 2180/2180 2181/2181
f 2181/2181 2180/2180 2182/2182
f 2181/2181 2182/2182 2183/2183
f 2183/2183 2182/2182 2184/2184
f 2183/2183 2184/2184 2185/2185
f 2185/2185 2184/2184 2186/2186
f 2185/2185 2186/2186 2187/2187
f 2187/2187 2186/2186 2188/2188
f 2188/2188 2189/2189 2187/2187
f 2190/2190 2187/2187 2189/2189
f 2191/2191 2192/2192 2193/2193
f 2193/2193 2192/2192 2194/2194
f 2192/2192 2195/2195 2194/2194
f 2194/2194 2195/2195 2196/2196
f 2195/2195 2197/2197 2196/2196
f 2196/2196 2197/2197 2198/2198
f 2197/2197 2199/2199 2198/2198
f 2198/2198 2199/2199 2200/2200
f 2199/2199 2201/2201 2200/2200
f 2200/2200 2201/2201 2202/2202
f 2201/2201 2203/2203 2202/2202
f 2202/2202 2203/2203 2204/2204
f 2204/2204 2203/2203 2205/2205
f 2206/2206 2205/2205 2203/2203
f 2174/2174 2207/2207 2173/2173
f 2173/2173 2208/2208 15/15
f 2209/2209 2208/2208 2173/2173
f 1992/1992 2210/2210 2211/2211
f 1993/1993 2210/2210 1992/1992
f 2212/2212 2213/2213 2214/2214
f 2215/2215 2213/2213 2212/2212
f 2215/2215 2216/2216 2213/2213
f 2217/2217 2216/2216 2215/2215
f 2218/2218 2219/2219 2220/2220
f 2221/2221 2219/2219 2218/2218
f 2222/2222 2221/2221 2218/2218
f 2223/2223 2221/2221 2222/2222
f 2224/2224 2223/2223 2222/2222
f 2225/2225 2223/2223 2224/2224
f 2226/2226 2225/2225 2224/2224
f 2227/2227 2225/2225 2226/2226
f 2228/2228 2229/2229 2230/2230
f 2231/2231 2229/2229 2228/2228
f 2232/2232 2233/2233 2234/2234
f 2235/2235 2233/2233 2232/2232
f 2236/2236 2214/2214 2237/2237
f 2212/2212 2214/2214 2236/2236
f 2238/2238 2239/2239 2240/2240
f 2241/2241 2239/2239 2238/2238
f 2242/2242 2243/2243 2244/2244
f 2245/2245 2242/2242 2244/2244
f 2246/2246 2242/2242 2245/2245
f 2247/2247 2246/2246 2245/2245
f 2248/2248 2246/2246 2247/2247
f 2249/2249 2248/2248 2247/2247
f 2250/2250 2248/2248 2249/2249
f 2251/2251 2250/2250 2249/2249
f 2252/2252 2250/2250 2251/2251
f 2253/2253 2252/2252 2251/2251
f 2254/2254 2252/2252 2253/2253
f 2255/2255 2254/2254 2253/2253
f 2256/2256 2254/2254 2255/2255
f 2257/2257 2256/2256 2255/2255
f 2243/2243 2256/2256 2257/2257
f 2244/2244 2243/2243 2257/2257
f 2258/2258 2259/2259 2260/2260
f 2261/2261 2259/2259 2258/2258
f 2262/2262 2261/2261 2258/2258
f 2263/2263 2261/2261 2262/2262
f 2264/2264 2263/2263 2262/2262
f 2265/2265 2263/2263 2264/2264
f 2266/2266 2265/2265 2264/2264
f 2267/2267 2265/2265 2266/2266
f 2268/2268 2267/2267 2266/2266
f 2269/2269 2267/2267 2268/2268
f 2270/2270 2269/2269 2268/2268
f 2271/2271 2269/2269 2270/2270
f 2272/2272 2271/2271 2270/2270
f 2273/2273 2271/2271 2272/2272
f 2274/2274 2273/2273 2272/2272
f 2275/2275 2273/2273 2274/2274
f 2276/2276 2275/2275 2274/2274
f 2277/2277 2275/2275 2276/2276
f 2278/2278 2277/2277 2276/2276
f 2279/2279 2277/2277 2278/2278
f 2280/2280 2279/2279 2278/2278
f 2281/2281 2279/2279 2280/2280
f 2282/2282 2281/2281 2280/2280
f 2283/2283 2281/2281 2282/2282
f 2284/2284 2283/2283 2282/2282
f 2285/2285 2283/2283 2284/2284
f 2286/2286 2285/2285 2284/2284
f 2287/2287 2285/2285 2286/2286
f 2288/2288 2287/2287 2286/2286
f 2289/2289 2287/2287 2288/2288
f 2290/2290 2289/2289 2288/2288
f 2291/2291 2289/2289 2290/2290
f 2292/2292 2291/2291 2290/2290
f 2293/2293 2291/2291 2292/2292
f 2294/2294 2293/2293 2292/2292
f 2295/2295 2293/2293 2294/2294
f 2296/2296 2295/2295 2294/2294
f 2297/2297 2295/2295 2296/2296
f 2298/2298 2297/2297 2296/2296
f 2299/2299 2297/2297 2298/2298
f 2300/2300 2299/2299 2298/2298
f 2301/2301 2299/2299 2300/2300
f 2302/2302 2301/2301 2300/2300
f 2303/2303 2301/2301 2302/2302
f 2304/2304 2303/2303 2302/2302
f 2305/2305 2303/2303 2304/2304
f 2306/2306 2305/2305 2304/2304
f 2307/2307 2305/2305 2306/2306
f 2308/2308 2307/2307 2306/2306
f 2309/2309 2307/2307 2308/2308
f 2310/2310 2311/2311 2312/2312
f 2313/2313 2311/2311 2310/2310
f 2314/2314 2313/2313 2310/2310
f 2315/2315 2313/2313 2314/2314
f 2316/2316 2315/2315 2314/2314
f 2317/2317 2315/2315 2316/2316
f 2318/2318 2317/2317 2316/2316
f 2319/2319 2317/2317 2318/2318
f 2320/2320 2319/2319 2318/2318
f 2321/2321 2319/2319 2320/2320
f 2322/2322 2321/2321 2320/2320
f 2323/2323 2321/2321 2322/2322
f 2324/2324 2323/2323 2322/2322
f 2325/2325 2323/2323 2324/2324
f 2326/2326 2325/2325 2324/2324
f 2327/2327 2325/2325 2326/2326
f 2328/2328 2327/2327 2326/2326
f 2329/2329 2327/2327 2328/2328
f 2330/2330 2329/2329 2328/2328
f 2331/2331 2329/2329 2330/2330
f 2332/2332 2331/2331 2330/2330
f 2333/2333 2331/2331 2332/2332
f 2334/2334 2333/2333 2332/2332
f 2335/2335 2333/2333 2334/2334
f 2336/2336 2335/2335 2334/2334
f 2337/2337 2335/2335 2336/2336
f 2338/2338 2337/2337 2336/2336
f 2339/2339 2337/2337 2338/2338
f 2340/2340 2339/2339 2338/2338
f 2341/2341 2339/2339 2340/2340
f 2342/2342 2341/2341 2340/2340
f 2343/2343 2341/2341 2342/2342
f 2344/2344 2343/2343 2342/2342
f 2345/2345 2343/2343 2344/2344
f 2346/2346 2345/2345 2344/2344
f 2347/2347 2345/2345 2346/2346
f 2348/2348 2347/2347 2346/2346
f 2349/2349 2347/2347 2348/2348
f 2350/2350 2349/2349 2348/2348
f 2351/2351 2349/2349 2350/2350
f 2352/2352 2351/2351 2350/2350
f 2353/2353 2351/2351 2352/2352
f 2354/2354 2353/2353 2352/2352
f 2355/2355 2353/2353 2354/2354
f 2356/2356 2355/2355 2354/2354
f 2357/2357 2355/2355 2356/2356
f 2358/2358 2357/2357 2356/2356
f 2359/2359 2357/2357 2358/2358
f 2360/2360 2359/2359 2358/2358
f 2361/2361 2359/2359 2360/2360
f 2362/2362 2363/2363 2364/2364
f 2364/2364 2363/2363 2365/2365
f 2364/2364 2365/2365 2366/2366
f 2366/2366 2365/2365 2367/2367
f 2366/2366 2367/2367 2368/2368
f 2368/2368 2367/2367 2369/2369
f 2369/2369 2370/2370 2368/2368
f 2371/2371 2370/2370 2369/2369
f 2371/2371 2372/2372 2370/2370
f 2373/2373 2372/2372 2371/2371
f 2373/2373 2374/2374 2372/2372
f 2375/2375 2374/2374 2373/2373
f 2375/2375 2376/2376 2374/2374
f 2374/2374 2376/2376 2377/2377
f 2376/2376 2378/2378 2377/2377
f 2377/2377 2378/2378 2379/2379
f 2378/2378 2380/2380 2379/2379
f 2381/2381 2380/2380 2378/2378
f 2363/2363 2380/2380 2381/2381
f 2362/2362 2380/2380 2363/2363
f 2382/2382 2383/2383 2384/2384
f 2385/2385 2382/2382 2384/2384
f 2386/2386 2385/2385 2384/2384
f 2387/2387 2386/2386 2384/2384
f 2388/2388 2387/2387 2384/2384
f 2389/2389 2388/2388 2384/2384
f 2390/2390 2389/2389 2384/2384
f 2391/2391 2390/2390 2384/2384
f 2392/2392 2391/2391 2384/2384
f 2393/2393 2392/2392 2384/2384
f 2394/2394 2393/2393 2384/2384
f 2395/2395 2394/2394 2384/2384
f 2396/2396 2395/2395 2384/2384
f 2397/2397 2396/2396 2384/2384
f 2398/2398 2397/2397 2384/2384
f 2399/2399 2398/2398 2384/2384
f 2400/2400 2399/2399 2384/2384
f 2401/2401 2400/2400 2384/2384
f 2402/2402 2401/2401 2384/2384
f 2403/2403 2402/2402 2384/2384
f 2404/2404 2403/2403 2384/2384
f 2405/2405 2404/2404 2384/2384
f 2406/2406 2405/2405 2384/2384
f 1980/1980 1979/1979 2407/2407
f 2408/2408 2407/2407 1979/1979
f 2409/2409 2407/2407 2408/2408
f 2410/2410 2409/2409 2408/2408
f 2411/2411 2409/2409 2410/2410
f 2412/2412 2411/2411 2410/2410
f 2413/2413 2411/2411 2412/2412
f 2414/2414 2413/2413 2412/2412
f 2415/2415 2413/2413 2414/2414
f 2415/2415 2414/2414 2416/2416
f 2416/2416 2414/2414 1601/1601
f 1601/1601 2417/2417 2416/2416
f 1600/1600 2417/2417 1601/1601
f 1600/1600 1607/1607 2417/2417
f 2417/2417 1607/1607 2418/2418
f 1988/1988 2419/2419 1986/1986
f 2420/2420 2419/2419 1988/1988
f 2421/2421 2422/2422 2423/2423
f 2424/2424 2421/2421 2423/2423
f 2425/2425 2424/2424 2423/2423
f 2426/2426 2425/2425 2423/2423
f 2427/2427 2426/2426 2423/2423
f 2428/2428 2427/2427 2423/2423
f 2429/2429 2428/2428 2423/2423
f 2430/2430 2429/2429 2423/2423
f 2431/2431 2430/2430 2423/2423
f 2432/2432 2431/2431 2423/2423
f 2433/2433 2432/2432 2423/2423
f 2434/2434 2433/2433 2423/2423
f 2435/2435 2434/2434 2423/2423
f 2436/2436 2435/2435 2423/2423
f 2437/2437 2436/2436 2423/2423
f 2438/2438 2437/2437 2423/2423
f 2439/2439 2438/2438 2423/2423
f 2440/2440 2439/2439 2423/2423
f 2441/2441 2440/2440 2423/2423
f 2442/2442 2441/2441 2423/2423
f 2443/2443 2442/2442 2423/2423
f 2444/2444 2443/2443 2423/2423
f 2445/2445 2444/2444 2423/2423
f 2446/2446 2447/2447 2448/2448
f 2449/2449 2447/2447 2446/2446
f 2450/2450 2447/2447 2449/2449
f 2419/2419 2451/2451 2452/2452
f 2420/2420 2451/2451 2419/2419
f 2228/2228 2453/2453 2454/2454
f 2230/2230 2453/2453 2228/2228
f 2455/2455 2456/2456 2457/2457
f 2458/2458 2455/2455 2457/2457
f 2459/2459 2458/2458 2457/2457
f 2460/2460 2459/2459 2457/2457
f 2461/2461 2460/2460 2457/2457
f 2462/2462 2461/2461 2457/2457
f 2463/2463 2462/2462 2457/2457
f 2464/2464 2463/2463 2457/2457
f 2465/2465 2464/2464 2457/2457
f 2466/2466 2465/2465 2457/2457
f 2467/2467 2466/2466 2457/2457
f 2468/2468 2467/2467 2457/2457
f 2469/2469 2468/2468 2457/2457
f 2470/2470 2469/2469 2457/2457
f 2471/2471 2470/2470 2457/2457
f 2472/2472 2471/2471 2457/2457
f 2473/2473 2472/2472 2457/2457
f 2474/2474 2473/2473 2457/2457
f 2475/2475 2474/2474 2457/2457
f 2476/2476 2475/2475 2457/2457
f 2477/2477 2476/2476 2457/2457
f 2478/2478 2477/2477 2457/2457
f 2479/2479 2478/2478 2457/2457
f 18/18 2480/2480 2481/2481
f 17/17 2480/2480 18/18
f 2482/2482 2483/2483 2484/2484
f 2485/2485 2482/2482 2484/2484
f 2486/2486 2485/2485 2484/2484
f 2487/2487 2486/2486 2484/2484
f 2488/2488 2487/2487 2484/2484
f 2489/2489 2488/2488 2484/2484
f 2490/2490 2489/2489 2484/2484
f 2491/2491 2490/2490 2484/2484
f 2492/2492 2491/2491 2484/2484
f 2493/2493 2492/2492 2484/2484
f 2494/2494 2493/2493 2484/2484
f 2495/2495 2494/2494 2484/2484
f 2496/2496 2495/2495 2484/2484
f 2497/2497 2496/2496 2484/2484
f 2498/2498 2497/2497 2484/2484
f 2499/2499 2498/2498 2484/2484
f 2500/2500 2499/2499 2484/2484
f 2501/2501 2500/2500 2484/2484
f 2502/2502 2501/2501 2484/2484
f 2503/2503 2502/2502 2484/2484
f 2504/2504 2503/2503 2484/2484
f 2505/2505 2504/2504 2484/2484
f 2506/2506 2505/2505 2484/2484
f 2507/2507 2508/2508 2509/2509
f 2510/2510 2508/2508 2507/2507
f 2511/2511 2510/2510 2507/2507
f 2512/2512 2510/2510 2511/2511
f 2513/2513 2512/2512 2511/2511
f 2514/2514 2512/2512 2513/2513
f 2515/2515 2514/2514 2513/2513
f 2516/2516 2514/2514 2515/2515
f 2517/2517 2516/2516 2515/2515
f 2518/2518 2516/2516 2517/2517
f 2519/2519 2518/2518 2517/2517
f 2520/2520 2518/2518 2519/2519
f 2521/2521 2520/2520 2519/2519
f 2522/2522 2520/2520 2521/2521
f 2523/2523 2522/2522 2521/2521
f 2524/2524 2522/2522 2523/2523
f 2525/2525 2524/2524 2523/2523
f 2526/2526 2524/2524 2525/2525
f 2527/2527 2526/2526 2525/2525
f 2528/2528 2526/2526 2527/2527
f 2529/2529 2528/2528 2527/2527
f 2530/2530 2528/2528 2529/2529
f 2531/2531 2530/2530 2529/2529
f 2532/2532 2530/2530 2531/2531
f 2533/2533 2532/2532 2531/2531
f 2534/2534 2532/2532 2533/2533
f 2535/2535 2534/2534 2533/2533
f 2536/2536 2534/2534 2535/2535
f 2537/2537 2536/2536 2535/2535
f 2538/2538 2536/2536 2537/2537
f 2539/2539 2538/2538 2537/2537
f 2540/2540 2538/2538 2539/2539
f 2541/2541 2540/2540 2539/2539
f 2542/2542 2540/2540 2541/2541
f 2543/2543 2542/2542 2541/2541
f 2544/2544 2542/2542 2543/2543
f 2545/2545 2544/2544 2543/2543
f 2546/2546 2544/2544 2545/2545
f 2547/2547 2546/2546 2545/2545
f 2548/2548 2546/2546 2547/2547
f 2549/2549 2548/2548 2547/2547
f 2550/2550 2548/2548 2549/2549
f 2551/2551 2550/2550 2549/2549
f 2552/2552 2550/2550 2551/2551
f 2553/2553 2552/2552 2551/2551
f 2554/2554 2552/2552 2553/2553
f 2555/2555 2554/2554 2553/2553
f 2556/2556 2554/2554 2555/2555
f 2557/2557 2556/2556 2555/2555
f 2558/2558 2556/2556 2557/2557
f 2559/2559 2560/2560 2561/2561
f 2562/2562 2560/2560 2559/2559
f 2563/2563 2562/2562 2559/2559
f 2564/2564 2562/2562 2563/2563
f 2565/2565 2564/2564 2563/2563
f 2566/2566 2564/2564 2565/2565
f 2567/2567 2566/2566 2565/2565
f 2568/2568 2566/2566 2567/2567
f 2569/2569 2568/2568 2567/2567
f 2570/2570 2568/2568 2569/2569
f 2571/2571 2570/2570 2569/2569
f 2572/2572 2570/2570 2571/2571
f 2573/2573 2572/2572 2571/2571
f 2574/2574 2572/2572 2573/2573
f 2575/2575 2574/2574 2573/2573
f 2576/2576 2574/2574 2575/2575
f 2577/2577 2576/2576 2575/2575
f 2578/2578 2576/2576 2577/2577
f 2579/2579 2578/2578 2577/2577
f 2580/2580 2578/2578 2579/2579
f 2581/2581 2580/2580 2579/2579
f 2582/2582 2580/2580 2581/2581
f 2583/2583 2582/2582 2581/2581
f 2584/2584 2582/2582 2583/2583
f 2585/2585 2584/2584 2583/2583
f 2586/2586 2584/2584 2585/2585
f 2587/2587 2586/2586 2585/2585
f 2588/2588 2586/2586 2587/2587
f 2589/2589 2588/2588 2587/2587
f 2590/2590 2588/2588 2589/2589
f 2591/2591 2590/2590 2589/2589
f 2592/2592 2590/2590 2591/2591
f 2593/2593 2592/2592 2591/2591
f 2594/2594 2592/2592 2593/2593
f 2595/2595 2594/2594 2593/2593
f 2596/2596 2594/2594 2595/2595
f 2597/2597 2596/2596 2595/2595
f 2598/2598 2596/2596 2597/2597
f 2599/2599 2598/2598 2597/2597
f 2600/2600 2598/2598 2599/2599
f 2601/2601 2600/2600 2599/2599
f 2602/2602 2600/2600 2601/2601
f 2603/2603 2602/2602 2601/2601
f 2604/2604 2602/2602 2603/2603
f 2605/2605 2604/2604 2603/2603
f 2606/2606 2604/2604 2605/2605
f 2607/2607 2606/2606 2605/2605
f 2608/2608 2606/2606 2607/2607
f 2609/2609 2608/2608 2607/2607
f 2610/2610 2608/2608 2609/2609
f 2611/2611 2612/2612 2613/2613
f 2613/2613 2612/2612 2614/2614
f 2613/2613 2614/2614 2615/2615
f 2615/2615 2614/2614 2616/2616
f 2615/2615 2616/2616 2617/2617
f 2617/2617 2616/2616 2618/2618
f 2617/2617 2618/2618 2619/2619
f 2619/2619 2618/2618 2620/2620
f 2619/2619 2620/2620 2621/2621
f 2621/2621 2620/2620 2622/2622
f 2621/2621 2622/2622 2623/2623
f 2623/2623 2622/2622 2624/2624
f 2623/2623 2624/2624 2625/2625
f 2625/2625 2624/2624 2626/2626
f 2625/2625 2626/2626 2627/2627
f 2627/2627 2626/2626 2628/2628
f 2627/2627 2628/2628 2629/2629
f 2629/2629 2628/2628 2630/2630
f 2631/2631 2632/2632 2633/2633
f 2633/2633 2632/2632 2634/2634
f 2633/2633 2634/2634 2635/2635
f 2635/2635 2634/2634 2636/2636
f 2635/2635 2636/2636 2637/2637
f 2637/2637 2636/2636 2638/2638
f 2637/2637 2638/2638 2639/2639
f 2639/2639 2638/2638 2640/2640
f 2639/2639 2640/2640 2641/2641
f 2641/2641 2640/2640 2642/2642
f 2641/2641 2642/2642 2643/2643
f 2643/2643 2642/2642 2644/2644
f 2643/2643 2644/2644 2645/2645
f 2645/2645 2644/2644 2646/2646
f 2645/2645 2646/2646 2647/2647
f 2647/2647 2646/2646 2648/2648
f 2647/2647 2648/2648 2611/2611
f 2611/2611 2648/2648 2612/2612
f 2649/2649 2650/2650 2651/2651
f 2651/2651 2650/2650 2652/2652
f 2651/2651 2652/2652 2653/2653
f 2653/2653 2652/2652 2654/2654
f 2653/2653 2654/2654 2655/2655
f 2655/2655 2654/2654 2656/2656
f 2655/2655 2656/2656 2657/2657
f 2657/2657 2656/2656 2658/2658
f 2657/2657 2658/2658 2659/2659
f 2659/2659 2658/2658 2660/2660
f 2659/2659 2660/2660 2661/2661
f 2661/2661 2660/2660 2662/2662
f 2661/2661 2662/2662 2631/2631
f 2631/2631 2662/2662 2632/2632
f 2663/2663 2664/2664 2665/2665
f 2665/2665 2664/2664 2666/2666
f 2665/2665 2666/2666 2667/2667
f 2667/2667 2666/2666 2668/2668
f 2667/2667 2668/2668 2669/2669
f 2669/2669 2668/2668 2670/2670
f 2669/2669 2670/2670 2671/2671
f 2671/2671 2670/2670 2672/2672
f 2671/2671 2672/2672 2673/2673
f 2673/2673 2672/2672 2674/2674
f 2673/2673 2674/2674 2675/2675
f 2675/2675 2674/2674 2676/2676
f 2675/2675 2676/2676 2677/2677
f 2677/2677 2676/2676 2678/2678
f 2677/2677 2678/2678 2679/2679
f 2679/2679 2678/2678 2680/2680
f 2679/2679 2680/2680 2681/2681
f 2681/2681 2680/2680 2682/2682
f 2683/2683 2684/2684 2685/2685
f 2685/2685 2684/2684 2686/2686
f 2685/2685 2686/2686 2687/2687
f 2687/2687 2686/2686 2688/2688
f 2687/2687 2688/2688 2689/2689
f 2689/2689 2688/2688 2690/2690
f 2689/2689 2690/2690 2691/2691
f 2691/2691 2690/2690 2692/2692
f 2691/2691 2692/2692 2693/2693
f 2693/2693 2692/2692 2694/2694
f 2693/2693 2694/2694 2695/2695
f 2695/2695 2694/2694 2696/2696
f 2695/2695 2696/2696 2697/2697
f 2697/2697 2696/2696 2698/2698
f 2697/2697 2698/2698 2699/2699
f 2699/2699 2698/2698 2700/2700
f 2699/2699 2700/2700 2663/2663
f 2663/2663 2700/2700 2664/2664
f 2701/2701 2702/2702 2703/2703
f 2703/2703 2702/2702 2704/2704
f 2703/2703 2704/2704 2705/2705
f 2705/2705 2704/2704 2706/2706
f 2705/2705 2706/2706 2707/2707
f 2707/2707 2706/2706 2708/2708
f 2707/2707 2708/2708 2709/2709
f 2709/2709 2708/2708 2710/2710
f 2709/2709 2710/2710 2711/2711
f 2711/2711 2710/2710 2712/2712
f 2711/2711 2712/2712 2713/2713
f 2713/2713 2712/2712 2714/2714
f 2713/2713 2714/2714 2683/2683
f 2683/2683 2714/2714 2684/2684
f 2715/2715 2716/2716 2717/2717
f 2717/2717 2716/2716 2718/2718
f 2717/2717 2718/2718 2719/2719
f 2719/2719 2718/2718 2720/2720
f 2719/2719 2720/2720 2721/2721
f 2721/2721 2720/2720 2722/2722
f 2721/2721 2722/2722 2723/2723
f 2723/2723 2722/2722 2724/2724
f 2723/2723 2724/2724 2725/2725
f 2725/2725 2724/2724 2726/2726
f 2725/2725 2726/2726 2727/2727
f 2727/2727 2726/2726 2728/2728
f 2727/2727 2728/2728 2729/2729
f 2729/2729 2728/2728 2730/2730
f 2729/2729 2730/2730 2731/2731
f 2731/2731 2730/2730 2732/2732
f 2731/2731 2732/2732 2733/2733
f 2733/2733 2732/2732 2734/2734
f 2735/2735 2736/2736 2737/2737
f 2737/2737 2736/2736 2738/2738
f 2737/2737 2738/2738 2739/2739
f 2739/2739 2738/2738 2740/2740
f 2739/2739 2740/2740 2741/2741
f 2741/2741 2740/2740 2742/2742
f 2741/2741 2742/2742 2743/2743
f 2743/2743 2742/2742 2744/2744
f 2743/2743 2744/2744 2745/2745
f 2745/2745 2744/2744 2746/2746
f 2745/2745 2746/2746 2747/2747
f 2747/2747 2746/2746 2748/2748
f 2747/2747 2748/2748 2749/2749
f 2749/2749 2748/2748 2750/2750
f 2749/2749 2750/2750 2751/2751
f 2751/2751 2750/2750 2752/2752
f 2751/2751 2752/2752 2715/2715
f 2715/2715 2752/2752 2716/2716
f 2753/2753 2754/2754 2755/2755
f 2755/2755 2754/2754 2756/2756
f 2755/2755 2756/2756 2757/2757
f 2757/2757 2756/2756 2758/2758
f 2757/2757 2758/2758 2759/2759
f 2759/2759 2758/2758 2760/2760
f 2759/2759 2760/2760 2761/2761
f 2761/2761 2760/2760 2762/2762
f 2761/2761 2762/2762 2763/2763
f 2763/2763 2762/2762 2764/2764
f 2763/2763 2764/2764 2765/2765
f 2765/2765 2764/2764 2766/2766
f 2765/2765 2766/2766 2735/2735
f 2735/2735 2766/2766 2736/2736
f 1320/1320 1190/1190 1194/1194
f 1194/1194 1319/1319 1320/1320
f 1196/1196 1319/1319 1194/1194
f 1181/1181 1319/1319 1196/1196
f 1181/1181 1178/1178 1319/1319
f 1319/1319 1178/1178 1316/1316
f 1171/1171 1316/1316 1178/1178
f 1171/1171 1168/1168 1316/1316
f 1316/1316 1168/1168 1317/1317
f 1249/1249 1317/1317 1168/1168
f 1249/1249 1246/1246 1317/1317
f 1317/1317 1246/1246 1318/1318
f 1318/1318 1246/1246 1237/1237
f 1237/1237 1322/1322 1318/1318
f 1234/1234 1322/1322 1237/1237
f 1322/1322 1234/1234 1238/1238
f 1238/1238 1325/1325 1322/1322
f 1240/1240 1325/1325 1238/1238
f 1229/1229 1325/1325 1240/1240
f 1229/1229 1226/1226 1325/1325
f 1325/1325 1226/1226 1324/1324
f 1219/1219 1324/1324 1226/1226
f 1219/1219 1216/1216 1324/1324
f 1324/1324 1216/1216 1323/1323
f 1207/1207 1323/1323 1216/1216
f 1207/1207 1204/1204 1323/1323
f 1323/1323 1204/1204 1321/1321
f 1193/1193 1321/1321 1204/1204
f 1193/1193 1320/1320 1321/1321
f 1190/1190 1320/1320 1193/1193
f 2767/2767 2768/2768 2769/2769
f 2769/2769 2768/2768 2770/2770
f 2769/2769 2770/2770 2771/2771
f 2771/2771 2770/2770 2772/2772
f 2771/2771 2772/2772 2773/2773
f 2773/2773 2772/2772 2774/2774
f 2773/2773 2774/2774 2775/2775
f 2775/2775 2774/2774 2776/2776
f 2775/2775 2776/2776 2777/2777
f 2777/2777 2776/2776 2778/2778
f 2779/2779 2777/2777 2778/2778
f 2780/2780 2777/2777 2779/2779
f 2780/2780 2779/2779 2781/2781
f 2781/2781 2779/2779 2782/2782
f 2781/2781 2782/2782 2783/2783
f 2783/2783 2782/2782 2784/2784
f 2783/2783 2784/2784 2785/2785
f 2785/2785 2784/2784 2786/2786
f 2787/2787 2788/2788 2789/2789
f 2789/2789 2788/2788 2790/2790
f 2789/2789 2790/2790 2791/2791
f 2791/2791 2790/2790 2792/2792
f 2791/2791 2792/2792 2793/2793
f 2793/2793 2792/2792 2794/2794
f 2795/2795 2793/2793 2794/2794
f 2796/2796 2793/2793 2795/2795
f 2796/2796 2795/2795 2767/2767
f 2767/2767 2795/2795 2768/2768
f 2797/2797 2798/2798 2799/2799
f 2799/2799 2798/2798 2800/2800
f 2799/2799 2800/2800 2801/2801
f 2801/2801 2800/2800 2802/2802
f 2801/2801 2802/2802 2803/2803
f 2803/2803 2802/2802 2804/2804
f 2803/2803 2804/2804 2805/2805
f 2805/2805 2804/2804 2806/2806
f 2805/2805 2806/2806 2807/2807
f 2807/2807 2806/2806 2808/2808
f 2807/2807 2808/2808 2809/2809
f 2809/2809 2808/2808 2810/2810
f 2811/2811 2809/2809 2810/2810
f 2812/2812 2809/2809 2811/2811
f 2813/2813 2812/2812 2811/2811
f 2814/2814 2812/2812 2813/2813
f 2815/2815 2814/2814 2813/2813
f 2816/2816 2814/2814 2815/2815
f 2817/2817 2816/2816 2815/2815
f 2818/2818 2816/2816 2817/2817
f 2819/2819 2818/2818 2817/2817
f 2820/2820 2818/2818 2819/2819
f 2821/2821 2820/2820 2819/2819
f 2822/2822 2820/2820 2821/2821
f 2823/2823 2822/2822 2821/2821
f 2824/2824 2822/2822 2823/2823
f 2825/2825 2824/2824 2823/2823
f 2826/2826 2824/2824 2825/2825
f 2827/2827 2826/2826 2825/2825
f 2828/2828 2826/2826 2827/2827
f 2829/2829 2828/2828 2827/2827
f 2830/2830 2828/2828 2829/2829
f 2831/2831 2830/2830 2829/2829
f 2832/2832 2830/2830 2831/2831
f 2833/2833 2832/2832 2831/2831
f 2834/2834 2832/2832 2833/2833
f 2835/2835 2834/2834 2833/2833
f 2836/2836 2834/2834 2835/2835
f 2837/2837 2836/2836 2835/2835
f 2838/2838 2836/2836 2837/2837
f 2838/2838 2837/2837 2839/2839
f 2839/2839 2837/2837 2840/2840
f 2839/2839 2840/2840 2841/2841
f 2841/2841 2840/2840 2842/2842
f 2841/2841 2842/2842 2843/2843
f 2843/2843 2842/2842 2844/2844
f 2843/2843 2844/2844 2845/2845
f 2845/2845 2844/2844 2846/2846
f 2845/2845 2846/2846 2797/2797
f 2797/2797 2846/2846 2798/2798
f 2481/2481 2480/2480 2847/2847
f 2848/2848 2480/2480 17/17
f 2849/2849 2480/2480 2848/2848
f 2850/2850 2851/2851 2852/2852
f 2852/2852 2851/2851 2853/2853
f 2851/2851 2854/2854 2853/2853
f 2853/2853 2854/2854 2855/2855
f 2854/2854 2856/2856 2855/2855
f 2855/2855 2856/2856 2857/2857
f 2856/2856 2858/2858 2857/2857
f 2857/2857 2858/2858 2859/2859
f 2858/2858 2860/2860 2859/2859
f 2859/2859 2860/2860 2861/2861
f 2860/2860 2862/2862 2861/2861
f 2861/2861 2862/2862 2863/2863
f 2863/2863 2862/2862 2864/2864
f 2865/2865 2864/2864 2862/2862
f 2866/2866 2867/2867 2868/2868
f 2868/2868 2867/2867 2869/2869
f 2868/2868 2869/2869 2870/2870
f 2870/2870 2869/2869 2871/2871
f 2870/2870 2871/2871 2872/2872
f 2872/2872 2871/2871 2873/2873
f 2872/2872 2873/2873 2874/2874
f 2874/2874 2873/2873 2875/2875
f 2874/2874 2875/2875 2876/2876
f 2876/2876 2875/2875 2877/2877
f 2876/2876 2877/2877 2878/2878
f 2878/2878 2877/2877 2879/2879
f 2878/2878 2879/2879 2880/2880
f 2880/2880 2879/2879 2881/2881
f 2880/2880 2881/2881 2882/2882
f 2882/2882 2881/2881 2883/2883
f 2882/2882 2883/2883 2884/2884
f 2884/2884 2883/2883 2885/2885
f 2886/2886 2887/2887 2888/2888
f 2888/2888 2887/2887 2889/2889
f 2888/2888 2889/2889 2890/2890
f 2890/2890 2889/2889 2891/2891
f 2890/2890 2891/2891 2892/2892
f 2892/2892 2891/2891 2893/2893
f 2892/2892 2893/2893 2894/2894
f 2894/2894 2893/2893 2895/2895
f 2894/2894 2895/2895 2896/2896
f 2896/2896 2895/2895 2897/2897
f 2896/2896 2897/2897 2898/2898
f 2898/2898 2897/2897 2899/2899
f 2898/2898 2899/2899 2900/2900
f 2900/2900 2899/2899 2901/2901
f 2900/2900 2901/2901 2902/2902
f 2902/2902 2901/2901 2903/2903
f 2902/2902 2903/2903 2866/2866
f 2866/2866 2903/2903 2867/2867
f 2904/2904 2905/2905 2906/2906
f 2906/2906 2905/2905 2907/2907
f 2906/2906 2907/2907 2908/2908
f 2908/2908 2907/2907 2909/2909
f 2908/2908 2909/2909 2910/2910
f 2910/2910 2909/2909 2911/2911
f 2910/2910 2911/2911 2912/2912
f 2912/2912 2911/2911 2913/2913
f 2912/2912 2913/2913 2914/2914
f 2914/2914 2913/2913 2915/2915
f 2914/2914 2915/2915 2916/2916
f 2916/2916 2915/2915 2917/2917
f 2916/2916 2917/2917 2886/2886
f 2886/2886 2917/2917 2887/2887
f 2918/2918 2919/2919 2920/2920
f 2920/2920 2919/2919 2921/2921
f 2920/2920 2921/2921 2922/2922
f 2922/2922 2921/2921 2923/2923
f 2922/2922 2923/2923 2924/2924
f 2924/2924 2923/2923 2925/2925
f 2924/2924 2925/2925 2926/2926
f 2926/2926 2925/2925 2927/2927
f 2926/2926 2927/2927 2928/2928
f 2928/2928 2927/2927 2929/2929
f 2928/2928 2929/2929 2930/2930
f 2930/2930 2929/2929 2931/2931
f 2930/2930 2931/2931 2932/2932
f 2932/2932 2931/2931 2933/2933
f 2932/2932 2933/2933 2934/2934
f 2934/2934 2933/2933 2935/2935
f 2934/2934 2935/2935 2936/2936
f 2936/2936 2935/2935 2937/2937
f 2938/2938 2939/2939 2940/2940
f 2940/2940 2939/2939 2941/2941
f 2940/2940 2941/2941 2942/2942
f 2942/2942 2941/2941 2943/2943
f 2942/2942 2943/2943 2944/2944
f 2944/2944 2943/2943 2945/2945
f 2944/2944 2945/2945 2946/2946
f 2946/2946 2945/2945 2947/2947
f 2946/2946 2947/2947 2948/2948
f 2948/2948 2947/2947 2949/2949
f 2948/2948 2949/2949 2950/2950
f 2950/2950 2949/2949 2951/2951
f 2950/2950 2951/2951 2952/2952
f 2952/2952 2951/2951 2953/2953
f 2952/2952 2953/2953 2954/2954
f 2954/2954 2953/2953 2955/2955
f 2954/2954 2955/2955 2918/2918
f 2918/2918 2955/2955 2919/2919
f 2956/2956 2957/2957 2958/2958
f 2958/2958 2957/2957 2959/2959
f 2958/2958 2959/2959 2960/2960
f 2960/2960 2959/2959 2961/2961
f 2960/2960 2961/2961 2962/2962
f 2962/2962 2961/2961 2963/2963
f 2962/2962 2963/2963 2964/2964
f 2964/2964 2963/2963 2965/2965
f 2964/2964 2965/2965 2966/2966
f 2966/2966 2965/2965 2967/2967
f 2966/2966 2967/2967 2968/2968
f 2968/2968 2967/2967 2969/2969
f 2968/2968 2969/2969 2938/2938
f 2938/2938 2969/2969 2939/2939
f 2447/2447 2450/2450 2970/2970
f 2236/2236 2447/2447 2970/2970
f 2237/2237 2447/2447 2236/2236
f 2118/2118 2454/2454 2453/2453
f 2119/2119 2454/2454 2118/2118
f 2117/2117 2452/2452 2451/2451
f 1685/1685 2452/2452 2117/2117
f 2971/2971 2972/2972 2973/2973
f 2974/2974 2972/2972 2971/2971
f 2975/2975 2974/2974 2971/2971
f 2976/2976 2974/2974 2975/2975
f 2977/2977 2976/2976 2975/2975
f 2978/2978 2976/2976 2977/2977
f 2979/2979 2978/2978 2977/2977
f 2980/2980 2978/2978 2979/2979
f 2981/2981 2980/2980 2979/2979
f 2982/2982 2980/2980 2981/2981
f 2983/2983 2982/2982 2981/2981
f 2984/2984 2982/2982 2983/2983
f 2985/2985 2984/2984 2983/2983
f 2986/2986 2984/2984 2985/2985
f 2987/2987 2986/2986 2985/2985
f 2988/2988 2986/2986 2987/2987
f 2989/2989 2988/2988 2987/2987
f 2990/2990 2988/2988 2989/2989
f 2991/2991 2992/2992 2993/2993
f 2994/2994 2992/2992 2991/2991
f 2995/2995 2994/2994 2991/2991
f 2996/2996 2994/2994 2995/2995
f 2997/2997 2996/2996 2995/2995
f 2998/2998 2996/2996 2997/2997
f 2999/2999 2998/2998 2997/2997
f 3000/3000 2998/2998 2999/2999
f 3001/3001 3000/3000 2999/2999
f 3002/3002 3000/3000 3001/3001
f 3003/3003 3002/3002 3001/3001
f 3004/3004 3002/3002 3003/3003
f 3005/3005 3004/3004 3003/3003
f 3006/3006 3004/3004 3005/3005
f 3007/3007 3006/3006 3005/3005
f 3008/3008 3006/3006 3007/3007
f 2973/2973 3008/3008 3007/3007
f 2972/2972 3008/3008 2973/2973
f 3009/3009 3010/3010 3011/3011
f 3012/3012 3010/3010 3009/3009
f 3013/3013 3012/3012 3009/3009
f 3014/3014 3012/3012 3013/3013
f 3015/3015 3014/3014 3013/3013
f 3016/3016 3014/3014 3015/3015
f 3017/3017 3016/3016 3015/3015
f 3018/3018 3016/3016 3017/3017
f 3019/3019 3018/3018 3017/3017
f 3020/3020 3018/3018 3019/3019
f 3021/3021 3020/3020 3019/3019
f 3022/3022 3020/3020 3021/3021
f 2993/2993 3022/3022 3021/3021
f 2992/2992 3022/3022 2993/2993
f 3023/3023 3024/3024 3025/3025
f 3026/3026 3024/3024 3023/3023
f 3026/3026 3027/3027 3024/3024
f 3028/3028 3027/3027 3026/3026
f 3028/3028 3029/3029 3027/3027
f 3030/3030 3029/3029 3028/3028
f 3030/3030 3031/3031 3029/3029
f 3032/3032 3031/3031 3030/3030
f 3033/3033 3031/3031 3032/3032
f 3034/3034 3031/3031 3033/3033
f 3035/3035 3034/3034 3033/3033
f 3036/3036 3034/3034 3035/3035
f 3037/3037 3036/3036 3035/3035
f 3038/3038 3036/3036 3037/3037
f 3039/3039 3038/3038 3037/3037
f 3040/3040 3038/3038 3039/3039
f 3041/3041 3040/3040 3039/3039
f 3042/3042 3040/3040 3041/3041
f 3043/3043 3042/3042 3041/3041
f 3044/3044 3042/3042 3043/3043
f 3045/3045 3044/3044 3043/3043
f 3046/3046 3044/3044 3045/3045
f 3047/3047 3046/3046 3045/3045
f 3048/3048 3046/3046 3047/3047
f 3049/3049 3048/3048 3047/3047
f 3050/3050 3048/3048 3049/3049
f 3051/3051 3050/3050 3049/3049
f 3052/3052 3050/3050 3051/3051
f 3053/3053 3052/3052 3051/3051
f 3054/3054 3052/3052 3053/3053
f 3053/3053 3055/3055 3054/3054
f 3056/3056 3055/3055 3053/3053
f 3056/3056 3057/3057 3055/3055
f 3058/3058 3057/3057 3056/3056
f 3058/3058 3059/3059 3057/3057
f 3060/3060 3059/3059 3058/3058
f 3060/3060 3061/3061 3059/3059
f 3062/3062 3061/3061 3060/3060
f 3062/3062 3063/3063 3061/3061
f 3064/3064 3063/3063 3062/3062
f 3064/3064 3065/3065 3063/3063
f 3066/3066 3065/3065 3064/3064
f 3066/3066 3067/3067 3065/3065
f 3068/3068 3067/3067 3066/3066
f 3068/3068 3069/3069 3067/3067
f 3070/3070 3069/3069 3068/3068
f 3070/3070 3071/3071 3069/3069
f 3072/3072 3071/3071 3070/3070
f 3072/3072 3025/3025 3071/3071
f 3023/3023 3025/3025 3072/3072
f 3073/3073 3074/3074 3075/3075
f 3075/3075 3074/3074 3076/3076
f 3075/3075 3076/3076 3077/3077
f 3077/3077 3076/3076 3078/3078
f 3077/3077 3078/3078 3079/3079
f 3079/3079 3078/3078 3080/3080
f 3079/3079 3080/3080 3081/3081
f 3081/3081 3080/3080 3082/3082
f 3081/3081 3082/3082 3083/3083
f 3083/3083 3082/3082 3084/3084
f 3083/3083 3084/3084 3085/3085
f 3085/3085 3084/3084 3086/3086
f 3087/3087 3085/3085 3086/3086
f 3088/3088 3085/3085 3087/3087
f 3089/3089 3088/3088 3087/3087
f 3090/3090 3088/3088 3089/3089
f 3091/3091 3090/3090 3089/3089
f 3092/3092 3090/3090 3091/3091
f 3093/3093 3092/3092 3091/3091
f 3094/3094 3092/3092 3093/3093
f 3095/3095 3094/3094 3093/3093
f 3096/3096 3094/3094 3095/3095
f 3097/3097 3096/3096 3095/3095
f 3098/3098 3096/3096 3097/3097
f 3099/3099 3098/3098 3097/3097
f 3100/3100 3098/3098 3099/3099
f 3101/3101 3100/3100 3099/3099
f 3102/3102 3100/3100 3101/3101
f 3103/3103 3102/3102 3101/3101
f 3104/3104 3102/3102 3103/3103
f 3105/3105 3104/3104 3103/3103
f 3106/3106 3104/3104 3105/3105
f 3107/3107 3106/3106 3105/3105
f 3108/3108 3106/3106 3107/3107
f 3109/3109 3108/3108 3107/3107
f 3110/3110 3108/3108 3109/3109
f 3111/3111 3110/3110 3109/3109
f 3112/3112 3110/3110 3111/3111
f 3113/3113 3112/3112 3111/3111
f 3114/3114 3112/3112 3113/3113
f 3114/3114 3113/3113 3115/3115
f 3115/3115 3113/3113 3116/3116
f 3115/3115 3116/3116 3117/3117
f 3117/3117 3116/3116 3118/3118
f 3117/3117 3118/3118 3119/3119
f 3119/3119 3118/3118 3120/3120
f 3119/3119 3120/3120 3121/3121
f 3121/3121 3120/3120 3122/3122
f 3121/3121 3122/3122 3073/3073
f 3073/3073 3122/3122 3074/3074
f 3123/3123 3124/3124 3125/3125
f 3126/3126 3123/3123 3125/3125
f 3127/3127 3126/3126 3125/3125
f 3128/3128 3127/3127 3125/3125
f 3129/3129 3128/3128 3125/3125
f 3130/3130 3129/3129 3125/3125
f 3131/3131 3130/3130 3125/3125
f 3132/3132 3131/3131 3125/3125
f 3133/3133 3132/3132 3125/3125
f 3134/3134 3133/3133 3125/3125
f 3135/3135 3134/3134 3125/3125
f 3136/3136 3135/3135 3125/3125
f 3137/3137 3136/3136 3125/3125
f 3138/3138 3137/3137 3125/3125
f 3139/3139 3138/3138 3125/3125
f 3140/3140 3139/3139 3125/3125
f 3141/3141 3140/3140 3125/3125
f 3142/3142 3141/3141 3125/3125
f 3143/3143 3144/3144 3125/3125
f 3145/3145 3143/3143 3125/3125
f 3146/3146 3145/3145 3125/3125
f 3147/3147 3146/3146 3125/3125
f 3124/3124 3147/3147 3125/3125
f 3148/3148 3149/3149 3150/3150
f 3150/3150 3149/3149 3151/3151
f 3150/3150 3151/3151 3152/3152
f 3152/3152 3151/3151 3153/3153
f 3153/3153 3154/3154 3152/3152
f 3155/3155 3154/3154 3153/3153
f 3154/3154 3155/3155 3156/3156
f 3156/3156 3155/3155 3157/3157
f 3156/3156 3157/3157 3158/3158
f 3158/3158 3157/3157 3159/3159
f 3160/3160 3158/3158 3159/3159
f 3160/3160 3159/3159 3161/3161
f 3160/3160 3161/3161 3162/3162
f 3162/3162 3161/3161 3163/3163
f 3163/3163 3161/3161 3164/3164
f 3163/3163 3164/3164 3165/3165
f 3165/3165 3164/3164 3166/3166
f 3165/3165 3166/3166 3167/3167
f 3167/3167 3166/3166 3168/3168
f 3167/3167 3168/3168 3169/3169
f 3169/3169 3168/3168 3170/3170
f 3169/3169 3170/3170 3171/3171
f 3171/3171 3170/3170 3172/3172
f 3149/3149 3172/3172 3151/3151
f 3151/3151 3172/3172 3170/3170
f 3151/3151 3170/3170 3153/3153
f 3153/3153 3170/3170 3168/3168
f 3168/3168 3155/3155 3153/3153
f 3166/3166 3155/3155 3168/3168
f 3155/3155 3166/3166 3157/3157
f 3157/3157 3166/3166 3164/3164
f 3157/3157 3164/3164 3159/3159
f 3159/3159 3164/3164 3161/3161
f 3173/3173 3174/3174 3175/3175
f 3176/3176 3175/3175 3174/3174
f 3177/3177 3175/3175 3176/3176
f 3178/3178 3175/3175 3177/3177
f 3175/3175 3178/3178 3179/3179
f 3179/3179 3178/3178 3180/3180
f 3181/3181 3179/3179 3180/3180
f 3182/3182 3179/3179 3181/3181
f 3181/3181 3183/3183 3182/3182
f 3184/3184 3183/3183 3181/3181
f 3185/3185 3183/3183 3184/3184
f 3186/3186 3183/3183 3185/3185
f 3187/3187 3186/3186 3185/3185
f 3188/3188 3186/3186 3187/3187
f 3189/3189 3188/3188 3187/3187
f 3190/3190 3188/3188 3189/3189
f 3190/3190 3189/3189 1755/1755
f 1755/1755 3189/3189 1756/1756
f 3191/3191 3192/3192 3193/3193
f 3193/3193 3192/3192 3194/3194
f 3193/3193 3194/3194 3195/3195
f 3195/3195 3194/3194 3196/3196
f 3195/3195 3196/3196 3197/3197
f 3197/3197 3196/3196 3198/3198
f 3197/3197 3198/3198 3199/3199
f 3199/3199 3198/3198 3200/3200
f 3199/3199 3200/3200 3201/3201
f 3201/3201 3200/3200 3202/3202
f 3201/3201 3202/3202 3203/3203
f 3203/3203 3202/3202 3204/3204
f 3203/3203 3204/3204 3205/3205
f 3205/3205 3204/3204 3206/3206
f 3205/3205 3206/3206 3207/3207
f 3207/3207 3206/3206 3208/3208
f 3207/3207 3208/3208 3209/3209
f 3209/3209 3208/3208 3210/3210
f 1573/1573 1575/1575 3211/3211
f 3211/3211 1575/1575 3212/3212
f 3211/3211 3212/3212 3213/3213
f 3213/3213 3212/3212 3214/3214
f 3213/3213 3214/3214 3215/3215
f 3215/3215 3214/3214 3216/3216
f 3215/3215 3216/3216 3217/3217
f 3217/3217 3216/3216 3218/3218
f 3219/3219 3220/3220 3221/3221
f 3222/3222 3221/3221 3220/3220
f 3223/3223 3221/3221 3222/3222
f 3224/3224 3221/3221 3223/3223
f 3221/3221 3224/3224 3225/3225
f 3225/3225 3224/3224 3226/3226
f 3227/3227 3225/3225 3226/3226
f 3228/3228 3225/3225 3227/3227
f 3227/3227 3229/3229 3228/3228
f 3230/3230 3229/3229 3227/3227
f 3231/3231 3229/3229 3230/3230
f 3232/3232 3229/3229 3231/3231
f 3233/3233 3232/3232 3231/3231
f 3234/3234 3232/3232 3233/3233
f 3235/3235 3234/3234 3233/3233
f 3236/3236 3234/3234 3235/3235
f 3236/3236 3235/3235 1439/1439
f 1439/1439 3235/3235 1440/1440
f 3237/3237 3238/3238 3239/3239
f 3240/3240 3237/3237 3239/3239
f 3241/3241 3240/3240 3239/3239
f 3242/3242 3241/3241 3239/3239
f 3243/3243 3242/3242 3239/3239
f 3244/3244 3243/3243 3239/3239
f 3245/3245 3244/3244 3239/3239
f 3246/3246 3245/3245 3239/3239
f 3247/3247 3246/3246 3239/3239
f 3248/3248 3247/3247 3239/3239
f 3249/3249 3248/3248 3239/3239
f 3250/3250 3249/3249 3239/3239
f 3251/3251 3250/3250 3239/3239
f 3252/3252 3251/3251 3239/3239
f 3253/3253 3252/3252 3239/3239
f 3254/3254 3253/3253 3239/3239
f 3255/3255 3254/3254 3239/3239
f 3256/3256 3255/3255 3239/3239
f 3257/3257 3258/3258 3239/3239
f 3259/3259 3257/3257 3239/3239
f 3260/3260 3259/3259 3239/3239
f 3261/3261 3260/3260 3239/3239
f 3238/3238 3261/3261 3239/3239
f 3262/3262 3263/3263 3264/3264
f 3265/3265 3263/3263 3262/3262
f 3266/3266 3265/3265 3262/3262
f 3267/3267 3265/3265 3266/3266
f 3268/3268 3267/3267 3266/3266
f 3269/3269 3267/3267 3268/3268
f 3270/3270 3269/3269 3268/3268
f 3271/3271 3269/3269 3270/3270
f 3272/3272 3271/3271 3270/3270
f 3273/3273 3271/3271 3272/3272
f 3274/3274 3273/3273 3272/3272
f 3275/3275 3273/3273 3274/3274
f 3276/3276 3275/3275 3274/3274
f 3277/3277 3275/3275 3276/3276
f 3278/3278 3277/3277 3276/3276
f 3279/3279 3277/3277 3278/3278
f 3280/3280 3279/3279 3278/3278
f 3281/3281 3279/3279 3280/3280
f 3282/3282 3283/3283 3284/3284
f 3285/3285 3283/3283 3282/3282
f 3286/3286 3285/3285 3282/3282
f 3287/3287 3285/3285 3286/3286
f 3288/3288 3287/3287 3286/3286
f 3289/3289 3287/3287 3288/3288
f 3290/3290 3289/3289 3288/3288
f 3291/3291 3289/3289 3290/3290
f 3292/3292 3291/3291 3290/3290
f 3293/3293 3291/3291 3292/3292
f 3294/3294 3293/3293 3292/3292
f 3295/3295 3293/3293 3294/3294
f 3296/3296 3295/3295 3294/3294
f 3297/3297 3295/3295 3296/3296
f 3298/3298 3297/3297 3296/3296
f 3299/3299 3297/3297 3298/3298
f 3264/3264 3299/3299 3298/3298
f 3263/3263 3299/3299 3264/3264
f 3300/3300 3301/3301 3302/3302
f 3303/3303 3301/3301 3300/3300
f 3304/3304 3303/3303 3300/3300
f 3305/3305 3303/3303 3304/3304
f 3306/3306 3305/3305 3304/3304
f 3307/3307 3305/3305 3306/3306
f 3308/3308 3307/3307 3306/3306
f 3309/3309 3307/3307 3308/3308
f 3310/3310 3309/3309 3308/3308
f 3311/3311 3309/3309 3310/3310
f 3312/3312 3311/3311 3310/3310
f 3313/3313 3311/3311 3312/3312
f 3284/3284 3313/3313 3312/3312
f 3283/3283 3313/3313 3284/3284
f 3314/3314 3315/3315 3316/3316
f 3316/3316 3315/3315 3317/3317
f 3317/3317 3315/3315 3318/3318
f 3319/3319 3320/3320 3321/3321
f 3322/3322 3320/3320 3319/3319
f 3322/3322 3319/3319 3323/3323
f 3324/3324 3322/3322 3323/3323
f 3325/3325 3324/3324 3323/3323
f 3326/3326 3323/3323 3319/3319
f 996/996 1001/1001 998/998
f 995/995 1001/1001 996/996
f 3327/3327 992/992 991/991
f 3328/3328 992/992 3327/3327
f 993/993 1005/1005 1004/1004
f 990/990 1005/1005 993/993
f 3329/3329 3330/3330 3331/3331
f 3332/3332 3330/3330 3329/3329
f 3333/3333 3332/3332 3329/3329
f 3334/3334 3332/3332 3333/3333
f 3333/3333 3335/3335 3334/3334
f 3336/3336 3335/3335 3333/3333
f 3335/3335 3336/3336 3337/3337
f 3337/3337 3336/3336 3331/3331
f 3338/3338 3337/3337 3331/3331
f 3330/3330 3338/3338 3331/3331
f 3338/3338 3330/3330 3339/3339
f 3339/3339 3330/3330 3340/3340
f 3339/3339 3340/3340 3341/3341
f 3341/3341 3340/3340 3342/3342
f 3335/3335 3341/3341 3342/3342
f 3337/3337 3341/3341 3335/3335
f 3343/3343 3344/3344 3345/3345
f 3346/3346 3344/3344 3343/3343
f 3347/3347 3348/3348 3349/3349
f 3350/3350 3348/3348 3347/3347
f 3351/3351 3352/3352 3353/3353
f 3354/3354 3352/3352 3351/3351
f 3355/3355 3356/3356 3357/3357
f 3358/3358 3356/3356 3355/3355
f 3359/3359 3360/3360 3361/3361
f 3362/3362 3360/3360 3359/3359
f 3363/3363 3360/3360 3362/3362
f 3364/3364 3363/3363 3362/3362
f 3365/3365 3363/3363 3364/3364
f 3366/3366 3360/3360 3363/3363
f 984/984 3367/3367 982/982
f 3368/3368 3367/3367 984/984
f 3357/3357 985/985 3355/3355
f 983/983 985/985 3357/3357
f 3369/3369 3370/3370 3371/3371
f 3371/3371 3370/3370 3372/3372
f 3372/3372 3370/3370 3373/3373
f 3374/3374 3375/3375 3376/3376
f 3377/3377 3374/3374 3376/3376
f 3377/3377 3378/3378 3374/3374
f 3378/3378 3379/3379 3374/3374
f 3374/3374 3379/3379 3380/3380
f 3374/3374 3380/3380 3381/3381
f 3382/3382 3383/3383 3384/3384
f 3385/3385 3382/3382 3384/3384
f 3386/3386 3385/3385 3384/3384
f 3387/3387 3388/3388 3389/3389
f 3390/3390 3388/3388 3387/3387
f 3387/3387 3391/3391 3390/3390
f 3392/3392 3391/3391 3387/3387
f 3392/3392 3393/3393 3391/3391
f 3394/3394 3393/3393 3392/3392
f 3394/3394 3395/3395 3393/3393
f 3396/3396 3395/3395 3394/3394
f 3396/3396 3397/3397 3395/3395
f 3398/3398 3397/3397 3396/3396
f 3399/3399 1327/1327 1329/1329
f 3400/3400 1327/1327 3399/3399
f 3401/3401 3400/3400 3399/3399
f 3402/3402 3400/3400 3401/3401
f 3403/3403 3402/3402 3401/3401
f 3404/3404 3402/3402 3403/3403
f 3405/3405 3404/3404 3403/3403
f 3406/3406 3404/3404 3405/3405
f 3405/3405 83/83 3406/3406
f 84/84 83/83 3405/3405
f 3407/3407 3408/3408 3409/3409
f 3410/3410 3408/3408 3407/3407
f 3410/3410 3411/3411 3408/3408
f 3412/3412 3411/3411 3410/3410
f 3412/3412 3388/3388 3411/3411
f 3389/3389 3388/3388 3412/3412
f 3413/3413 3414/3414 3415/3415
f 3416/3416 3414/3414 3413/3413
f 3417/3417 3416/3416 3413/3413
f 3418/3418 3416/3416 3417/3417
f 3419/3419 3418/3418 3417/3417
f 3420/3420 3418/3418 3419/3419
f 3421/3421 3422/3422 3423/3423
f 3424/3424 3422/3422 3421/3421
f 3425/3425 3420/3420 3419/3419
f 3426/3426 3420/3420 3425/3425
f 3427/3427 3428/3428 3429/3429
f 3430/3430 3428/3428 3427/3427
f 3402/3402 3404/3404 3406/3406
f 3400/3400 3402/3402 3406/3406
f 82/82 3400/3400 3406/3406
f 83/83 82/82 3406/3406
f 1327/1327 3431/3431 1328/1328
f 3432/3432 3431/3431 1327/1327
f 3433/3433 3432/3432 1327/1327
f 3400/3400 3433/3433 1327/1327
f 82/82 3433/3433 3400/3400
f 82/82 3434/3434 3433/3433
f 3435/3435 3434/3434 82/82
f 84/84 3435/3435 82/82
f 3436/3436 3435/3435 84/84
f 3437/3437 3436/3436 84/84
f 84/84 3438/3438 3437/3437
f 3437/3437 3438/3438 3439/3439
f 3439/3439 3438/3438 3440/3440
f 3440/3440 3438/3438 3441/3441
f 3441/3441 3438/3438 3442/3442
f 3442/3442 3438/3438 3443/3443
f 3443/3443 3438/3438 3444/3444
f 3444/3444 3438/3438 3403/3403
f 3444/3444 3403/3403 3445/3445
f 3445/3445 3403/3403 3401/3401
f 3445/3445 3401/3401 3446/3446
f 3446/3446 3401/3401 3399/3399
f 3446/3446 3399/3399 1397/1397
f 1397/1397 3399/3399 1396/1396
f 3399/3399 1329/1329 1396/1396
f 1394/1394 1396/1396 1329/1329
f 538/538 1394/1394 1329/1329
f 539/539 538/538 1329/1329
f 1329/1329 1326/1326 539/539
f 3403/3403 3438/3438 3405/3405
f 3405/3405 3438/3438 84/84
f 3447/3447 3448/3448 3449/3449
f 3449/3449 3448/3448 3450/3450
f 3449/3449 3450/3450 3451/3451
f 3451/3451 3450/3450 3452/3452
f 3451/3451 3452/3452 3453/3453
f 3453/3453 3452/3452 3454/3454
f 3454/3454 3455/3455 3453/3453
f 3456/3456 3455/3455 3454/3454
f 3456/3456 3457/3457 3455/3455
f 3458/3458 3457/3457 3456/3456
f 3458/3458 3459/3459 3457/3457
f 3460/3460 3459/3459 3458/3458
f 3460/3460 3461/3461 3459/3459
f 3459/3459 3461/3461 3462/3462
f 3461/3461 3463/3463 3462/3462
f 3462/3462 3463/3463 3464/3464
f 3463/3463 3465/3465 3464/3464
f 3466/3466 3465/3465 3463/3463
f 3448/3448 3465/3465 3466/3466
f 3447/3447 3465/3465 3448/3448
f 3467/3467 3384/3384 3383/3383
f 3468/3468 3384/3384 3467/3467
f 3469/3469 3470/3470 3471/3471
f 3471/3471 3470/3470 3472/3472
f 3472/3472 3470/3470 3473/3473
f 3473/3473 3470/3470 3474/3474
f 3475/3475 3476/3476 3477/3477
f 3477/3477 3476/3476 3478/3478
f 3476/3476 3479/3479 3478/3478
f 3478/3478 3479/3479 3480/3480
f 3481/3481 3482/3482 3483/3483
f 3481/3481 3484/3484 3482/3482
f 3485/3485 3484/3484 3481/3481
f 3484/3484 3485/3485 3478/3478
f 3478/3478 3485/3485 3477/3477
f 3483/3483 3486/3486 3487/3487
f 3483/3483 3482/3482 3486/3486
f 3486/3486 3482/3482 3488/3488
f 3488/3488 3482/3482 3489/3489
f 3482/3482 3484/3484 3489/3489
f 3489/3489 3484/3484 3490/3490
f 3484/3484 3478/3478 3490/3490
f 3490/3490 3478/3478 3480/3480
f 3479/3479 3491/3491 3480/3480
f 3480/3480 3491/3491 3492/3492
f 3493/3493 3480/3480 3492/3492
f 3490/3490 3480/3480 3493/3493
f 3494/3494 3490/3490 3493/3493
f 3489/3489 3490/3490 3494/3494
f 3495/3495 3489/3489 3494/3494
f 3488/3488 3489/3489 3495/3495
f 3496/3496 3488/3488 3495/3495
f 3497/3497 3488/3488 3496/3496
f 3497/3497 3486/3486 3488/3488
f 3498/3498 3486/3486 3497/3497
f 3487/3487 3486/3486 3498/3498
f 3499/3499 3487/3487 3498/3498
f 3500/3500 3487/3487 3499/3499
f 3499/3499 3501/3501 3500/3500
f 3500/3500 3501/3501 3502/3502
f 3501/3501 3503/3503 3502/3502
f 3504/3504 3505/3505 3506/3506
f 3507/3507 3505/3505 3504/3504
f 3508/3508 3507/3507 3504/3504
f 3509/3509 3507/3507 3508/3508
f 3509/3509 3508/3508 3510/3510
f 3511/3511 3506/3506 3512/3512
f 3504/3504 3506/3506 3511/3511
f 3513/3513 3504/3504 3511/3511
f 3508/3508 3504/3504 3513/3513
f 3508/3508 3513/3513 3514/3514
f 3510/3510 3508/3508 3514/3514
f 3514/3514 3515/3515 3510/3510
f 3516/3516 3515/3515 3514/3514
f 3515/3515 3516/3516 3496/3496
f 3496/3496 3516/3516 3497/3497
f 3516/3516 3499/3499 3497/3497
f 3497/3497 3499/3499 3498/3498
f 3514/3514 3513/3513 3501/3501
f 3501/3501 3516/3516 3514/3514
f 3499/3499 3516/3516 3501/3501
f 3513/3513 3503/3503 3501/3501
f 3503/3503 3513/3513 3517/3517
f 3517/3517 3513/3513 3511/3511
f 3517/3517 3511/3511 3518/3518
f 3518/3518 3511/3511 3512/3512
f 3512/3512 3519/3519 3518/3518
f 3512/3512 3506/3506 3519/3519
f 3519/3519 3506/3506 3520/3520
f 3506/3506 3505/3505 3520/3520
f 3520/3520 3505/3505 3521/3521
f 3520/3520 3521/3521 3522/3522
f 3522/3522 3521/3521 3523/3523
f 3522/3522 3523/3523 3524/3524
f 3524/3524 3523/3523 3525/3525
f 3524/3524 3525/3525 3526/3526
f 3526/3526 3525/3525 3527/3527
f 3527/3527 3528/3528 3526/3526
f 3529/3529 3528/3528 3527/3527
f 3518/3518 3519/3519 3530/3530
f 3519/3519 3531/3531 3530/3530
f 3519/3519 3520/3520 3531/3531
f 3531/3531 3520/3520 3522/3522
f 3531/3531 3522/3522 3532/3532
f 3532/3532 3522/3522 3524/3524
f 3532/3532 3524/3524 3533/3533
f 3533/3533 3524/3524 3526/3526
f 3526/3526 3534/3534 3533/3533
f 3528/3528 3534/3534 3526/3526
f 3530/3530 3531/3531 3535/3535
f 3531/3531 3532/3532 3535/3535
f 3535/3535 3532/3532 3536/3536
f 3533/3533 3536/3536 3532/3532
f 3537/3537 3536/3536 3533/3533
f 3533/3533 3538/3538 3537/3537
f 3534/3534 3538/3538 3533/3533
f 3539/3539 3540/3540 3541/3541
f 3541/3541 3540/3540 3542/3542
f 3541/3541 3542/3542 3543/3543
f 3543/3543 3542/3542 3544/3544
f 3544/3544 3545/3545 3543/3543
f 3543/3543 3545/3545 3546/3546
f 3545/3545 3547/3547 3546/3546
f 3546/3546 3547/3547 3548/3548
f 3549/3549 3546/3546 3548/3548
f 3550/3550 3546/3546 3549/3549
f 3467/3467 3550/3550 3549/3549
f 3383/3383 3550/3550 3467/3467
f 3551/3551 3552/3552 3553/3553
f 3553/3553 3552/3552 3554/3554
f 3554/3554 3555/3555 3553/3553
f 3553/3553 3555/3555 3556/3556
f 3557/3557 3556/3556 3555/3555
f 3558/3558 3556/3556 3557/3557
f 3559/3559 3558/3558 3557/3557
f 3560/3560 3558/3558 3559/3559
f 3561/3561 3558/3558 3560/3560
f 3560/3560 3562/3562 3561/3561
f 3562/3562 3563/3563 3561/3561
f 3564/3564 3563/3563 3562/3562
f 3565/3565 3563/3563 3564/3564
f 3566/3566 3565/3565 3564/3564
f 3567/3567 3565/3565 3566/3566
f 3568/3568 3567/3567 3566/3566
f 3569/3569 3567/3567 3568/3568
f 3569/3569 3568/3568 3570/3570
f 3553/3553 3571/3571 3572/3572
f 3556/3556 3571/3571 3553/3553
f 3571/3571 3556/3556 3573/3573
f 3573/3573 3556/3556 3558/3558
f 3573/3573 3558/3558 3561/3561
f 3561/3561 3563/3563 3574/3574
f 3574/3574 3573/3573 3561/3561
f 3575/3575 3573/3573 3574/3574
f 3575/3575 3571/3571 3573/3573
f 3576/3576 3571/3571 3575/3575
f 3571/3571 3576/3576 3572/3572
f 3572/3572 3576/3576 3577/3577
f 3578/3578 3572/3572 3577/3577
f 3579/3579 3572/3572 3578/3578
f 3579/3579 3553/3553 3572/3572
f 3551/3551 3553/3553 3579/3579
f 3580/3580 3581/3581 1378/1378
f 1378/1378 3581/3581 1377/1377
f 3582/3582 3583/3583 3584/3584
f 3584/3584 3583/3583 3585/3585
f 3584/3584 3585/3585 3586/3586
f 3586/3586 3585/3585 3587/3587
f 3586/3586 3587/3587 3588/3588
f 3588/3588 3587/3587 3589/3589
f 3588/3588 3589/3589 3590/3590
f 3590/3590 3589/3589 3591/3591
f 3590/3590 3591/3591 3592/3592
f 3592/3592 3591/3591 3593/3593
f 3594/3594 3592/3592 3593/3593
f 3595/3595 3592/3592 3594/3594
f 3595/3595 3594/3594 3596/3596
f 3596/3596 3594/3594 3597/3597
f 3596/3596 3597/3597 3598/3598
f 3598/3598 3597/3597 3599/3599
f 3598/3598 3599/3599 3600/3600
f 3600/3600 3599/3599 3601/3601
f 3602/3602 3603/3603 3604/3604
f 3604/3604 3603/3603 3605/3605
f 3604/3604 3605/3605 3606/3606
f 3606/3606 3605/3605 3607/3607
f 3606/3606 3607/3607 3608/3608
f 3608/3608 3607/3607 3609/3609
f 3610/3610 3608/3608 3609/3609
f 3611/3611 3608/3608 3610/3610
f 3611/3611 3610/3610 3582/3582
f 3582/3582 3610/3610 3583/3583
f 988/988 989/989 3358/3358
f 3358/3358 989/989 3356/3356
f 3612/3612 3613/3613 3614/3614
f 3614/3614 3613/3613 3615/3615
f 3614/3614 3615/3615 3616/3616
f 3616/3616 3615/3615 3617/3617
f 3616/3616 3617/3617 3618/3618
f 3618/3618 3617/3617 3619/3619
f 3618/3618 3619/3619 3620/3620
f 3620/3620 3619/3619 3621/3621
f 3620/3620 3621/3621 3622/3622
f 3622/3622 3621/3621 3623/3623
f 3624/3624 3622/3622 3623/3623
f 3625/3625 3622/3622 3624/3624
f 3625/3625 3624/3624 3626/3626
f 3626/3626 3624/3624 3627/3627
f 3626/3626 3627/3627 3628/3628
f 3628/3628 3627/3627 3629/3629
f 3628/3628 3629/3629 3630/3630
f 3630/3630 3629/3629 3631/3631
f 3632/3632 3633/3633 3634/3634
f 3634/3634 3633/3633 3635/3635
f 3634/3634 3635/3635 3636/3636
f 3636/3636 3635/3635 3637/3637
f 3636/3636 3637/3637 3638/3638
f 3638/3638 3637/3637 3639/3639
f 3640/3640 3638/3638 3639/3639
f 3641/3641 3638/3638 3640/3640
f 3641/3641 3640/3640 3612/3612
f 3612/3612 3640/3640 3613/3613
f 3642/3642 3643/3643 3644/3644
f 3644/3644 3643/3643 3645/3645
f 3644/3644 3645/3645 3646/3646
f 3646/3646 3645/3645 3647/3647
f 3646/3646 3647/3647 3648/3648
f 3648/3648 3647/3647 3649/3649
f 3648/3648 3649/3649 3650/3650
f 3650/3650 3649/3649 3651/3651
f 3652/3652 3653/3653 3654/3654
f 3407/3407 3652/3652 3654/3654
f 3409/3409 3652/3652 3407/3407
f 3655/3655 638/638 641/641
f 3656/3656 638/638 3655/3655
f 3656/3656 637/637 638/638
f 3657/3657 637/637 3656/3656
f 3657/3657 634/634 637/637
f 3658/3658 634/634 3657/3657
f 3658/3658 632/632 634/634
f 3659/3659 632/632 3658/3658
f 3659/3659 633/633 632/632
f 3660/3660 633/633 3659/3659
f 3660/3660 3661/3661 633/633
f 633/633 3661/3661 631/631
f 3661/3661 3662/3662 631/631
f 631/631 3662/3662 635/635
f 3662/3662 3663/3663 635/635
f 635/635 3663/3663 636/636
f 3663/3663 3664/3664 636/636
f 636/636 3664/3664 639/639
f 3664/3664 3665/3665 639/639
f 639/639 3665/3665 640/640
f 3665/3665 3666/3666 640/640
f 640/640 3666/3666 643/643
f 3666/3666 3667/3667 643/643
f 643/643 3667/3667 645/645
f 3667/3667 3668/3668 645/645
f 645/645 3668/3668 652/652
f 3668/3668 3669/3669 652/652
f 652/652 3669/3669 653/653
f 3669/3669 3670/3670 653/653
f 653/653 3670/3670 654/654
f 3670/3670 3671/3671 654/654
f 654/654 3671/3671 651/651
f 3671/3671 3672/3672 651/651
f 651/651 3672/3672 650/650
f 3672/3672 649/649 650/650
f 3673/3673 649/649 3672/3672
f 3673/3673 648/648 649/649
f 3674/3674 648/648 3673/3673
f 3674/3674 647/647 648/648
f 3675/3675 647/647 3674/3674
f 3675/3675 646/646 647/647
f 3676/3676 646/646 3675/3675
f 3676/3676 644/644 646/646
f 3677/3677 644/644 3676/3676
f 3677/3677 642/642 644/644
f 3678/3678 642/642 3677/3677
f 3678/3678 641/641 642/642
f 3655/3655 641/641 3678/3678
f 584/584 3679/3679 582/582
f 582/582 3679/3679 3680/3680
f 582/582 3680/3680 580/580
f 580/580 3680/3680 3681/3681
f 580/580 3681/3681 578/578
f 578/578 3681/3681 3682/3682
f 578/578 3682/3682 576/576
f 576/576 3682/3682 3683/3683
f 576/576 3683/3683 574/574
f 574/574 3683/3683 3684/3684
f 574/574 3684/3684 572/572
f 572/572 3684/3684 3685/3685
f 572/572 3685/3685 570/570
f 570/570 3685/3685 3686/3686
f 570/570 3686/3686 568/568
f 568/568 3686/3686 3687/3687
f 3688/3688 3652/3652 3689/3689
f 3690/3690 3652/3652 3688/3688
f 3653/3653 3652/3652 3690/3690
f 3384/3384 3691/3691 3386/3386
f 3468/3468 3691/3691 3384/3384
f 3421/3421 3692/3692 3693/3693
f 3423/3423 3692/3692 3421/3421
f 541/541 1332/1332 542/542
f 3435/3435 1341/1341 3434/3434
f 3434/3434 1341/1341 1340/1340
f 3434/3434 1340/1340 3433/3433
f 3433/3433 1340/1340 1337/1337
f 1337/1337 1335/1335 3433/3433
f 3433/3433 1335/1335 3432/3432
f 1335/1335 1334/1334 3432/3432
f 3432/3432 1334/1334 3431/3431
f 1334/1334 1332/1332 3431/3431
f 3431/3431 1332/1332 1328/1328
f 1328/1328 1332/1332 541/541
f 1328/1328 541/541 1326/1326
f 1326/1326 541/541 539/539
f 3694/3694 3695/3695 3696/3696
f 3697/3697 3695/3695 3694/3694
f 3697/3697 3698/3698 3695/3695
f 3699/3699 3698/3698 3697/3697
f 3698/3698 3699/3699 3700/3700
f 3701/3701 3700/3700 3702/3702
f 3701/3701 3698/3698 3700/3700
f 3703/3703 3698/3698 3701/3701
f 3703/3703 3695/3695 3698/3698
f 3704/3704 3695/3695 3703/3703
f 3704/3704 3696/3696 3695/3695
f 3705/3705 3696/3696 3704/3704
f 465/465 3696/3696 3705/3705
f 465/465 3694/3694 3696/3696
f 465/465 3706/3706 3694/3694
f 3706/3706 3697/3697 3694/3694
f 3707/3707 3697/3697 3706/3706
f 3707/3707 3699/3699 3697/3697
f 3708/3708 3699/3699 3707/3707
f 3699/3699 3708/3708 3709/3709
f 3700/3700 3699/3699 3709/3709
f 3709/3709 3710/3710 3700/3700
f 3702/3702 3700/3700 3710/3710
f 3702/3702 3710/3710 3711/3711
f 3709/3709 3708/3708 3712/3712
f 3712/3712 3713/3713 3709/3709
f 3713/3713 3710/3710 3709/3709
f 3713/3713 3714/3714 3710/3710
f 3711/3711 3710/3710 3714/3714
f 3715/3715 3716/3716 3717/3717
f 3716/3716 3714/3714 3713/3713
f 3717/3717 3716/3716 3713/3713
f 3717/3717 3713/3713 3712/3712
f 465/465 3718/3718 3706/3706
f 464/464 3718/3718 465/465
f 3719/3719 3718/3718 464/464
f 3719/3719 3720/3720 3718/3718
f 3718/3718 3720/3720 3706/3706
f 3706/3706 3720/3720 3721/3721
f 3706/3706 3721/3721 3707/3707
f 3707/3707 3721/3721 3722/3722
f 3707/3707 3722/3722 3708/3708
f 3708/3708 3722/3722 3723/3723
f 3708/3708 3723/3723 3712/3712
f 3712/3712 3723/3723 3724/3724
f 3712/3712 3724/3724 3717/3717
f 3717/3717 3724/3724 3725/3725
f 3717/3717 3725/3725 3715/3715
f 3715/3715 3725/3725 3726/3726
f 21/21 3727/3727 3728/3728
f 20/20 3727/3727 21/21
f 3726/3726 3729/3729 3730/3730
f 3725/3725 3729/3729 3726/3726
f 3725/3725 3731/3731 3729/3729
f 3724/3724 3731/3731 3725/3725
f 3724/3724 3732/3732 3731/3731
f 3723/3723 3732/3732 3724/3724
f 3723/3723 3733/3733 3732/3732
f 3722/3722 3733/3733 3723/3723
f 3722/3722 3734/3734 3733/3733
f 3721/3721 3734/3734 3722/3722
f 3721/3721 3735/3735 3734/3734
f 3720/3720 3735/3735 3721/3721
f 486/486 466/466 481/481
f 466/466 486/486 464/464
f 464/464 486/486 3719/3719
f 486/486 3720/3720 3719/3719
f 487/487 3720/3720 486/486
f 3735/3735 3720/3720 487/487
f 3736/3736 3735/3735 487/487
f 487/487 489/489 3736/3736
f 3736/3736 489/489 3737/3737
f 489/489 491/491 3737/3737
f 3737/3737 491/491 3738/3738
f 493/493 5/5 3739/3739
f 491/491 493/493 3739/3739
f 3738/3738 491/491 3739/3739
f 3740/3740 3738/3738 3739/3739
f 3741/3741 3740/3740 3739/3739
f 3742/3742 3741/3741 3739/3739
f 3743/3743 3742/3742 3739/3739
f 3744/3744 3743/3743 3739/3739
f 3745/3745 3744/3744 3739/3739
f 5/5 3745/3745 3739/3739
f 3745/3745 5/5 3746/3746
f 3746/3746 5/5 480/480
f 480/480 5/5 4/4
f 4/4 478/478 480/480
f 475/475 478/478 4/4
f 488/488 475/475 4/4
f 485/485 475/475 488/488
f 475/475 485/485 473/473
f 473/473 485/485 471/471
f 485/485 470/470 471/471
f 6/6 494/494 4/4
f 4/4 494/494 488/488
f 488/488 494/494 490/490
f 490/490 494/494 492/492
f 3747/3747 3748/3748 3749/3749
f 3750/3750 3748/3748 3747/3747
f 465/465 3705/3705 3748/3748
f 3750/3750 465/465 3748/3748
f 468/468 465/465 3750/3750
f 3751/3751 468/468 3750/3750
f 468/468 3751/3751 469/469
f 469/469 3751/3751 3752/3752
f 469/469 3752/3752 472/472
f 472/472 3752/3752 474/474
f 474/474 3752/3752 3753/3753
f 474/474 3753/3753 476/476
f 476/476 3753/3753 3754/3754
f 3755/3755 476/476 3754/3754
f 477/477 476/476 3755/3755
f 479/479 477/477 3755/3755
f 3756/3756 3757/3757 3758/3758
f 3758/3758 3757/3757 3759/3759
f 3758/3758 3759/3759 3760/3760
f 3760/3760 3759/3759 3761/3761
f 3760/3760 3761/3761 3762/3762
f 3762/3762 3761/3761 3763/3763
f 3762/3762 3763/3763 3764/3764
f 3764/3764 3763/3763 3765/3765
f 3764/3764 3765/3765 3766/3766
f 3766/3766 3765/3765 3767/3767
f 3766/3766 3767/3767 3768/3768
f 3768/3768 3767/3767 3769/3769
f 3768/3768 3769/3769 3770/3770
f 3770/3770 3769/3769 3771/3771
f 3770/3770 3771/3771 3772/3772
f 3772/3772 3771/3771 3773/3773
f 3772/3772 3773/3773 3774/3774
f 3774/3774 3773/3773 3775/3775
f 447/447 449/449 3776/3776
f 3776/3776 449/449 3777/3777
f 3776/3776 3777/3777 3778/3778
f 3778/3778 3777/3777 3779/3779
f 3778/3778 3779/3779 3780/3780
f 3780/3780 3779/3779 3781/3781
f 3780/3780 3781/3781 3782/3782
f 3782/3782 3781/3781 3783/3783
f 3728/3728 3727/3727 3784/3784
f 3785/3785 3727/3727 20/20
f 3786/3786 3727/3727 3785/3785
f 3787/3787 3545/3545 3788/3788
f 3547/3547 3545/3545 3787/3787
f 3789/3789 3790/3790 3791/3791
f 3792/3792 3790/3790 3789/3789
f 3793/3793 3792/3792 3789/3789
f 3794/3794 3792/3792 3793/3793
f 3795/3795 3794/3794 3793/3793
f 3796/3796 3794/3794 3795/3795
f 3797/3797 3796/3796 3795/3795
f 3798/3798 3796/3796 3797/3797
f 3799/3799 3798/3798 3797/3797
f 3800/3800 3798/3798 3799/3799
f 3801/3801 3800/3800 3799/3799
f 3802/3802 3800/3800 3801/3801
f 3803/3803 3802/3802 3801/3801
f 3804/3804 3802/3802 3803/3803
f 3805/3805 3804/3804 3803/3803
f 3806/3806 3804/3804 3805/3805
f 3807/3807 3806/3806 3805/3805
f 3808/3808 3806/3806 3807/3807
f 3809/3809 3810/3810 3811/3811
f 3812/3812 3810/3810 3809/3809
f 3813/3813 3812/3812 3809/3809
f 3814/3814 3812/3812 3813/3813
f 3815/3815 3816/3816 3817/3817
f 3818/3818 3815/3815 3817/3817
f 3819/3819 3820/3820 3821/3821
f 3822/3822 3821/3821 3816/3816
f 3821/3821 3820/3820 3816/3816
f 3817/3817 3816/3816 3820/3820
f 3823/3823 3817/3817 3820/3820
f 3824/3824 3825/3825 3826/3826
f 3827/3827 3825/3825 3824/3824
f 3827/3827 3828/3828 3825/3825
f 3829/3829 3828/3828 3827/3827
f 3829/3829 3830/3830 3828/3828
f 3831/3831 3830/3830 3829/3829
f 3831/3831 3832/3832 3830/3830
f 3833/3833 3832/3832 3831/3831
f 3834/3834 3835/3835 3836/3836
f 3837/3837 3835/3835 3834/3834
f 3838/3838 3839/3839 3840/3840
f 3841/3841 3839/3839 3838/3838
f 3842/3842 3837/3837 3834/3834
f 3843/3843 3837/3837 3842/3842
f 3844/3844 3843/3843 3842/3842
f 3845/3845 3843/3843 3844/3844
f 3811/3811 3846/3846 3847/3847
f 3810/3810 3846/3846 3811/3811
f 3848/3848 3808/3808 3807/3807
f 3849/3849 3808/3808 3848/3848
f 3540/3540 3850/3850 3851/3851
f 3539/3539 3850/3850 3540/3540
f 3852/3852 3853/3853 3854/3854
f 3855/3855 3852/3852 3854/3854
f 3856/3856 3855/3855 3854/3854
f 3857/3857 3855/3855 3856/3856
f 3857/3857 3856/3856 3858/3858
f 3859/3859 3857/3857 3858/3858
f 3858/3858 3856/3856 3860/3860
f 3861/3861 3862/3862 3863/3863
f 3863/3863 3862/3862 3864/3864
f 3862/3862 3865/3865 3864/3864
f 3864/3864 3865/3865 3866/3866
f 3865/3865 3839/3839 3866/3866
f 3840/3840 3839/3839 3865/3865
f 3867/3867 3868/3868 3869/3869
f 3870/3870 3867/3867 3869/3869
f 3871/3871 3872/3872 3873/3873
f 3874/3874 3873/3873 3868/3868
f 3873/3873 3872/3872 3868/3868
f 3869/3869 3868/3868 3872/3872
f 3875/3875 3869/3869 3872/3872
f 3860/3860 3876/3876 3877/3877
f 3856/3856 3876/3876 3860/3860
f 3856/3856 3878/3878 3876/3876
f 3854/3854 3878/3878 3856/3856
f 3853/3853 3878/3878 3854/3854
f 3879/3879 3878/3878 3853/3853
f 1162/1162 1249/1249 1168/1168
f 1254/1254 1249/1249 1162/1162
f 1172/1172 1171/1171 1178/1178
f 1166/1166 1171/1171 1172/1172
f 1302/1302 1242/1242 1307/1307
f 1307/1307 1242/1242 1244/1244
f 1254/1254 1307/1307 1244/1244
f 1311/1311 1307/1307 1254/1254
f 1311/1311 1254/1254 1162/1162
f 1311/1311 1162/1162 1308/1308
f 1308/1308 1162/1162 1164/1164
f 1166/1166 1308/1308 1164/1164
f 1258/1258 1308/1308 1166/1166
f 1258/1258 1166/1166 1172/1172
f 1258/1258 1172/1172 1256/1256
f 1256/1256 1172/1172 1174/1174
f 1176/1176 1256/1256 1174/1174
f 1262/1262 1256/1256 1176/1176
f 1262/1262 1176/1176 1208/1208
f 1262/1262 1208/1208 1263/1263
f 1181/1181 1196/1196 1176/1176
f 1176/1176 1196/1196 1208/1208
f 1200/1200 1193/1193 1204/1204
f 1198/1198 1193/1193 1200/1200
f 1210/1210 1207/1207 1216/1216
f 1252/1252 1207/1207 1210/1210
f 1194/1194 1190/1190 1182/1182
f 1182/1182 1190/1190 1186/1186
f 1263/1263 1208/1208 1185/1185
f 1182/1182 1263/1263 1185/1185
f 1268/1268 1263/1263 1182/1182
f 1268/1268 1182/1182 1186/1186
f 1268/1268 1186/1186 1271/1271
f 1271/1271 1186/1186 1188/1188
f 1198/1198 1271/1271 1188/1188
f 1272/1272 1271/1271 1198/1198
f 1272/1272 1198/1198 1200/1200
f 1272/1272 1200/1200 1277/1277
f 1277/1277 1200/1200 1202/1202
f 1252/1252 1277/1277 1202/1202
f 1278/1278 1277/1277 1252/1252
f 1278/1278 1252/1252 1210/1210
f 1278/1278 1210/1210 1283/1283
f 1283/1283 1210/1210 1212/1212
f 1214/1214 1283/1283 1212/1212
f 1286/1286 1283/1283 1214/1214
f 1220/1220 1219/1219 1226/1226
f 1214/1214 1219/1219 1220/1220
f 1229/1229 1240/1240 1224/1224
f 1224/1224 1240/1240 1250/1250
f 1286/1286 1214/1214 1220/1220
f 1286/1286 1220/1220 1287/1287
f 1287/1287 1220/1220 1222/1222
f 1224/1224 1287/1287 1222/1222
f 1292/1292 1287/1287 1224/1224
f 1292/1292 1224/1224 1250/1250
f 1292/1292 1250/1250 1293/1293
f 1293/1293 1250/1250 1233/1233
f 1230/1230 1293/1293 1233/1233
f 1298/1298 1293/1293 1230/1230
f 1230/1230 3471/3471 1298/1298
f 1298/1298 3471/3471 1301/1301
f 1301/1301 3471/3471 3472/3472
f 3473/3473 1301/1301 3472/3472
f 1302/1302 1301/1301 3473/3473
f 1242/1242 1302/1302 3473/3473
f 1237/1237 1242/1242 3473/3473
f 1246/1246 1242/1242 1237/1237
f 1238/1238 1234/1234 1230/1230
f 1230/1230 1234/1234 3471/3471
f 3880/3880 3881/3881 3882/3882
f 3882/3882 3883/3883 3880/3880
f 3884/3884 3883/3883 3882/3882
f 3884/3884 3885/3885 3883/3883
f 3886/3886 3885/3885 3884/3884
f 3882/3882 3886/3886 3884/3884
f 3887/3887 3886/3886 3882/3882
f 3882/3882 3881/3881 3887/3887
f 3887/3887 3881/3881 3888/3888
f 3888/3888 3881/3881 3889/3889
f 3889/3889 3881/3881 3890/3890
f 3889/3889 3890/3890 3891/3891
f 3891/3891 3890/3890 3892/3892
f 3891/3891 3892/3892 3893/3893
f 3893/3893 3892/3892 3894/3894
f 3895/3895 3885/3885 3886/3886
f 3896/3896 3897/3897 3895/3895
f 3895/3895 3897/3897 3885/3885
f 3885/3885 3897/3897 3898/3898
f 3883/3883 3885/3885 3898/3898
f 3883/3883 3898/3898 3899/3899
f 3883/3883 3899/3899 3880/3880
f 3880/3880 3899/3899 3570/3570
f 3570/3570 3568/3568 3880/3880
f 3568/3568 3881/3881 3880/3880
f 3568/3568 3566/3566 3881/3881
f 3881/3881 3566/3566 3890/3890
f 3566/3566 3564/3564 3890/3890
f 3890/3890 3564/3564 3892/3892
f 3564/3564 3562/3562 3892/3892
f 3892/3892 3562/3562 3894/3894
f 3894/3894 3562/3562 3560/3560
f 3894/3894 3560/3560 3893/3893
f 3893/3893 3560/3560 3559/3559
f 3900/3900 3901/3901 3902/3902
f 3902/3902 3901/3901 3903/3903
f 3903/3903 3904/3904 3902/3902
f 3905/3905 3904/3904 3903/3903
f 3904/3904 3905/3905 3896/3896
f 3896/3896 3905/3905 3897/3897
f 3906/3906 3907/3907 3908/3908
f 3908/3908 3907/3907 3909/3909
f 3908/3908 3909/3909 3901/3901
f 3901/3901 3909/3909 3903/3903
f 3910/3910 3903/3903 3909/3909
f 3905/3905 3903/3903 3910/3910
f 3911/3911 3905/3905 3910/3910
f 3897/3897 3905/3905 3911/3911
f 3898/3898 3897/3897 3911/3911
f 3898/3898 3911/3911 3912/3912
f 3899/3899 3898/3898 3912/3912
f 3913/3913 3909/3909 3907/3907
f 3910/3910 3909/3909 3913/3913
f 3914/3914 3910/3910 3913/3913
f 3911/3911 3910/3910 3914/3914
f 3912/3912 3911/3911 3914/3914
f 85/85 87/87 3915/3915
f 3915/3915 87/87 3916/3916
f 3915/3915 3916/3916 3917/3917
f 3917/3917 3916/3916 3918/3918
f 3917/3917 3918/3918 3919/3919
f 3919/3919 3918/3918 3920/3920
f 3919/3919 3920/3920 3921/3921
f 3921/3921 3920/3920 3922/3922
f 3921/3921 3922/3922 3923/3923
f 3923/3923 3922/3922 3924/3924
f 3923/3923 3924/3924 3925/3925
f 3925/3925 3924/3924 3926/3926
f 3925/3925 3926/3926 3927/3927
f 3927/3927 3926/3926 3928/3928
f 3927/3927 3928/3928 3929/3929
f 3929/3929 3928/3928 3930/3930
f 3929/3929 3930/3930 3931/3931
f 3931/3931 3930/3930 3932/3932
f 3933/3933 3934/3934 3935/3935
f 3936/3936 3934/3934 3933/3933
f 3934/3934 3936/3936 3937/3937
f 3937/3937 3936/3936 3938/3938
f 3939/3939 3940/3940 3941/3941
f 3941/3941 3940/3940 3942/3942
f 3941/3941 3942/3942 96/96
f 96/96 3942/3942 94/94
f 3943/3943 3944/3944 3945/3945
f 3861/3861 3943/3943 3945/3945
f 3863/3863 3943/3943 3861/3861
f 3946/3946 3850/3850 3947/3947
f 3851/3851 3850/3850 3946/3946
f 3948/3948 3835/3835 3949/3949
f 3836/3836 3835/3835 3948/3948
f 3950/3950 3937/3937 3938/3938
f 3951/3951 3937/3937 3950/3950
f 3950/3950 3952/3952 3951/3951
f 3953/3953 3952/3952 3950/3950
f 3953/3953 219/219 3952/3952
f 218/218 219/219 3953/3953
f 23/23 3954/3954 24/24
f 3955/3955 3954/3954 23/23
f 3956/3956 3957/3957 3958/3958
f 3958/3958 3957/3957 3959/3959
f 3959/3959 3957/3957 3960/3960
f 3957/3957 3961/3961 3960/3960
f 3960/3960 3961/3961 3962/3962
f 3962/3962 3961/3961 3963/3963
f 3961/3961 3964/3964 3963/3963
f 3963/3963 3964/3964 3965/3965
f 3965/3965 3964/3964 3966/3966
f 3966/3966 3964/3964 3967/3967
f 3967/3967 3964/3964 3968/3968
f 3964/3964 3969/3969 3968/3968
f 3968/3968 3969/3969 3970/3970
f 3969/3969 3971/3971 3970/3970
f 3972/3972 3971/3971 3969/3969
f 3973/3973 3971/3971 3972/3972
f 3974/3974 3971/3971 3973/3973
f 3975/3975 3974/3974 3973/3973
f 3976/3976 3977/3977 3978/3978
f 3978/3978 3977/3977 3979/3979
f 3977/3977 3956/3956 3979/3979
f 3979/3979 3956/3956 3958/3958
f 3980/3980 3981/3981 3982/3982
f 3982/3982 3981/3981 3983/3983
f 3983/3983 3981/3981 3984/3984
f 3984/3984 3981/3981 3985/3985
f 3985/3985 3981/3981 3986/3986
f 3981/3981 3979/3979 3986/3986
f 3986/3986 3979/3979 3987/3987
f 3987/3987 3979/3979 3958/3958
f 3987/3987 3958/3958 3988/3988
f 3958/3958 3989/3989 3988/3988
f 3989/3989 3990/3990 3988/3988
f 3990/3990 3970/3970 3988/3988
f 3988/3988 3970/3970 3971/3971
f 3991/3991 3988/3988 3971/3971
f 3992/3992 3991/3991 3971/3971
f 3993/3993 3991/3991 3992/3992
f 3994/3994 3993/3993 3992/3992
f 3995/3995 3994/3994 3992/3992
f 3996/3996 3995/3995 3992/3992
f 3997/3997 3996/3996 3992/3992
f 514/514 496/496 3998/3998
f 514/514 3998/3998 3999/3999
f 514/514 3999/3999 4000/4000
f 514/514 4000/4000 4001/4001
f 514/514 4001/4001 512/512
f 512/512 4001/4001 531/531
f 512/512 531/531 510/510
f 531/531 533/533 510/510
f 4002/4002 4003/4003 4004/4004
f 4002/4002 4004/4004 4005/4005
f 4006/4006 4002/4002 4005/4005
f 4007/4007 4002/4002 4006/4006
f 4007/4007 4008/4008 4002/4002
f 4002/4002 4008/4008 4009/4009
f 1361/1361 1058/1058 4010/4010
f 4010/4010 1058/1058 4011/4011
f 1058/1058 914/914 4011/4011
f 914/914 4012/4012 4011/4011
f 4013/4013 4012/4012 914/914
f 4012/4012 4013/4013 4014/4014
f 4014/4014 4013/4013 4015/4015
f 4015/4015 4016/4016 4014/4014
f 4014/4014 4016/4016 1361/1361
f 4016/4016 4017/4017 1361/1361
f 1361/1361 4017/4017 4008/4008
f 4008/4008 4017/4017 4018/4018
f 4019/4019 4008/4008 4018/4018
f 4009/4009 4008/4008 4019/4019
f 4020/4020 4009/4009 4019/4019
f 4021/4021 4009/4009 4020/4020
f 4010/4010 4014/4014 1361/1361
f 927/927 1361/1361 4008/4008
f 4022/4022 927/927 4023/4023
f 4023/4023 927/927 525/525
f 525/525 927/927 4008/4008
f 522/522 525/525 4008/4008
f 520/520 522/522 4008/4008
f 497/497 520/520 4008/4008
f 518/518 520/520 497/497
f 496/496 518/518 497/497
f 516/516 518/518 496/496
f 514/514 516/516 496/496
f 927/927 4022/4022 535/535
f 4022/4022 4024/4024 535/535
f 4024/4024 536/536 535/535
f 536/536 4024/4024 4025/4025
f 528/528 536/536 4025/4025
f 4023/4023 528/528 4025/4025
f 527/527 528/528 4023/4023
f 527/527 4023/4023 525/525
f 4026/4026 4013/4013 914/914
f 916/916 4026/4026 914/914
f 1056/1056 4026/4026 916/916
f 918/918 1056/1056 916/916
f 918/918 533/533 1056/1056
f 921/921 533/533 918/918
f 921/921 925/925 533/533
f 533/533 925/925 510/510
f 925/925 536/536 510/510
f 510/510 536/536 528/528
f 4021/4021 4027/4027 4009/4009
f 4021/4021 4028/4028 4027/4027
f 4021/4021 4029/4029 4028/4028
f 4021/4021 4030/4030 4029/4029
f 4021/4021 4031/4031 4030/4030
f 4030/4030 4031/4031 1055/1055
f 4031/4031 4026/4026 1055/1055
f 1055/1055 4026/4026 1056/1056
f 532/532 531/531 4032/4032
f 4001/4001 4032/4032 531/531
f 4033/4033 4032/4032 4001/4001
f 4000/4000 4033/4033 4001/4001
f 4034/4034 4033/4033 4000/4000
f 3999/3999 4034/4034 4000/4000
f 4035/4035 4034/4034 3999/3999
f 3998/3998 4035/4035 3999/3999
f 4036/4036 4035/4035 3998/3998
f 4036/4036 3998/3998 4037/4037
f 4037/4037 3998/3998 496/496
f 3955/3955 4038/4038 3954/3954
f 3954/3954 4039/4039 24/24
f 4040/4040 4039/4039 3954/3954
f 4041/4041 3944/3944 3943/3943
f 3846/3846 4041/4041 3943/3943
f 3847/3847 3846/3846 3943/3943
f 3949/3949 3692/3692 3948/3948
f 3693/3693 3692/3692 3949/3949
f 3947/3947 3691/3691 3946/3946
f 3386/3386 3691/3691 3947/3947
f 4042/4042 4043/4043 4044/4044
f 4045/4045 4043/4043 4042/4042
f 4045/4045 4046/4046 4043/4043
f 4047/4047 4046/4046 4045/4045
f 4047/4047 4048/4048 4046/4046
f 4049/4049 4048/4048 4047/4047
f 4050/4050 4051/4051 4052/4052
f 4053/4053 4051/4051 4050/4050
f 4054/4054 4055/4055 4056/4056
f 4057/4057 4055/4055 4054/4054
f 4058/4058 4059/4059 4060/4060
f 4061/4061 4059/4059 4058/4058
f 4062/4062 4059/4059 4061/4061
f 4063/4063 4062/4062 4061/4061
f 4064/4064 4062/4062 4063/4063
f 4065/4065 4059/4059 4062/4062
f 4049/4049 4052/4052 4048/4048
f 4050/4050 4052/4052 4049/4049
f 4056/4056 4066/4066 4054/4054
f 4067/4067 4066/4066 4056/4056
f 4044/4044 4057/4057 4042/4042
f 4055/4055 4057/4057 4044/4044
f 4068/4068 502/502 4069/4069
f 495/495 502/502 4068/4068
f 495/495 4068/4068 496/496
f 496/496 4068/4068 4037/4037
f 4070/4070 4071/4071 4072/4072
f 4072/4072 4071/4071 4073/4073
f 4073/4073 4074/4074 4072/4072
f 4072/4072 4074/4074 4075/4075
f 4074/4074 4076/4076 4075/4075
f 4077/4077 4075/4075 4076/4076
f 4078/4078 4075/4075 4077/4077
f 4079/4079 4078/4078 4077/4077
f 4080/4080 4078/4078 4079/4079
f 4071/4071 4080/4080 4079/4079
f 4081/4081 4082/4082 4083/4083
f 4036/4036 4081/4081 4035/4035
f 4035/4035 4081/4081 4083/4083
f 4035/4035 4083/4083 4034/4034
f 4034/4034 4083/4083 4084/4084
f 4034/4034 4084/4084 4033/4033
f 4033/4033 4084/4084 4032/4032
f 4085/4085 4086/4086 4087/4087
f 4087/4087 4086/4086 4088/4088
f 4087/4087 4088/4088 4089/4089
f 4089/4089 4088/4088 4090/4090
f 4091/4091 4089/4089 4090/4090
f 4092/4092 4089/4089 4091/4091
f 4091/4091 4093/4093 4092/4092
f 4092/4092 4093/4093 4094/4094
f 4085/4085 4092/4092 4094/4094
f 4086/4086 4085/4085 4094/4094
f 4095/4095 4086/4086 4094/4094
f 4096/4096 4086/4086 4095/4095
f 4097/4097 4096/4096 4095/4095
f 4098/4098 4096/4096 4097/4097
f 4097/4097 4091/4091 4098/4098
f 4093/4093 4091/4091 4097/4097
f 4099/4099 4100/4100 4101/4101
f 4102/4102 4100/4100 4099/4099
f 4103/4103 4104/4104 4105/4105
f 4106/4106 4104/4104 4103/4103
f 4078/4078 4107/4107 4108/4108
f 4080/4080 4107/4107 4078/4078
f 4109/4109 4110/4110 4111/4111
f 4112/4112 4110/4110 4109/4109
f 4113/4113 4112/4112 4109/4109
f 4114/4114 4112/4112 4113/4113
f 4115/4115 4114/4114 4113/4113
f 4116/4116 4114/4114 4115/4115
f 4117/4117 4118/4118 4119/4119
f 4120/4120 4118/4118 4117/4117
f 4121/4121 4122/4122 4123/4123
f 4124/4124 4122/4122 4121/4121
f 4119/4119 4116/4116 4115/4115
f 4118/4118 4116/4116 4119/4119
f 4125/4125 4082/4082 4126/4126
f 4083/4083 4082/4082 4125/4125
f 4127/4127 4083/4083 4125/4125
f 4084/4084 4083/4083 4127/4127
f 4084/4084 4127/4127 4032/4032
f 4032/4032 4127/4127 532/532
f 4128/4128 4129/4129 4130/4130
f 4131/4131 4129/4129 4128/4128
f 4131/4131 4128/4128 4132/4132
f 4133/4133 4131/4131 4132/4132
f 4134/4134 4133/4133 4132/4132
f 4135/4135 4132/4132 4128/4128
f 4136/4136 4123/4123 4122/4122
f 4137/4137 4123/4123 4136/4136
f 4124/4124 4111/4111 4110/4110
f 4121/4121 4111/4111 4124/4124
f 4138/4138 4139/4139 4140/4140
f 4141/4141 4139/4139 4138/4138
f 4138/4138 4142/4142 4141/4141
f 4141/4141 4142/4142 4143/4143
f 4142/4142 4144/4144 4143/4143
f 4143/4143 4144/4144 4145/4145
f 4144/4144 4146/4146 4145/4145
f 4145/4145 4146/4146 4147/4147
f 4146/4146 4148/4148 4147/4147
f 4147/4147 4148/4148 4149/4149
f 4149/4149 4148/4148 1046/1046
f 1046/1046 4148/4148 1047/1047
f 4150/4150 4151/4151 4152/4152
f 4153/4153 4150/4150 4152/4152
f 4153/4153 4154/4154 4150/4150
f 4154/4154 4155/4155 4150/4150
f 4150/4150 4155/4155 4156/4156
f 4150/4150 4156/4156 4157/4157
f 4031/4031 4158/4158 4026/4026
f 4159/4159 4158/4158 4031/4031
f 4021/4021 4159/4159 4031/4031
f 4160/4160 4159/4159 4021/4021
f 4020/4020 4160/4160 4021/4021
f 4161/4161 4160/4160 4020/4020
f 4020/4020 4019/4019 4161/4161
f 4161/4161 4019/4019 4162/4162
f 4019/4019 4018/4018 4162/4162
f 4162/4162 4018/4018 4163/4163
f 4018/4018 4017/4017 4163/4163
f 4163/4163 4017/4017 4164/4164
f 4164/4164 4017/4017 4165/4165
f 4165/4165 4017/4017 4016/4016
f 4165/4165 4016/4016 4166/4166
f 4166/4166 4016/4016 4015/4015
f 4015/4015 4013/4013 4166/4166
f 4166/4166 4013/4013 4167/4167
f 4013/4013 4158/4158 4167/4167
f 4026/4026 4158/4158 4013/4013
f 4168/4168 4169/4169 4170/4170
f 4171/4171 4168/4168 4170/4170
f 4172/4172 4168/4168 4171/4171
f 1057/1057 1061/1061 1055/1055
f 1061/1061 4030/4030 1055/1055
f 1060/1060 4030/4030 1061/1061
f 1060/1060 4029/4029 4030/4030
f 1063/1063 4029/4029 1060/1060
f 1063/1063 4028/4028 4029/4029
f 1065/1065 4028/4028 1063/1063
f 1065/1065 4027/4027 4028/4028
f 1067/1067 4027/4027 1065/1065
f 4173/4173 4027/4027 1067/1067
f 4009/4009 4027/4027 4173/4173
f 4173/4173 4174/4174 4009/4009
f 4009/4009 4174/4174 4002/4002
f 4002/4002 4174/4174 4003/4003
f 4003/4003 4174/4174 4175/4175
f 4176/4176 4177/4177 4178/4178
f 4176/4176 4178/4178 4179/4179
f 4180/4180 4176/4176 4179/4179
f 4181/4181 4176/4176 4180/4180
f 4181/4181 4182/4182 4176/4176
f 4176/4176 4182/4182 1977/1977
f 4183/4183 4184/4184 4185/4185
f 4185/4185 4184/4184 4186/4186
f 4186/4186 4187/4187 4185/4185
f 4185/4185 4187/4187 1685/1685
f 4187/4187 4188/4188 1685/1685
f 1685/1685 4188/4188 4182/4182
f 4188/4188 4189/4189 4182/4182
f 4190/4190 4182/4182 4189/4189
f 1977/1977 4182/4182 4190/4190
f 4191/4191 1977/1977 4190/4190
f 4192/4192 1977/1977 4191/4191
f 1684/1684 4185/4185 1685/1685
f 2452/2452 1685/1685 4182/4182
f 4193/4193 2452/2452 4194/4194
f 4194/4194 2452/2452 2377/2377
f 2377/2377 2452/2452 4182/4182
f 2374/2374 2377/2377 4182/4182
f 2372/2372 2374/2374 4182/4182
f 1602/1602 2372/2372 4182/4182
f 2370/2370 2372/2372 1602/1602
f 1601/1601 2370/2370 1602/1602
f 2368/2368 2370/2370 1601/1601
f 2366/2366 2368/2368 1601/1601
f 1682/1682 4183/4183 1683/1683
f 4184/4184 4183/4183 1682/1682
f 4195/4195 4184/4184 1682/1682
f 1997/1997 4195/4195 1682/1682
f 2452/2452 4193/4193 2419/2419
f 4193/4193 4196/4196 2419/2419
f 4196/4196 1986/1986 2419/2419
f 1986/1986 4196/4196 4197/4197
f 2380/2380 1986/1986 4197/4197
f 4194/4194 2380/2380 4197/4197
f 2379/2379 2380/2380 4194/4194
f 2379/2379 4194/4194 2377/2377
f 2362/2362 1986/1986 2380/2380
f 1987/1987 1986/1986 2362/2362
f 1981/1981 1987/1987 2362/2362
f 1990/1990 1987/1987 1981/1981
f 1983/1983 1990/1990 1981/1981
f 1994/1994 1990/1990 1983/1983
f 1994/1994 1983/1983 1997/1997
f 1983/1983 4195/4195 1997/1997
f 1967/1967 4195/4195 1983/1983
f 4198/4198 4195/4195 1967/1967
f 1968/1968 4198/4198 1967/1967
f 4192/4192 4198/4198 1968/1968
f 4192/4192 1968/1968 1970/1970
f 4192/4192 1970/1970 1972/1972
f 4192/4192 1972/1972 1974/1974
f 4192/4192 1974/1974 1977/1977
f 1979/1979 1981/1981 2362/2362
f 2364/2364 1979/1979 2362/2362
f 2364/2364 2408/2408 1979/1979
f 2366/2366 2408/2408 2364/2364
f 2366/2366 2410/2410 2408/2408
f 2366/2366 2412/2412 2410/2410
f 2366/2366 2414/2414 2412/2412
f 2366/2366 1601/1601 2414/2414
f 4199/4199 4200/4200 4201/4201
f 4202/4202 4200/4200 4199/4199
f 4203/4203 4200/4200 4202/4202
f 4204/4204 4200/4200 4203/4203
f 4205/4205 4204/4204 4203/4203
f 4206/4206 4204/4204 4205/4205
f 4207/4207 4206/4206 4205/4205
f 4208/4208 4206/4206 4207/4207
f 4209/4209 4208/4208 4207/4207
f 4210/4210 4208/4208 4209/4209
f 4211/4211 4212/4212 4213/4213
f 4214/4214 4212/4212 4211/4211
f 4215/4215 4214/4214 4211/4211
f 4216/4216 4214/4214 4215/4215
f 4217/4217 4216/4216 4215/4215
f 4218/4218 4216/4216 4217/4217
f 4219/4219 4218/4218 4217/4217
f 4220/4220 4218/4218 4219/4219
f 4221/4221 4220/4220 4219/4219
f 4222/4222 4220/4220 4221/4221
f 4223/4223 4222/4222 4221/4221
f 4224/4224 4222/4222 4223/4223
f 4225/4225 4224/4224 4223/4223
f 4226/4226 4224/4224 4225/4225
f 4227/4227 4226/4226 4225/4225
f 4228/4228 4226/4226 4227/4227
f 4229/4229 4228/4228 4227/4227
f 4230/4230 4228/4228 4229/4229
f 4231/4231 4232/4232 4233/4233
f 4234/4234 4232/4232 4231/4231
f 4235/4235 4234/4234 4231/4231
f 4236/4236 4234/4234 4235/4235
f 4199/4199 4236/4236 4235/4235
f 4201/4201 4236/4236 4199/4199
f 4198/4198 4237/4237 4195/4195
f 4238/4238 4237/4237 4198/4198
f 4192/4192 4238/4238 4198/4198
f 4239/4239 4238/4238 4192/4192
f 4191/4191 4239/4239 4192/4192
f 4240/4240 4239/4239 4191/4191
f 4191/4191 4190/4190 4240/4240
f 4240/4240 4190/4190 4241/4241
f 4190/4190 4189/4189 4241/4241
f 4241/4241 4189/4189 4242/4242
f 4189/4189 4188/4188 4242/4242
f 4242/4242 4188/4188 4243/4243
f 4243/4243 4188/4188 4244/4244
f 4244/4244 4188/4188 4187/4187
f 4244/4244 4187/4187 4245/4245
f 4245/4245 4187/4187 4186/4186
f 4186/4186 4184/4184 4245/4245
f 4245/4245 4184/4184 4246/4246
f 4184/4184 4237/4237 4246/4246
f 4195/4195 4237/4237 4184/4184
f 4247/4247 4248/4248 4249/4249
f 4250/4250 4248/4248 4247/4247
f 4250/4250 4251/4251 4248/4248
f 4252/4252 4251/4251 4250/4250
f 4252/4252 4253/4253 4251/4251
f 4254/4254 4253/4253 4252/4252
f 4255/4255 4256/4256 4257/4257
f 4258/4258 4256/4256 4255/4255
f 4254/4254 4259/4259 4253/4253
f 4260/4260 4259/4259 4254/4254
f 4261/4261 4262/4262 4263/4263
f 4264/4264 4262/4262 4261/4261
f 4261/4261 4265/4265 4264/4264
f 4264/4264 4265/4265 4266/4266
f 4267/4267 4258/4258 4255/4255
f 4268/4268 4258/4258 4267/4267
f 4269/4269 4268/4268 4267/4267
f 4270/4270 4268/4268 4269/4269
f 4271/4271 4230/4230 4229/4229
f 4272/4272 4230/4230 4271/4271
f 4273/4273 4274/4274 4275/4275
f 4274/4274 4276/4276 4275/4275
f 4277/4277 4276/4276 4274/4274
f 4277/4277 4278/4278 4276/4276
f 4279/4279 4278/4278 4277/4277
f 4279/4279 4280/4280 4278/4278
f 4281/4281 4280/4280 4279/4279
f 4281/4281 4282/4282 4280/4280
f 4283/4283 4282/4282 4281/4281
f 4284/4284 4282/4282 4283/4283
f 4285/4285 4282/4282 4284/4284
f 4286/4286 4287/4287 4288/4288
f 4289/4289 4287/4287 4286/4286
f 4290/4290 4289/4289 4286/4286
f 4291/4291 4289/4289 4290/4290
f 4290/4290 4275/4275 4291/4291
f 4273/4273 4275/4275 4290/4290
f 4292/4292 4168/4168 4293/4293
f 4169/4169 4168/4168 4292/4292
f 4294/4294 4295/4295 4296/4296
f 4296/4296 4295/4295 4297/4297
f 4295/4295 4298/4298 4297/4297
f 4297/4297 4298/4298 4299/4299
f 4300/4300 4299/4299 4298/4298
f 4301/4301 4300/4300 4298/4298
f 4302/4302 4301/4301 4298/4298
f 4303/4303 4301/4301 4302/4302
f 4302/4302 4304/4304 4303/4303
f 4305/4305 4304/4304 4302/4302
f 4305/4305 4292/4292 4304/4304
f 4169/4169 4292/4292 4305/4305
f 4277/4277 4274/4274 4306/4306
f 4279/4279 4277/4277 4306/4306
f 4307/4307 4279/4279 4306/4306
f 4281/4281 4279/4279 4307/4307
f 4281/4281 4307/4307 4308/4308
f 4283/4283 4281/4281 4308/4308
f 4308/4308 4307/4307 4309/4309
f 4310/4310 4311/4311 4312/4312
f 4312/4312 4311/4311 4313/4313
f 4311/4311 4314/4314 4313/4313
f 4313/4313 4314/4314 4315/4315
f 4314/4314 4262/4262 4315/4315
f 4263/4263 4262/4262 4314/4314
f 4316/4316 4317/4317 4318/4318
f 4232/4232 4316/4316 4318/4318
f 4233/4233 4232/4232 4318/4318
f 1976/1976 4319/4319 1977/1977
f 1977/1977 4319/4319 4176/4176
f 4176/4176 4319/4319 4177/4177
f 4177/4177 4319/4319 4320/4320
f 4309/4309 4321/4321 4322/4322
f 4307/4307 4321/4321 4309/4309
f 4307/4307 4323/4323 4321/4321
f 4306/4306 4323/4323 4307/4307
f 4274/4274 4323/4323 4306/4306
f 4273/4273 4323/4323 4274/4274
f 4324/4324 2216/2216 2217/2217
f 4325/4325 2216/2216 4324/4324
f 4324/4324 4326/4326 4325/4325
f 4327/4327 4326/4326 4324/4324
f 4327/4327 4328/4328 4326/4326
f 4329/4329 4328/4328 4327/4327
f 4329/4329 4330/4330 4328/4328
f 4331/4331 4330/4330 4329/4329
f 4331/4331 4332/4332 4330/4330
f 4333/4333 4332/4332 4331/4331
f 4332/4332 4333/4333 4334/4334
f 4334/4334 4333/4333 4335/4335
f 2238/2238 2240/2240 4336/4336
f 4336/4336 2240/2240 4337/4337
f 4336/4336 4337/4337 4338/4338
f 4338/4338 4337/4337 4339/4339
f 4338/4338 4339/4339 4340/4340
f 4340/4340 4339/4339 4341/4341
f 4340/4340 4341/4341 4342/4342
f 4342/4342 4341/4341 4343/4343
f 4342/4342 4343/4343 4344/4344
f 4344/4344 4343/4343 4345/4345
f 4344/4344 4345/4345 4346/4346
f 4346/4346 4345/4345 4347/4347
f 4346/4346 4347/4347 4348/4348
f 4348/4348 4347/4347 4349/4349
f 4348/4348 4349/4349 4350/4350
f 4350/4350 4349/4349 4351/4351
f 4350/4350 4351/4351 4352/4352
f 4352/4352 4351/4351 4353/4353
f 4354/4354 4355/4355 4356/4356
f 4356/4356 4355/4355 4357/4357
f 4356/4356 4357/4357 2231/2231
f 2231/2231 4357/4357 2229/2229
f 4318/4318 4317/4317 4358/4358
f 4310/4310 4318/4318 4358/4358
f 4312/4312 4318/4318 4310/4310
f 4359/4359 4168/4168 4172/4172
f 4293/4293 4168/4168 4359/4359
f 4360/4360 4256/4256 4361/4361
f 4257/4257 4256/4256 4360/4360
f 4362/4362 4363/4363 4364/4364
f 2415/2415 4362/4362 2413/2413
f 2413/2413 4362/4362 4364/4364
f 2413/2413 4364/4364 2411/2411
f 2411/2411 4364/4364 4365/4365
f 2411/2411 4365/4365 2409/2409
f 2409/2409 4365/4365 2407/2407
f 26/26 4366/4366 27/27
f 4367/4367 4366/4366 26/26
f 4368/4368 2232/2232 2234/2234
f 4369/4369 2232/2232 4368/4368
f 4368/4368 4370/4370 4369/4369
f 4371/4371 4370/4370 4368/4368
f 4371/4371 2448/2448 4370/4370
f 2446/2446 2448/2448 4371/4371
f 4367/4367 4372/4372 4366/4366
f 4366/4366 4373/4373 27/27
f 4374/4374 4373/4373 4366/4366
f 4300/4300 4375/4375 4376/4376
f 4301/4301 4375/4375 4300/4300
f 4377/4377 4378/4378 4379/4379
f 4380/4380 4378/4378 4377/4377
f 4380/4380 4381/4381 4378/4378
f 4382/4382 4381/4381 4380/4380
f 4383/4383 4384/4384 4385/4385
f 4386/4386 4384/4384 4383/4383
f 4387/4387 4386/4386 4383/4383
f 4388/4388 4386/4386 4387/4387
f 4389/4389 4388/4388 4387/4387
f 4390/4390 4388/4388 4389/4389
f 4391/4391 4390/4390 4389/4389
f 4392/4392 4390/4390 4391/4391
f 970/970 4393/4393 973/973
f 4394/4394 4393/4393 970/970
f 4395/4395 4396/4396 4397/4397
f 4398/4398 4396/4396 4395/4395
f 4399/4399 4379/4379 4400/4400
f 4377/4377 4379/4379 4399/4399
f 4401/4401 4402/4402 4403/4403
f 4404/4404 4402/4402 4401/4401
f 4405/4405 4363/4363 4406/4406
f 4364/4364 4363/4363 4405/4405
f 4407/4407 4364/4364 4405/4405
f 4365/4365 4364/4364 4407/4407
f 4365/4365 4407/4407 2407/2407
f 2407/2407 4407/4407 1980/1980
f 4408/4408 4409/4409 4410/4410
f 4410/4410 4409/4409 4411/4411
f 4410/4410 4411/4411 4412/4412
f 4412/4412 4411/4411 4413/4413
f 4412/4412 4413/4413 4414/4414
f 4414/4414 4413/4413 4415/4415
f 4415/4415 4416/4416 4414/4414
f 4417/4417 4416/4416 4415/4415
f 4417/4417 4418/4418 4416/4416
f 4419/4419 4418/4418 4417/4417
f 4419/4419 4420/4420 4418/4418
f 4421/4421 4420/4420 4419/4419
f 4421/4421 4422/4422 4420/4420
f 4420/4420 4422/4422 4423/4423
f 4422/4422 4424/4424 4423/4423
f 4423/4423 4424/4424 4425/4425
f 4424/4424 4426/4426 4425/4425
f 4427/4427 4426/4426 4424/4424
f 4409/4409 4426/4426 4427/4427
f 4408/4408 4426/4426 4409/4409
f 4428/4428 4429/4429 4430/4430
f 4430/4430 4429/4429 4431/4431
f 4431/4431 4429/4429 4432/4432
f 4432/4432 4429/4429 4433/4433
f 4433/4433 4429/4429 4434/4434
f 4429/4429 4435/4435 4434/4434
f 4434/4434 4435/4435 4436/4436
f 4436/4436 4435/4435 4437/4437
f 4438/4438 4439/4439 4435/4435
f 4440/4440 4438/4438 4435/4435
f 4441/4441 4440/4440 4435/4435
f 4442/4442 4440/4440 4441/4441
f 4437/4437 4435/4435 4439/4439
f 4443/4443 4437/4437 4439/4439
f 4444/4444 4443/4443 4439/4439
f 4445/4445 4443/4443 4444/4444
f 4446/4446 4445/4445 4444/4444
f 4447/4447 4446/4446 4444/4444
f 4448/4448 4447/4447 4444/4444
f 4449/4449 4448/4448 4444/4444
f 4450/4450 4448/4448 4449/4449
f 4451/4451 4450/4450 4449/4449
f 4452/4452 4451/4451 4449/4449
f 4453/4453 4451/4451 4452/4452
f 4454/4454 4453/4453 4452/4452
f 4455/4455 4454/4454 4452/4452
f 4456/4456 4454/4454 4455/4455
f 4457/4457 4456/4456 4455/4455
f 4458/4458 4456/4456 4457/4457
f 4459/4459 4458/4458 4457/4457
f 4460/4460 4436/4436 4437/4437
f 4461/4461 4436/4436 4460/4460
f 4454/4454 4436/4436 4461/4461
f 4462/4462 4436/4436 4454/4454
f 4462/4462 4454/4454 4456/4456
f 4463/4463 4462/4462 4456/4456
f 4464/4464 4463/4463 4456/4456
f 4465/4465 4463/4463 4464/4464
f 4466/4466 4465/4465 4464/4464
f 4467/4467 4466/4466 4464/4464
f 4468/4468 4467/4467 4464/4464
f 4469/4469 4468/4468 4464/4464
f 4470/4470 4471/4471 4472/4472
f 4472/4472 4471/4471 4473/4473
f 4472/4472 4473/4473 4474/4474
f 4474/4474 4473/4473 4475/4475
f 4474/4474 4475/4475 4476/4476
f 4476/4476 4475/4475 4477/4477
f 4476/4476 4477/4477 4478/4478
f 4478/4478 4477/4477 4479/4479
f 4478/4478 4479/4479 4480/4480
f 4480/4480 4479/4479 4481/4481
f 4480/4480 4481/4481 4482/4482
f 4482/4482 4481/4481 4483/4483
f 4482/4482 4483/4483 4484/4484
f 4484/4484 4483/4483 4485/4485
f 4484/4484 4485/4485 4486/4486
f 4486/4486 4485/4485 4487/4487
f 4486/4486 4487/4487 4488/4488
f 4488/4488 4487/4487 4489/4489
f 4490/4490 4491/4491 4492/4492
f 4492/4492 4491/4491 4493/4493
f 4492/4492 4493/4493 4494/4494
f 4494/4494 4493/4493 4495/4495
f 4494/4494 4495/4495 4496/4496
f 4496/4496 4495/4495 4497/4497
f 4496/4496 4497/4497 4498/4498
f 4498/4498 4497/4497 4499/4499
f 4498/4498 4499/4499 4500/4500
f 4500/4500 4499/4499 4501/4501
f 4500/4500 4501/4501 4502/4502
f 4502/4502 4501/4501 4503/4503
f 4502/4502 4503/4503 4504/4504
f 4504/4504 4503/4503 4505/4505
f 4504/4504 4505/4505 4506/4506
f 4506/4506 4505/4505 4507/4507
f 4506/4506 4507/4507 4470/4470
f 4470/4470 4507/4507 4471/4471
f 4508/4508 4509/4509 4510/4510
f 4510/4510 4509/4509 4511/4511
f 4510/4510 4511/4511 4512/4512
f 4512/4512 4511/4511 4513/4513
f 4512/4512 4513/4513 4514/4514
f 4514/4514 4513/4513 4515/4515
f 4514/4514 4515/4515 4516/4516
f 4516/4516 4515/4515 4517/4517
f 4516/4516 4517/4517 4518/4518
f 4518/4518 4517/4517 4519/4519
f 4518/4518 4519/4519 4520/4520
f 4520/4520 4519/4519 4521/4521
f 4520/4520 4521/4521 4490/4490
f 4490/4490 4521/4521 4491/4491
f 4522/4522 4523/4523 4524/4524
f 4524/4524 4523/4523 4525/4525
f 4524/4524 4525/4525 4526/4526
f 4526/4526 4525/4525 4527/4527
f 4526/4526 4527/4527 4528/4528
f 4528/4528 4527/4527 4529/4529
f 4528/4528 4529/4529 4530/4530
f 4530/4530 4529/4529 4531/4531
f 4530/4530 4531/4531 4532/4532
f 4532/4532 4531/4531 4533/4533
f 4532/4532 4533/4533 4534/4534
f 4534/4534 4533/4533 4535/4535
f 4534/4534 4535/4535 4536/4536
f 4536/4536 4535/4535 4537/4537
f 4536/4536 4537/4537 4538/4538
f 4538/4538 4537/4537 4539/4539
f 4538/4538 4539/4539 4540/4540
f 4540/4540 4539/4539 4541/4541
f 4542/4542 4543/4543 4544/4544
f 4544/4544 4543/4543 4545/4545
f 4544/4544 4545/4545 4546/4546
f 4546/4546 4545/4545 4547/4547
f 4546/4546 4547/4547 4548/4548
f 4548/4548 4547/4547 4549/4549
f 4548/4548 4549/4549 4550/4550
f 4550/4550 4549/4549 4551/4551
f 4550/4550 4551/4551 4552/4552
f 4552/4552 4551/4551 4553/4553
f 4552/4552 4553/4553 4554/4554
f 4554/4554 4553/4553 4555/4555
f 4554/4554 4555/4555 4556/4556
f 4556/4556 4555/4555 4557/4557
f 4556/4556 4557/4557 4558/4558
f 4558/4558 4557/4557 4559/4559
f 4558/4558 4559/4559 4522/4522
f 4522/4522 4559/4559 4523/4523
f 4560/4560 4561/4561 4562/4562
f 4562/4562 4561/4561 4563/4563
f 4562/4562 4563/4563 4564/4564
f 4564/4564 4563/4563 4565/4565
f 4564/4564 4565/4565 4566/4566
f 4566/4566 4565/4565 4567/4567
f 4566/4566 4567/4567 4568/4568
f 4568/4568 4567/4567 4569/4569
f 4568/4568 4569/4569 4570/4570
f 4570/4570 4569/4569 4571/4571
f 4570/4570 4571/4571 4572/4572
f 4572/4572 4571/4571 4573/4573
f 4572/4572 4573/4573 4542/4542
f 4542/4542 4573/4573 4543/4543
f 4574/4574 4575/4575 4576/4576
f 4577/4577 4574/4574 4576/4576
f 4578/4578 4574/4574 4577/4577
f 4579/4579 4578/4578 4577/4577
f 4580/4580 4578/4578 4579/4579
f 4581/4581 4580/4580 4579/4579
f 4582/4582 4580/4580 4581/4581
f 4583/4583 4582/4582 4581/4581
f 4584/4584 4582/4582 4583/4583
f 4585/4585 4584/4584 4583/4583
f 4586/4586 4584/4584 4585/4585
f 4585/4585 4587/4587 4586/4586
f 4588/4588 4587/4587 4585/4585
f 4588/4588 4589/4589 4587/4587
f 4590/4590 4589/4589 4588/4588
f 4590/4590 4591/4591 4589/4589
f 4592/4592 4591/4591 4590/4590
f 4592/4592 4593/4593 4591/4591
f 4594/4594 4593/4593 4592/4592
f 4594/4594 4595/4595 4593/4593
f 4596/4596 4595/4595 4594/4594
f 4596/4596 4597/4597 4595/4595
f 4598/4598 4597/4597 4596/4596
f 4598/4598 4599/4599 4597/4597
f 4600/4600 4599/4599 4598/4598
f 4600/4600 4601/4601 4599/4599
f 4602/4602 4601/4601 4600/4600
f 4602/4602 4603/4603 4601/4601
f 4604/4604 4603/4603 4602/4602
f 4604/4604 4605/4605 4603/4603
f 4606/4606 4605/4605 4604/4604
f 4606/4606 4607/4607 4605/4605
f 4608/4608 4607/4607 4606/4606
f 4608/4608 4609/4609 4607/4607
f 4610/4610 4609/4609 4608/4608
f 4610/4610 4611/4611 4609/4609
f 4612/4612 4611/4611 4610/4610
f 4612/4612 4613/4613 4611/4611
f 4614/4614 4613/4613 4612/4612
f 4615/4615 4613/4613 4614/4614
f 4616/4616 4613/4613 4615/4615
f 4617/4617 4616/4616 4615/4615
f 4618/4618 4616/4616 4617/4617
f 4619/4619 4618/4618 4617/4617
f 4620/4620 4618/4618 4619/4619
f 4621/4621 4620/4620 4619/4619
f 4622/4622 4620/4620 4621/4621
f 4623/4623 4622/4622 4621/4621
f 4575/4575 4622/4622 4623/4623
f 4576/4576 4575/4575 4623/4623
f 4624/4624 4625/4625 4626/4626
f 4626/4626 4625/4625 4627/4627
f 4626/4626 4627/4627 4628/4628
f 4628/4628 4627/4627 4629/4629
f 4628/4628 4629/4629 4630/4630
f 4630/4630 4629/4629 4631/4631
f 4630/4630 4631/4631 4632/4632
f 4632/4632 4631/4631 4633/4633
f 4632/4632 4633/4633 4634/4634
f 4634/4634 4633/4633 4635/4635
f 4634/4634 4635/4635 4636/4636
f 4636/4636 4635/4635 4637/4637
f 4638/4638 4636/4636 4637/4637
f 4639/4639 4636/4636 4638/4638
f 4640/4640 4639/4639 4638/4638
f 4641/4641 4639/4639 4640/4640
f 4642/4642 4641/4641 4640/4640
f 4643/4643 4641/4641 4642/4642
f 4644/4644 4643/4643 4642/4642
f 4645/4645 4643/4643 4644/4644
f 4646/4646 4645/4645 4644/4644
f 4647/4647 4645/4645 4646/4646
f 4648/4648 4647/4647 4646/4646
f 4649/4649 4647/4647 4648/4648
f 4650/4650 4649/4649 4648/4648
f 4651/4651 4649/4649 4650/4650
f 4652/4652 4651/4651 4650/4650
f 4653/4653 4651/4651 4652/4652
f 4654/4654 4653/4653 4652/4652
f 4655/4655 4653/4653 4654/4654
f 4656/4656 4655/4655 4654/4654
f 4657/4657 4655/4655 4656/4656
f 4658/4658 4657/4657 4656/4656
f 4659/4659 4657/4657 4658/4658
f 4660/4660 4659/4659 4658/4658
f 4661/4661 4659/4659 4660/4660
f 4662/4662 4661/4661 4660/4660
f 4663/4663 4661/4661 4662/4662
f 4664/4664 4663/4663 4662/4662
f 4665/4665 4663/4663 4664/4664
f 4665/4665 4664/4664 4666/4666
f 4666/4666 4664/4664 4667/4667
f 4666/4666 4667/4667 4668/4668
f 4668/4668 4667/4667 4669/4669
f 4668/4668 4669/4669 4670/4670
f 4670/4670 4669/4669 4671/4671
f 4670/4670 4671/4671 4672/4672
f 4672/4672 4671/4671 4673/4673
f 4672/4672 4673/4673 4624/4624
f 4624/4624 4673/4673 4625/4625
f 4674/4674 3354/3354 4675/4675
f 4676/4676 4677/4677 4675/4675
f 4675/4675 4677/4677 4678/4678
f 4677/4677 4679/4679 4678/4678
f 4680/4680 4679/4679 4677/4677
f 4681/4681 4679/4679 4680/4680
f 4680/4680 4682/4682 4681/4681
f 3352/3352 4682/4682 4680/4680
f 4682/4682 3352/3352 4674/4674
f 3352/3352 3354/3354 4674/4674
f 4288/4288 4287/4287 4683/4683
f 4684/4684 4683/4683 4287/4287
f 4685/4685 4683/4683 4684/4684
f 4686/4686 4685/4685 4684/4684
f 4687/4687 4685/4685 4686/4686
f 4688/4688 4687/4687 4686/4686
f 4689/4689 4687/4687 4688/4688
f 4690/4690 4689/4689 4688/4688
f 4691/4691 4689/4689 4690/4690
f 4691/4691 4690/4690 4692/4692
f 4692/4692 4690/4690 4151/4151
f 4151/4151 4693/4693 4692/4692
f 4150/4150 4693/4693 4151/4151
f 4150/4150 4157/4157 4693/4693
f 4693/4693 4157/4157 4694/4694
f 4296/4296 974/974 4294/4294
f 977/977 974/974 4296/4296
f 4695/4695 4696/4696 4697/4697
f 4695/4695 4697/4697 4698/4698
f 4699/4699 4695/4695 4698/4698
f 4700/4700 4695/4695 4699/4699
f 4700/4700 4701/4701 4695/4695
f 4695/4695 4701/4701 4702/4702
f 3947/3947 3850/3850 4703/4703
f 4703/4703 3850/3850 4704/4704
f 3850/3850 3539/3539 4704/4704
f 3539/3539 4705/4705 4704/4704
f 4706/4706 4705/4705 3539/3539
f 4705/4705 4706/4706 4707/4707
f 4707/4707 4706/4706 4708/4708
f 4708/4708 4709/4709 4707/4707
f 4707/4707 4709/4709 3947/3947
f 4709/4709 4710/4710 3947/3947
f 3947/3947 4710/4710 4701/4701
f 4701/4701 4710/4710 4711/4711
f 4712/4712 4701/4701 4711/4711
f 4702/4702 4701/4701 4712/4712
f 4713/4713 4702/4702 4712/4712
f 4714/4714 4702/4702 4713/4713
f 4703/4703 4707/4707 3947/3947
f 3386/3386 3947/3947 4701/4701
f 3385/3385 3386/3386 4715/4715
f 4715/4715 3386/3386 3462/3462
f 3462/3462 3386/3386 4701/4701
f 3459/3459 3462/3462 4701/4701
f 3457/3457 3459/3459 4701/4701
f 3376/3376 3457/3457 4701/4701
f 3455/3455 3457/3457 3376/3376
f 3375/3375 3455/3455 3376/3376
f 3453/3453 3455/3455 3375/3375
f 3451/3451 3453/3453 3375/3375
f 4715/4715 3465/3465 4716/4716
f 3464/3464 3465/3465 4715/4715
f 3464/3464 4715/4715 3462/3462
f 3383/3383 3382/3382 4716/4716
f 3465/3465 3383/3383 4716/4716
f 3447/3447 3383/3383 3465/3465
f 3550/3550 3383/3383 3447/3447
f 3451/3451 3375/3375 4717/4717
f 3451/3451 4717/4717 4718/4718
f 3451/3451 4718/4718 4719/4719
f 3451/3451 4719/4719 4720/4720
f 3451/3451 4720/4720 3449/3449
f 3449/3449 4720/4720 4721/4721
f 3449/3449 4721/4721 3447/3447
f 4721/4721 4722/4722 3447/3447
f 4722/4722 3550/3550 3447/3447
f 3546/3546 3550/3550 4722/4722
f 3546/3546 4722/4722 3543/3543
f 3543/3543 4722/4722 4723/4723
f 3543/3543 4723/4723 3541/3541
f 4723/4723 4724/4724 3541/3541
f 3541/3541 4724/4724 3539/3539
f 4724/4724 4706/4706 3539/3539
f 4714/4714 4725/4725 4702/4702
f 4714/4714 4726/4726 4725/4725
f 4714/4714 4727/4727 4726/4726
f 4714/4714 4728/4728 4727/4727
f 4714/4714 4729/4729 4728/4728
f 4728/4728 4729/4729 4730/4730
f 4729/4729 4724/4724 4730/4730
f 4730/4730 4724/4724 4723/4723
f 3427/3427 3429/3429 4731/4731
f 4731/4731 3429/3429 4732/4732
f 4731/4731 4732/4732 4733/4733
f 4733/4733 4732/4732 4734/4734
f 4733/4733 4734/4734 4735/4735
f 4735/4735 4734/4734 4736/4736
f 4735/4735 4736/4736 4737/4737
f 4737/4737 4736/4736 4738/4738
f 4737/4737 4738/4738 4739/4739
f 4739/4739 4738/4738 4740/4740
f 4739/4739 4740/4740 4741/4741
f 4741/4741 4740/4740 4742/4742
f 4741/4741 4742/4742 4743/4743
f 4743/4743 4742/4742 4744/4744
f 4743/4743 4744/4744 4745/4745
f 4745/4745 4744/4744 4746/4746
f 4745/4745 4746/4746 4747/4747
f 4747/4747 4746/4746 4748/4748
f 4749/4749 4750/4750 4751/4751
f 4752/4752 4750/4750 4749/4749
f 4750/4750 4752/4752 4753/4753
f 4753/4753 4752/4752 4754/4754
f 4755/4755 4756/4756 4757/4757
f 4757/4757 4756/4756 4758/4758
f 4757/4757 4758/4758 3424/3424
f 3424/3424 4758/4758 3422/3422
f 4759/4759 4721/4721 4760/4760
f 4720/4720 4760/4760 4721/4721
f 4761/4761 4760/4760 4720/4720
f 4719/4719 4761/4761 4720/4720
f 4762/4762 4761/4761 4719/4719
f 4718/4718 4762/4762 4719/4719
f 4763/4763 4762/4762 4718/4718
f 4717/4717 4763/4763 4718/4718
f 4764/4764 4763/4763 4717/4717
f 4764/4764 4717/4717 4765/4765
f 4765/4765 4717/4717 3375/3375
f 30/30 4766/4766 4767/4767
f 29/29 4766/4766 30/30
f 4768/4768 4721/4721 4759/4759
f 4722/4722 4721/4721 4768/4768
f 4722/4722 4768/4768 4723/4723
f 4723/4723 4768/4768 4769/4769
f 4769/4769 4730/4730 4723/4723
f 3879/3879 4730/4730 4769/4769
f 4767/4767 4766/4766 4770/4770
f 4771/4771 4766/4766 29/29
f 4772/4772 4766/4766 4771/4771
f 4773/4773 3381/3381 4774/4774
f 3374/3374 3381/3381 4773/4773
f 3374/3374 4773/4773 3375/3375
f 3375/3375 4773/4773 4765/4765
f 3315/3315 3314/3314 4775/4775
f 4399/4399 3315/3315 4775/4775
f 4400/4400 3315/3315 4399/4399
f 4360/4360 972/972 971/971
f 4361/4361 972/972 4360/4360
f 4359/4359 976/976 975/975
f 4172/4172 976/976 4359/4359
f 4776/4776 4777/4777 4778/4778
f 4779/4779 4777/4777 4776/4776
f 4780/4780 4779/4779 4776/4776
f 4781/4781 4779/4779 4780/4780
f 4782/4782 4781/4781 4780/4780
f 4783/4783 4781/4781 4782/4782
f 4784/4784 4783/4783 4782/4782
f 4785/4785 4783/4783 4784/4784
f 4786/4786 4785/4785 4784/4784
f 4787/4787 4785/4785 4786/4786
f 4788/4788 4787/4787 4786/4786
f 4789/4789 4787/4787 4788/4788
f 4790/4790 4789/4789 4788/4788
f 4791/4791 4789/4789 4790/4790
f 4792/4792 4791/4791 4790/4790
f 4793/4793 4791/4791 4792/4792
f 4794/4794 4793/4793 4792/4792
f 4795/4795 4793/4793 4794/4794
f 4796/4796 4797/4797 4798/4798
f 4799/4799 4797/4797 4796/4796
f 4800/4800 4799/4799 4796/4796
f 4801/4801 4799/4799 4800/4800
f 4802/4802 4801/4801 4800/4800
f 4803/4803 4801/4801 4802/4802
f 4804/4804 4803/4803 4802/4802
f 4805/4805 4803/4803 4804/4804
f 4806/4806 4805/4805 4804/4804
f 4807/4807 4805/4805 4806/4806
f 4808/4808 4807/4807 4806/4806
f 4809/4809 4807/4807 4808/4808
f 4810/4810 4809/4809 4808/4808
f 4811/4811 4809/4809 4810/4810
f 4812/4812 4811/4811 4810/4810
f 4813/4813 4811/4811 4812/4812
f 4778/4778 4813/4813 4812/4812
f 4777/4777 4813/4813 4778/4778
f 4814/4814 4815/4815 4816/4816
f 4817/4817 4815/4815 4814/4814
f 4818/4818 4817/4817 4814/4814
f 4819/4819 4817/4817 4818/4818
f 4820/4820 4819/4819 4818/4818
f 4821/4821 4819/4819 4820/4820
f 4822/4822 4821/4821 4820/4820
f 4823/4823 4821/4821 4822/4822
f 4824/4824 4823/4823 4822/4822
f 4825/4825 4823/4823 4824/4824
f 4826/4826 4825/4825 4824/4824
f 4827/4827 4825/4825 4826/4826
f 4798/4798 4827/4827 4826/4826
f 4797/4797 4827/4827 4798/4798
f 4828/4828 4829/4829 4830/4830
f 4764/4764 4828/4828 4763/4763
f 4763/4763 4828/4828 4830/4830
f 4763/4763 4830/4830 4762/4762
f 4762/4762 4830/4830 4831/4831
f 4762/4762 4831/4831 4761/4761
f 4761/4761 4831/4831 4760/4760
f 4832/4832 4833/4833 4834/4834
f 4835/4835 4832/4832 4834/4834
f 4836/4836 4835/4835 4834/4834
f 4837/4837 4836/4836 4834/4834
f 4838/4838 4837/4837 4834/4834
f 4839/4839 4838/4838 4834/4834
f 4840/4840 4839/4839 4834/4834
f 4841/4841 4840/4840 4834/4834
f 4842/4842 4841/4841 4834/4834
f 4843/4843 4842/4842 4834/4834
f 4844/4844 4843/4843 4834/4834
f 4845/4845 4844/4844 4834/4834
f 4846/4846 4845/4845 4834/4834
f 4847/4847 4846/4846 4834/4834
f 4848/4848 4847/4847 4834/4834
f 4849/4849 4848/4848 4834/4834
f 4850/4850 4849/4849 4834/4834
f 4851/4851 4850/4850 4834/4834
f 4852/4852 4853/4853 4834/4834
f 4854/4854 4852/4852 4834/4834
f 4855/4855 4854/4854 4834/4834
f 4856/4856 4855/4855 4834/4834
f 4833/4833 4856/4856 4834/4834
f 4857/4857 4753/4753 4754/4754
f 4858/4858 4753/4753 4857/4857
f 4857/4857 4859/4859 4858/4858
f 4860/4860 4859/4859 4857/4857
f 4860/4860 3689/3689 4859/4859
f 3688/3688 3689/3689 4860/4860
f 4861/4861 4862/4862 4863/4863
f 4864/4864 4861/4861 4863/4863
f 4865/4865 4864/4864 4863/4863
f 4866/4866 4865/4865 4863/4863
f 4867/4867 4866/4866 4863/4863
f 4868/4868 4867/4867 4863/4863
f 4869/4869 4868/4868 4863/4863
f 4870/4870 4869/4869 4863/4863
f 4871/4871 4870/4870 4863/4863
f 4872/4872 4871/4871 4863/4863
f 4873/4873 4872/4872 4863/4863
f 4874/4874 4873/4873 4863/4863
f 4875/4875 4874/4874 4863/4863
f 4876/4876 4875/4875 4863/4863
f 4877/4877 4876/4876 4863/4863
f 4878/4878 4877/4877 4863/4863
f 4879/4879 4878/4878 4863/4863
f 4880/4880 4879/4879 4863/4863
f 4881/4881 4882/4882 4863/4863
f 4883/4883 4881/4881 4863/4863
f 4884/4884 4883/4883 4863/4863
f 4885/4885 4884/4884 4863/4863
f 4862/4862 4885/4885 4863/4863
f 4886/4886 4887/4887 4888/4888
f 4889/4889 4887/4887 4886/4886
f 4890/4890 4889/4889 4886/4886
f 4891/4891 4889/4889 4890/4890
f 4892/4892 4891/4891 4890/4890
f 4893/4893 4891/4891 4892/4892
f 4894/4894 4893/4893 4892/4892
f 4895/4895 4893/4893 4894/4894
f 4896/4896 4895/4895 4894/4894
f 4897/4897 4895/4895 4896/4896
f 4898/4898 4897/4897 4896/4896
f 4899/4899 4897/4897 4898/4898
f 4900/4900 4899/4899 4898/4898
f 4901/4901 4899/4899 4900/4900
f 4902/4902 4901/4901 4900/4900
f 4903/4903 4901/4901 4902/4902
f 4904/4904 4903/4903 4902/4902
f 4905/4905 4903/4903 4904/4904
f 4906/4906 4907/4907 4908/4908
f 4909/4909 4907/4907 4906/4906
f 4910/4910 4909/4909 4906/4906
f 4911/4911 4909/4909 4910/4910
f 4912/4912 4911/4911 4910/4910
f 4913/4913 4911/4911 4912/4912
f 4914/4914 4913/4913 4912/4912
f 4915/4915 4913/4913 4914/4914
f 4916/4916 4915/4915 4914/4914
f 4917/4917 4915/4915 4916/4916
f 4918/4918 4917/4917 4916/4916
f 4919/4919 4917/4917 4918/4918
f 4920/4920 4919/4919 4918/4918
f 4921/4921 4919/4919 4920/4920
f 4922/4922 4921/4921 4920/4920
f 4923/4923 4921/4921 4922/4922
f 4888/4888 4923/4923 4922/4922
f 4887/4887 4923/4923 4888/4888
f 4924/4924 4925/4925 4926/4926
f 4927/4927 4925/4925 4924/4924
f 4928/4928 4927/4927 4924/4924
f 4929/4929 4927/4927 4928/4928
f 4930/4930 4929/4929 4928/4928
f 4931/4931 4929/4929 4930/4930
f 4932/4932 4931/4931 4930/4930
f 4933/4933 4931/4931 4932/4932
f 4934/4934 4933/4933 4932/4932
f 4935/4935 4933/4933 4934/4934
f 4936/4936 4935/4935 4934/4934
f 4937/4937 4935/4935 4936/4936
f 4908/4908 4937/4937 4936/4936
f 4907/4907 4937/4937 4908/4908
f 4938/4938 4939/4939 4940/4940
f 4941/4941 4939/4939 4938/4938
f 4942/4942 4941/4941 4938/4938
f 4943/4943 4941/4941 4942/4942
f 4944/4944 4943/4943 4942/4942
f 4945/4945 4943/4943 4944/4944
f 4946/4946 4945/4945 4944/4944
f 4947/4947 4945/4945 4946/4946
f 4948/4948 4947/4947 4946/4946
f 4949/4949 4947/4947 4948/4948
f 4950/4950 4949/4949 4948/4948
f 4951/4951 4949/4949 4950/4950
f 4952/4952 4951/4951 4950/4950
f 4953/4953 4951/4951 4952/4952
f 4954/4954 4953/4953 4952/4952
f 4955/4955 4953/4953 4954/4954
f 4956/4956 4955/4955 4954/4954
f 4957/4957 4955/4955 4956/4956
f 4958/4958 4959/4959 4960/4960
f 4961/4961 4959/4959 4958/4958
f 4962/4962 4961/4961 4958/4958
f 4963/4963 4961/4961 4962/4962
f 4964/4964 4963/4963 4962/4962
f 4965/4965 4963/4963 4964/4964
f 4966/4966 4965/4965 4964/4964
f 4967/4967 4965/4965 4966/4966
f 4968/4968 4967/4967 4966/4966
f 4969/4969 4967/4967 4968/4968
f 4970/4970 4969/4969 4968/4968
f 4971/4971 4969/4969 4970/4970
f 4972/4972 4971/4971 4970/4970
f 4973/4973 4971/4971 4972/4972
f 4974/4974 4973/4973 4972/4972
f 4975/4975 4973/4973 4974/4974
f 4940/4940 4975/4975 4974/4974
f 4939/4939 4975/4975 4940/4940
f 4976/4976 4977/4977 4978/4978
f 4979/4979 4977/4977 4976/4976
f 4980/4980 4979/4979 4976/4976
f 4981/4981 4979/4979 4980/4980
f 4982/4982 4981/4981 4980/4980
f 4983/4983 4981/4981 4982/4982
f 4984/4984 4983/4983 4982/4982
f 4985/4985 4983/4983 4984/4984
f 4986/4986 4985/4985 4984/4984
f 4987/4987 4985/4985 4986/4986
f 4988/4988 4987/4987 4986/4986
f 4989/4989 4987/4987 4988/4988
f 4960/4960 4989/4989 4988/4988
f 4959/4959 4989/4989 4960/4960
f 4990/4990 4829/4829 4991/4991
f 4830/4830 4829/4829 4990/4990
f 4992/4992 4830/4830 4990/4990
f 4831/4831 4830/4830 4992/4992
f 4831/4831 4992/4992 4760/4760
f 4760/4760 4992/4992 4759/4759
f 4993/4993 4994/4994 4995/4995
f 4996/4996 4993/4993 4995/4995
f 4997/4997 4996/4996 4995/4995
f 4998/4998 4997/4997 4995/4995
f 4999/4999 4998/4998 4995/4995
f 5000/5000 4999/4999 4995/4995
f 5001/5001 5000/5000 4995/4995
f 5002/5002 5001/5001 4995/4995
f 5003/5003 5002/5002 4995/4995
f 5004/5004 5003/5003 4995/4995
f 5005/5005 5004/5004 4995/4995
f 5006/5006 5005/5005 4995/4995
f 5007/5007 5006/5006 4995/4995
f 5008/5008 5007/5007 4995/4995
f 5009/5009 5008/5008 4995/4995
f 5010/5010 5009/5009 4995/4995
f 5011/5011 5010/5010 4995/4995
f 5012/5012 5011/5011 4995/4995
f 5013/5013 5014/5014 4995/4995
f 5015/5015 5013/5013 4995/4995
f 5016/5016 5015/5015 4995/4995
f 5017/5017 5016/5016 4995/4995
f 4994/4994 5017/5017 4995/4995
f 5018/5018 5019/5019 5020/5020
f 5021/5021 5019/5019 5018/5018
f 5018/5018 5022/5022 5021/5021
f 5021/5021 5022/5022 5023/5023
f 5022/5022 5024/5024 5023/5023
f 5023/5023 5024/5024 5025/5025
f 5024/5024 5026/5026 5025/5025
f 5025/5025 5026/5026 5027/5027
f 5026/5026 5028/5028 5027/5027
f 5027/5027 5028/5028 5029/5029
f 5029/5029 5028/5028 3813/3813
f 3813/3813 5028/5028 3814/3814
f 5030/5030 5031/5031 5032/5032
f 5033/5033 5030/5030 5032/5032
f 5034/5034 5033/5033 5032/5032
f 5035/5035 5034/5034 5032/5032
f 5036/5036 5035/5035 5032/5032
f 5037/5037 5036/5036 5032/5032
f 5038/5038 5037/5037 5032/5032
f 5039/5039 5038/5038 5032/5032
f 5040/5040 5039/5039 5032/5032
f 5041/5041 5040/5040 5032/5032
f 5042/5042 5041/5041 5032/5032
f 5043/5043 5042/5042 5032/5032
f 5044/5044 5043/5043 5032/5032
f 5045/5045 5044/5044 5032/5032
f 5046/5046 5045/5045 5032/5032
f 5047/5047 5046/5046 5032/5032
f 5048/5048 5047/5047 5032/5032
f 5049/5049 5048/5048 5032/5032
f 5050/5050 5051/5051 5032/5032
f 5052/5052 5050/5050 5032/5032
f 5053/5053 5052/5052 5032/5032
f 5054/5054 5053/5053 5032/5032
f 5031/5031 5054/5054 5032/5032
f 5055/5055 5056/5056 5057/5057
f 5058/5058 5055/5055 5057/5057
f 5059/5059 5058/5058 5057/5057
f 5060/5060 5059/5059 5057/5057
f 5061/5061 5060/5060 5057/5057
f 5062/5062 5061/5061 5057/5057
f 5063/5063 5062/5062 5057/5057
f 5064/5064 5063/5063 5057/5057
f 5065/5065 5064/5064 5057/5057
f 5066/5066 5065/5065 5057/5057
f 5067/5067 5066/5066 5057/5057
f 5068/5068 5067/5067 5057/5057
f 5069/5069 5070/5070 5071/5071
f 5072/5072 5069/5069 5071/5071
f 5073/5073 5072/5072 5071/5071
f 5074/5074 5073/5073 5071/5071
f 5075/5075 5074/5074 5071/5071
f 5076/5076 5075/5075 5071/5071
f 5077/5077 5076/5076 5071/5071
f 5078/5078 5077/5077 5071/5071
f 5079/5079 5078/5078 5071/5071
f 5080/5080 5079/5079 5071/5071
f 5081/5081 5080/5080 5071/5071
f 5082/5082 5080/5080 5081/5081
f 4729/4729 5083/5083 4724/4724
f 5084/5084 5083/5083 4729/4729
f 4714/4714 5084/5084 4729/4729
f 5085/5085 5084/5084 4714/4714
f 4713/4713 5085/5085 4714/4714
f 5086/5086 5085/5085 4713/4713
f 4713/4713 4712/4712 5086/5086
f 5086/5086 4712/4712 5087/5087
f 4712/4712 4711/4711 5087/5087
f 5087/5087 4711/4711 5088/5088
f 4711/4711 4710/4710 5088/5088
f 5088/5088 4710/4710 5089/5089
f 5089/5089 4710/4710 5090/5090
f 5090/5090 4710/4710 4709/4709
f 5090/5090 4709/4709 5091/5091
f 5091/5091 4709/4709 4708/4708
f 4708/4708 4706/4706 5091/5091
f 5091/5091 4706/4706 5092/5092
f 4706/4706 5083/5083 5092/5092
f 4724/4724 5083/5083 4706/4706
f 5093/5093 5094/5094 5095/5095
f 5096/5096 5093/5093 5095/5095
f 5097/5097 5096/5096 5095/5095
f 5098/5098 5097/5097 5095/5095
f 5099/5099 5098/5098 5095/5095
f 5100/5100 5099/5099 5095/5095
f 5101/5101 5100/5100 5095/5095
f 5102/5102 5101/5101 5095/5095
f 5103/5103 5102/5102 5095/5095
f 5104/5104 5103/5103 5095/5095
f 5105/5105 5104/5104 5095/5095
f 5106/5106 5105/5105 5095/5095
f 5107/5107 5106/5106 5095/5095
f 5108/5108 5107/5107 5095/5095
f 5109/5109 5108/5108 5095/5095
f 5110/5110 5109/5109 5095/5095
f 5111/5111 5110/5110 5095/5095
f 5112/5112 5111/5111 5095/5095
f 5113/5113 5114/5114 5095/5095
f 5115/5115 5113/5113 5095/5095
f 5116/5116 5115/5115 5095/5095
f 5117/5117 5116/5116 5095/5095
f 5094/5094 5117/5117 5095/5095
f 3879/3879 3853/3853 4730/4730
f 3853/3853 4728/4728 4730/4730
f 3852/3852 4728/4728 3853/3853
f 3852/3852 4727/4727 4728/4728
f 3855/3855 4727/4727 3852/3852
f 3855/3855 4726/4726 4727/4727
f 3857/3857 4726/4726 3855/3855
f 3857/3857 4725/4725 4726/4726
f 3859/3859 4725/4725 3857/3857
f 5118/5118 4725/4725 3859/3859
f 4702/4702 4725/4725 5118/5118
f 5118/5118 5119/5119 4702/4702
f 4702/4702 5119/5119 4695/4695
f 4695/4695 5119/5119 4696/4696
f 4696/4696 5119/5119 5120/5120
f 5121/5121 5122/5122 5123/5123
f 5124/5124 5121/5121 5123/5123
f 5125/5125 5124/5124 5123/5123
f 5126/5126 5125/5125 5123/5123
f 5127/5127 5126/5126 5123/5123
f 5128/5128 5127/5127 5123/5123
f 5129/5129 5128/5128 5123/5123
f 5130/5130 5129/5129 5123/5123
f 5131/5131 5130/5130 5123/5123
f 5132/5132 5131/5131 5123/5123
f 5133/5133 5132/5132 5123/5123
f 5134/5134 5133/5133 5123/5123
f 5135/5135 5134/5134 5123/5123
f 5136/5136 5135/5135 5123/5123
f 5137/5137 5136/5136 5123/5123
f 5138/5138 5137/5137 5123/5123
f 5139/5139 5138/5138 5123/5123
f 5140/5140 5139/5139 5123/5123
f 5141/5141 5142/5142 5123/5123
f 5143/5143 5141/5141 5123/5123
f 5144/5144 5143/5143 5123/5123
f 5145/5145 5144/5144 5123/5123
f 5122/5122 5145/5145 5123/5123
f 5146/5146 5147/5147 5148/5148
f 5148/5148 5147/5147 5149/5149
f 5149/5149 5147/5147 5150/5150
f 5147/5147 5151/5151 5150/5150
f 5150/5150 5151/5151 5152/5152
f 5152/5152 5151/5151 5153/5153
f 5151/5151 5154/5154 5153/5153
f 5153/5153 5154/5154 5155/5155
f 5155/5155 5154/5154 5156/5156
f 5156/5156 5154/5154 5157/5157
f 5157/5157 5154/5154 5158/5158
f 5154/5154 5159/5159 5158/5158
f 5158/5158 5159/5159 5160/5160
f 5159/5159 5161/5161 5160/5160
f 5162/5162 5161/5161 5159/5159
f 5163/5163 5161/5161 5162/5162
f 5164/5164 5161/5161 5163/5163
f 5165/5165 5164/5164 5163/5163
f 5166/5166 5167/5167 5168/5168
f 5168/5168 5167/5167 5169/5169
f 5167/5167 5146/5146 5169/5169
f 5169/5169 5146/5146 5148/5148
f 5170/5170 5171/5171 5172/5172
f 5172/5172 5171/5171 5173/5173
f 5173/5173 5171/5171 5174/5174
f 5174/5174 5171/5171 5175/5175
f 5175/5175 5171/5171 5176/5176
f 5171/5171 5169/5169 5176/5176
f 5176/5176 5169/5169 5177/5177
f 5177/5177 5169/5169 5148/5148
f 5177/5177 5148/5148 5178/5178
f 5148/5148 5179/5179 5178/5178
f 5179/5179 5180/5180 5178/5178
f 5180/5180 5160/5160 5178/5178
f 5178/5178 5160/5160 5161/5161
f 5181/5181 5178/5178 5161/5161
f 5182/5182 5181/5181 5161/5161
f 5183/5183 5181/5181 5182/5182
f 5184/5184 5183/5183 5182/5182
f 5185/5185 5184/5184 5182/5182
f 5186/5186 5185/5185 5182/5182
f 5187/5187 5186/5186 5182/5182
f 5188/5188 5189/5189 5190/5190
f 5188/5188 5190/5190 5191/5191
f 5192/5192 5188/5188 5191/5191
f 5193/5193 5188/5188 5192/5192
f 5193/5193 5194/5194 5188/5188
f 5188/5188 5194/5194 4285/4285
f 5195/5195 5196/5196 5197/5197
f 5197/5197 5196/5196 5198/5198
f 5198/5198 5199/5199 5197/5197
f 5197/5197 5199/5199 4172/4172
f 5199/5199 5200/5200 4172/4172
f 4172/4172 5200/5200 5194/5194
f 5200/5200 5201/5201 5194/5194
f 5202/5202 5194/5194 5201/5201
f 4285/4285 5194/5194 5202/5202
f 5203/5203 4285/4285 5202/5202
f 5204/5204 4285/4285 5203/5203
f 4171/4171 5197/5197 4172/4172
f 976/976 4172/4172 5194/5194
f 5205/5205 976/976 5206/5206
f 5206/5206 976/976 4423/4423
f 4423/4423 976/976 5194/5194
f 4420/4420 4423/4423 5194/5194
f 4418/4418 4420/4420 5194/5194
f 4152/4152 4418/4418 5194/5194
f 4416/4416 4418/4418 4152/4152
f 4151/4151 4416/4416 4152/4152
f 4414/4414 4416/4416 4151/4151
f 4412/4412 4414/4414 4151/4151
f 4169/4169 5195/5195 4170/4170
f 5196/5196 5195/5195 4169/4169
f 5207/5207 5196/5196 4169/4169
f 4305/4305 5207/5207 4169/4169
f 976/976 5205/5205 974/974
f 5205/5205 5208/5208 974/974
f 5208/5208 4294/4294 974/974
f 4294/4294 5208/5208 5209/5209
f 4426/4426 4294/4294 5209/5209
f 5206/5206 4426/4426 5209/5209
f 4425/4425 4426/4426 5206/5206
f 4425/4425 5206/5206 4423/4423
f 4408/4408 4294/4294 4426/4426
f 4295/4295 4294/4294 4408/4408
f 4289/4289 4295/4295 4408/4408
f 4298/4298 4295/4295 4289/4289
f 4291/4291 4298/4298 4289/4289
f 4302/4302 4298/4298 4291/4291
f 4302/4302 4291/4291 4305/4305
f 4291/4291 5207/5207 4305/4305
f 4275/4275 5207/5207 4291/4291
f 5210/5210 5207/5207 4275/4275
f 4276/4276 5210/5210 4275/4275
f 5204/5204 5210/5210 4276/4276
f 5204/5204 4276/4276 4278/4278
f 5204/5204 4278/4278 4280/4280
f 5204/5204 4280/4280 4282/4282
f 5204/5204 4282/4282 4285/4285
f 4287/4287 4289/4289 4408/4408
f 4410/4410 4287/4287 4408/4408
f 4410/4410 4684/4684 4287/4287
f 4412/4412 4684/4684 4410/4410
f 4412/4412 4686/4686 4684/4684
f 4412/4412 4688/4688 4686/4686
f 4412/4412 4690/4690 4688/4688
f 4412/4412 4151/4151 4690/4690
f 5211/5211 5212/5212 5213/5213
f 5214/5214 5212/5212 5211/5211
f 5214/5214 5211/5211 5215/5215
f 5216/5216 5214/5214 5215/5215
f 5217/5217 5216/5216 5215/5215
f 5218/5218 5215/5215 5211/5211
f 872/872 877/877 874/874
f 871/871 877/877 872/872
f 5219/5219 868/868 867/867
f 5220/5220 868/868 5219/5219
f 869/869 881/881 880/880
f 866/866 881/881 869/869
f 5221/5221 5222/5222 5223/5223
f 5224/5224 5222/5222 5221/5221
f 5225/5225 5224/5224 5221/5221
f 5226/5226 5224/5224 5225/5225
f 5225/5225 5227/5227 5226/5226
f 5228/5228 5227/5227 5225/5225
f 5227/5227 5228/5228 5229/5229
f 5229/5229 5228/5228 5223/5223
f 5230/5230 5229/5229 5223/5223
f 5222/5222 5230/5230 5223/5223
f 5230/5230 5222/5222 5231/5231
f 5231/5231 5222/5222 5232/5232
f 5231/5231 5232/5232 5233/5233
f 5233/5233 5232/5232 5234/5234
f 5227/5227 5233/5233 5234/5234
f 5229/5229 5233/5233 5227/5227
f 5235/5235 5236/5236 5237/5237
f 5238/5238 5236/5236 5235/5235
f 5239/5239 5240/5240 5241/5241
f 5242/5242 5240/5240 5239/5239
f 5243/5243 5244/5244 5245/5245
f 5246/5246 5244/5244 5243/5243
f 5247/5247 5248/5248 5249/5249
f 5250/5250 5248/5248 5247/5247
f 5250/5250 5251/5251 5248/5248
f 5252/5252 5251/5251 5250/5250
f 5252/5252 5253/5253 5251/5251
f 5254/5254 5253/5253 5252/5252
f 5255/5255 5256/5256 5257/5257
f 5258/5258 5256/5256 5255/5255
f 5259/5259 5260/5260 5261/5261
f 5262/5262 5260/5260 5259/5259
f 5254/5254 5257/5257 5253/5253
f 5255/5255 5257/5257 5254/5254
f 5263/5263 5264/5264 5265/5265
f 5266/5266 5264/5264 5263/5263
f 5267/5267 5264/5264 5266/5266
f 5268/5268 5267/5267 5266/5266
f 5269/5269 5267/5267 5268/5268
f 5270/5270 5264/5264 5267/5267
f 5261/5261 5271/5271 5259/5259
f 5272/5272 5271/5271 5261/5261
f 5249/5249 5262/5262 5247/5247
f 5260/5260 5262/5262 5249/5249
f 5273/5273 5274/5274 5275/5275
f 5276/5276 5273/5273 5275/5275
f 5277/5277 5276/5276 5275/5275
f 5278/5278 5276/5276 5277/5277
f 5279/5279 5276/5276 5278/5278
f 5279/5279 5278/5278 5280/5280
f 5280/5280 5278/5278 5281/5281
f 5280/5280 5281/5281 5282/5282
f 5281/5281 5283/5283 5282/5282
f 5282/5282 5283/5283 5284/5284
f 5284/5284 5283/5283 5285/5285
f 5285/5285 5283/5283 5286/5286
f 5286/5286 5283/5283 5287/5287
f 5287/5287 5283/5283 5288/5288
f 5288/5288 5283/5283 5289/5289
f 5283/5283 5290/5290 5289/5289
f 5290/5290 5291/5291 5289/5289
f 5291/5291 5292/5292 5289/5289
f 5293/5293 5294/5294 5295/5295
f 5274/5274 5294/5294 5293/5293
f 5296/5296 5274/5274 5293/5293
f 5275/5275 5274/5274 5296/5296
f 5297/5297 5298/5298 5299/5299
f 5300/5300 5298/5298 5297/5297
f 5301/5301 5302/5302 5303/5303
f 5304/5304 5302/5302 5301/5301
f 5305/5305 5306/5306 5307/5307
f 5308/5308 5306/5306 5305/5305
f 5309/5309 5310/5310 5311/5311
f 5312/5312 5310/5310 5309/5309
f 5313/5313 5314/5314 5315/5315
f 5316/5316 5314/5314 5313/5313
f 5317/5317 5318/5318 5319/5319
f 5320/5320 5318/5318 5317/5317
f 5321/5321 5303/5303 5322/5322
f 5301/5301 5303/5303 5321/5321
f 5323/5323 5299/5299 5324/5324
f 5297/5297 5299/5299 5323/5323
f 5325/5325 5326/5326 5327/5327
f 5328/5328 5326/5326 5325/5325
f 5329/5329 5330/5330 5331/5331
f 5332/5332 5330/5330 5329/5329
f 5333/5333 5334/5334 5335/5335
f 5336/5336 5334/5334 5333/5333
f 5337/5337 5338/5338 5339/5339
f 5340/5340 5338/5338 5337/5337
f 5341/5341 5342/5342 5343/5343
f 5344/5344 5342/5342 5341/5341
f 5345/5345 5346/5346 5347/5347
f 5348/5348 5346/5346 5345/5345
f 5349/5349 5350/5350 5351/5351
f 5352/5352 5350/5350 5349/5349
f 5353/5353 5354/5354 5355/5355
f 5356/5356 5354/5354 5353/5353
f 5357/5357 5358/5358 5359/5359
f 5360/5360 5358/5358 5357/5357
f 5361/5361 5362/5362 5363/5363
f 5364/5364 5362/5362 5361/5361
f 5365/5365 5366/5366 5367/5367
f 5368/5368 5366/5366 5365/5365
f 5369/5369 5370/5370 5371/5371
f 5371/5371 5370/5370 5372/5372
f 5370/5370 5373/5373 5372/5372
f 5374/5374 5373/5373 5370/5370
f 5375/5375 5376/5376 5377/5377
f 5378/5378 5376/5376 5375/5375
f 5379/5379 5380/5380 5381/5381
f 5382/5382 5380/5380 5379/5379
f 5379/5379 5383/5383 5382/5382
f 5382/5382 5383/5383 5384/5384
f 5385/5385 5386/5386 5387/5387
f 5388/5388 5386/5386 5385/5385
f 5389/5389 5390/5390 5391/5391
f 5392/5392 5390/5390 5389/5389
f 5393/5393 5394/5394 5395/5395
f 5396/5396 5394/5394 5393/5393
f 5397/5397 5398/5398 5399/5399
f 5400/5400 5398/5398 5397/5397
f 5401/5401 5402/5402 5403/5403
f 5404/5404 5402/5402 5401/5401
f 5405/5405 5406/5406 5407/5407
f 5408/5408 5406/5406 5405/5405
f 5409/5409 5410/5410 5411/5411
f 5412/5412 5410/5410 5409/5409
f 5391/5391 5413/5413 5414/5414
f 5390/5390 5413/5413 5391/5391
f 5415/5415 5416/5416 5417/5417
f 5418/5418 5416/5416 5415/5415
f 5419/5419 5420/5420 5421/5421
f 5422/5422 5420/5420 5419/5419
f 5423/5423 5412/5412 5424/5424
f 5425/5425 5412/5412 5423/5423
f 5426/5426 5427/5427 5428/5428
f 5429/5429 5427/5427 5426/5426
f 5430/5430 5431/5431 5432/5432
f 5433/5433 5431/5431 5430/5430
f 5428/5428 5431/5431 5433/5433
f 5427/5427 5431/5431 5428/5428
f 5434/5434 5435/5435 5436/5436
f 5437/5437 5435/5435 5434/5434
f 5438/5438 5439/5439 5440/5440
f 5435/5435 5439/5439 5438/5438
f 5441/5441 5442/5442 5443/5443
f 5439/5439 5442/5442 5441/5441
f 5443/5443 5444/5444 5441/5441
f 5445/5445 5444/5444 5443/5443
f 5437/5437 5439/5439 5435/5435
f 5442/5442 5439/5439 5437/5437
f 5437/5437 5443/5443 5442/5442
f 5445/5445 5443/5443 5437/5437
f 5446/5446 5447/5447 5448/5448
f 5449/5449 5447/5447 5446/5446
f 5450/5450 5451/5451 5452/5452
f 5446/5446 5451/5451 5450/5450
f 5453/5453 5454/5454 5455/5455
f 5450/5450 5454/5454 5453/5453
f 5456/5456 5455/5455 5454/5454
f 5457/5457 5455/5455 5456/5456
f 5450/5450 5449/5449 5446/5446
f 5453/5453 5449/5449 5450/5450
f 5455/5455 5449/5449 5453/5453
f 5447/5447 5449/5449 5455/5455
f 5458/5458 5459/5459 5460/5460
f 5461/5461 5459/5459 5458/5458
f 5462/5462 5463/5463 5464/5464
f 5459/5459 5463/5463 5462/5462
f 5465/5465 5466/5466 5467/5467
f 5463/5463 5466/5466 5465/5465
f 5467/5467 5468/5468 5465/5465
f 5469/5469 5468/5468 5467/5467
f 5461/5461 5463/5463 5459/5459
f 5466/5466 5463/5463 5461/5461
f 5461/5461 5467/5467 5466/5466
f 5469/5469 5467/5467 5461/5461
f 5470/5470 5471/5471 5472/5472
f 5473/5473 5471/5471 5470/5470
f 5474/5474 5475/5475 5476/5476
f 5477/5477 5475/5475 5474/5474
f 5478/5478 5479/5479 5480/5480
f 5481/5481 5479/5479 5478/5478
f 5482/5482 5483/5483 5484/5484
f 5485/5485 5483/5483 5482/5482
f 5486/5486 5487/5487 5488/5488
f 5489/5489 5487/5487 5486/5486
f 5490/5490 5491/5491 5492/5492
f 5493/5493 5491/5491 5490/5490
f 5494/5494 5495/5495 5496/5496
f 5497/5497 5495/5495 5494/5494
f 5498/5498 5499/5499 5500/5500
f 5501/5501 5499/5499 5498/5498
f 5502/5502 5501/5501 5498/5498
f 5503/5503 5501/5501 5502/5502
f 5504/5504 5503/5503 5502/5502
f 5505/5505 5503/5503 5504/5504
f 5506/5506 5505/5505 5504/5504
f 5507/5507 5505/5505 5506/5506
f 5508/5508 5507/5507 5506/5506
f 5509/5509 5507/5507 5508/5508
f 5510/5510 5509/5509 5508/5508
f 5511/5511 5509/5509 5510/5510
f 5512/5512 5511/5511 5510/5510
f 5513/5513 5511/5511 5512/5512
f 5514/5514 5515/5515 5516/5516
f 5517/5517 5514/5514 5516/5516
f 5518/5518 5517/5517 5516/5516
f 5519/5519 5518/5518 5516/5516
f 5520/5520 5519/5519 5516/5516
f 5521/5521 5520/5520 5516/5516
f 5210/5210 5522/5522 5207/5207
f 5523/5523 5522/5522 5210/5210
f 5204/5204 5523/5523 5210/5210
f 5524/5524 5523/5523 5204/5204
f 5203/5203 5524/5524 5204/5204
f 5525/5525 5524/5524 5203/5203
f 5203/5203 5202/5202 5525/5525
f 5525/5525 5202/5202 5526/5526
f 5202/5202 5201/5201 5526/5526
f 5526/5526 5201/5201 5527/5527
f 5201/5201 5200/5200 5527/5527
f 5527/5527 5200/5200 5528/5528
f 5528/5528 5200/5200 5529/5529
f 5529/5529 5200/5200 5199/5199
f 5529/5529 5199/5199 5530/5530
f 5530/5530 5199/5199 5198/5198
f 5198/5198 5196/5196 5530/5530
f 5530/5530 5196/5196 5531/5531
f 5196/5196 5522/5522 5531/5531
f 5207/5207 5522/5522 5196/5196
f 5532/5532 5533/5533 5534/5534
f 4284/4284 5535/5535 4285/4285
f 4285/4285 5535/5535 5188/5188
f 5188/5188 5535/5535 5189/5189
f 5189/5189 5535/5535 5536/5536
f 5537/5537 4381/4381 4382/4382
f 5538/5538 4381/4381 5537/5537
f 5537/5537 5539/5539 5538/5538
f 5540/5540 5539/5539 5537/5537
f 5540/5540 5541/5541 5539/5539
f 5542/5542 5541/5541 5540/5540
f 5542/5542 5543/5543 5541/5541
f 5544/5544 5543/5543 5542/5542
f 5544/5544 5545/5545 5543/5543
f 5546/5546 5545/5545 5544/5544
f 5545/5545 5546/5546 5547/5547
f 5547/5547 5546/5546 5548/5548
f 4401/4401 4403/4403 5549/5549
f 5549/5549 4403/4403 5550/5550
f 5549/5549 5550/5550 5551/5551
f 5551/5551 5550/5550 5552/5552
f 5551/5551 5552/5552 5553/5553
f 5553/5553 5552/5552 5554/5554
f 5553/5553 5554/5554 5555/5555
f 5555/5555 5554/5554 5556/5556
f 5555/5555 5556/5556 5557/5557
f 5557/5557 5556/5556 5558/5558
f 5557/5557 5558/5558 5559/5559
f 5559/5559 5558/5558 5560/5560
f 5559/5559 5560/5560 5561/5561
f 5561/5561 5560/5560 5562/5562
f 5561/5561 5562/5562 5563/5563
f 5563/5563 5562/5562 5564/5564
f 5563/5563 5564/5564 5565/5565
f 5565/5565 5564/5564 5566/5566
f 5567/5567 5568/5568 5569/5569
f 5569/5569 5568/5568 5570/5570
f 5569/5569 5570/5570 4394/4394
f 4394/4394 5570/5570 4393/4393
f 5571/5571 5572/5572 5573/5573
f 4691/4691 5571/5571 4689/4689
f 4689/4689 5571/5571 5573/5573
f 4689/4689 5573/5573 4687/4687
f 4687/4687 5573/5573 5574/5574
f 4687/4687 5574/5574 4685/4685
f 4685/4685 5574/5574 4683/4683
f 5575/5575 4395/4395 4397/4397
f 5576/5576 4395/4395 5575/5575
f 5575/5575 5577/5577 5576/5576
f 5578/5578 5577/5577 5575/5575
f 5578/5578 3318/3318 5577/5577
f 3317/3317 3318/3318 5578/5578
f 5579/5579 5572/5572 5580/5580
f 5573/5573 5572/5572 5579/5579
f 5581/5581 5573/5573 5579/5579
f 5574/5574 5573/5573 5581/5581
f 5574/5574 5581/5581 4683/4683
f 4683/4683 5581/5581 4288/4288
f 5582/5582 5583/5583 5584/5584
f 5584/5584 5583/5583 5585/5585
f 5585/5585 5583/5583 5586/5586
f 5586/5586 5583/5583 5587/5587
f 5587/5587 5583/5583 5588/5588
f 5583/5583 5589/5589 5588/5588
f 5588/5588 5589/5589 5590/5590
f 5590/5590 5589/5589 5591/5591
f 5592/5592 5593/5593 5589/5589
f 5594/5594 5592/5592 5589/5589
f 5595/5595 5594/5594 5589/5589
f 5596/5596 5594/5594 5595/5595
f 5591/5591 5589/5589 5593/5593
f 5597/5597 5591/5591 5593/5593
f 5598/5598 5597/5597 5593/5593
f 5599/5599 5597/5597 5598/5598
f 5600/5600 5599/5599 5598/5598
f 5601/5601 5600/5600 5598/5598
f 5602/5602 5601/5601 5598/5598
f 5603/5603 5602/5602 5598/5598
f 5604/5604 5602/5602 5603/5603
f 5605/5605 5604/5604 5603/5603
f 5606/5606 5605/5605 5603/5603
f 5607/5607 5605/5605 5606/5606
f 5608/5608 5607/5607 5606/5606
f 5609/5609 5608/5608 5606/5606
f 5610/5610 5608/5608 5609/5609
f 5611/5611 5610/5610 5609/5609
f 5612/5612 5610/5610 5611/5611
f 5613/5613 5612/5612 5611/5611
f 5614/5614 5590/5590 5591/5591
f 5615/5615 5590/5590 5614/5614
f 5608/5608 5590/5590 5615/5615
f 5616/5616 5590/5590 5608/5608
f 5616/5616 5608/5608 5610/5610
f 5617/5617 5616/5616 5610/5610
f 5618/5618 5617/5617 5610/5610
f 5619/5619 5617/5617 5618/5618
f 5620/5620 5619/5619 5618/5618
f 5621/5621 5620/5620 5618/5618
f 5622/5622 5621/5621 5618/5618
f 5623/5623 5622/5622 5618/5618
f 5624/5624 5625/5625 5626/5626
f 5626/5626 5625/5625 5627/5627
f 5626/5626 5627/5627 5628/5628
f 5628/5628 5627/5627 5629/5629
f 5628/5628 5629/5629 5630/5630
f 5630/5630 5629/5629 5631/5631
f 5630/5630 5631/5631 5632/5632
f 5632/5632 5631/5631 5633/5633
f 5632/5632 5633/5633 5634/5634
f 5634/5634 5633/5633 5635/5635
f 5634/5634 5635/5635 5636/5636
f 5636/5636 5635/5635 5637/5637
f 5636/5636 5637/5637 5638/5638
f 5638/5638 5637/5637 5639/5639
f 5638/5638 5639/5639 5640/5640
f 5640/5640 5639/5639 5641/5641
f 5640/5640 5641/5641 5642/5642
f 5642/5642 5641/5641 5643/5643
f 5644/5644 5645/5645 5646/5646
f 5646/5646 5645/5645 5647/5647
f 5646/5646 5647/5647 5648/5648
f 5648/5648 5647/5647 5649/5649
f 5648/5648 5649/5649 5650/5650
f 5650/5650 5649/5649 5651/5651
f 5650/5650 5651/5651 5652/5652
f 5652/5652 5651/5651 5653/5653
f 5652/5652 5653/5653 5654/5654
f 5654/5654 5653/5653 5655/5655
f 5654/5654 5655/5655 5656/5656
f 5656/5656 5655/5655 5657/5657
f 5656/5656 5657/5657 5658/5658
f 5658/5658 5657/5657 5659/5659
f 5658/5658 5659/5659 5660/5660
f 5660/5660 5659/5659 5661/5661
f 5660/5660 5661/5661 5624/5624
f 5624/5624 5661/5661 5625/5625
f 5662/5662 5663/5663 5664/5664
f 5664/5664 5663/5663 5665/5665
f 5664/5664 5665/5665 5666/5666
f 5666/5666 5665/5665 5667/5667
f 5666/5666 5667/5667 5668/5668
f 5668/5668 5667/5667 5669/5669
f 5668/5668 5669/5669 5670/5670
f 5670/5670 5669/5669 5671/5671
f 5670/5670 5671/5671 5672/5672
f 5672/5672 5671/5671 5673/5673
f 5672/5672 5673/5673 5674/5674
f 5674/5674 5673/5673 5675/5675
f 5674/5674 5675/5675 5644/5644
f 5644/5644 5675/5675 5645/5645
f 5676/5676 5677/5677 5678/5678
f 5679/5679 5677/5677 5676/5676
f 5679/5679 5680/5680 5677/5677
f 5681/5681 5680/5680 5679/5679
f 5681/5681 5682/5682 5680/5680
f 5683/5683 5682/5682 5681/5681
f 5683/5683 5684/5684 5682/5682
f 5685/5685 5684/5684 5683/5683
f 5686/5686 5684/5684 5685/5685
f 5687/5687 5684/5684 5686/5686
f 5688/5688 5687/5687 5686/5686
f 5689/5689 5687/5687 5688/5688
f 5690/5690 5689/5689 5688/5688
f 5691/5691 5689/5689 5690/5690
f 5692/5692 5691/5691 5690/5690
f 5693/5693 5691/5691 5692/5692
f 5694/5694 5693/5693 5692/5692
f 5695/5695 5693/5693 5694/5694
f 5696/5696 5695/5695 5694/5694
f 5697/5697 5695/5695 5696/5696
f 5698/5698 5697/5697 5696/5696
f 5699/5699 5697/5697 5698/5698
f 5700/5700 5699/5699 5698/5698
f 5701/5701 5699/5699 5700/5700
f 5702/5702 5701/5701 5700/5700
f 5703/5703 5701/5701 5702/5702
f 5704/5704 5703/5703 5702/5702
f 5705/5705 5703/5703 5704/5704
f 5706/5706 5705/5705 5704/5704
f 5707/5707 5705/5705 5706/5706
f 5706/5706 5708/5708 5707/5707
f 5709/5709 5708/5708 5706/5706
f 5709/5709 5710/5710 5708/5708
f 5711/5711 5710/5710 5709/5709
f 5711/5711 5712/5712 5710/5710
f 5713/5713 5712/5712 5711/5711
f 5713/5713 5714/5714 5712/5712
f 5715/5715 5714/5714 5713/5713
f 5715/5715 5716/5716 5714/5714
f 5717/5717 5716/5716 5715/5715
f 5717/5717 5718/5718 5716/5716
f 5719/5719 5718/5718 5717/5717
f 5719/5719 5720/5720 5718/5718
f 5721/5721 5720/5720 5719/5719
f 5721/5721 5722/5722 5720/5720
f 5723/5723 5722/5722 5721/5721
f 5723/5723 5724/5724 5722/5722
f 5725/5725 5724/5724 5723/5723
f 5725/5725 5678/5678 5724/5724
f 5676/5676 5678/5678 5725/5725
f 5726/5726 5727/5727 5728/5728
f 5728/5728 5727/5727 5729/5729
f 5728/5728 5729/5729 5730/5730
f 5730/5730 5729/5729 5731/5731
f 5730/5730 5731/5731 5732/5732
f 5732/5732 5731/5731 5733/5733
f 5732/5732 5733/5733 5734/5734
f 5734/5734 5733/5733 5735/5735
f 5734/5734 5735/5735 5736/5736
f 5736/5736 5735/5735 5737/5737
f 5736/5736 5737/5737 5738/5738
f 5738/5738 5737/5737 5739/5739
f 5738/5738 5739/5739 5740/5740
f 5740/5740 5739/5739 5741/5741
f 5740/5740 5741/5741 5742/5742
f 5742/5742 5741/5741 5743/5743
f 5742/5742 5743/5743 5744/5744
f 5744/5744 5743/5743 5745/5745
f 5746/5746 5747/5747 5748/5748
f 5748/5748 5747/5747 5749/5749
f 5748/5748 5749/5749 5750/5750
f 5750/5750 5749/5749 5751/5751
f 5750/5750 5751/5751 5752/5752
f 5752/5752 5751/5751 5753/5753
f 5752/5752 5753/5753 5754/5754
f 5754/5754 5753/5753 5755/5755
f 5754/5754 5755/5755 5756/5756
f 5756/5756 5755/5755 5757/5757
f 5756/5756 5757/5757 5758/5758
f 5758/5758 5757/5757 5759/5759
f 5758/5758 5759/5759 5760/5760
f 5760/5760 5759/5759 5761/5761
f 5760/5760 5761/5761 5762/5762
f 5762/5762 5761/5761 5763/5763
f 5762/5762 5763/5763 5726/5726
f 5726/5726 5763/5763 5727/5727
f 5764/5764 5765/5765 5766/5766
f 5766/5766 5765/5765 5767/5767
f 5766/5766 5767/5767 5768/5768
f 5768/5768 5767/5767 5769/5769
f 5768/5768 5769/5769 5770/5770
f 5770/5770 5769/5769 5771/5771
f 5770/5770 5771/5771 5772/5772
f 5772/5772 5771/5771 5773/5773
f 5772/5772 5773/5773 5774/5774
f 5774/5774 5773/5773 5775/5775
f 5774/5774 5775/5775 5776/5776
f 5776/5776 5775/5775 5777/5777
f 5776/5776 5777/5777 5746/5746
f 5746/5746 5777/5777 5747/5747
f 5778/5778 5779/5779 5780/5780
f 5780/5780 5779/5779 5781/5781
f 5780/5780 5781/5781 5782/5782
f 5782/5782 5781/5781 5783/5783
f 5782/5782 5783/5783 5784/5784
f 5784/5784 5783/5783 5785/5785
f 5784/5784 5785/5785 5786/5786
f 5786/5786 5785/5785 5787/5787
f 5786/5786 5787/5787 5788/5788
f 5788/5788 5787/5787 5789/5789
f 5788/5788 5789/5789 5790/5790
f 5790/5790 5789/5789 5791/5791
f 5792/5792 5790/5790 5791/5791
f 5793/5793 5790/5790 5792/5792
f 5794/5794 5793/5793 5792/5792
f 5795/5795 5793/5793 5794/5794
f 5796/5796 5795/5795 5794/5794
f 5797/5797 5795/5795 5796/5796
f 5798/5798 5797/5797 5796/5796
f 5799/5799 5797/5797 5798/5798
f 5800/5800 5799/5799 5798/5798
f 5801/5801 5799/5799 5800/5800
f 5802/5802 5801/5801 5800/5800
f 5803/5803 5801/5801 5802/5802
f 5804/5804 5803/5803 5802/5802
f 5805/5805 5803/5803 5804/5804
f 5806/5806 5805/5805 5804/5804
f 5807/5807 5805/5805 5806/5806
f 5808/5808 5807/5807 5806/5806
f 5809/5809 5807/5807 5808/5808
f 5810/5810 5809/5809 5808/5808
f 5811/5811 5809/5809 5810/5810
f 5812/5812 5811/5811 5810/5810
f 5813/5813 5811/5811 5812/5812
f 5814/5814 5813/5813 5812/5812
f 5815/5815 5813/5813 5814/5814
f 5816/5816 5815/5815 5814/5814
f 5817/5817 5815/5815 5816/5816
f 5818/5818 5817/5817 5816/5816
f 5819/5819 5817/5817 5818/5818
f 5819/5819 5818/5818 5820/5820
f 5820/5820 5818/5818 5821/5821
f 5820/5820 5821/5821 5822/5822
f 5822/5822 5821/5821 5823/5823
f 5822/5822 5823/5823 5824/5824
f 5824/5824 5823/5823 5825/5825
f 5824/5824 5825/5825 5826/5826
f 5826/5826 5825/5825 5827/5827
f 5826/5826 5827/5827 5778/5778
f 5778/5778 5827/5827 5779/5779
f 5828/5828 5829/5829 5830/5830
f 5830/5830 5829/5829 5831/5831
f 5830/5830 5831/5831 5832/5832
f 5832/5832 5831/5831 5833/5833
f 5832/5832 5833/5833 5834/5834
f 5834/5834 5833/5833 5835/5835
f 5834/5834 5835/5835 5836/5836
f 5836/5836 5835/5835 5837/5837
f 5836/5836 5837/5837 5838/5838
f 5838/5838 5837/5837 5839/5839
f 5838/5838 5839/5839 5840/5840
f 5840/5840 5839/5839 5841/5841
f 5840/5840 5841/5841 5842/5842
f 5842/5842 5841/5841 5843/5843
f 5842/5842 5843/5843 5844/5844
f 5844/5844 5843/5843 5845/5845
f 5844/5844 5845/5845 5846/5846
f 5846/5846 5845/5845 5847/5847
f 5848/5848 5849/5849 5850/5850
f 5850/5850 5849/5849 5851/5851
f 5850/5850 5851/5851 5852/5852
f 5852/5852 5851/5851 5853/5853
f 5852/5852 5853/5853 5854/5854
f 5854/5854 5853/5853 5855/5855
f 5854/5854 5855/5855 5856/5856
f 5856/5856 5855/5855 5857/5857
f 5856/5856 5857/5857 5858/5858
f 5858/5858 5857/5857 5859/5859
f 5858/5858 5859/5859 5860/5860
f 5860/5860 5859/5859 5861/5861
f 5860/5860 5861/5861 5862/5862
f 5862/5862 5861/5861 5863/5863
f 5862/5862 5863/5863 5864/5864
f 5864/5864 5863/5863 5865/5865
f 5864/5864 5865/5865 5828/5828
f 5828/5828 5865/5865 5829/5829
f 5866/5866 5867/5867 5868/5868
f 5868/5868 5867/5867 5869/5869
f 5868/5868 5869/5869 5870/5870
f 5870/5870 5869/5869 5871/5871
f 5870/5870 5871/5871 5872/5872
f 5872/5872 5871/5871 5873/5873
f 5872/5872 5873/5873 5874/5874
f 5874/5874 5873/5873 5875/5875
f 5874/5874 5875/5875 5876/5876
f 5876/5876 5875/5875 5877/5877
f 5876/5876 5877/5877 5878/5878
f 5878/5878 5877/5877 5879/5879
f 5878/5878 5879/5879 5848/5848
f 5848/5848 5879/5879 5849/5849
f 5880/5880 5881/5881 5882/5882
f 5882/5882 5881/5881 5883/5883
f 5882/5882 5883/5883 5884/5884
f 5884/5884 5883/5883 5885/5885
f 5884/5884 5885/5885 5886/5886
f 5886/5886 5885/5885 5887/5887
f 5886/5886 5887/5887 5888/5888
f 5888/5888 5887/5887 5889/5889
f 5888/5888 5889/5889 5890/5890
f 5890/5890 5889/5889 5891/5891
f 5892/5892 5890/5890 5891/5891
f 5893/5893 5890/5890 5892/5892
f 5893/5893 5892/5892 5894/5894
f 5894/5894 5892/5892 5895/5895
f 5894/5894 5895/5895 5896/5896
f 5896/5896 5895/5895 5897/5897
f 5896/5896 5897/5897 5898/5898
f 5898/5898 5897/5897 5899/5899
f 5900/5900 5901/5901 5902/5902
f 5902/5902 5901/5901 5903/5903
f 5902/5902 5903/5903 5904/5904
f 5904/5904 5903/5903 5905/5905
f 5904/5904 5905/5905 5906/5906
f 5906/5906 5905/5905 5907/5907
f 5908/5908 5906/5906 5907/5907
f 5909/5909 5906/5906 5908/5908
f 5909/5909 5908/5908 5880/5880
f 5880/5880 5908/5908 5881/5881
f 5910/5910 5911/5911 5912/5912
f 5912/5912 5911/5911 5913/5913
f 5912/5912 5913/5913 5914/5914
f 5914/5914 5913/5913 5915/5915
f 5914/5914 5915/5915 5916/5916
f 5916/5916 5915/5915 5917/5917
f 5916/5916 5917/5917 5918/5918
f 5918/5918 5917/5917 5919/5919
f 5918/5918 5919/5919 5920/5920
f 5920/5920 5919/5919 5921/5921
f 5920/5920 5921/5921 5922/5922
f 5922/5922 5921/5921 5923/5923
f 5922/5922 5923/5923 5924/5924
f 5924/5924 5923/5923 5925/5925
f 5924/5924 5925/5925 5926/5926
f 5926/5926 5925/5925 5927/5927
f 5926/5926 5927/5927 5928/5928
f 5928/5928 5927/5927 5929/5929
f 5930/5930 5931/5931 5932/5932
f 5932/5932 5931/5931 5933/5933
f 5932/5932 5933/5933 5934/5934
f 5934/5934 5933/5933 5935/5935
f 5934/5934 5935/5935 5936/5936
f 5936/5936 5935/5935 5937/5937
f 5936/5936 5937/5937 5938/5938
f 5938/5938 5937/5937 5939/5939
f 5938/5938 5939/5939 5940/5940
f 5940/5940 5939/5939 5941/5941
f 5940/5940 5941/5941 5942/5942
f 5942/5942 5941/5941 5943/5943
f 5942/5942 5943/5943 5944/5944
f 5944/5944 5943/5943 5945/5945
f 5944/5944 5945/5945 5946/5946
f 5946/5946 5945/5945 5947/5947
f 5946/5946 5947/5947 5910/5910
f 5910/5910 5947/5947 5911/5911
f 5948/5948 5949/5949 5950/5950
f 5950/5950 5949/5949 5951/5951
f 5950/5950 5951/5951 5952/5952
f 5952/5952 5951/5951 5953/5953
f 5952/5952 5953/5953 5954/5954
f 5954/5954 5953/5953 5955/5955
f 5954/5954 5955/5955 5956/5956
f 5956/5956 5955/5955 5957/5957
f 5956/5956 5957/5957 5958/5958
f 5958/5958 5957/5957 5959/5959
f 5958/5958 5959/5959 5960/5960
f 5960/5960 5959/5959 5961/5961
f 5960/5960 5961/5961 5930/5930
f 5930/5930 5961/5961 5931/5931
f 5962/5962 5963/5963 5964/5964
f 5964/5964 5963/5963 5965/5965
f 5964/5964 5965/5965 5966/5966
f 5966/5966 5965/5965 5967/5967
f 5966/5966 5967/5967 5968/5968
f 5968/5968 5967/5967 5969/5969
f 5968/5968 5969/5969 5970/5970
f 5970/5970 5969/5969 5971/5971
f 5970/5970 5971/5971 5972/5972
f 5972/5972 5971/5971 5973/5973
f 5972/5972 5973/5973 5974/5974
f 5974/5974 5973/5973 5975/5975
f 5974/5974 5975/5975 5976/5976
f 5976/5976 5975/5975 5977/5977
f 5976/5976 5977/5977 5978/5978
f 5978/5978 5977/5977 5979/5979
f 5978/5978 5979/5979 5980/5980
f 5980/5980 5979/5979 5981/5981
f 5982/5982 5983/5983 5984/5984
f 5984/5984 5983/5983 5985/5985
f 5984/5984 5985/5985 5986/5986
f 5986/5986 5985/5985 5987/5987
f 5986/5986 5987/5987 5988/5988
f 5988/5988 5987/5987 5989/5989
f 5988/5988 5989/5989 5990/5990
f 5990/5990 5989/5989 5991/5991
f 5990/5990 5991/5991 5992/5992
f 5992/5992 5991/5991 5993/5993
f 5992/5992 5993/5993 5994/5994
f 5994/5994 5993/5993 5995/5995
f 5994/5994 5995/5995 5996/5996
f 5996/5996 5995/5995 5997/5997
f 5996/5996 5997/5997 5998/5998
f 5998/5998 5997/5997 5999/5999
f 5998/5998 5999/5999 5962/5962
f 5962/5962 5999/5999 5963/5963
f 6000/6000 6001/6001 6002/6002
f 6002/6002 6001/6001 6003/6003
f 6002/6002 6003/6003 6004/6004
f 6004/6004 6003/6003 6005/6005
f 6004/6004 6005/6005 6006/6006
f 6006/6006 6005/6005 6007/6007
f 6006/6006 6007/6007 6008/6008
f 6008/6008 6007/6007 6009/6009
f 6008/6008 6009/6009 6010/6010
f 6010/6010 6009/6009 6011/6011
f 6010/6010 6011/6011 6012/6012
f 6012/6012 6011/6011 6013/6013
f 6012/6012 6013/6013 5982/5982
f 5982/5982 6013/6013 5983/5983
f 6014/6014 6015/6015 6016/6016
f 6017/6017 6015/6015 6014/6014
f 6017/6017 6018/6018 6015/6015
f 6019/6019 6018/6018 6017/6017
f 6019/6019 6020/6020 6018/6018
f 6021/6021 6020/6020 6019/6019
f 6021/6021 6022/6022 6020/6020
f 6023/6023 6022/6022 6021/6021
f 6024/6024 6022/6022 6023/6023
f 6025/6025 6022/6022 6024/6024
f 6026/6026 6025/6025 6024/6024
f 6027/6027 6025/6025 6026/6026
f 6028/6028 6027/6027 6026/6026
f 6029/6029 6027/6027 6028/6028
f 6030/6030 6029/6029 6028/6028
f 6031/6031 6029/6029 6030/6030
f 6032/6032 6031/6031 6030/6030
f 6033/6033 6031/6031 6032/6032
f 6034/6034 6033/6033 6032/6032
f 6035/6035 6033/6033 6034/6034
f 6036/6036 6035/6035 6034/6034
f 6037/6037 6035/6035 6036/6036
f 6038/6038 6037/6037 6036/6036
f 6039/6039 6037/6037 6038/6038
f 6040/6040 6039/6039 6038/6038
f 6041/6041 6039/6039 6040/6040
f 6042/6042 6041/6041 6040/6040
f 6043/6043 6041/6041 6042/6042
f 6044/6044 6043/6043 6042/6042
f 6045/6045 6043/6043 6044/6044
f 6044/6044 6046/6046 6045/6045
f 6047/6047 6046/6046 6044/6044
f 6047/6047 6048/6048 6046/6046
f 6049/6049 6048/6048 6047/6047
f 6049/6049 6050/6050 6048/6048
f 6051/6051 6050/6050 6049/6049
f 6051/6051 6052/6052 6050/6050
f 6053/6053 6052/6052 6051/6051
f 6053/6053 6054/6054 6052/6052
f 6055/6055 6054/6054 6053/6053
f 6055/6055 6056/6056 6054/6054
f 6057/6057 6056/6056 6055/6055
f 6057/6057 6058/6058 6056/6056
f 6059/6059 6058/6058 6057/6057
f 6059/6059 6060/6060 6058/6058
f 6061/6061 6060/6060 6059/6059
f 6061/6061 6062/6062 6060/6060
f 6063/6063 6062/6062 6061/6061
f 6063/6063 6016/6016 6062/6062
f 6014/6014 6016/6016 6063/6063
f 6064/6064 5246/5246 6065/6065
f 6066/6066 6067/6067 6065/6065
f 6065/6065 6067/6067 6068/6068
f 6067/6067 6069/6069 6068/6068
f 6070/6070 6069/6069 6067/6067
f 6071/6071 6069/6069 6070/6070
f 6070/6070 6072/6072 6071/6071
f 5244/5244 6072/6072 6070/6070
f 6072/6072 5244/5244 6064/6064
f 5244/5244 5246/5246 6064/6064
f 6073/6073 6074/6074 6075/6075
f 6076/6076 6074/6074 6073/6073
f 6076/6076 6077/6077 6074/6074
f 6078/6078 6077/6077 6076/6076
f 6078/6078 6079/6079 6077/6077
f 6080/6080 6079/6079 6078/6078
f 6079/6079 6080/6080 6081/6081
f 6082/6082 6079/6079 6081/6081
f 6083/6083 6084/6084 6085/6085
f 6086/6086 6084/6084 6083/6083
f 6087/6087 6088/6088 6089/6089
f 6090/6090 6088/6088 6087/6087
f 6090/6090 6091/6091 6088/6088
f 6092/6092 6091/6091 6090/6090
f 6092/6092 6093/6093 6091/6091
f 6094/6094 6093/6093 6092/6092
f 6094/6094 6095/6095 6093/6093
f 6096/6096 6095/6095 6094/6094
f 6096/6096 6097/6097 6095/6095
f 6098/6098 6097/6097 6096/6096
f 6098/6098 6099/6099 6097/6097
f 6100/6100 6099/6099 6098/6098
f 6101/6101 6099/6099 6100/6100
f 6102/6102 6099/6099 6101/6101
f 6103/6103 6102/6102 6101/6101
f 6104/6104 6102/6102 6103/6103
f 6105/6105 6104/6104 6103/6103
f 6106/6106 6104/6104 6105/6105
f 6107/6107 6106/6106 6105/6105
f 6108/6108 6106/6106 6107/6107
f 6109/6109 6108/6108 6107/6107
f 6110/6110 6108/6108 6109/6109
f 6111/6111 6110/6110 6109/6109
f 6112/6112 6110/6110 6111/6111
f 6113/6113 6112/6112 6111/6111
f 6114/6114 6112/6112 6113/6113
f 6115/6115 6114/6114 6113/6113
f 6116/6116 6114/6114 6115/6115
f 6117/6117 6116/6116 6115/6115
f 6118/6118 6116/6116 6117/6117
f 6119/6119 6118/6118 6117/6117
f 6120/6120 6118/6118 6119/6119
f 6121/6121 6120/6120 6119/6119
f 6122/6122 6120/6120 6121/6121
f 6123/6123 6122/6122 6121/6121
f 6124/6124 6122/6122 6123/6123
f 6123/6123 6125/6125 6124/6124
f 6126/6126 6125/6125 6123/6123
f 6126/6126 6127/6127 6125/6125
f 6128/6128 6127/6127 6126/6126
f 6128/6128 6129/6129 6127/6127
f 6130/6130 6129/6129 6128/6128
f 6130/6130 6131/6131 6129/6129
f 6132/6132 6131/6131 6130/6130
f 6132/6132 6133/6133 6131/6131
f 6134/6134 6133/6133 6132/6132
f 6134/6134 6089/6089 6133/6133
f 6087/6087 6089/6089 6134/6134
f 6106/6106 6093/6093 6104/6104
f 6108/6108 6093/6093 6106/6106
f 6091/6091 6093/6093 6108/6108
f 6088/6088 6091/6091 6108/6108
f 6110/6110 6088/6088 6108/6108
f 6110/6110 6112/6112 6088/6088
f 6088/6088 6112/6112 6089/6089
f 6089/6089 6112/6112 6133/6133
f 6112/6112 6114/6114 6133/6133
f 6133/6133 6114/6114 6131/6131
f 6131/6131 6114/6114 6129/6129
f 6129/6129 6114/6114 6127/6127
f 6127/6127 6114/6114 6125/6125
f 6125/6125 6114/6114 6124/6124
f 6124/6124 6114/6114 6122/6122
f 6122/6122 6114/6114 6120/6120
f 6120/6120 6114/6114 6118/6118
f 6114/6114 6116/6116 6118/6118
f 6097/6097 6099/6099 6102/6102
f 6095/6095 6097/6097 6102/6102
f 6093/6093 6095/6095 6102/6102
f 6104/6104 6093/6093 6102/6102
f 6135/6135 6136/6136 6137/6137
f 6138/6138 6135/6135 6137/6137
f 6139/6139 6138/6138 6137/6137
f 6140/6140 6139/6139 6137/6137
f 6141/6141 6139/6139 6140/6140
f 6142/6142 6141/6141 6140/6140
f 6143/6143 6141/6141 6142/6142
f 6144/6144 6143/6143 6142/6142
f 6145/6145 6143/6143 6144/6144
f 6146/6146 6145/6145 6144/6144
f 6147/6147 6145/6145 6146/6146
f 6148/6148 6147/6147 6146/6146
f 6149/6149 6147/6147 6148/6148
f 6150/6150 6147/6147 6149/6149
f 6151/6151 6150/6150 6149/6149
f 6152/6152 6150/6150 6151/6151
f 6153/6153 6150/6150 6152/6152
f 6154/6154 6150/6150 6153/6153
f 6155/6155 6156/6156 6157/6157
f 6158/6158 6155/6155 6157/6157
f 6136/6136 6155/6155 6158/6158
f 6159/6159 6136/6136 6158/6158
f 6160/6160 6136/6136 6159/6159
f 6137/6137 6136/6136 6160/6160
f 6161/6161 6162/6162 6163/6163
f 6164/6164 6163/6163 6162/6162
f 6165/6165 6166/6166 6167/6167
f 6168/6168 6166/6166 6165/6165
f 6169/6169 6168/6168 6165/6165
f 6170/6170 6168/6168 6169/6169
f 6171/6171 6170/6170 6169/6169
f 6172/6172 6170/6170 6171/6171
f 6173/6173 6172/6172 6171/6171
f 6174/6174 6172/6172 6173/6173
f 6175/6175 6174/6174 6173/6173
f 6176/6176 6174/6174 6175/6175
f 6177/6177 6176/6176 6175/6175
f 6178/6178 6176/6176 6177/6177
f 6179/6179 6180/6180 6181/6181
f 6182/6182 6180/6180 6179/6179
f 6182/6182 6183/6183 6180/6180
f 6184/6184 6183/6183 6182/6182
f 6184/6184 6185/6185 6183/6183
f 6186/6186 6185/6185 6184/6184
f 6186/6186 6187/6187 6185/6185
f 6188/6188 6187/6187 6186/6186
f 6188/6188 6189/6189 6187/6187
f 6190/6190 6189/6189 6188/6188
f 6190/6190 6191/6191 6189/6189
f 6192/6192 6191/6191 6190/6190
f 6193/6193 6191/6191 6192/6192
f 6194/6194 6191/6191 6193/6193
f 6195/6195 6194/6194 6193/6193
f 6196/6196 6194/6194 6195/6195
f 6197/6197 6196/6196 6195/6195
f 6198/6198 6196/6196 6197/6197
f 6199/6199 6198/6198 6197/6197
f 6200/6200 6198/6198 6199/6199
f 6201/6201 6200/6200 6199/6199
f 6202/6202 6200/6200 6201/6201
f 6203/6203 6202/6202 6201/6201
f 6204/6204 6202/6202 6203/6203
f 6205/6205 6204/6204 6203/6203
f 6206/6206 6204/6204 6205/6205
f 6207/6207 6206/6206 6205/6205
f 6208/6208 6206/6206 6207/6207
f 6209/6209 6208/6208 6207/6207
f 6210/6210 6208/6208 6209/6209
f 6211/6211 6210/6210 6209/6209
f 6212/6212 6210/6210 6211/6211
f 6213/6213 6212/6212 6211/6211
f 6214/6214 6212/6212 6213/6213
f 6215/6215 6214/6214 6213/6213
f 6216/6216 6214/6214 6215/6215
f 6215/6215 6217/6217 6216/6216
f 6218/6218 6217/6217 6215/6215
f 6218/6218 6219/6219 6217/6217
f 6220/6220 6219/6219 6218/6218
f 6220/6220 6221/6221 6219/6219
f 6222/6222 6221/6221 6220/6220
f 6222/6222 6223/6223 6221/6221
f 6224/6224 6223/6223 6222/6222
f 6224/6224 6225/6225 6223/6223
f 6226/6226 6225/6225 6224/6224
f 6226/6226 6181/6181 6225/6225
f 6179/6179 6181/6181 6226/6226
f 6198/6198 6185/6185 6196/6196
f 6200/6200 6185/6185 6198/6198
f 6183/6183 6185/6185 6200/6200
f 6180/6180 6183/6183 6200/6200
f 6202/6202 6180/6180 6200/6200
f 6202/6202 6204/6204 6180/6180
f 6180/6180 6204/6204 6181/6181
f 6181/6181 6204/6204 6225/6225
f 6204/6204 6206/6206 6225/6225
f 6225/6225 6206/6206 6223/6223
f 6223/6223 6206/6206 6221/6221
f 6221/6221 6206/6206 6219/6219
f 6219/6219 6206/6206 6217/6217
f 6217/6217 6206/6206 6216/6216
f 6216/6216 6206/6206 6214/6214
f 6214/6214 6206/6206 6212/6212
f 6212/6212 6206/6206 6210/6210
f 6206/6206 6208/6208 6210/6210
f 6189/6189 6191/6191 6194/6194
f 6187/6187 6189/6189 6194/6194
f 6185/6185 6187/6187 6194/6194
f 6196/6196 6185/6185 6194/6194
f 6227/6227 6228/6228 6229/6229
f 6228/6228 6230/6230 6229/6229
f 6229/6229 6230/6230 6231/6231
f 6230/6230 6232/6232 6231/6231
f 6231/6231 6232/6232 6233/6233
f 6234/6234 6233/6233 6232/6232
f 6235/6235 6233/6233 6234/6234
f 6236/6236 6237/6237 6238/6238
f 6239/6239 6237/6237 6236/6236
f 6240/6240 6241/6241 6242/6242
f 6243/6243 6241/6241 6240/6240
f 6244/6244 6245/6245 6246/6246
f 6247/6247 6245/6245 6244/6244
f 6248/6248 6249/6249 6250/6250
f 6251/6251 6249/6249 6248/6248
f 6252/6252 6253/6253 6254/6254
f 6255/6255 6253/6253 6252/6252
f 6256/6256 6257/6257 6258/6258
f 6259/6259 6257/6257 6256/6256
f 6260/6260 6259/6259 6256/6256
f 6261/6261 6259/6259 6260/6260
f 6262/6262 6261/6261 6260/6260
f 6263/6263 6261/6261 6262/6262
f 6264/6264 6263/6263 6262/6262
f 6265/6265 6263/6263 6264/6264
f 6266/6266 6265/6265 6264/6264
f 6267/6267 6265/6265 6266/6266
f 6268/6268 6267/6267 6266/6266
f 6269/6269 6267/6267 6268/6268
f 6270/6270 6269/6269 6268/6268
f 6271/6271 6269/6269 6270/6270
f 6272/6272 6273/6273 6274/6274
f 6275/6275 6273/6273 6272/6272
f 6276/6276 6275/6275 6272/6272
f 6277/6277 6275/6275 6276/6276
f 6278/6278 6279/6279 6280/6280
f 6281/6281 6279/6279 6278/6278
f 6282/6282 6283/6283 6284/6284
f 6285/6285 6283/6283 6282/6282
f 6286/6286 6287/6287 6288/6288
f 6289/6289 6287/6287 6286/6286
f 6290/6290 6289/6289 6286/6286
f 6291/6291 6289/6289 6290/6290
f 6292/6292 6291/6291 6290/6290
f 6293/6293 6291/6291 6292/6292
f 6294/6294 6295/6295 6296/6296
f 6297/6297 6295/6295 6294/6294
f 6298/6298 6299/6299 6300/6300
f 6301/6301 6299/6299 6298/6298
f 6302/6302 6303/6303 6304/6304
f 6305/6305 6303/6303 6302/6302
f 6306/6306 6305/6305 6302/6302
f 6307/6307 6305/6305 6306/6306
f 6308/6308 6307/6307 6306/6306
f 6309/6309 6307/6307 6308/6308
f 6310/6310 6309/6309 6308/6308
f 6311/6311 6309/6309 6310/6310
f 6312/6312 6311/6311 6310/6310
f 6313/6313 6311/6311 6312/6312
f 6314/6314 6313/6313 6312/6312
f 6315/6315 6313/6313 6314/6314
f 6316/6316 6315/6315 6314/6314
f 6317/6317 6315/6315 6316/6316
f 6318/6318 6319/6319 6320/6320
f 6321/6321 6319/6319 6318/6318
f 6322/6322 6323/6323 6324/6324
f 6325/6325 6323/6323 6322/6322
f 6326/6326 6327/6327 6328/6328
f 6329/6329 6327/6327 6326/6326
f 6330/6330 6331/6331 6332/6332
f 6333/6333 6331/6331 6330/6330
f 6334/6334 6335/6335 6336/6336
f 6337/6337 6335/6335 6334/6334
f 6338/6338 6339/6339 6340/6340
f 6341/6341 6339/6339 6338/6338
f 6342/6342 6343/6343 6344/6344
f 6345/6345 6343/6343 6342/6342
f 6346/6346 6347/6347 6348/6348
f 6349/6349 6347/6347 6346/6346
f 6350/6350 6351/6351 6352/6352
f 6353/6353 6351/6351 6350/6350
f 6354/6354 6353/6353 6350/6350
f 6355/6355 6353/6353 6354/6354
f 6356/6356 6355/6355 6354/6354
f 6357/6357 6355/6355 6356/6356
f 6358/6358 6357/6357 6356/6356
f 6359/6359 6357/6357 6358/6358
f 6360/6360 6359/6359 6358/6358
f 6361/6361 6359/6359 6360/6360
f 6362/6362 6361/6361 6360/6360
f 6363/6363 6361/6361 6362/6362
f 6364/6364 6363/6363 6362/6362
f 6365/6365 6363/6363 6364/6364
f 6366/6366 6367/6367 6368/6368
f 6369/6369 6367/6367 6366/6366
f 6370/6370 6369/6369 6366/6366
f 6371/6371 6369/6369 6370/6370
f 6372/6372 6373/6373 6374/6374
f 6375/6375 6373/6373 6372/6372
f 6376/6376 6377/6377 6378/6378
f 6379/6379 6377/6377 6376/6376
f 6380/6380 6379/6379 6376/6376
f 6381/6381 6379/6379 6380/6380
f 6382/6382 6381/6381 6380/6380
f 6383/6383 6381/6381 6382/6382
f 6384/6384 6385/6385 6386/6386
f 6387/6387 6385/6385 6384/6384
f 6388/6388 6389/6389 6390/6390
f 6391/6391 6389/6389 6388/6388
f 6392/6392 6391/6391 6388/6388
f 6393/6393 6391/6391 6392/6392
f 6394/6394 6393/6393 6392/6392
f 6395/6395 6393/6393 6394/6394
f 6396/6396 6395/6395 6394/6394
f 6397/6397 6395/6395 6396/6396
f 6398/6398 6397/6397 6396/6396
f 6399/6399 6397/6397 6398/6398
f 6400/6400 6399/6399 6398/6398
f 6401/6401 6399/6399 6400/6400
f 6402/6402 6401/6401 6400/6400
f 6403/6403 6401/6401 6402/6402
f 6404/6404 6405/6405 6406/6406
f 6407/6407 6405/6405 6404/6404
f 6408/6408 6409/6409 6410/6410
f 6411/6411 6409/6409 6408/6408
f 6412/6412 6413/6413 6414/6414
f 6415/6415 6413/6413 6412/6412
f 6416/6416 6415/6415 6412/6412
f 6417/6417 6415/6415 6416/6416
f 6418/6418 6417/6417 6416/6416
f 6419/6419 6417/6417 6418/6418
f 6420/6420 6421/6421 6422/6422
f 6423/6423 6421/6421 6420/6420
f 6424/6424 6425/6425 6426/6426
f 6427/6427 6425/6425 6424/6424
f 6428/6428 6429/6429 6430/6430
f 6431/6431 6429/6429 6428/6428
f 6432/6432 6433/6433 6434/6434
f 6435/6435 6433/6433 6432/6432
f 6436/6436 6435/6435 6432/6432
f 6437/6437 6435/6435 6436/6436
f 6438/6438 6437/6437 6436/6436
f 6439/6439 6437/6437 6438/6438
f 6440/6440 6439/6439 6438/6438
f 6441/6441 6439/6439 6440/6440
f 6442/6442 6441/6441 6440/6440
f 6443/6443 6441/6441 6442/6442
f 6444/6444 6443/6443 6442/6442
f 6445/6445 6443/6443 6444/6444
f 6446/6446 6445/6445 6444/6444
f 6447/6447 6445/6445 6446/6446
f 6448/6448 6449/6449 6450/6450
f 6451/6451 6449/6449 6448/6448
f 6452/6452 6453/6453 6454/6454
f 6455/6455 6453/6453 6452/6452
f 6456/6456 6457/6457 6458/6458
f 6459/6459 6457/6457 6456/6456
f 6460/6460 6461/6461 6462/6462
f 6463/6463 6461/6461 6460/6460
f 6464/6464 6465/6465 6466/6466
f 6467/6467 6465/6465 6464/6464
f 6468/6468 6467/6467 6464/6464
f 6469/6469 6467/6467 6468/6468
f 6470/6470 6471/6471 6472/6472
f 6473/6473 6471/6471 6470/6470
f 6474/6474 6475/6475 6476/6476
f 6477/6477 6475/6475 6474/6474
f 6478/6478 6479/6479 6480/6480
f 6481/6481 6479/6479 6478/6478
f 6482/6482 6483/6483 6484/6484
f 6485/6485 6483/6483 6482/6482
f 6486/6486 6487/6487 6488/6488
f 6489/6489 6487/6487 6486/6486
f 6490/6490 6491/6491 6492/6492
f 6493/6493 6491/6491 6490/6490
f 6494/6494 6495/6495 6496/6496
f 6497/6497 6495/6495 6494/6494
f 6498/6498 6499/6499 6500/6500
f 6501/6501 6499/6499 6498/6498
f 6502/6502 6501/6501 6498/6498
f 6503/6503 6501/6501 6502/6502
f 6503/6503 6502/6502 6504/6504
f 6504/6504 6502/6502 6505/6505
f 6504/6504 6505/6505 6506/6506
f 6506/6506 6505/6505 6507/6507
f 6508/6508 6506/6506 6507/6507
f 6509/6509 6506/6506 6508/6508
f 6510/6510 6509/6509 6508/6508
f 6511/6511 6509/6509 6510/6510
f 6512/6512 6511/6511 6510/6510
f 6513/6513 6511/6511 6512/6512
f 6514/6514 6515/6515 6516/6516
f 6517/6517 6515/6515 6514/6514
f 6518/6518 6517/6517 6514/6514
f 6519/6519 6517/6517 6518/6518
f 6520/6520 6519/6519 6518/6518
f 6521/6521 6519/6519 6520/6520
f 6522/6522 6523/6523 6524/6524
f 6525/6525 6523/6523 6522/6522
f 6526/6526 6527/6527 6528/6528
f 6529/6529 6527/6527 6526/6526
f 6530/6530 5276/5276 5279/5279
f 6531/6531 5276/5276 6530/6530
f 6531/6531 5273/5273 5276/5276
f 6532/6532 5273/5273 6531/6531
f 6532/6532 5274/5274 5273/5273
f 6533/6533 5274/5274 6532/6532
f 6533/6533 5294/5294 5274/5274
f 6534/6534 5294/5294 6533/6533
f 6534/6534 5295/5295 5294/5294
f 6535/6535 5295/5295 6534/6534
f 6535/6535 6536/6536 5295/5295
f 5295/5295 6536/6536 5293/5293
f 6536/6536 6537/6537 5293/5293
f 5293/5293 6537/6537 5296/5296
f 6537/6537 6538/6538 5296/5296
f 5296/5296 6538/6538 5275/5275
f 6538/6538 6539/6539 5275/5275
f 5275/5275 6539/6539 5277/5277
f 6539/6539 6540/6540 5277/5277
f 5277/5277 6540/6540 5278/5278
f 6540/6540 6541/6541 5278/5278
f 5278/5278 6541/6541 5281/5281
f 6541/6541 6542/6542 5281/5281
f 5281/5281 6542/6542 5283/5283
f 6542/6542 6543/6543 5283/5283
f 5283/5283 6543/6543 5290/5290
f 6543/6543 6544/6544 5290/5290
f 5290/5290 6544/6544 5291/5291
f 6544/6544 6545/6545 5291/5291
f 5291/5291 6545/6545 5292/5292
f 6545/6545 6546/6546 5292/5292
f 5292/5292 6546/6546 5289/5289
f 6546/6546 6547/6547 5289/5289
f 5289/5289 6547/6547 5288/5288
f 6547/6547 5287/5287 5288/5288
f 6548/6548 5287/5287 6547/6547
f 6548/6548 5286/5286 5287/5287
f 6549/6549 5286/5286 6548/6548
f 6549/6549 5285/5285 5286/5286
f 6550/6550 5285/5285 6549/6549
f 6550/6550 5284/5284 5285/5285
f 6551/6551 5284/5284 6550/6550
f 6551/6551 5282/5282 5284/5284
f 6552/6552 5282/5282 6551/6551
f 6552/6552 5280/5280 5282/5282
f 6553/6553 5280/5280 6552/6552
f 6553/6553 5279/5279 5280/5280
f 6530/6530 5279/5279 6553/6553
f 6554/6554 6555/6555 6556/6556
f 6557/6557 6555/6555 6554/6554
f 6557/6557 6558/6558 6555/6555
f 6559/6559 6558/6558 6557/6557
f 6559/6559 6560/6560 6558/6558
f 6561/6561 6560/6560 6559/6559
f 6562/6562 6563/6563 6564/6564
f 6565/6565 6563/6563 6562/6562
f 6566/6566 6567/6567 6568/6568
f 6569/6569 6567/6567 6566/6566
f 6570/6570 6571/6571 6572/6572
f 6573/6573 6571/6571 6570/6570
f 6574/6574 6575/6575 6576/6576
f 6577/6577 6575/6575 6574/6574
f 6578/6578 6579/6579 6580/6580
f 6581/6581 6579/6579 6578/6578
f 6582/6582 6583/6583 6584/6584
f 6585/6585 6583/6583 6582/6582
f 6586/6586 6587/6587 6588/6588
f 6589/6589 6587/6587 6586/6586
f 6590/6590 6591/6591 6592/6592
f 6593/6593 6591/6591 6590/6590
f 6594/6594 6595/6595 6596/6596
f 6596/6596 6595/6595 6597/6597
f 6595/6595 6598/6598 6597/6597
f 6599/6599 6598/6598 6595/6595
f 6599/6599 6594/6594 6598/6598
f 6598/6598 6594/6594 6596/6596
f 6598/6598 6600/6600 6597/6597
f 6601/6601 6602/6602 6603/6603
f 6604/6604 6602/6602 6601/6601
f 6604/6604 6601/6601 6605/6605
f 6605/6605 6606/6606 6604/6604
f 6607/6607 6606/6606 6605/6605
f 6607/6607 6608/6608 6606/6606
f 6609/6609 6608/6608 6607/6607
f 6610/6610 6608/6608 6609/6609
f 6611/6611 6610/6610 6609/6609
f 6612/6612 6610/6610 6611/6611
f 6608/6608 6612/6612 6611/6611
f 6600/6600 6612/6612 6608/6608
f 6600/6600 6608/6608 6610/6610
f 6597/6597 6600/6600 6610/6610
f 6612/6612 6597/6597 6610/6610
f 6596/6596 6597/6597 6612/6612
f 6600/6600 6596/6596 6612/6612
f 6598/6598 6596/6596 6600/6600
f 6607/6607 6611/6611 6609/6609
f 6613/6613 6611/6611 6607/6607
f 6605/6605 6601/6601 6614/6614
f 6614/6614 6602/6602 6605/6605
f 6605/6605 6602/6602 6607/6607
f 6607/6607 6602/6602 6613/6613
f 6602/6602 6604/6604 6613/6613
f 6613/6613 6604/6604 6606/6606
f 6606/6606 6608/6608 6613/6613
f 6613/6613 6608/6608 6611/6611
f 6615/6615 6616/6616 6617/6617
f 6617/6617 6616/6616 6618/6618
f 6616/6616 6619/6619 6618/6618
f 6618/6618 6619/6619 6620/6620
f 6619/6619 6615/6615 6620/6620
f 6620/6620 6615/6615 6617/6617
f 6617/6617 6621/6621 6620/6620
f 6622/6622 6621/6621 6617/6617
f 6603/6603 6621/6621 6622/6622
f 6623/6623 6603/6603 6622/6622
f 6601/6601 6603/6603 6623/6623
f 6621/6621 6601/6601 6623/6623
f 6614/6614 6601/6601 6621/6621
f 6614/6614 6621/6621 6603/6603
f 6603/6603 6602/6602 6614/6614
f 6621/6621 6618/6618 6620/6620
f 6623/6623 6618/6618 6621/6621
f 6618/6618 6623/6623 6617/6617
f 6617/6617 6623/6623 6622/6622
f 6624/6624 6625/6625 6626/6626
f 6624/6624 6627/6627 6625/6625
f 6628/6628 6627/6627 6624/6624
f 6628/6628 6626/6626 6627/6627
f 6627/6627 6626/6626 6629/6629
f 6630/6630 6631/6631 6632/6632
f 6626/6626 6625/6625 6629/6629
f 6625/6625 6633/6633 6629/6629
f 6625/6625 6634/6634 6633/6633
f 6634/6634 6635/6635 6633/6633
f 6634/6634 6636/6636 6635/6635
f 6635/6635 6636/6636 6637/6637
f 6637/6637 6636/6636 6632/6632
f 6632/6632 6631/6631 6637/6637
f 6631/6631 6635/6635 6637/6637
f 6638/6638 6635/6635 6631/6631
f 6638/6638 6630/6630 6635/6635
f 6635/6635 6630/6630 6632/6632
f 6633/6633 6635/6635 6632/6632
f 6632/6632 6636/6636 6633/6633
f 6629/6629 6633/6633 6636/6636
f 6636/6636 6634/6634 6629/6629
f 6629/6629 6634/6634 6627/6627
f 6627/6627 6634/6634 6625/6625
f 6639/6639 6640/6640 6641/6641
f 6642/6642 6640/6640 6639/6639
f 6643/6643 6642/6642 6639/6639
f 6644/6644 6642/6642 6643/6643
f 6641/6641 6644/6644 6643/6643
f 6640/6640 6644/6644 6641/6641
f 6644/6644 6640/6640 6645/6645
f 6645/6645 6640/6640 6646/6646
f 6647/6647 6645/6645 6646/6646
f 6646/6646 6648/6648 6647/6647
f 6647/6647 6648/6648 6649/6649
f 6650/6650 6651/6651 6652/6652
f 6650/6650 6652/6652 6653/6653
f 6654/6654 6650/6650 6653/6653
f 6654/6654 6653/6653 6655/6655
f 6655/6655 6656/6656 6654/6654
f 6657/6657 6656/6656 6655/6655
f 6658/6658 6657/6657 6655/6655
f 6659/6659 6657/6657 6658/6658
f 6646/6646 6640/6640 6648/6648
f 6648/6648 6640/6640 6642/6642
f 6644/6644 6648/6648 6642/6642
f 6645/6645 6648/6648 6644/6644
f 6645/6645 6649/6649 6648/6648
f 6660/6660 6649/6649 6645/6645
f 6661/6661 6649/6649 6660/6660
f 6661/6661 6660/6660 6662/6662
f 6662/6662 6663/6663 6661/6661
f 6664/6664 6663/6663 6662/6662
f 6663/6663 6664/6664 6652/6652
f 6652/6652 6664/6664 6665/6665
f 6653/6653 6652/6652 6665/6665
f 6653/6653 6665/6665 6651/6651
f 6655/6655 6653/6653 6651/6651
f 6650/6650 6655/6655 6651/6651
f 6658/6658 6655/6655 6650/6650
f 6658/6658 6650/6650 6654/6654
f 6654/6654 6659/6659 6658/6658
f 6656/6656 6659/6659 6654/6654
f 6666/6666 6664/6664 6662/6662
f 6667/6667 6664/6664 6666/6666
f 6664/6664 6667/6667 6665/6665
f 6665/6665 6667/6667 6668/6668
f 6651/6651 6665/6665 6668/6668
f 6652/6652 6651/6651 6668/6668
f 6668/6668 6667/6667 6652/6652
f 6652/6652 6667/6667 6663/6663
f 6663/6663 6667/6667 6661/6661
f 6661/6661 6667/6667 6666/6666
f 6666/6666 6649/6649 6661/6661
f 6662/6662 6649/6649 6666/6666
f 6647/6647 6649/6649 6662/6662
f 6662/6662 6660/6660 6647/6647
f 6660/6660 6645/6645 6647/6647
f 6669/6669 6670/6670 6671/6671
f 6672/6672 6673/6673 6674/6674
f 6672/6672 6674/6674 6675/6675
f 6676/6676 6672/6672 6675/6675
f 6676/6676 6675/6675 6677/6677
f 6676/6676 6677/6677 6678/6678
f 6678/6678 6677/6677 6679/6679
f 6670/6670 6678/6678 6679/6679
f 6671/6671 6670/6670 6679/6679
f 6679/6679 6677/6677 6671/6671
f 6671/6671 6677/6677 6680/6680
f 6680/6680 6677/6677 6669/6669
f 6669/6669 6677/6677 6670/6670
f 6677/6677 6675/6675 6670/6670
f 6675/6675 6678/6678 6670/6670
f 6675/6675 6674/6674 6678/6678
f 6674/6674 6676/6676 6678/6678
f 6681/6681 6676/6676 6674/6674
f 6681/6681 6672/6672 6676/6676
f 6682/6682 6673/6673 6672/6672
f 6681/6681 6682/6682 6672/6672
f 6683/6683 6682/6682 6681/6681
f 6683/6683 6681/6681 6673/6673
f 6673/6673 6681/6681 6674/6674
f 6684/6684 6685/6685 6686/6686
f 6687/6687 6688/6688 6689/6689
f 6687/6687 6689/6689 6690/6690
f 6691/6691 6687/6687 6690/6690
f 6691/6691 6690/6690 6692/6692
f 6691/6691 6692/6692 6693/6693
f 6693/6693 6692/6692 6694/6694
f 6685/6685 6693/6693 6694/6694
f 6686/6686 6685/6685 6694/6694
f 6694/6694 6692/6692 6686/6686
f 6686/6686 6692/6692 6695/6695
f 6695/6695 6692/6692 6684/6684
f 6684/6684 6692/6692 6685/6685
f 6692/6692 6690/6690 6685/6685
f 6690/6690 6693/6693 6685/6685
f 6690/6690 6689/6689 6693/6693
f 6689/6689 6691/6691 6693/6693
f 6696/6696 6691/6691 6689/6689
f 6696/6696 6687/6687 6691/6691
f 6697/6697 6688/6688 6687/6687
f 6696/6696 6697/6697 6687/6687
f 6698/6698 6697/6697 6696/6696
f 6698/6698 6696/6696 6688/6688
f 6688/6688 6696/6696 6689/6689
f 6699/6699 6700/6700 6701/6701
f 6702/6702 6700/6700 6699/6699
f 6702/6702 6703/6703 6700/6700
f 6704/6704 6703/6703 6702/6702
f 6704/6704 6705/6705 6703/6703
f 6706/6706 6705/6705 6704/6704
f 6707/6707 6708/6708 6709/6709
f 6710/6710 6708/6708 6707/6707
f 6711/6711 6712/6712 6713/6713
f 6714/6714 6712/6712 6711/6711
f 6715/6715 6716/6716 6717/6717
f 6718/6718 6715/6715 6717/6717
f 6719/6719 6720/6720 6721/6721
f 6721/6721 6720/6720 6722/6722
f 6720/6720 6723/6723 6722/6722
f 6723/6723 6716/6716 6722/6722
f 6716/6716 6723/6723 6724/6724
f 6717/6717 6716/6716 6724/6724
f 6717/6717 6724/6724 6725/6725
f 6717/6717 6725/6725 6718/6718
f 6718/6718 6725/6725 6726/6726
f 6726/6726 6727/6727 6718/6718
f 6726/6726 6728/6728 6727/6727
f 6729/6729 6727/6727 6728/6728
f 6729/6729 6728/6728 6730/6730
f 6730/6730 6731/6731 6729/6729
f 6731/6731 6730/6730 6732/6732
f 6733/6733 6731/6731 6732/6732
f 6734/6734 6731/6731 6733/6733
f 6735/6735 6734/6734 6733/6733
f 6736/6736 6728/6728 6726/6726
f 6732/6732 6730/6730 6735/6735
f 6730/6730 6734/6734 6735/6735
f 6730/6730 6728/6728 6734/6734
f 6728/6728 6731/6731 6734/6734
f 6736/6736 6731/6731 6728/6728
f 6729/6729 6731/6731 6736/6736
f 6726/6726 6729/6729 6736/6736
f 6725/6725 6729/6729 6726/6726
f 6725/6725 6727/6727 6729/6729
f 6725/6725 6724/6724 6727/6727
f 6718/6718 6727/6727 6724/6724
f 6724/6724 6723/6723 6718/6718
f 6723/6723 6715/6715 6718/6718
f 6715/6715 6723/6723 6720/6720
f 6720/6720 6716/6716 6715/6715
f 6737/6737 6716/6716 6720/6720
f 6722/6722 6716/6716 6737/6737
f 6738/6738 6722/6722 6737/6737
f 6721/6721 6722/6722 6738/6738
f 6739/6739 6721/6721 6738/6738
f 6740/6740 6721/6721 6739/6739
f 6741/6741 6742/6742 6740/6740
f 6739/6739 6741/6741 6740/6740
f 6743/6743 6741/6741 6739/6739
f 6744/6744 6743/6743 6739/6739
f 6742/6742 6743/6743 6744/6744
f 6740/6740 6742/6742 6744/6744
f 6744/6744 6719/6719 6740/6740
f 6740/6740 6719/6719 6721/6721
f 6744/6744 6739/6739 6719/6719
f 6719/6719 6739/6739 6738/6738
f 6719/6719 6738/6738 6720/6720
f 6720/6720 6738/6738 6737/6737
f 6745/6745 6746/6746 6747/6747
f 6745/6745 6748/6748 6746/6746
f 6749/6749 6748/6748 6745/6745
f 6749/6749 6747/6747 6748/6748
f 6748/6748 6747/6747 6750/6750
f 6751/6751 6752/6752 6753/6753
f 6747/6747 6746/6746 6750/6750
f 6746/6746 6754/6754 6750/6750
f 6746/6746 6755/6755 6754/6754
f 6755/6755 6756/6756 6754/6754
f 6755/6755 6757/6757 6756/6756
f 6756/6756 6757/6757 6758/6758
f 6758/6758 6757/6757 6753/6753
f 6753/6753 6752/6752 6758/6758
f 6752/6752 6756/6756 6758/6758
f 6759/6759 6756/6756 6752/6752
f 6759/6759 6751/6751 6756/6756
f 6756/6756 6751/6751 6753/6753
f 6754/6754 6756/6756 6753/6753
f 6753/6753 6757/6757 6754/6754
f 6750/6750 6754/6754 6757/6757
f 6757/6757 6755/6755 6750/6750
f 6750/6750 6755/6755 6748/6748
f 6748/6748 6755/6755 6746/6746
f 6760/6760 6761/6761 6762/6762
f 6763/6763 6761/6761 6760/6760
f 6763/6763 6764/6764 6761/6761
f 6765/6765 6764/6764 6763/6763
f 6765/6765 6766/6766 6764/6764
f 6767/6767 6766/6766 6765/6765
f 6768/6768 6769/6769 6770/6770
f 6771/6771 6769/6769 6768/6768
f 6772/6772 6773/6773 6774/6774
f 6775/6775 6773/6773 6772/6772
f 6776/6776 6777/6777 6778/6778
f 6778/6778 6777/6777 6779/6779
f 6777/6777 6780/6780 6779/6779
f 6781/6781 6780/6780 6777/6777
f 6781/6781 6776/6776 6780/6780
f 6780/6780 6776/6776 6778/6778
f 6780/6780 6782/6782 6779/6779
f 6783/6783 6784/6784 6785/6785
f 6786/6786 6784/6784 6783/6783
f 6786/6786 6783/6783 6787/6787
f 6787/6787 6788/6788 6786/6786
f 6789/6789 6788/6788 6787/6787
f 6789/6789 6790/6790 6788/6788
f 6791/6791 6790/6790 6789/6789
f 6792/6792 6790/6790 6791/6791
f 6793/6793 6792/6792 6791/6791
f 6794/6794 6792/6792 6793/6793
f 6790/6790 6794/6794 6793/6793
f 6782/6782 6794/6794 6790/6790
f 6782/6782 6790/6790 6792/6792
f 6779/6779 6782/6782 6792/6792
f 6794/6794 6779/6779 6792/6792
f 6778/6778 6779/6779 6794/6794
f 6782/6782 6778/6778 6794/6794
f 6780/6780 6778/6778 6782/6782
f 6789/6789 6793/6793 6791/6791
f 6795/6795 6793/6793 6789/6789
f 6787/6787 6783/6783 6796/6796
f 6796/6796 6784/6784 6787/6787
f 6784/6784 6789/6789 6787/6787
f 6795/6795 6789/6789 6784/6784
f 6786/6786 6795/6795 6784/6784
f 6788/6788 6795/6795 6786/6786
f 6788/6788 6790/6790 6795/6795
f 6795/6795 6790/6790 6793/6793
f 6797/6797 6798/6798 6799/6799
f 6799/6799 6798/6798 6800/6800
f 6798/6798 6801/6801 6800/6800
f 6800/6800 6801/6801 6802/6802
f 6801/6801 6797/6797 6802/6802
f 6802/6802 6797/6797 6799/6799
f 6799/6799 6803/6803 6802/6802
f 6804/6804 6803/6803 6799/6799
f 6785/6785 6803/6803 6804/6804
f 6805/6805 6785/6785 6804/6804
f 6783/6783 6785/6785 6805/6805
f 6803/6803 6783/6783 6805/6805
f 6796/6796 6783/6783 6803/6803
f 6796/6796 6803/6803 6785/6785
f 6785/6785 6784/6784 6796/6796
f 6803/6803 6800/6800 6802/6802
f 6805/6805 6800/6800 6803/6803
f 6800/6800 6805/6805 6799/6799
f 6799/6799 6805/6805 6804/6804
f 6806/6806 6807/6807 6808/6808
f 6809/6809 6807/6807 6806/6806
f 6809/6809 6810/6810 6807/6807
f 6811/6811 6810/6810 6809/6809
f 6811/6811 6812/6812 6810/6810
f 6813/6813 6812/6812 6811/6811
f 6813/6813 6814/6814 6812/6812
f 6815/6815 6814/6814 6813/6813
f 6815/6815 6816/6816 6814/6814
f 6817/6817 6816/6816 6815/6815
f 6817/6817 6818/6818 6816/6816
f 6819/6819 6818/6818 6817/6817
f 6819/6819 6820/6820 6818/6818
f 6821/6821 6820/6820 6819/6819
f 6822/6822 6823/6823 6824/6824
f 6825/6825 6823/6823 6822/6822
f 6826/6826 6827/6827 6828/6828
f 6829/6829 6827/6827 6826/6826
f 6830/6830 6831/6831 6832/6832
f 6833/6833 6831/6831 6830/6830
f 6834/6834 6835/6835 6836/6836
f 6837/6837 6835/6835 6834/6834
f 6838/6838 6839/6839 6840/6840
f 6840/6840 6839/6839 6841/6841
f 6840/6840 6841/6841 6842/6842
f 6842/6842 6841/6841 6843/6843
f 6842/6842 6843/6843 6844/6844
f 6844/6844 6843/6843 6845/6845
f 6844/6844 6845/6845 6846/6846
f 6846/6846 6845/6845 6847/6847
f 6846/6846 6847/6847 6848/6848
f 6848/6848 6847/6847 6849/6849
f 6847/6847 6850/6850 6849/6849
f 6849/6849 6850/6850 6851/6851
f 6852/6852 6853/6853 6854/6854
f 6855/6855 6856/6856 6853/6853
f 6852/6852 6855/6855 6853/6853
f 6857/6857 6855/6855 6852/6852
f 6843/6843 6857/6857 6852/6852
f 6841/6841 6857/6857 6843/6843
f 6839/6839 6858/6858 6841/6841
f 6841/6841 6858/6858 6857/6857
f 6858/6858 6859/6859 6857/6857
f 6857/6857 6859/6859 6855/6855
f 6859/6859 6860/6860 6855/6855
f 6855/6855 6860/6860 6856/6856
f 6860/6860 6861/6861 6856/6856
f 6856/6856 6861/6861 6862/6862
f 6856/6856 6862/6862 6863/6863
f 6853/6853 6856/6856 6863/6863
f 6853/6853 6863/6863 6864/6864
f 6854/6854 6853/6853 6864/6864
f 6854/6854 6864/6864 6850/6850
f 6847/6847 6854/6854 6850/6850
f 6845/6845 6854/6854 6847/6847
f 6845/6845 6852/6852 6854/6854
f 6843/6843 6852/6852 6845/6845
f 6850/6850 6865/6865 6851/6851
f 6851/6851 6865/6865 6866/6866
f 6865/6865 6867/6867 6866/6866
f 6866/6866 6867/6867 6868/6868
f 6867/6867 6869/6869 6868/6868
f 6868/6868 6869/6869 6870/6870
f 6869/6869 6871/6871 6870/6870
f 6870/6870 6871/6871 6872/6872
f 6872/6872 6871/6871 6873/6873
f 6874/6874 6873/6873 6871/6871
f 6871/6871 6875/6875 6874/6874
f 6876/6876 6874/6874 6875/6875
f 6875/6875 6877/6877 6876/6876
f 6878/6878 6876/6876 6877/6877
f 6877/6877 6879/6879 6878/6878
f 6880/6880 6878/6878 6879/6879
f 6879/6879 6881/6881 6880/6880
f 6882/6882 6880/6880 6881/6881
f 6861/6861 6881/6881 6862/6862
f 6862/6862 6881/6881 6879/6879
f 6862/6862 6879/6879 6883/6883
f 6883/6883 6879/6879 6877/6877
f 6883/6883 6877/6877 6884/6884
f 6884/6884 6877/6877 6875/6875
f 6884/6884 6875/6875 6869/6869
f 6869/6869 6875/6875 6871/6871
f 6863/6863 6862/6862 6883/6883
f 6863/6863 6883/6883 6885/6885
f 6864/6864 6863/6863 6885/6885
f 6867/6867 6884/6884 6869/6869
f 6885/6885 6884/6884 6867/6867
f 6885/6885 6883/6883 6884/6884
f 6850/6850 6864/6864 6865/6865
f 6864/6864 6886/6886 6865/6865
f 6865/6865 6886/6886 6867/6867
f 6887/6887 6888/6888 6889/6889
f 6890/6890 6888/6888 6887/6887
f 6890/6890 6891/6891 6888/6888
f 6892/6892 6891/6891 6890/6890
f 6893/6893 6894/6894 6895/6895
f 6896/6896 6894/6894 6893/6893
f 6897/6897 6898/6898 6899/6899
f 6900/6900 6898/6898 6897/6897
f 6901/6901 6902/6902 6903/6903
f 6904/6904 6902/6902 6901/6901
f 6905/6905 6906/6906 6907/6907
f 6907/6907 6906/6906 6908/6908
f 6906/6906 6909/6909 6908/6908
f 6908/6908 6909/6909 6910/6910
f 6909/6909 6911/6911 6910/6910
f 6910/6910 6911/6911 6912/6912
f 6911/6911 6913/6913 6912/6912
f 6914/6914 6913/6913 6911/6911
f 6915/6915 6916/6916 6917/6917
f 6918/6918 6916/6916 6915/6915
f 6919/6919 6918/6918 6915/6915
f 6920/6920 6918/6918 6919/6919
f 6921/6921 6920/6920 6919/6919
f 6922/6922 6920/6920 6921/6921
f 6922/6922 6923/6923 6920/6920
f 6924/6924 6923/6923 6922/6922
f 6924/6924 6925/6925 6923/6923
f 6925/6925 6926/6926 6923/6923
f 6926/6926 6925/6925 6927/6927
f 6928/6928 6926/6926 6927/6927
f 6929/6929 6926/6926 6928/6928
f 6930/6930 6929/6929 6928/6928
f 6931/6931 6929/6929 6930/6930
f 6932/6932 6931/6931 6930/6930
f 6933/6933 6931/6931 6932/6932
f 6934/6934 6933/6933 6932/6932
f 6935/6935 6936/6936 6937/6937
f 6938/6938 6936/6936 6935/6935
f 6938/6938 6933/6933 6936/6936
f 6931/6931 6933/6933 6938/6938
f 6939/6939 6931/6931 6938/6938
f 6929/6929 6931/6931 6939/6939
f 6940/6940 6929/6929 6939/6939
f 6926/6926 6929/6929 6940/6940
f 6923/6923 6926/6926 6940/6940
f 6923/6923 6940/6940 6920/6920
f 6920/6920 6940/6940 6918/6918
f 6916/6916 6938/6938 6935/6935
f 6939/6939 6938/6938 6916/6916
f 6918/6918 6939/6939 6916/6916
f 6940/6940 6939/6939 6918/6918
f 6941/6941 6937/6937 6073/6073
f 6935/6935 6937/6937 6941/6941
f 6917/6917 6935/6935 6941/6941
f 6916/6916 6935/6935 6917/6917
f 6942/6942 6943/6943 6944/6944
f 6945/6945 6942/6942 6944/6944
f 6946/6946 6941/6941 6947/6947
f 6917/6917 6941/6941 6946/6946
f 6948/6948 6917/6917 6946/6946
f 6915/6915 6917/6917 6948/6948
f 6949/6949 6915/6915 6948/6948
f 6919/6919 6915/6915 6949/6949
f 6950/6950 6919/6919 6949/6949
f 6921/6921 6919/6919 6950/6950
f 6921/6921 6950/6950 6951/6951
f 6921/6921 6951/6951 6922/6922
f 6922/6922 6951/6951 6952/6952
f 6953/6953 6922/6922 6952/6952
f 6924/6924 6922/6922 6953/6953
f 6943/6943 6924/6924 6953/6953
f 6942/6942 6924/6924 6943/6943
f 6942/6942 6925/6925 6924/6924
f 6925/6925 6942/6942 6945/6945
f 6927/6927 6925/6925 6945/6945
f 6948/6948 6946/6946 6954/6954
f 6954/6954 6946/6946 6955/6955
f 6946/6946 6947/6947 6955/6955
f 6955/6955 6947/6947 6956/6956
f 6947/6947 6957/6957 6956/6956
f 6956/6956 6957/6957 6958/6958
f 6951/6951 6950/6950 6959/6959
f 6950/6950 6960/6960 6959/6959
f 6950/6950 6949/6949 6960/6960
f 6960/6960 6949/6949 6961/6961
f 6949/6949 6948/6948 6961/6961
f 6961/6961 6948/6948 6954/6954
f 6962/6962 6961/6961 6954/6954
f 6954/6954 6955/6955 6962/6962
f 6962/6962 6955/6955 6963/6963
f 6955/6955 6956/6956 6963/6963
f 6963/6963 6956/6956 6964/6964
f 6964/6964 6956/6956 6965/6965
f 6965/6965 6956/6956 6958/6958
f 6965/6965 6958/6958 6966/6966
f 6966/6966 6958/6958 6967/6967
f 6958/6958 6968/6968 6967/6967
f 6957/6957 6968/6968 6958/6958
f 6957/6957 6075/6075 6968/6968
f 6073/6073 6075/6075 6957/6957
f 6947/6947 6073/6073 6957/6957
f 6941/6941 6073/6073 6947/6947
f 6969/6969 6961/6961 6962/6962
f 6969/6969 6960/6960 6961/6961
f 6970/6970 6960/6960 6969/6969
f 6971/6971 6970/6970 6972/6972
f 6960/6960 6970/6970 6971/6971
f 6959/6959 6960/6960 6971/6971
f 6973/6973 6974/6974 6975/6975
f 6975/6975 6974/6974 6976/6976
f 6975/6975 6976/6976 6977/6977
f 6977/6977 6976/6976 6978/6978
f 6977/6977 6978/6978 6979/6979
f 6979/6979 6978/6978 6980/6980
f 6979/6979 6980/6980 6981/6981
f 6981/6981 6980/6980 6982/6982
f 6981/6981 6982/6982 6983/6983
f 6983/6983 6982/6982 6984/6984
f 6983/6983 6984/6984 6985/6985
f 6985/6985 6984/6984 6986/6986
f 6986/6986 6987/6987 6985/6985
f 6988/6988 6985/6985 6987/6987
f 6989/6989 6990/6990 6991/6991
f 6992/6992 6990/6990 6989/6989
f 6993/6993 6994/6994 6995/6995
f 6994/6994 6996/6996 6995/6995
f 6995/6995 6996/6996 6997/6997
f 6998/6998 6999/6999 7000/7000
f 6998/6998 7000/7000 7001/7001
f 7001/7001 7000/7000 7002/7002
f 7001/7001 7002/7002 7003/7003
f 7003/7003 7002/7002 7004/7004
f 7004/7004 7005/7005 7003/7003
f 7006/7006 7003/7003 7005/7005
f 7003/7003 7006/7006 7007/7007
f 7007/7007 7006/7006 6994/6994
f 7007/7007 6994/6994 6993/6993
f 6993/6993 7008/7008 7007/7007
f 6995/6995 7008/7008 6993/6993
f 7009/7009 7008/7008 6995/6995
f 6997/6997 7009/7009 6995/6995
f 7010/7010 7009/7009 6997/6997
f 7011/7011 7010/7010 6997/6997
f 6997/6997 6996/6996 7011/7011
f 7012/7012 7011/7011 6996/6996
f 7007/7007 7008/7008 7013/7013
f 7013/7013 7001/7001 7007/7007
f 7007/7007 7001/7001 7003/7003
f 7013/7013 6998/6998 7001/7001
f 7014/7014 7015/7015 7016/7016
f 7014/7014 7016/7016 7017/7017
f 7017/7017 7016/7016 6999/6999
f 7017/7017 6999/6999 6998/6998
f 7018/7018 7017/7017 6998/6998
f 7018/7018 6998/6998 7013/7013
f 7013/7013 7019/7019 7018/7018
f 7008/7008 7019/7019 7013/7013
f 7019/7019 7008/7008 7020/7020
f 7020/7020 7008/7008 7009/7009
f 7020/7020 7009/7009 7021/7021
f 7021/7021 7009/7009 7010/7010
f 7021/7021 7010/7010 3369/3369
f 3369/3369 7010/7010 3370/3370
f 3370/3370 7010/7010 7011/7011
f 3373/3373 3370/3370 7011/7011
f 7011/7011 7012/7012 3373/3373
f 7022/7022 3373/3373 7012/7012
f 7020/7020 7023/7023 7019/7019
f 7019/7019 7023/7023 7018/7018
f 7023/7023 7024/7024 7018/7018
f 7025/7025 7024/7024 7023/7023
f 7025/7025 7026/7026 7024/7024
f 7024/7024 7026/7026 7027/7027
f 7026/7026 7028/7028 7027/7027
f 7028/7028 7029/7029 7027/7027
f 7030/7030 7029/7029 7028/7028
f 7031/7031 7029/7029 7030/7030
f 7031/7031 7032/7032 7029/7029
f 7029/7029 7032/7032 7015/7015
f 7029/7029 7015/7015 7014/7014
f 7027/7027 7029/7029 7014/7014
f 7027/7027 7014/7014 7024/7024
f 7024/7024 7014/7014 7017/7017
f 7024/7024 7017/7017 7018/7018
f 7033/7033 7034/7034 7035/7035
f 7036/7036 7033/7033 7035/7035
f 7037/7037 7036/7036 7035/7035
f 7038/7038 7036/7036 7037/7037
f 7039/7039 7038/7038 7037/7037
f 7040/7040 7038/7038 7039/7039
f 7041/7041 7040/7040 7039/7039
f 7042/7042 7040/7040 7041/7041
f 7043/7043 7042/7042 7041/7041
f 7044/7044 7042/7042 7043/7043
f 7045/7045 7044/7044 7043/7043
f 7046/7046 7044/7044 7045/7045
f 7047/7047 7044/7044 7046/7046
f 7048/7048 7044/7044 7047/7047
f 7049/7049 7048/7048 7047/7047
f 7050/7050 7048/7048 7049/7049
f 7051/7051 7048/7048 7050/7050
f 7052/7052 7048/7048 7051/7051
f 7053/7053 7054/7054 7055/7055
f 7056/7056 7055/7055 7054/7054
f 7057/7057 7055/7055 7056/7056
f 7058/7058 7055/7055 7057/7057
f 7035/7035 7055/7055 7058/7058
f 7034/7034 7055/7055 7035/7035
f 7059/7059 7060/7060 7061/7061
f 7062/7062 7061/7061 7060/7060
f 7063/7063 7064/7064 7065/7065
f 7065/7065 7064/7064 7066/7066
f 7065/7065 7066/7066 7067/7067
f 7067/7067 7066/7066 7068/7068
f 7067/7067 7068/7068 7069/7069
f 7069/7069 7068/7068 7070/7070
f 7068/7068 7071/7071 7072/7072
f 7066/7066 7071/7071 7068/7068
f 7064/7064 7073/7073 7066/7066
f 7066/7066 7073/7073 7071/7071
f 7073/7073 7074/7074 7071/7071
f 7071/7071 7074/7074 7075/7075
f 7071/7071 7075/7075 7072/7072
f 7072/7072 7075/7075 7076/7076
f 7068/7068 7072/7072 7070/7070
f 7070/7070 7072/7072 7077/7077
f 7072/7072 7076/7076 7077/7077
f 7077/7077 7076/7076 7078/7078
f 7076/7076 7079/7079 7078/7078
f 7080/7080 7079/7079 7076/7076
f 7076/7076 7081/7081 7080/7080
f 7075/7075 7081/7081 7076/7076
f 7075/7075 7082/7082 7081/7081
f 7074/7074 7082/7082 7075/7075
f 7074/7074 7083/7083 7082/7082
f 7084/7084 7083/7083 7074/7074
f 7073/7073 7084/7084 7074/7074
f 7085/7085 7084/7084 7073/7073
f 7064/7064 7085/7085 7073/7073
f 7086/7086 7085/7085 7064/7064
f 7063/7063 7086/7086 7064/7064
f 7087/7087 7086/7086 7063/7063
f 7088/7088 7089/7089 7082/7082
f 7082/7082 7089/7089 7081/7081
f 7081/7081 7089/7089 7080/7080
f 7090/7090 7091/7091 7092/7092
f 7093/7093 7091/7091 7090/7090
f 7093/7093 7094/7094 7091/7091
f 7095/7095 7094/7094 7093/7093
f 7095/7095 7096/7096 7094/7094
f 7097/7097 7096/7096 7095/7095
f 7097/7097 7098/7098 7096/7096
f 7099/7099 7098/7098 7097/7097
f 7099/7099 7100/7100 7098/7098
f 7101/7101 7100/7100 7099/7099
f 7101/7101 7102/7102 7100/7100
f 7103/7103 7102/7102 7101/7101
f 7104/7104 7105/7105 7106/7106
f 7105/7105 7107/7107 7106/7106
f 7108/7108 7107/7107 7105/7105
f 7108/7108 7109/7109 7107/7107
f 7110/7110 7109/7109 7108/7108
f 7110/7110 7111/7111 7109/7109
f 7112/7112 7111/7111 7110/7110
f 57/57 52/52 54/54
f 56/56 52/52 57/57
f 7113/7113 7114/7114 7115/7115
f 7114/7114 7113/7113 7116/7116
f 7116/7116 7113/7113 7117/7117
f 7116/7116 7117/7117 7118/7118
f 7118/7118 7117/7117 7119/7119
f 7118/7118 7119/7119 7120/7120
f 7120/7120 7119/7119 7121/7121
f 7122/7122 7123/7123 7124/7124
f 7123/7123 7125/7125 7124/7124
f 7126/7126 7125/7125 7123/7123
f 7127/7127 7125/7125 7128/7128
f 7126/7126 7128/7128 7125/7125
f 7129/7129 7128/7128 7126/7126
f 7129/7129 7126/7126 7130/7130
f 7130/7130 7126/7126 7123/7123
f 7130/7130 7123/7123 7131/7131
f 7131/7131 7123/7123 7122/7122
f 7122/7122 7132/7132 7131/7131
f 7132/7132 7122/7122 7124/7124
f 7133/7133 7132/7132 7124/7124
f 7134/7134 7132/7132 7133/7133
f 7133/7133 7135/7135 7134/7134
f 7136/7136 7134/7134 7135/7135
f 7137/7137 7134/7134 7136/7136
f 7138/7138 7134/7134 7137/7137
f 7139/7139 7138/7138 7137/7137
f 7140/7140 7138/7138 7139/7139
f 7141/7141 7140/7140 7139/7139
f 7138/7138 7132/7132 7134/7134
f 7142/7142 7132/7132 7138/7138
f 7131/7131 7132/7132 7142/7142
f 7143/7143 7144/7144 7145/7145
f 7143/7143 7145/7145 7146/7146
f 7146/7146 7145/7145 7147/7147
f 7140/7140 7142/7142 7138/7138
f 7148/7148 7149/7149 7150/7150
f 7149/7149 7151/7151 7150/7150
f 7150/7150 7151/7151 7141/7141
f 7151/7151 7140/7140 7141/7141
f 7151/7151 7152/7152 7140/7140
f 7152/7152 7142/7142 7140/7140
f 7153/7153 7142/7142 7152/7152
f 7131/7131 7142/7142 7153/7153
f 7154/7154 7131/7131 7153/7153
f 7130/7130 7131/7131 7154/7154
f 7155/7155 7130/7130 7154/7154
f 7129/7129 7130/7130 7155/7155
f 7147/7147 7129/7129 7155/7155
f 7145/7145 7129/7129 7147/7147
f 7145/7145 7128/7128 7129/7129
f 7145/7145 7144/7144 7128/7128
f 7128/7128 7144/7144 7127/7127
f 7156/7156 7127/7127 7144/7144
f 7154/7154 7153/7153 7157/7157
f 7153/7153 7152/7152 7157/7157
f 7152/7152 7158/7158 7157/7157
f 7159/7159 7157/7157 7158/7158
f 7159/7159 7158/7158 7160/7160
f 7160/7160 7158/7158 7161/7161
f 7160/7160 7161/7161 7162/7162
f 7162/7162 7161/7161 7163/7163
f 7162/7162 7163/7163 7164/7164
f 7164/7164 7163/7163 7165/7165
f 7165/7165 7163/7163 7166/7166
f 7166/7166 7163/7163 7148/7148
f 7163/7163 7149/7149 7148/7148
f 7158/7158 7152/7152 7151/7151
f 7149/7149 7158/7158 7151/7151
f 7161/7161 7158/7158 7149/7149
f 7163/7163 7161/7161 7149/7149
f 7167/7167 7168/7168 7169/7169
f 7170/7170 7168/7168 7167/7167
f 7171/7171 7170/7170 7167/7167
f 7172/7172 7170/7170 7171/7171
f 7173/7173 7172/7172 7171/7171
f 7174/7174 7172/7172 7173/7173
f 7172/7172 7174/7174 7175/7175
f 7170/7170 7172/7172 7175/7175
f 7176/7176 7170/7170 7175/7175
f 7168/7168 7170/7170 7176/7176
f 7177/7177 7168/7168 7176/7176
f 7177/7177 7178/7178 7168/7168
f 7175/7175 7174/7174 7179/7179
f 7180/7180 7168/7168 7178/7178
f 7181/7181 7168/7168 7180/7180
f 7169/7169 7168/7168 7181/7181
f 7182/7182 7169/7169 7181/7181
f 7183/7183 7169/7169 7182/7182
f 7183/7183 7167/7167 7169/7169
f 7184/7184 7167/7167 7183/7183
f 7184/7184 7171/7171 7167/7167
f 7185/7185 7171/7171 7184/7184
f 7185/7185 7173/7173 7171/7171
f 7186/7186 7173/7173 7185/7185
f 7173/7173 7186/7186 7187/7187
f 7187/7187 7174/7174 7173/7173
f 7188/7188 7174/7174 7187/7187
f 7174/7174 7188/7188 7179/7179
f 7188/7188 7189/7189 7179/7179
f 7189/7189 7190/7190 7179/7179
f 7191/7191 7190/7190 7189/7189
f 7192/7192 7193/7193 7194/7194
f 7195/7195 7192/7192 7196/7196
f 7196/7196 7192/7192 7194/7194
f 7194/7194 7197/7197 7196/7196
f 7190/7190 7191/7191 7198/7198
f 7191/7191 7199/7199 7198/7198
f 7200/7200 7199/7199 7191/7191
f 7201/7201 7199/7199 7200/7200
f 7202/7202 7201/7201 7200/7200
f 7203/7203 7201/7201 7202/7202
f 7203/7203 7202/7202 7193/7193
f 7193/7193 7202/7202 7204/7204
f 7194/7194 7193/7193 7204/7204
f 7204/7204 7205/7205 7194/7194
f 7194/7194 7205/7205 7197/7197
f 7197/7197 7205/7205 7206/7206
f 7207/7207 7197/7197 7206/7206
f 7196/7196 7197/7197 7207/7207
f 7208/7208 7196/7196 7207/7207
f 7209/7209 7196/7196 7208/7208
f 7209/7209 7195/7195 7196/7196
f 7210/7210 7195/7195 7209/7209
f 7211/7211 7186/7186 7212/7212
f 7211/7211 7212/7212 7213/7213
f 7213/7213 7214/7214 7211/7211
f 7211/7211 7214/7214 7187/7187
f 7187/7187 7186/7186 7211/7211
f 7191/7191 7189/7189 7200/7200
f 7206/7206 7205/7205 7215/7215
f 7215/7215 7205/7205 7212/7212
f 7205/7205 7213/7213 7212/7212
f 7204/7204 7213/7213 7205/7205
f 7202/7202 7213/7213 7204/7204
f 7202/7202 7214/7214 7213/7213
f 7200/7200 7214/7214 7202/7202
f 7200/7200 7189/7189 7214/7214
f 7214/7214 7189/7189 7187/7187
f 7187/7187 7189/7189 7188/7188
f 7216/7216 54/54 7217/7217
f 57/57 54/54 7216/7216
f 56/56 7218/7218 52/52
f 7219/7219 7218/7218 56/56
f 7220/7220 7221/7221 7222/7222
f 7223/7223 7221/7221 7220/7220
f 7224/7224 7222/7222 7225/7225
f 7220/7220 7222/7222 7224/7224
f 7223/7223 7226/7226 7221/7221
f 7227/7227 7226/7226 7223/7223
f 63/63 58/58 60/60
f 62/62 58/58 63/63
f 7228/7228 7229/7229 7230/7230
f 7231/7231 7229/7229 7228/7228
f 7232/7232 7231/7231 7228/7228
f 7233/7233 7231/7231 7232/7232
f 7234/7234 7233/7233 7232/7232
f 7235/7235 7233/7233 7234/7234
f 7236/7236 7235/7235 7234/7234
f 7237/7237 7235/7235 7236/7236
f 7238/7238 7237/7237 7236/7236
f 7239/7239 7237/7237 7238/7238
f 7239/7239 7240/7240 7237/7237
f 7241/7241 7240/7240 7239/7239
f 7241/7241 7242/7242 7240/7240
f 7243/7243 7242/7242 7241/7241
f 7244/7244 7242/7242 7243/7243
f 7245/7245 7242/7242 7244/7244
f 7246/7246 7245/7245 7244/7244
f 7247/7247 7245/7245 7246/7246
f 7231/7231 7248/7248 7229/7229
f 7249/7249 7248/7248 7231/7231
f 7249/7249 7250/7250 7248/7248
f 7251/7251 7250/7250 7249/7249
f 7252/7252 7250/7250 7251/7251
f 7252/7252 7251/7251 7253/7253
f 7252/7252 7253/7253 7254/7254
f 7254/7254 7253/7253 7255/7255
f 7255/7255 7253/7253 7256/7256
f 7256/7256 7253/7253 7257/7257
f 7256/7256 7257/7257 7247/7247
f 7247/7247 7257/7257 7245/7245
f 7257/7257 7258/7258 7245/7245
f 7245/7245 7258/7258 7242/7242
f 7258/7258 7259/7259 7242/7242
f 7242/7242 7259/7259 7240/7240
f 7259/7259 7235/7235 7240/7240
f 7240/7240 7235/7235 7237/7237
f 7259/7259 7233/7233 7235/7235
f 7260/7260 7233/7233 7259/7259
f 7258/7258 7260/7260 7259/7259
f 7261/7261 7260/7260 7258/7258
f 7257/7257 7261/7261 7258/7258
f 7253/7253 7261/7261 7257/7257
f 7253/7253 7251/7251 7261/7261
f 7251/7251 7249/7249 7261/7261
f 7260/7260 7231/7231 7233/7233
f 7249/7249 7231/7231 7260/7260
f 7261/7261 7249/7249 7260/7260
f 7262/7262 7263/7263 7264/7264
f 7264/7264 7263/7263 7265/7265
f 7264/7264 7265/7265 7266/7266
f 7266/7266 7265/7265 7267/7267
f 7266/7266 7267/7267 7268/7268
f 7268/7268 7267/7267 7269/7269
f 7270/7270 7268/7268 7269/7269
f 7271/7271 7268/7268 7270/7270
f 7272/7272 7271/7271 7270/7270
f 7273/7273 7271/7271 7272/7272
f 7273/7273 7272/7272 7274/7274
f 7274/7274 7272/7272 7275/7275
f 7274/7274 7275/7275 7276/7276
f 7276/7276 7275/7275 7277/7277
f 7278/7278 7279/7279 7280/7280
f 7281/7281 7279/7279 7278/7278
f 7281/7281 7278/7278 7282/7282
f 7282/7282 7278/7278 7283/7283
f 7284/7284 7285/7285 7286/7286
f 7286/7286 7285/7285 7287/7287
f 7286/7286 7287/7287 7288/7288
f 7288/7288 7287/7287 7289/7289
f 7288/7288 7289/7289 7290/7290
f 7290/7290 7289/7289 7291/7291
f 7292/7292 60/60 7293/7293
f 63/63 60/60 7292/7292
f 62/62 7294/7294 58/58
f 7295/7295 7294/7294 62/62
f 7296/7296 7297/7297 7298/7298
f 7299/7299 7297/7297 7296/7296
f 7300/7300 7298/7298 7301/7301
f 7296/7296 7298/7298 7300/7300
f 7299/7299 7302/7302 7297/7297
f 7303/7303 7302/7302 7299/7299
f 7304/7304 7305/7305 7306/7306
f 7307/7307 7305/7305 7304/7304
f 7308/7308 7306/7306 7309/7309
f 7304/7304 7306/7306 7308/7308
f 7307/7307 7310/7310 7305/7305
f 7311/7311 7310/7310 7307/7307
f 7312/7312 7313/7313 7314/7314
f 7315/7315 7313/7313 7312/7312
f 7316/7316 7314/7314 7317/7317
f 7312/7312 7314/7314 7316/7316
f 7315/7315 7318/7318 7313/7313
f 7319/7319 7318/7318 7315/7315
f 7320/7320 7321/7321 7322/7322
f 7323/7323 7321/7321 7320/7320
f 7324/7324 7322/7322 7325/7325
f 7320/7320 7322/7322 7324/7324
f 7323/7323 7326/7326 7321/7321
f 7327/7327 7326/7326 7323/7323
f 7328/7328 7329/7329 7330/7330
f 7331/7331 7329/7329 7328/7328
f 7332/7332 7330/7330 7333/7333
f 7328/7328 7330/7330 7332/7332
f 7331/7331 7334/7334 7329/7329
f 7335/7335 7334/7334 7331/7331
f 64/64 68/68 65/65
f 69/69 68/68 64/64
f 7336/7336 7337/7337 7338/7338
f 7339/7339 7337/7337 7336/7336
f 7339/7339 7336/7336 7340/7340
f 7340/7340 7336/7336 7341/7341
f 7342/7342 7343/7343 7344/7344
f 7344/7344 7343/7343 7345/7345
f 7344/7344 7345/7345 7346/7346
f 7346/7346 7345/7345 7347/7347
f 7346/7346 7347/7347 7348/7348
f 7348/7348 7347/7347 7349/7349
f 7348/7348 7349/7349 7350/7350
f 7350/7350 7349/7349 7351/7351
f 7350/7350 7351/7351 7352/7352
f 7352/7352 7351/7351 7353/7353
f 7352/7352 7353/7353 7354/7354
f 7354/7354 7353/7353 7355/7355
f 7354/7354 7355/7355 7356/7356
f 7356/7356 7355/7355 7357/7357
f 7358/7358 7359/7359 7360/7360
f 7360/7360 7359/7359 7361/7361
f 7360/7360 7361/7361 7362/7362
f 7362/7362 7361/7361 7363/7363
f 7364/7364 7365/7365 7366/7366
f 7366/7366 7365/7365 7367/7367
f 7366/7366 7367/7367 7368/7368
f 7368/7368 7367/7367 7369/7369
f 7368/7368 7369/7369 7370/7370
f 7370/7370 7369/7369 7371/7371
f 7370/7370 7371/7371 7372/7372
f 7372/7372 7371/7371 7373/7373
f 7372/7372 7373/7373 7374/7374
f 7374/7374 7373/7373 7375/7375
f 7374/7374 7375/7375 7376/7376
f 7376/7376 7375/7375 7377/7377
f 7376/7376 7377/7377 7378/7378
f 7378/7378 7377/7377 7379/7379
f 7380/7380 7381/7381 7382/7382
f 7382/7382 7381/7381 7383/7383
f 7382/7382 7383/7383 7384/7384
f 7384/7384 7383/7383 7385/7385
f 7384/7384 7385/7385 7386/7386
f 7386/7386 7385/7385 7387/7387
f 7386/7386 7387/7387 7388/7388
f 7388/7388 7387/7387 7389/7389
f 7388/7388 7389/7389 7390/7390
f 7390/7390 7389/7389 7391/7391
f 7390/7390 7391/7391 7392/7392
f 7392/7392 7391/7391 7393/7393
f 7392/7392 7393/7393 7394/7394
f 7394/7394 7393/7393 7395/7395
f 7396/7396 7397/7397 7398/7398
f 7398/7398 7397/7397 7399/7399
f 7398/7398 7399/7399 7400/7400
f 7400/7400 7399/7399 7401/7401
f 7402/7402 7403/7403 7404/7404
f 7404/7404 7403/7403 7405/7405
f 7404/7404 7405/7405 7406/7406
f 7406/7406 7405/7405 7407/7407
f 7406/7406 7407/7407 7408/7408
f 7408/7408 7407/7407 7409/7409
f 7408/7408 7409/7409 7410/7410
f 7410/7410 7409/7409 7411/7411
f 7410/7410 7411/7411 7412/7412
f 7412/7412 7411/7411 7413/7413
f 7412/7412 7413/7413 7414/7414
f 7414/7414 7413/7413 7415/7415
f 7414/7414 7415/7415 7416/7416
f 7416/7416 7415/7415 7417/7417
f 7418/7418 7419/7419 7420/7420
f 7418/7418 7421/7421 7419/7419
f 7422/7422 7421/7421 7418/7418
f 7422/7422 7423/7423 7421/7421
f 7424/7424 7423/7423 7422/7422
f 7425/7425 7426/7426 7424/7424
f 7424/7424 7426/7426 7423/7423
f 7426/7426 7427/7427 7423/7423
f 7423/7423 7427/7427 7428/7428
f 7423/7423 7428/7428 7421/7421
f 7421/7421 7428/7428 7429/7429
f 7421/7421 7429/7429 7419/7419
f 7430/7430 7431/7431 7420/7420
f 7420/7420 7419/7419 7430/7430
f 7419/7419 7432/7432 7430/7430
f 7419/7419 7429/7429 7432/7432
f 7429/7429 7433/7433 7432/7432
f 7429/7429 7434/7434 7433/7433
f 7428/7428 7434/7434 7429/7429
f 7428/7428 7435/7435 7434/7434
f 7427/7427 7435/7435 7428/7428
f 7427/7427 7436/7436 7435/7435
f 7437/7437 7436/7436 7427/7427
f 7426/7426 7437/7437 7427/7427
f 7438/7438 7437/7437 7426/7426
f 7425/7425 7438/7438 7426/7426
f 7439/7439 7438/7438 7425/7425
f 7440/7440 7431/7431 7430/7430
f 7440/7440 7430/7430 7441/7441
f 7442/7442 7441/7441 7430/7430
f 7441/7441 7442/7442 7443/7443
f 7444/7444 7443/7443 7442/7442
f 7443/7443 7444/7444 7445/7445
f 7446/7446 7445/7445 7444/7444
f 7445/7445 7446/7446 7447/7447
f 7448/7448 7447/7447 7446/7446
f 7446/7446 7449/7449 7448/7448
f 7450/7450 7449/7449 7446/7446
f 7442/7442 7451/7451 7444/7444
f 7430/7430 7432/7432 7442/7442
f 7432/7432 7451/7451 7442/7442
f 7432/7432 7433/7433 7451/7451
f 7433/7433 7452/7452 7451/7451
f 7451/7451 7452/7452 7450/7450
f 7451/7451 7450/7450 7444/7444
f 7444/7444 7450/7450 7446/7446
f 7450/7450 7453/7453 7449/7449
f 7452/7452 7453/7453 7450/7450
f 7452/7452 7454/7454 7453/7453
f 7455/7455 7454/7454 7452/7452
f 7455/7455 7456/7456 7454/7454
f 7457/7457 7456/7456 7455/7455
f 7457/7457 7458/7458 7456/7456
f 7459/7459 7458/7458 7457/7457
f 7459/7459 7460/7460 7458/7458
f 7461/7461 7460/7460 7459/7459
f 7436/7436 7461/7461 7459/7459
f 7462/7462 7461/7461 7436/7436
f 7437/7437 7462/7462 7436/7436
f 7463/7463 7462/7462 7437/7437
f 7438/7438 7463/7463 7437/7437
f 7464/7464 7463/7463 7438/7438
f 7439/7439 7464/7464 7438/7438
f 7465/7465 7464/7464 7439/7439
f 7436/7436 7459/7459 7435/7435
f 7435/7435 7459/7459 7457/7457
f 7435/7435 7457/7457 7434/7434
f 7434/7434 7457/7457 7455/7455
f 7434/7434 7455/7455 7466/7466
f 7466/7466 7455/7455 7452/7452
f 7467/7467 7468/7468 7469/7469
f 7469/7469 7468/7468 7470/7470
f 7469/7469 7470/7470 7471/7471
f 7471/7471 7470/7470 7472/7472
f 7471/7471 7472/7472 7473/7473
f 7473/7473 7472/7472 7474/7474
f 7472/7472 7475/7475 7474/7474
f 7474/7474 7475/7475 7476/7476
f 7475/7475 7477/7477 7476/7476
f 7475/7475 7478/7478 7477/7477
f 7478/7478 7479/7479 7477/7477
f 7480/7480 7479/7479 7478/7478
f 7481/7481 7480/7480 7478/7478
f 7482/7482 7480/7480 7481/7481
f 7483/7483 7482/7482 7481/7481
f 7484/7484 7482/7482 7483/7483
f 7485/7485 7484/7484 7483/7483
f 7486/7486 7484/7484 7485/7485
f 7487/7487 7488/7488 7489/7489
f 7489/7489 7488/7488 7490/7490
f 7488/7488 7485/7485 7490/7490
f 7490/7490 7485/7485 7483/7483
f 7490/7490 7483/7483 7491/7491
f 7491/7491 7483/7483 7481/7481
f 7491/7491 7481/7481 7492/7492
f 7492/7492 7481/7481 7478/7478
f 7492/7492 7478/7478 7475/7475
f 7472/7472 7492/7492 7475/7475
f 7470/7470 7492/7492 7472/7472
f 7489/7489 7490/7490 7468/7468
f 7468/7468 7490/7490 7491/7491
f 7468/7468 7491/7491 7470/7470
f 7470/7470 7491/7491 7492/7492
f 6907/6907 7487/7487 7493/7493
f 7493/7493 7487/7487 7489/7489
f 7493/7493 7489/7489 7467/7467
f 7467/7467 7489/7489 7468/7468
f 7494/7494 7495/7495 7496/7496
f 7497/7497 7495/7495 7494/7494
f 7498/7498 7493/7493 7499/7499
f 7499/7499 7493/7493 7467/7467
f 7499/7499 7467/7467 7500/7500
f 7500/7500 7467/7467 7469/7469
f 7500/7500 7469/7469 7501/7501
f 7501/7501 7469/7469 7471/7471
f 7501/7501 7471/7471 7502/7502
f 7502/7502 7471/7471 7473/7473
f 7473/7473 7503/7503 7502/7502
f 7474/7474 7503/7503 7473/7473
f 7504/7504 7503/7503 7474/7474
f 7474/7474 7505/7505 7504/7504
f 7476/7476 7505/7505 7474/7474
f 7476/7476 7496/7496 7505/7505
f 7494/7494 7496/7496 7476/7476
f 7476/7476 7477/7477 7494/7494
f 7477/7477 7497/7497 7494/7494
f 7479/7479 7497/7497 7477/7477
f 7506/7506 7507/7507 7508/7508
f 7509/7509 7506/7506 7508/7508
f 7510/7510 7506/7506 7509/7509
f 7509/7509 7511/7511 7510/7510
f 7510/7510 7511/7511 7512/7512
f 7509/7509 7513/7513 7511/7511
f 7502/7502 7503/7503 7513/7513
f 7502/7502 7513/7513 7509/7509
f 7509/7509 7501/7501 7502/7502
f 7508/7508 7501/7501 7509/7509
f 7508/7508 7500/7500 7501/7501
f 7514/7514 7500/7500 7508/7508
f 7508/7508 7507/7507 7514/7514
f 7507/7507 7515/7515 7514/7514
f 7516/7516 7515/7515 7507/7507
f 7516/7516 7517/7517 7515/7515
f 7518/7518 7517/7517 7516/7516
f 7518/7518 7519/7519 7517/7517
f 7517/7517 7519/7519 7520/7520
f 7519/7519 7521/7521 7520/7520
f 7520/7520 7521/7521 7522/7522
f 7522/7522 7523/7523 7520/7520
f 7520/7520 7523/7523 7524/7524
f 7523/7523 6905/6905 7524/7524
f 7524/7524 6905/6905 6907/6907
f 7524/7524 6907/6907 7498/7498
f 7498/7498 6907/6907 7493/7493
f 7520/7520 7524/7524 7517/7517
f 7517/7517 7524/7524 7498/7498
f 7517/7517 7498/7498 7515/7515
f 7515/7515 7498/7498 7499/7499
f 7515/7515 7499/7499 7514/7514
f 7514/7514 7499/7499 7500/7500
f 65/65 7525/7525 7526/7526
f 68/68 7525/7525 65/65
f 7527/7527 69/69 64/64
f 7528/7528 69/69 7527/7527
f 7529/7529 7530/7530 7531/7531
f 7532/7532 7530/7530 7529/7529
f 7531/7531 7533/7533 7534/7534
f 7530/7530 7533/7533 7531/7531
f 7535/7535 7532/7532 7529/7529
f 7536/7536 7532/7532 7535/7535
f 70/70 74/74 71/71
f 75/75 74/74 70/70
f 7537/7537 7538/7538 7539/7539
f 7539/7539 7538/7538 7540/7540
f 7538/7538 7541/7541 7540/7540
f 7540/7540 7541/7541 7542/7542
f 7541/7541 7543/7543 7542/7542
f 7542/7542 7543/7543 7544/7544
f 7545/7545 7546/7546 7547/7547
f 7548/7548 7546/7546 7545/7545
f 7548/7548 7542/7542 7546/7546
f 7540/7540 7542/7542 7548/7548
f 7549/7549 7540/7540 7548/7548
f 7539/7539 7540/7540 7549/7549
f 7550/7550 7548/7548 7545/7545
f 7549/7549 7548/7548 7550/7550
f 7542/7542 7544/7544 7546/7546
f 7546/7546 7544/7544 7551/7551
f 7546/7546 7551/7551 7547/7547
f 7547/7547 7551/7551 7552/7552
f 7552/7552 7553/7553 7547/7547
f 7547/7547 7553/7553 7554/7554
f 7555/7555 7547/7547 7554/7554
f 7545/7545 7547/7547 7555/7555
f 7556/7556 7545/7545 7555/7555
f 7550/7550 7545/7545 7556/7556
f 7557/7557 7550/7550 7556/7556
f 7558/7558 7550/7550 7557/7557
f 7558/7558 7549/7549 7550/7550
f 7559/7559 7549/7549 7558/7558
f 7559/7559 7539/7539 7549/7549
f 7560/7560 7539/7539 7559/7559
f 7560/7560 7537/7537 7539/7539
f 7561/7561 7537/7537 7560/7560
f 7555/7555 7554/7554 7562/7562
f 7555/7555 7562/7562 7556/7556
f 7556/7556 7562/7562 7563/7563
f 7564/7564 7565/7565 7566/7566
f 7567/7567 7565/7565 7564/7564
f 7568/7568 7567/7567 7564/7564
f 7569/7569 7567/7567 7568/7568
f 7570/7570 7569/7569 7568/7568
f 7571/7571 7569/7569 7570/7570
f 7570/7570 7572/7572 7571/7571
f 71/71 7573/7573 7574/7574
f 74/74 7573/7573 71/71
f 7575/7575 75/75 70/70
f 7576/7576 75/75 7575/7575
f 7577/7577 7578/7578 7579/7579
f 7580/7580 7578/7578 7577/7577
f 7579/7579 7581/7581 7582/7582
f 7578/7578 7581/7581 7579/7579
f 7583/7583 7580/7580 7577/7577
f 7584/7584 7580/7580 7583/7583
f 7585/7585 7586/7586 7587/7587
f 7588/7588 7586/7586 7585/7585
f 7587/7587 7589/7589 7590/7590
f 7586/7586 7589/7589 7587/7587
f 7591/7591 7588/7588 7585/7585
f 7592/7592 7588/7588 7591/7591
f 7593/7593 7594/7594 7595/7595
f 7596/7596 7594/7594 7593/7593
f 7595/7595 7597/7597 7598/7598
f 7594/7594 7597/7597 7595/7595
f 7599/7599 7596/7596 7593/7593
f 7600/7600 7596/7596 7599/7599
f 7601/7601 7602/7602 7603/7603
f 7604/7604 7602/7602 7601/7601
f 7603/7603 7605/7605 7606/7606
f 7602/7602 7605/7605 7603/7603
f 7607/7607 7604/7604 7601/7601
f 7608/7608 7604/7604 7607/7607
f 7609/7609 7610/7610 7611/7611
f 7612/7612 7610/7610 7609/7609
f 7611/7611 7613/7613 7614/7614
f 7610/7610 7613/7613 7611/7611
f 7615/7615 7612/7612 7609/7609
f 7616/7616 7612/7612 7615/7615
f 7617/7617 7618/7618 7619/7619
f 7620/7620 7618/7618 7617/7617
f 7621/7621 7620/7620 7617/7617
f 7622/7622 7620/7620 7621/7621
f 7623/7623 7622/7622 7621/7621
f 7624/7624 7622/7622 7623/7623
f 7625/7625 7624/7624 7623/7623
f 7626/7626 7624/7624 7625/7625
f 7627/7627 7626/7626 7625/7625
f 7628/7628 7626/7626 7627/7627
f 7629/7629 7628/7628 7627/7627
f 7630/7630 7628/7628 7629/7629
f 7631/7631 7630/7630 7629/7629
f 7632/7632 7630/7630 7631/7631
f 7633/7633 7632/7632 7631/7631
f 7634/7634 7632/7632 7633/7633
f 7619/7619 7634/7634 7633/7633
f 7618/7618 7634/7634 7619/7619
f 7617/7617 7619/7619 7635/7635
f 7621/7621 7617/7617 7635/7635
f 7623/7623 7621/7621 7635/7635
f 7625/7625 7623/7623 7635/7635
f 7627/7627 7625/7625 7635/7635
f 7629/7629 7627/7627 7635/7635
f 7631/7631 7629/7629 7635/7635
f 7633/7633 7631/7631 7635/7635
f 7619/7619 7633/7633 7635/7635
f 7636/7636 7637/7637 7638/7638
f 7639/7639 7637/7637 7636/7636
f 7639/7639 7636/7636 7640/7640
f 7640/7640 7636/7636 7641/7641
f 7640/7640 7641/7641 7642/7642
f 7642/7642 7641/7641 7643/7643
f 7642/7642 7643/7643 7644/7644
f 7644/7644 7643/7643 7645/7645
f 7644/7644 7645/7645 7646/7646
f 7646/7646 7645/7645 7647/7647
f 78/78 7646/7646 7647/7647
f 77/77 7646/7646 78/78
f 7648/7648 7649/7649 7650/7650
f 7651/7651 7649/7649 7648/7648
f 7652/7652 7651/7651 7648/7648
f 7653/7653 7651/7651 7652/7652
f 7654/7654 7652/7652 7655/7655
f 7655/7655 7652/7652 7648/7648
f 7655/7655 7648/7648 7656/7656
f 7656/7656 7648/7648 7650/7650
f 7656/7656 7650/7650 7657/7657
f 7657/7657 7650/7650 7658/7658
f 7650/7650 7649/7649 7658/7658
f 7658/7658 7649/7649 7659/7659
f 7659/7659 7660/7660 7661/7661
f 7662/7662 7659/7659 7661/7661
f 7658/7658 7659/7659 7662/7662
f 7662/7662 7663/7663 7658/7658
f 7658/7658 7663/7663 7657/7657
f 7663/7663 7664/7664 7657/7657
f 7664/7664 7665/7665 7657/7657
f 7657/7657 7665/7665 7656/7656
f 7665/7665 7666/7666 7656/7656
f 7656/7656 7666/7666 7655/7655
f 7666/7666 7667/7667 7655/7655
f 7655/7655 7667/7667 7654/7654
f 7667/7667 7668/7668 7654/7654
f 7654/7654 7668/7668 7669/7669
f 7654/7654 7669/7669 7652/7652
f 7652/7652 7669/7669 7670/7670
f 7670/7670 7653/7653 7652/7652
f 7671/7671 7653/7653 7670/7670
f 7672/7672 7673/7673 7674/7674
f 7675/7675 7676/7676 7673/7673
f 7672/7672 7675/7675 7673/7673
f 7677/7677 7675/7675 7672/7672
f 7678/7678 7679/7679 7677/7677
f 7677/7677 7679/7679 7675/7675
f 7679/7679 7680/7680 7675/7675
f 7675/7675 7680/7680 7681/7681
f 7681/7681 7676/7676 7675/7675
f 7681/7681 7682/7682 7676/7676
f 7676/7676 7682/7682 7683/7683
f 7676/7676 7683/7683 7673/7673
f 7673/7673 7683/7683 7684/7684
f 7674/7674 7673/7673 7684/7684
f 7684/7684 7685/7685 7674/7674
f 7674/7674 7685/7685 7686/7686
f 7686/7686 7685/7685 7687/7687
f 7687/7687 7685/7685 7688/7688
f 7687/7687 7688/7688 7689/7689
f 7689/7689 7688/7688 7690/7690
f 7690/7690 7691/7691 7689/7689
f 7660/7660 7691/7691 7690/7690
f 7661/7661 7660/7660 7690/7690
f 7683/7683 7682/7682 7692/7692
f 7692/7692 7693/7693 7683/7683
f 7683/7683 7693/7693 7694/7694
f 7683/7683 7694/7694 7684/7684
f 7684/7684 7694/7694 7685/7685
f 7694/7694 7695/7695 7685/7685
f 7685/7685 7695/7695 7688/7688
f 7695/7695 7661/7661 7688/7688
f 7688/7688 7661/7661 7690/7690
f 7661/7661 7663/7663 7662/7662
f 7695/7695 7663/7663 7661/7661
f 7695/7695 7696/7696 7663/7663
f 7696/7696 7664/7664 7663/7663
f 7696/7696 7693/7693 7664/7664
f 7696/7696 7694/7694 7693/7693
f 7694/7694 7696/7696 7695/7695
f 7697/7697 7698/7698 7699/7699
f 7699/7699 7698/7698 7700/7700
f 7698/7698 7701/7701 7700/7700
f 7700/7700 7701/7701 7702/7702
f 7700/7700 7702/7702 7703/7703
f 7703/7703 7702/7702 7704/7704
f 7703/7703 7704/7704 7705/7705
f 7706/7706 7703/7703 7705/7705
f 7707/7707 7703/7703 7706/7706
f 7707/7707 7700/7700 7703/7703
f 7699/7699 7700/7700 7707/7707
f 7708/7708 7697/7697 7709/7709
f 7709/7709 7697/7697 7699/7699
f 7709/7709 7699/7699 7710/7710
f 7710/7710 7699/7699 7707/7707
f 7710/7710 7707/7707 7711/7711
f 7711/7711 7707/7707 7706/7706
f 7706/7706 7712/7712 7711/7711
f 7713/7713 7712/7712 7706/7706
f 7705/7705 7713/7713 7706/7706
f 7714/7714 7713/7713 7705/7705
f 7705/7705 7715/7715 7714/7714
f 7716/7716 7715/7715 7705/7705
f 7705/7705 7704/7704 7716/7716
f 7716/7716 7704/7704 7717/7717
f 7704/7704 7702/7702 7717/7717
f 7717/7717 7702/7702 7718/7718
f 7702/7702 7701/7701 7718/7718
f 7718/7718 7701/7701 7719/7719
f 7712/7712 7720/7720 7711/7711
f 7711/7711 7720/7720 7721/7721
f 7721/7721 7710/7710 7711/7711
f 7722/7722 7710/7710 7721/7721
f 7722/7722 7723/7723 7710/7710
f 7710/7710 7723/7723 7709/7709
f 7723/7723 7724/7724 7709/7709
f 7709/7709 7724/7724 7708/7708
f 7724/7724 7725/7725 7708/7708
f 7708/7708 7725/7725 7726/7726
f 7708/7708 7726/7726 7697/7697
f 7697/7697 7726/7726 7727/7727
f 7697/7697 7727/7727 7698/7698
f 7698/7698 7727/7727 7728/7728
f 7698/7698 7728/7728 7701/7701
f 7701/7701 7728/7728 7729/7729
f 7701/7701 7729/7729 7719/7719
f 7719/7719 7729/7729 7730/7730
f 3160/3160 7731/7731 3158/3158
f 7732/7732 7731/7731 3160/3160
f 7733/7733 7731/7731 7732/7732
f 7733/7733 7734/7734 7731/7731
f 7731/7731 7734/7734 3158/3158
f 3158/3158 7734/7734 7735/7735
f 3158/3158 7735/7735 3156/3156
f 3156/3156 7735/7735 7736/7736
f 3156/3156 7736/7736 3154/3154
f 3154/3154 7736/7736 7737/7737
f 3154/3154 7737/7737 3152/3152
f 3152/3152 7737/7737 7738/7738
f 3152/3152 7738/7738 3150/3150
f 3150/3150 7738/7738 7739/7739
f 3150/3150 7739/7739 3148/3148
f 3148/3148 7739/7739 7740/7740
f 7637/7637 7741/7741 7638/7638
f 7742/7742 7741/7741 7637/7637
f 7743/7743 7741/7741 7744/7744
f 7638/7638 7741/7741 7743/7743
f 7638/7638 7743/7743 7745/7745
f 7745/7745 7743/7743 7746/7746
f 7745/7745 7746/7746 7747/7747
f 7747/7747 7746/7746 7748/7748
f 7749/7749 7747/7747 7748/7748
f 7750/7750 7747/7747 7749/7749
f 7751/7751 7750/7750 7749/7749
f 7752/7752 7750/7750 7751/7751
f 7753/7753 7752/7752 7751/7751
f 7754/7754 7752/7752 7753/7753
f 7732/7732 3160/3160 7742/7742
f 7741/7741 7742/7742 3160/3160
f 7744/7744 7741/7741 3160/3160
f 7755/7755 7756/7756 7757/7757
f 7758/7758 7756/7756 7755/7755
f 7759/7759 7758/7758 7755/7755
f 7760/7760 7758/7758 7759/7759
f 7761/7761 7760/7760 7759/7759
f 7762/7762 7760/7760 7761/7761
f 7763/7763 7762/7762 7761/7761
f 7764/7764 7762/7762 7763/7763
f 7764/7764 7763/7763 7765/7765
f 7765/7765 7763/7763 7766/7766
f 7767/7767 7765/7765 7766/7766
f 7768/7768 7765/7765 7767/7767
f 7769/7769 7770/7770 7771/7771
f 7772/7772 7770/7770 7769/7769
f 7740/7740 7773/7773 7774/7774
f 7739/7739 7773/7773 7740/7740
f 7739/7739 7775/7775 7773/7773
f 7738/7738 7775/7775 7739/7739
f 7738/7738 7776/7776 7775/7775
f 7737/7737 7776/7776 7738/7738
f 7737/7737 7777/7777 7776/7776
f 7736/7736 7777/7777 7737/7737
f 7736/7736 7778/7778 7777/7777
f 7735/7735 7778/7778 7736/7736
f 7735/7735 7779/7779 7778/7778
f 7734/7734 7779/7779 7735/7735
f 7639/7639 7742/7742 7637/7637
f 7742/7742 7639/7639 7732/7732
f 7732/7732 7639/7639 7733/7733
f 7639/7639 7734/7734 7733/7733
f 7640/7640 7734/7734 7639/7639
f 7779/7779 7734/7734 7640/7640
f 7780/7780 7779/7779 7640/7640
f 7640/7640 7642/7642 7780/7780
f 7780/7780 7642/7642 7781/7781
f 7642/7642 7644/7644 7781/7781
f 7781/7781 7644/7644 7782/7782
f 7646/7646 77/77 7783/7783
f 7644/7644 7646/7646 7783/7783
f 7782/7782 7644/7644 7783/7783
f 7784/7784 7782/7782 7783/7783
f 7785/7785 7784/7784 7783/7783
f 7786/7786 7785/7785 7783/7783
f 7787/7787 7786/7786 7783/7783
f 7788/7788 7787/7787 7783/7783
f 7789/7789 7788/7788 7783/7783
f 77/77 7789/7789 7783/7783
f 7789/7789 77/77 7790/7790
f 7790/7790 77/77 7754/7754
f 7754/7754 77/77 76/76
f 76/76 7752/7752 7754/7754
f 7750/7750 7752/7752 76/76
f 7641/7641 7750/7750 76/76
f 7636/7636 7750/7750 7641/7641
f 7750/7750 7636/7636 7747/7747
f 7747/7747 7636/7636 7745/7745
f 7636/7636 7638/7638 7745/7745
f 78/78 7647/7647 76/76
f 76/76 7647/7647 7641/7641
f 7641/7641 7647/7647 7643/7643
f 7643/7643 7647/7647 7645/7645
f 7791/7791 7792/7792 7793/7793
f 7794/7794 7792/7792 7791/7791
f 3160/3160 3162/3162 7792/7792
f 7794/7794 3160/3160 7792/7792
f 7744/7744 3160/3160 7794/7794
f 7795/7795 7744/7744 7794/7794
f 7744/7744 7795/7795 7743/7743
f 7743/7743 7795/7795 7796/7796
f 7743/7743 7796/7796 7746/7746
f 7746/7746 7796/7796 7748/7748
f 7748/7748 7796/7796 7797/7797
f 7748/7748 7797/7797 7749/7749
f 7749/7749 7797/7797 7798/7798
f 7799/7799 7749/7749 7798/7798
f 7751/7751 7749/7749 7799/7799
f 7753/7753 7751/7751 7799/7799
f 7800/7800 7801/7801 7802/7802
f 7803/7803 7801/7801 7800/7800
f 7804/7804 7801/7801 7803/7803
f 7804/7804 7805/7805 7801/7801
f 7801/7801 7805/7805 7806/7806
f 7806/7806 7802/7802 7801/7801
f 7807/7807 7802/7802 7806/7806
f 7802/7802 7807/7807 7808/7808
f 7808/7808 7807/7807 7809/7809
f 7807/7807 7810/7810 7809/7809
f 7809/7809 7810/7810 7811/7811
f 7810/7810 7812/7812 7811/7811
f 7811/7811 7812/7812 7813/7813
f 7812/7812 7814/7814 7813/7813
f 7813/7813 7814/7814 7815/7815
f 7816/7816 7815/7815 7814/7814
f 7817/7817 7815/7815 7816/7816
f 7816/7816 7818/7818 7817/7817
f 7817/7817 7818/7818 7819/7819
f 7805/7805 7820/7820 7806/7806
f 7820/7820 7807/7807 7806/7806
f 7810/7810 7807/7807 7820/7820
f 7820/7820 7821/7821 7810/7810
f 7810/7810 7821/7821 7812/7812
f 7821/7821 7822/7822 7812/7812
f 7812/7812 7822/7822 7814/7814
f 7823/7823 7814/7814 7822/7822
f 7816/7816 7814/7814 7823/7823
f 7823/7823 7824/7824 7816/7816
f 7816/7816 7824/7824 7818/7818
f 7825/7825 7826/7826 7827/7827
f 7828/7828 7826/7826 7825/7825
f 7829/7829 7826/7826 7828/7828
f 7830/7830 7826/7826 7829/7829
f 7831/7831 7830/7830 7829/7829
f 7832/7832 7830/7830 7831/7831
f 7833/7833 7832/7832 7831/7831
f 7834/7834 7832/7832 7833/7833
f 7835/7835 7834/7834 7833/7833
f 7836/7836 7834/7834 7835/7835
f 7835/7835 80/80 7836/7836
f 81/81 80/80 7835/7835
f 7832/7832 7834/7834 7836/7836
f 7830/7830 7832/7832 7836/7836
f 79/79 7830/7830 7836/7836
f 80/80 79/79 7836/7836
f 7826/7826 7837/7837 7827/7827
f 7838/7838 7837/7837 7826/7826
f 7839/7839 7838/7838 7826/7826
f 7830/7830 7839/7839 7826/7826
f 79/79 7839/7839 7830/7830
f 79/79 7840/7840 7839/7839
f 7841/7841 7840/7840 79/79
f 81/81 7841/7841 79/79
f 7842/7842 7841/7841 81/81
f 7843/7843 7842/7842 81/81
f 81/81 7844/7844 7843/7843
f 7843/7843 7844/7844 7845/7845
f 7845/7845 7844/7844 7846/7846
f 7846/7846 7844/7844 7847/7847
f 7847/7847 7844/7844 7848/7848
f 7848/7848 7844/7844 7849/7849
f 7849/7849 7844/7844 7850/7850
f 7850/7850 7844/7844 7833/7833
f 7850/7850 7833/7833 7851/7851
f 7851/7851 7833/7833 7831/7831
f 7851/7851 7831/7831 7852/7852
f 7852/7852 7831/7831 7829/7829
f 7852/7852 7829/7829 7808/7808
f 7808/7808 7829/7829 7802/7802
f 7829/7829 7828/7828 7802/7802
f 7800/7800 7802/7802 7828/7828
f 7803/7803 7800/7800 7828/7828
f 7853/7853 7803/7803 7828/7828
f 7828/7828 7825/7825 7853/7853
f 7833/7833 7844/7844 7835/7835
f 7835/7835 7844/7844 81/81
f 7803/7803 7853/7853 7804/7804
f 7854/7854 7804/7804 7853/7853
f 7855/7855 7804/7804 7854/7854
f 7823/7823 7856/7856 7824/7824
f 7857/7857 7856/7856 7823/7823
f 7823/7823 7822/7822 7857/7857
f 7857/7857 7822/7822 7858/7858
f 7821/7821 7858/7858 7822/7822
f 7859/7859 7858/7858 7821/7821
f 7820/7820 7859/7859 7821/7821
f 7860/7860 7859/7859 7820/7820
f 7805/7805 7860/7860 7820/7820
f 7861/7861 7860/7860 7805/7805
f 7804/7804 7861/7861 7805/7805
f 7804/7804 7862/7862 7861/7861
f 7804/7804 7863/7863 7862/7862
f 7863/7863 7864/7864 7862/7862
f 7862/7862 7864/7864 7865/7865
f 7855/7855 7863/7863 7804/7804
f 7866/7866 7863/7863 7855/7855
f 7867/7867 7866/7866 7855/7855
f 7868/7868 7866/7866 7867/7867
f 7867/7867 7869/7869 7868/7868
f 7870/7870 7868/7868 7869/7869
f 7871/7871 7868/7868 7870/7870
f 7872/7872 7871/7871 7870/7870
f 7873/7873 7871/7871 7872/7872
f 7872/7872 7874/7874 7873/7873
f 7875/7875 7874/7874 7872/7872
f 7876/7876 7874/7874 7875/7875
f 7854/7854 7867/7867 7855/7855
f 7841/7841 7876/7876 7840/7840
f 7840/7840 7876/7876 7875/7875
f 7840/7840 7875/7875 7839/7839
f 7839/7839 7875/7875 7872/7872
f 7839/7839 7872/7872 7838/7838
f 7838/7838 7872/7872 7870/7870
f 7870/7870 7869/7869 7838/7838
f 7838/7838 7869/7869 7837/7837
f 7869/7869 7867/7867 7837/7837
f 7837/7837 7867/7867 7827/7827
f 7827/7827 7867/7867 7854/7854
f 7827/7827 7854/7854 7825/7825
f 7825/7825 7854/7854 7853/7853
f 7885/7885 7888/7888 7889/7889
f 7882/7882 7885/7885 7889/7889

g Object_default-grey.jpg

usemtl mat_1-default-grey.jpg

f 7877/7877 7878/7878 7879/7879
f 7877/7877 7879/7879 7880/7880
f 7877/7877 7880/7880 7881/7881
f 7877/7877 7881/7881 7878/7878
f 7883/7883 7884/7884 7885/7885
f 7882/7882 7883/7883 7885/7885
f 7883/7883 7886/7886 7887/7887
f 7884/7884 7883/7883 7887/7887
f 7884/7884 7887/7887 7888/7888
f 7885/7885 7884/7884 7888/7888
f 7882/7882 7889/7889 7886/7886
f 7883/7883 7882/7882 7886/7886

g Object_default-grey.jpg

usemtl mat_2-default-grey.jpg

# num_faces: 8168
